ISO-10303-21;
HEADER;
FILE_DESCRIPTION (( 'STEP AP214' ),
    '1' );
FILE_NAME ('ABMM-6.000MHZ-B2-T.STEP',
    '2018-10-04T10:23:20',
    ( '' ),
    ( '' ),
    'SwSTEP 2.0',
    'SolidWorks 2017',
    '' );
FILE_SCHEMA (( 'AUTOMOTIVE_DESIGN' ));
ENDSEC;

DATA;
#1 = DIRECTION ( 'NONE',  ( 0.7071067811865388000, 0.0000000000000000000, -0.7071067811865561200 ) ) ;
#2 = CARTESIAN_POINT ( 'NONE',  ( 2.400000000000000400, 0.05000000000000000300, 1.769999999999999400 ) ) ;
#3 = VECTOR ( 'NONE', #693, 1000.000000000000000 ) ;
#4 = VECTOR ( 'NONE', #2042, 1000.000000000000100 ) ;
#5 = DIRECTION ( 'NONE',  ( 0.0000000000000000000, 0.0000000000000000000, 1.000000000000000000 ) ) ;
#6 = LINE ( 'NONE', #364, #2243 ) ;
#7 = DIRECTION ( 'NONE',  ( -0.0000000000000000000, -1.000000000000000000, -0.0000000000000000000 ) ) ;
#8 = LINE ( 'NONE', #1746, #182 ) ;
#9 =( NAMED_UNIT ( * ) PLANE_ANGLE_UNIT ( ) SI_UNIT ( $, .RADIAN. ) );
#10 = VECTOR ( 'NONE', #915, 1000.000000000000000 ) ;
#11 = CLOSED_SHELL ( 'NONE', ( #27, #4675, #4578, #3908, #763, #1384, #2665, #2468, #4500, #4339, #2269, #3409, #4602, #3466, #3936, #245, #543, #1187, #3492, #1621, #4138, #3093, #4729, #1599, #3539, #3067, #3767, #4286, #2689, #4191, #166, #1280, #2416, #2441, #1159, #4186, #1703, #1543, #4173, #3418, #1893, #4358, #4528, #54, #1731, #2880, #1001, #3210, #497, #2861, #1183, #2120, #1521, #191, #2991, #824, #1523, #1903, #2806, #3111, #112, #2781, #4526, #3965, #2390, #2093, #2639, #3566, #918, #944, #4698, #3024 ) ) ;
#12 = CARTESIAN_POINT ( 'NONE',  ( 3.600000000000001000, 0.05000000000000000300, 0.7699999999999994600 ) ) ;
#13 = LINE ( 'NONE', #2624, #4013 ) ;
#14 = LINE ( 'NONE', #3048, #2895 ) ;
#15 = ORIENTED_EDGE ( 'NONE', *, *, #1077, .F. ) ;
#16 = DIRECTION ( 'NONE',  ( -1.000000000000000000, 0.0000000000000000000, 0.0000000000000000000 ) ) ;
#17 = EDGE_CURVE ( 'NONE', #1217, #3977, #2035, .T. ) ;
#18 = VECTOR ( 'NONE', #1661, 1000.000000000000000 ) ;
#19 = ADVANCED_FACE ( 'NONE', ( #4037 ), #382, .F. ) ;
#20 = DIRECTION ( 'NONE',  ( -0.7071067811865562300, 0.0000000000000000000, -0.7071067811865389100 ) ) ;
#21 = ORIENTED_EDGE ( 'NONE', *, *, #1349, .T. ) ;
#22 = SURFACE_STYLE_USAGE ( .BOTH. , #3395 ) ;
#23 = DIRECTION ( 'NONE',  ( 0.0000000000000000000, -1.000000000000000000, 0.0000000000000000000 ) ) ;
#24 = EDGE_CURVE ( 'NONE', #4685, #2293, #808, .T. ) ;
#25 = SURFACE_STYLE_USAGE ( .BOTH. , #1120 ) ;
#26 = DIRECTION ( 'NONE',  ( 0.7071067811865562300, 0.0000000000000000000, 0.7071067811865389100 ) ) ;
#27 = ADVANCED_FACE ( 'NONE', ( #2628 ), #2447, .F. ) ;
#28 = CARTESIAN_POINT ( 'NONE',  ( 3.000000000000000000, 10.36659513557903800, 1.999999999999999100 ) ) ;
#29 = ORIENTED_EDGE ( 'NONE', *, *, #3745, .F. ) ;
#30 = AXIS2_PLACEMENT_3D ( 'NONE', #1777, #4786, #326 ) ;
#31 = VECTOR ( 'NONE', #212, 1000.000000000000000 ) ;
#32 = PLANE ( 'NONE',  #1268 ) ;
#33 = CARTESIAN_POINT ( 'NONE',  ( 3.400000000000000400, 1.000000000000000000, -2.199999999999998800 ) ) ;
#34 = EDGE_CURVE ( 'NONE', #430, #3387, #3677, .T. ) ;
#35 = VECTOR ( 'NONE', #2075, 1000.000000000000000 ) ;
#36 = ORIENTED_EDGE ( 'NONE', *, *, #680, .T. ) ;
#37 = LINE ( 'NONE', #4771, #806 ) ;
#38 = DIRECTION ( 'NONE',  ( 0.0000000000000000000, 0.0000000000000000000, -1.000000000000000000 ) ) ;
#39 = ORIENTED_EDGE ( 'NONE', *, *, #4105, .T. ) ;
#40 = CARTESIAN_POINT ( 'NONE',  ( -3.450000000000000200, 1.300000000000000700, -1.169999999999994800 ) ) ;
#41 = VERTEX_POINT ( 'NONE', #4128 ) ;
#42 =( GEOMETRIC_REPRESENTATION_CONTEXT ( 3 ) GLOBAL_UNCERTAINTY_ASSIGNED_CONTEXT ( ( #2879 ) ) GLOBAL_UNIT_ASSIGNED_CONTEXT ( ( #495, #874, #3491 ) ) REPRESENTATION_CONTEXT ( 'NONE', 'WORKASPACE' ) );
#43 = EDGE_LOOP ( 'NONE', ( #1043, #749, #3120, #3012, #1565, #4106, #4028, #39 ) ) ;
#44 = PLANE ( 'NONE',  #3750 ) ;
#45 = ORIENTED_EDGE ( 'NONE', *, *, #3182, .T. ) ;
#46 = VECTOR ( 'NONE', #2856, 1000.000000000000000 ) ;
#47 = CARTESIAN_POINT ( 'NONE',  ( 3.400000000000000400, 1.000000000000000000, 2.199999999999998000 ) ) ;
#48 = ADVANCED_FACE ( 'NONE', ( #629 ), #3762, .F. ) ;
#49 = ORIENTED_EDGE ( 'NONE', *, *, #2168, .T. ) ;
#50 = EDGE_CURVE ( 'NONE', #128, #1911, #1619, .T. ) ;
#51 = LINE ( 'NONE', #856, #2928 ) ;
#52 = ORIENTED_EDGE ( 'NONE', *, *, #4317, .F. ) ;
#53 = VERTEX_POINT ( 'NONE', #3394 ) ;
#54 = ADVANCED_FACE ( 'NONE', ( #3904 ), #3730, .F. ) ;
#55 = DIRECTION ( 'NONE',  ( -1.000000000000000000, 0.0000000000000000000, 9.637352644315592800E-016 ) ) ;
#56 = EDGE_CURVE ( 'NONE', #3935, #3663, #4263, .T. ) ;
#57 = CARTESIAN_POINT ( 'NONE',  ( 3.599999999999999600, 1.300000000000000700, 1.019999999999999600 ) ) ;
#58 = ORIENTED_EDGE ( 'NONE', *, *, #2229, .T. ) ;
#59 = DIRECTION ( 'NONE',  ( -0.0000000000000000000, 1.000000000000000000, -0.0000000000000000000 ) ) ;
#60 = EDGE_CURVE ( 'NONE', #2178, #2379, #2509, .T. ) ;
#61 = DIRECTION ( 'NONE',  ( 0.0000000000000000000, -0.0000000000000000000, 1.000000000000000000 ) ) ;
#62 = VECTOR ( 'NONE', #3982, 1000.000000000000000 ) ;
#63 = FACE_OUTER_BOUND ( 'NONE', #2688, .T. ) ;
#64 = VECTOR ( 'NONE', #4395, 1000.000000000000000 ) ;
#65 = AXIS2_PLACEMENT_3D ( 'NONE', #1707, #2799, #151 ) ;
#66 = VECTOR ( 'NONE', #2174, 1000.000000000000000 ) ;
#67 = ORIENTED_EDGE ( 'NONE', *, *, #4543, .F. ) ;
#68 = DIRECTION ( 'NONE',  ( 0.0000000000000000000, 0.0000000000000000000, -1.000000000000000000 ) ) ;
#69 = CARTESIAN_POINT ( 'NONE',  ( -3.400000000000000400, 0.5500000000000000400, 1.390710678118659600 ) ) ;
#70 = VECTOR ( 'NONE', #4453, 1000.000000000000000 ) ;
#71 = EDGE_LOOP ( 'NONE', ( #872, #1124, #3217, #1125 ) ) ;
#72 = ADVANCED_FACE ( 'NONE', ( #3133 ), #1738, .F. ) ;
#73 = VERTEX_POINT ( 'NONE', #2477 ) ;
#74 = AXIS2_PLACEMENT_3D ( 'NONE', #909, #139, #1669 ) ;
#75 = FACE_OUTER_BOUND ( 'NONE', #266, .T. ) ;
#76 = DIRECTION ( 'NONE',  ( 0.0000000000000000000, 0.0000000000000000000, -1.000000000000000000 ) ) ;
#77 = ORIENTED_EDGE ( 'NONE', *, *, #2264, .F. ) ;
#78 = EDGE_CURVE ( 'NONE', #3905, #1096, #2912, .T. ) ;
#79 = DIRECTION ( 'NONE',  ( -0.7071067811865388000, 0.0000000000000000000, -0.7071067811865561200 ) ) ;
#80 = VERTEX_POINT ( 'NONE', #3581 ) ;
#81 = DIRECTION ( 'NONE',  ( -1.000000000000000000, 0.0000000000000000000, 0.0000000000000000000 ) ) ;
#82 = ORIENTED_EDGE ( 'NONE', *, *, #3919, .T. ) ;
#83 = VERTEX_POINT ( 'NONE', #3212 ) ;
#84 = LINE ( 'NONE', #4445, #442 ) ;
#85 = DIRECTION ( 'NONE',  ( -0.0000000000000000000, -1.000000000000000000, -0.0000000000000000000 ) ) ;
#86 = EDGE_CURVE ( 'NONE', #3302, #3198, #2208, .T. ) ;
#87 = CARTESIAN_POINT ( 'NONE',  ( 3.400000000000000400, 0.05000000000000000300, -1.149289321881338900 ) ) ;
#88 = LINE ( 'NONE', #895, #1671 ) ;
#89 = CARTESIAN_POINT ( 'NONE',  ( 3.200000000000000200, 1.000000000000000000, -2.200000000000000200 ) ) ;
#90 = PLANE ( 'NONE',  #1148 ) ;
#91 = ORIENTED_EDGE ( 'NONE', *, *, #2317, .T. ) ;
#92 = AXIS2_PLACEMENT_3D ( 'NONE', #2505, #1416, #3995 ) ;
#93 = ORIENTED_EDGE ( 'NONE', *, *, #2850, .F. ) ;
#94 = ORIENTED_EDGE ( 'NONE', *, *, #1278, .F. ) ;
#95 = ADVANCED_FACE ( 'NONE', ( #4788 ), #3966, .F. ) ;
#96 = DIRECTION ( 'NONE',  ( 0.0000000000000000000, 1.000000000000000000, 0.0000000000000000000 ) ) ;
#97 = VECTOR ( 'NONE', #4693, 1000.000000000000000 ) ;
#98 = ORIENTED_EDGE ( 'NONE', *, *, #2399, .T. ) ;
#99 = VERTEX_POINT ( 'NONE', #2527 ) ;
#100 = LINE ( 'NONE', #1242, #1059 ) ;
#101 = EDGE_LOOP ( 'NONE', ( #2196, #3266, #1172, #4390 ) ) ;
#102 = ORIENTED_EDGE ( 'NONE', *, *, #1754, .F. ) ;
#103 = CARTESIAN_POINT ( 'NONE',  ( -2.700000000000000200, 0.0000000000000000000, 1.769999999999999400 ) ) ;
#104 = EDGE_CURVE ( 'NONE', #4229, #1682, #1917, .T. ) ;
#105 = FILL_AREA_STYLE ('',( #2364 ) ) ;
#106 = CARTESIAN_POINT ( 'NONE',  ( -3.600000000000000500, 0.5500000000000000400, -1.520000000000000500 ) ) ;
#107 = ORIENTED_EDGE ( 'NONE', *, *, #403, .T. ) ;
#108 = EDGE_CURVE ( 'NONE', #2937, #3078, #2681, .T. ) ;
#109 = DIRECTION ( 'NONE',  ( 0.0000000000000000000, 0.0000000000000000000, -1.000000000000000000 ) ) ;
#110 = VECTOR ( 'NONE', #1794, 1000.000000000000000 ) ;
#111 = PLANE ( 'NONE',  #3461 ) ;
#112 = ADVANCED_FACE ( 'NONE', ( #1502 ), #2496, .F. ) ;
#113 = LINE ( 'NONE', #4077, #534 ) ;
#114 = CARTESIAN_POINT ( 'NONE',  ( -3.599999999999999600, 1.300000000000000700, 2.600000000000000500 ) ) ;
#115 = LINE ( 'NONE', #2635, #1716 ) ;
#116 = DIRECTION ( 'NONE',  ( 0.7071067811865383600, -0.0000000000000000000, 0.7071067811865567900 ) ) ;
#117 = CARTESIAN_POINT ( 'NONE',  ( 3.450000000000000200, -0.6047401740571388700, -1.169999999999993900 ) ) ;
#118 = LINE ( 'NONE', #3504, #2363 ) ;
#119 = EDGE_CURVE ( 'NONE', #2662, #1051, #207, .T. ) ;
#120 = LINE ( 'NONE', #2838, #4010 ) ;
#121 = PRODUCT ( 'ABMM-6.000MHZ-B2-T', 'ABMM-6.000MHZ-B2-T', '', ( #716 ) ) ;
#122 = ORIENTED_EDGE ( 'NONE', *, *, #785, .T. ) ;
#123 = DIRECTION ( 'NONE',  ( -1.000000000000000000, 0.0000000000000000000, 0.0000000000000000000 ) ) ;
#124 = AXIS2_PLACEMENT_3D ( 'NONE', #1959, #4181, #4228 ) ;
#125 = ORIENTED_EDGE ( 'NONE', *, *, #1154, .T. ) ;
#126 = AXIS2_PLACEMENT_3D ( 'NONE', #3604, #3989, #1009 ) ;
#127 = LINE ( 'NONE', #2445, #1029 ) ;
#128 = VERTEX_POINT ( 'NONE', #3996 ) ;
#129 = CARTESIAN_POINT ( 'NONE',  ( -3.600000000000000500, 0.05000000000000000300, -1.520000000000000500 ) ) ;
#130 = FACE_OUTER_BOUND ( 'NONE', #2906, .T. ) ;
#131 = VERTEX_POINT ( 'NONE', #3602 ) ;
#132 = EDGE_CURVE ( 'NONE', #4778, #3314, #2386, .T. ) ;
#133 = DIRECTION ( 'NONE',  ( -1.000000000000000000, 0.0000000000000000000, 0.0000000000000000000 ) ) ;
#134 = DIRECTION ( 'NONE',  ( 1.000000000000000000, 0.0000000000000000000, -9.637352644315592800E-016 ) ) ;
#135 = EDGE_CURVE ( 'NONE', #3977, #735, #1674, .T. ) ;
#136 = EDGE_LOOP ( 'NONE', ( #2318, #1684, #669, #3381 ) ) ;
#137 = ADVANCED_FACE ( 'NONE', ( #1561 ), #2508, .F. ) ;
#138 = DIRECTION ( 'NONE',  ( 1.000000000000000000, 0.0000000000000000000, -0.0000000000000000000 ) ) ;
#139 = DIRECTION ( 'NONE',  ( 0.0000000000000000000, -1.000000000000000000, 0.0000000000000000000 ) ) ;
#140 =( NAMED_UNIT ( * ) PLANE_ANGLE_UNIT ( ) SI_UNIT ( $, .RADIAN. ) );
#141 = VECTOR ( 'NONE', #3906, 1000.000000000000000 ) ;
#142 = LINE ( 'NONE', #4401, #3022 ) ;
#143 = LINE ( 'NONE', #87, #3552 ) ;
#144 = VERTEX_POINT ( 'NONE', #3983 ) ;
#145 = EDGE_CURVE ( 'NONE', #728, #3725, #1392, .T. ) ;
#146 = CARTESIAN_POINT ( 'NONE',  ( 3.400000000000000400, -0.6047401740571388700, -1.390710678118658700 ) ) ;
#147 = DIRECTION ( 'NONE',  ( -1.204669080539449300E-016, 0.0000000000000000000, -1.000000000000000000 ) ) ;
#148 = VECTOR ( 'NONE', #1873, 1000.000000000000000 ) ;
#149 = DIRECTION ( 'NONE',  ( 0.0000000000000000000, 0.0000000000000000000, -1.000000000000000000 ) ) ;
#150 = ORIENTED_EDGE ( 'NONE', *, *, #761, .T. ) ;
#151 = DIRECTION ( 'NONE',  ( 0.0000000000000000000, 0.0000000000000000000, 1.000000000000000000 ) ) ;
#152 = ORIENTED_EDGE ( 'NONE', *, *, #1216, .F. ) ;
#153 = ORIENTED_EDGE ( 'NONE', *, *, #843, .T. ) ;
#154 = DIRECTION ( 'NONE',  ( 0.0000000000000000000, 0.0000000000000000000, -1.000000000000000000 ) ) ;
#155 = VERTEX_POINT ( 'NONE', #200 ) ;
#156 = LINE ( 'NONE', #597, #1929 ) ;
#157 =( GEOMETRIC_REPRESENTATION_CONTEXT ( 3 ) GLOBAL_UNCERTAINTY_ASSIGNED_CONTEXT ( ( #2220 ) ) GLOBAL_UNIT_ASSIGNED_CONTEXT ( ( #1360, #3236, #1113 ) ) REPRESENTATION_CONTEXT ( 'NONE', 'WORKASPACE' ) );
#158 = CARTESIAN_POINT ( 'NONE',  ( 3.200000000000000200, 1.300000000000000700, 1.999999999999997800 ) ) ;
#159 = DIRECTION ( 'NONE',  ( 0.7071067811865569000, 0.0000000000000000000, -0.7071067811865382500 ) ) ;
#160 = FACE_OUTER_BOUND ( 'NONE', #1755, .T. ) ;
#161 = VERTEX_POINT ( 'NONE', #3633 ) ;
#162 = DIRECTION ( 'NONE',  ( 0.0000000000000000000, 0.0000000000000000000, -1.000000000000000000 ) ) ;
#163 = AXIS2_PLACEMENT_3D ( 'NONE', #3920, #4676, #138 ) ;
#164 = CARTESIAN_POINT ( 'NONE',  ( -3.600000000000000500, 0.5500000000000000400, -1.520000000000000500 ) ) ;
#165 = CARTESIAN_POINT ( 'NONE',  ( -3.600000000000001000, 0.05000000000000000300, 1.019999999999998200 ) ) ;
#166 = ADVANCED_FACE ( 'NONE', ( #389 ), #1719, .F. ) ;
#167 = VERTEX_POINT ( 'NONE', #2327 ) ;
#168 = CARTESIAN_POINT ( 'NONE',  ( 2.400000000000000400, 0.0000000000000000000, -0.7699999999999994600 ) ) ;
#169 = DIRECTION ( 'NONE',  ( 0.7071067811865567900, 0.0000000000000000000, 0.7071067811865383600 ) ) ;
#170 = EDGE_CURVE ( 'NONE', #3958, #430, #3792, .T. ) ;
#171 = DIRECTION ( 'NONE',  ( -0.7071067811865388000, -0.0000000000000000000, -0.7071067811865561200 ) ) ;
#172 = PLANE ( 'NONE',  #74 ) ;
#173 = FACE_OUTER_BOUND ( 'NONE', #3680, .T. ) ;
#174 = LINE ( 'NONE', #2889, #3940 ) ;
#175 = EDGE_CURVE ( 'NONE', #792, #1573, #682, .T. ) ;
#176 = VECTOR ( 'NONE', #4151, 1000.000000000000000 ) ;
#177 = FACE_OUTER_BOUND ( 'NONE', #3922, .T. ) ;
#178 = DIRECTION ( 'NONE',  ( 1.000000000000000000, 0.0000000000000000000, 0.0000000000000000000 ) ) ;
#179 = ORIENTED_EDGE ( 'NONE', *, *, #3040, .T. ) ;
#180 = DIRECTION ( 'NONE',  ( 0.0000000000000000000, -0.0000000000000000000, 1.000000000000000000 ) ) ;
#181 = DIRECTION ( 'NONE',  ( 0.0000000000000000000, 0.0000000000000000000, -1.000000000000000000 ) ) ;
#182 = VECTOR ( 'NONE', #4740, 1000.000000000000000 ) ;
#183 = DIRECTION ( 'NONE',  ( -1.000000000000000000, 0.0000000000000000000, 0.0000000000000000000 ) ) ;
#184 = VECTOR ( 'NONE', #1332, 1000.000000000000000 ) ;
#185 = ORIENTED_EDGE ( 'NONE', *, *, #4250, .T. ) ;
#186 = DIRECTION ( 'NONE',  ( -0.0000000000000000000, -1.000000000000000000, -0.0000000000000000000 ) ) ;
#187 = EDGE_CURVE ( 'NONE', #2293, #2544, #4671, .T. ) ;
#188 = DIRECTION ( 'NONE',  ( 0.0000000000000000000, 0.0000000000000000000, -1.000000000000000000 ) ) ;
#189 = LINE ( 'NONE', #1308, #18 ) ;
#190 = DIRECTION ( 'NONE',  ( -1.000000000000000000, 0.0000000000000000000, 0.0000000000000000000 ) ) ;
#191 = ADVANCED_FACE ( 'NONE', ( #1212 ), #3864, .F. ) ;
#192 = ORIENTED_EDGE ( 'NONE', *, *, #1409, .F. ) ;
#193 = DIRECTION ( 'NONE',  ( -0.0000000000000000000, -1.000000000000000000, -0.0000000000000000000 ) ) ;
#194 = AXIS2_PLACEMENT_3D ( 'NONE', #406, #1989, #865 ) ;
#195 = ORIENTED_EDGE ( 'NONE', *, *, #3960, .T. ) ;
#196 = AXIS2_PLACEMENT_3D ( 'NONE', #4868, #4854, #1897 ) ;
#197 = ORIENTED_EDGE ( 'NONE', *, *, #2223, .F. ) ;
#198 = ORIENTED_EDGE ( 'NONE', *, *, #490, .T. ) ;
#199 = DIRECTION ( 'NONE',  ( 0.0000000000000000000, 0.0000000000000000000, -1.000000000000000000 ) ) ;
#200 = CARTESIAN_POINT ( 'NONE',  ( -3.399999999999999500, 1.149999999999999900, 2.199999999999998800 ) ) ;
#201 = ORIENTED_EDGE ( 'NONE', *, *, #1742, .T. ) ;
#202 = COLOUR_RGB ( '',0.9686274509803921600, 0.8784313725490196000, 0.5999999999999999800 ) ;
#203 = PLANE ( 'NONE',  #1449 ) ;
#204 = EDGE_CURVE ( 'NONE', #1840, #1503, #1157, .T. ) ;
#205 = CARTESIAN_POINT ( 'NONE',  ( -2.400000000000000400, 0.05000000000000000300, 1.470000000000000400 ) ) ;
#206 = LINE ( 'NONE', #1767, #3073 ) ;
#207 = CIRCLE ( 'NONE', #713, 0.2000000000000000900 ) ;
#208 = CARTESIAN_POINT ( 'NONE',  ( 2.100000000000000100, 0.0000000000000000000, 0.7699999999999994600 ) ) ;
#209 = EDGE_CURVE ( 'NONE', #1821, #3779, #143, .T. ) ;
#210 = CARTESIAN_POINT ( 'NONE',  ( -3.199999999999999300, 10.36659513557903800, -1.999999999999997800 ) ) ;
#211 = CARTESIAN_POINT ( 'NONE',  ( -2.400000000000000400, -0.0000000000000000000, -1.769999999999996000 ) ) ;
#212 = DIRECTION ( 'NONE',  ( -0.0000000000000000000, -1.000000000000000000, -0.0000000000000000000 ) ) ;
#213 = PRESENTATION_STYLE_ASSIGNMENT (( #2066 ) ) ;
#214 = ORIENTED_EDGE ( 'NONE', *, *, #2675, .T. ) ;
#215 = VERTEX_POINT ( 'NONE', #3414 ) ;
#216 = ORIENTED_EDGE ( 'NONE', *, *, #4363, .T. ) ;
#217 = CIRCLE ( 'NONE', #3969, 0.2000000000000000900 ) ;
#218 = EDGE_CURVE ( 'NONE', #368, #4783, #3025, .T. ) ;
#219 = DIRECTION ( 'NONE',  ( -0.0000000000000000000, -1.000000000000000000, -0.0000000000000000000 ) ) ;
#220 = ORIENTED_EDGE ( 'NONE', *, *, #2615, .F. ) ;
#221 =( LENGTH_UNIT ( ) NAMED_UNIT ( * ) SI_UNIT ( .MILLI., .METRE. ) );
#222 = ADVANCED_FACE ( 'NONE', ( #3370 ), #3828, .F. ) ;
#223 = CARTESIAN_POINT ( 'NONE',  ( -3.600000000000001000, 0.0000000000000000000, -0.7699999999999959100 ) ) ;
#224 = ORIENTED_EDGE ( 'NONE', *, *, #1284, .F. ) ;
#225 = FACE_OUTER_BOUND ( 'NONE', #3976, .T. ) ;
#226 = EDGE_CURVE ( 'NONE', #3314, #2199, #448, .T. ) ;
#227 = ORIENTED_EDGE ( 'NONE', *, *, #2523, .T. ) ;
#228 = CARTESIAN_POINT ( 'NONE',  ( 3.600000000000000500, 0.05000000000000000300, -1.769999999999999400 ) ) ;
#229 = ORIENTED_EDGE ( 'NONE', *, *, #2036, .T. ) ;
#230 = AXIS2_PLACEMENT_3D ( 'NONE', #591, #2026, #3913 ) ;
#231 = DIRECTION ( 'NONE',  ( -1.000000000000000000, 0.0000000000000000000, 1.204669080539449300E-016 ) ) ;
#232 = CARTESIAN_POINT ( 'NONE',  ( -3.400000000000000400, 0.05000000000000002400, 1.149289321881339600 ) ) ;
#233 = DIRECTION ( 'NONE',  ( -0.0000000000000000000, -1.000000000000000000, -0.0000000000000000000 ) ) ;
#234 = DIRECTION ( 'NONE',  ( -0.0000000000000000000, 1.000000000000000000, -0.0000000000000000000 ) ) ;
#235 = ORIENTED_EDGE ( 'NONE', *, *, #1944, .T. ) ;
#236 = VERTEX_POINT ( 'NONE', #3041 ) ;
#237 = EDGE_CURVE ( 'NONE', #131, #3379, #2568, .T. ) ;
#238 = DIRECTION ( 'NONE',  ( -0.0000000000000000000, -0.0000000000000000000, 1.000000000000000000 ) ) ;
#239 = VECTOR ( 'NONE', #3061, 1000.000000000000000 ) ;
#240 = CARTESIAN_POINT ( 'NONE',  ( 3.400000000000000400, 1.300000000000000700, 2.599999999999999600 ) ) ;
#241 = EDGE_CURVE ( 'NONE', #4203, #4133, #509, .T. ) ;
#242 = VECTOR ( 'NONE', #1424, 1000.000000000000000 ) ;
#243 = FACE_OUTER_BOUND ( 'NONE', #2774, .T. ) ;
#244 = DIRECTION ( 'NONE',  ( 0.0000000000000000000, 0.0000000000000000000, -1.000000000000000000 ) ) ;
#245 = ADVANCED_FACE ( 'NONE', ( #4441 ), #1178, .F. ) ;
#246 = DIRECTION ( 'NONE',  ( 0.0000000000000000000, 0.0000000000000000000, -1.000000000000000000 ) ) ;
#247 = DIRECTION ( 'NONE',  ( -0.0000000000000000000, -1.000000000000000000, -0.0000000000000000000 ) ) ;
#248 = LINE ( 'NONE', #1636, #1194 ) ;
#249 = EDGE_CURVE ( 'NONE', #3380, #1688, #2330, .T. ) ;
#250 = LINE ( 'NONE', #2092, #4533 ) ;
#251 = ORIENTED_EDGE ( 'NONE', *, *, #394, .F. ) ;
#252 = VECTOR ( 'NONE', #5, 1000.000000000000000 ) ;
#253 = EDGE_CURVE ( 'NONE', #1628, #3723, #922, .T. ) ;
#254 = ORIENTED_EDGE ( 'NONE', *, *, #1657, .T. ) ;
#255 = ORIENTED_EDGE ( 'NONE', *, *, #704, .F. ) ;
#256 = CARTESIAN_POINT ( 'NONE',  ( -3.600000000000000500, -1.802775637731995000, -1.769999999999996000 ) ) ;
#257 = DIRECTION ( 'NONE',  ( 0.0000000000000000000, -0.0000000000000000000, 1.000000000000000000 ) ) ;
#258 = AXIS2_PLACEMENT_3D ( 'NONE', #2761, #3577, #512 ) ;
#259 = LINE ( 'NONE', #666, #3173 ) ;
#260 = CARTESIAN_POINT ( 'NONE',  ( 1.039999999999953000, 1.000000000000000000, -1.039999999999980300 ) ) ;
#261 = ORIENTED_EDGE ( 'NONE', *, *, #1910, .F. ) ;
#262 = CARTESIAN_POINT ( 'NONE',  ( 3.600000000000000500, 0.0000000000000000000, -1.769999999999999400 ) ) ;
#263 = CARTESIAN_POINT ( 'NONE',  ( -3.400000000000000400, 0.5500000000000000400, -1.390710678118659600 ) ) ;
#264 = CARTESIAN_POINT ( 'NONE',  ( -2.400000000000000400, -0.0000000000000000000, -0.7699999999999959100 ) ) ;
#265 = CARTESIAN_POINT ( 'NONE',  ( 2.100000000000000100, 0.0000000000000000000, 0.7699999999999994600 ) ) ;
#266 = EDGE_LOOP ( 'NONE', ( #1510, #3068, #216, #1116 ) ) ;
#267 = PRESENTATION_STYLE_ASSIGNMENT (( #25 ) ) ;
#268 = VECTOR ( 'NONE', #583, 1000.000000000000000 ) ;
#269 = DIRECTION ( 'NONE',  ( -0.0000000000000000000, -1.000000000000000000, -0.0000000000000000000 ) ) ;
#270 = EDGE_CURVE ( 'NONE', #4478, #521, #4381, .T. ) ;
#271 = VECTOR ( 'NONE', #2786, 1000.000000000000000 ) ;
#272 = EDGE_LOOP ( 'NONE', ( #3090, #4805, #2801, #2809 ) ) ;
#273 = FACE_OUTER_BOUND ( 'NONE', #136, .T. ) ;
#274 = DIRECTION ( 'NONE',  ( 1.000000000000000000, 0.0000000000000000000, 0.0000000000000000000 ) ) ;
#275 = ORIENTED_EDGE ( 'NONE', *, *, #2910, .T. ) ;
#276 = EDGE_CURVE ( 'NONE', #144, #4197, #3193, .T. ) ;
#277 = ORIENTED_EDGE ( 'NONE', *, *, #2650, .T. ) ;
#278 = DIRECTION ( 'NONE',  ( 1.000000000000000000, 0.0000000000000000000, 0.0000000000000000000 ) ) ;
#279 = ORIENTED_EDGE ( 'NONE', *, *, #2732, .T. ) ;
#280 = ORIENTED_EDGE ( 'NONE', *, *, #3227, .F. ) ;
#281 = EDGE_LOOP ( 'NONE', ( #2283, #3371, #2744, #3422, #4447, #897, #1960, #2677, #2874, #3208, #3459 ) ) ;
#282 = VECTOR ( 'NONE', #2094, 1000.000000000000000 ) ;
#283 = CARTESIAN_POINT ( 'NONE',  ( -3.400000000000000400, 0.5500000000000000400, -1.390710678118659600 ) ) ;
#284 = DIRECTION ( 'NONE',  ( 0.7071067811865569000, 0.0000000000000000000, 0.7071067811865382500 ) ) ;
#285 = ORIENTED_EDGE ( 'NONE', *, *, #2415, .T. ) ;
#286 = DIRECTION ( 'NONE',  ( 1.000000000000000000, 0.0000000000000000000, -9.637352644315592800E-016 ) ) ;
#287 = EDGE_CURVE ( 'NONE', #4101, #728, #3307, .T. ) ;
#288 = PLANE ( 'NONE',  #1421 ) ;
#289 = DIRECTION ( 'NONE',  ( 0.0000000000000000000, -1.000000000000000000, 0.0000000000000000000 ) ) ;
#290 = ORIENTED_EDGE ( 'NONE', *, *, #2941, .F. ) ;
#291 = CARTESIAN_POINT ( 'NONE',  ( 3.400000000000000400, 0.5500000000000000400, -1.390710678118658700 ) ) ;
#292 = AXIS2_PLACEMENT_3D ( 'NONE', #2188, #4073, #3693 ) ;
#293 = CARTESIAN_POINT ( 'NONE',  ( -3.400000000000000400, 0.05000000000000002400, -1.149289321881339600 ) ) ;
#294 = VECTOR ( 'NONE', #3856, 1000.000000000000100 ) ;
#295 = LINE ( 'NONE', #4734, #4644 ) ;
#296 = CARTESIAN_POINT ( 'NONE',  ( 2.100000000000000100, 0.05000000000000000300, 0.7699999999999994600 ) ) ;
#297 = EDGE_CURVE ( 'NONE', #1575, #430, #2154, .T. ) ;
#298 = VECTOR ( 'NONE', #599, 1000.000000000000000 ) ;
#299 = VECTOR ( 'NONE', #2990, 1000.000000000000000 ) ;
#300 = VECTOR ( 'NONE', #357, 1000.000000000000000 ) ;
#301 = EDGE_CURVE ( 'NONE', #1934, #3779, #2790, .T. ) ;
#302 = VERTEX_POINT ( 'NONE', #4278 ) ;
#303 = CARTESIAN_POINT ( 'NONE',  ( -2.400000000000000400, 0.05000000000000000300, 1.470000000000000400 ) ) ;
#304 = VECTOR ( 'NONE', #3835, 1000.000000000000000 ) ;
#305 = CARTESIAN_POINT ( 'NONE',  ( 0.0000000000000000000, 0.5500000000000000400, 0.0000000000000000000 ) ) ;
#306 = LINE ( 'NONE', #296, #1537 ) ;
#307 = DIRECTION ( 'NONE',  ( 0.0000000000000000000, 1.000000000000000000, 0.0000000000000000000 ) ) ;
#308 = VERTEX_POINT ( 'NONE', #502 ) ;
#309 = CARTESIAN_POINT ( 'NONE',  ( -2.700000000000000200, -1.802775637731995000, 1.769999999999999400 ) ) ;
#310 = EDGE_CURVE ( 'NONE', #4229, #4778, #3128, .T. ) ;
#311 = FACE_OUTER_BOUND ( 'NONE', #4656, .T. ) ;
#312 = VERTEX_POINT ( 'NONE', #4648 ) ;
#313 = DIRECTION ( 'NONE',  ( 1.000000000000000000, 0.0000000000000000000, 0.0000000000000000000 ) ) ;
#314 = DIRECTION ( 'NONE',  ( -0.7071067811865388000, 0.0000000000000000000, 0.7071067811865561200 ) ) ;
#315 = VERTEX_POINT ( 'NONE', #1285 ) ;
#316 = ORIENTED_EDGE ( 'NONE', *, *, #2999, .F. ) ;
#317 = PLANE ( 'NONE',  #2122 ) ;
#318 = CARTESIAN_POINT ( 'NONE',  ( -3.600000000000001000, 0.5500000000000000400, 1.019999999999998200 ) ) ;
#319 = AXIS2_PLACEMENT_3D ( 'NONE', #3846, #4535, #1545 ) ;
#320 = DIRECTION ( 'NONE',  ( 0.0000000000000000000, -0.0000000000000000000, -1.000000000000000000 ) ) ;
#321 = ORIENTED_EDGE ( 'NONE', *, *, #2546, .T. ) ;
#322 = EDGE_LOOP ( 'NONE', ( #2249, #4673, #3143, #2111 ) ) ;
#323 = VECTOR ( 'NONE', #3951, 1000.000000000000000 ) ;
#324 = PLANE ( 'NONE',  #4754 ) ;
#325 = DIRECTION ( 'NONE',  ( -0.7071067811865388000, 0.0000000000000000000, 0.7071067811865561200 ) ) ;
#326 = DIRECTION ( 'NONE',  ( 0.7071067811865388000, 0.0000000000000000000, 0.7071067811865561200 ) ) ;
#327 = FACE_OUTER_BOUND ( 'NONE', #2849, .T. ) ;
#328 = PRODUCT_DEFINITION ( 'UNKNOWN', '', #769, #4493 ) ;
#329 = VECTOR ( 'NONE', #1566, 1000.000000000000000 ) ;
#330 = CIRCLE ( 'NONE', #2708, 0.2000000000000000900 ) ;
#331 = DIRECTION ( 'NONE',  ( 0.7071067811865562300, 0.0000000000000000000, -0.7071067811865389100 ) ) ;
#332 = CARTESIAN_POINT ( 'NONE',  ( 3.450000000000000200, 0.5500000000000000400, -1.370000000000003700 ) ) ;
#333 = EDGE_LOOP ( 'NONE', ( #4621, #2816, #4444, #1608 ) ) ;
#334 = EDGE_LOOP ( 'NONE', ( #3477, #584, #439, #498 ) ) ;
#335 = ORIENTED_EDGE ( 'NONE', *, *, #3404, .F. ) ;
#336 = EDGE_CURVE ( 'NONE', #2847, #2440, #3548, .T. ) ;
#337 = ORIENTED_EDGE ( 'NONE', *, *, #4849, .T. ) ;
#338 = LINE ( 'NONE', #2783, #2577 ) ;
#339 = CARTESIAN_POINT ( 'NONE',  ( 3.600000000000001000, 0.5500000000000000400, -1.019999999999997600 ) ) ;
#340 = ORIENTED_EDGE ( 'NONE', *, *, #1100, .F. ) ;
#341 = CARTESIAN_POINT ( 'NONE',  ( 2.100000000000000100, 0.05000000000000000300, 0.7699999999999994600 ) ) ;
#342 = CARTESIAN_POINT ( 'NONE',  ( -3.450000000000000200, 0.5500000000000000400, -1.370000000000004500 ) ) ;
#343 = LINE ( 'NONE', #1494, #1226 ) ;
#344 = ORIENTED_EDGE ( 'NONE', *, *, #2887, .T. ) ;
#345 = EDGE_CURVE ( 'NONE', #3631, #1086, #2266, .T. ) ;
#346 = DIRECTION ( 'NONE',  ( -0.0000000000000000000, -1.000000000000000000, -0.0000000000000000000 ) ) ;
#347 = ORIENTED_EDGE ( 'NONE', *, *, #4609, .F. ) ;
#348 = DIRECTION ( 'NONE',  ( -1.000000000000000000, 0.0000000000000000000, -0.0000000000000000000 ) ) ;
#349 = ORIENTED_EDGE ( 'NONE', *, *, #732, .T. ) ;
#350 = CARTESIAN_POINT ( 'NONE',  ( -3.400000000000000400, 0.5500000000000000400, 1.390710678118659600 ) ) ;
#351 = AXIS2_PLACEMENT_3D ( 'NONE', #4217, #1961, #4588 ) ;
#352 = DIRECTION ( 'NONE',  ( 9.637352644315592800E-016, -0.0000000000000000000, 1.000000000000000000 ) ) ;
#353 = CARTESIAN_POINT ( 'NONE',  ( 3.000000000000000000, 10.36659513557903800, -2.000000000000000000 ) ) ;
#354 = ORIENTED_EDGE ( 'NONE', *, *, #3809, .F. ) ;
#355 = EDGE_LOOP ( 'NONE', ( #3082, #36, #3397, #2307 ) ) ;
#356 = CARTESIAN_POINT ( 'NONE',  ( 3.600000000000000500, 1.000000000000000000, 2.599999999999999600 ) ) ;
#357 = DIRECTION ( 'NONE',  ( 0.7071067811865567900, 0.0000000000000000000, -0.7071067811865383600 ) ) ;
#358 = DIRECTION ( 'NONE',  ( -0.0000000000000000000, -1.000000000000000000, -0.0000000000000000000 ) ) ;
#359 = VECTOR ( 'NONE', #3900, 1000.000000000000000 ) ;
#360 = AXIS2_PLACEMENT_3D ( 'NONE', #3367, #16, #4515 ) ;
#361 = CARTESIAN_POINT ( 'NONE',  ( -2.400000000000000400, 0.05000000000000000300, 0.7700000000000011300 ) ) ;
#362 = LINE ( 'NONE', #3700, #299 ) ;
#363 = FACE_OUTER_BOUND ( 'NONE', #809, .T. ) ;
#364 = CARTESIAN_POINT ( 'NONE',  ( 2.400000000000000400, 0.0000000000000000000, -1.769999999999999400 ) ) ;
#365 = CIRCLE ( 'NONE', #4002, 0.2000000000000000900 ) ;
#366 = LINE ( 'NONE', #164, #4242 ) ;
#367 = CLOSED_SHELL ( 'NONE', ( #2347, #1234, #4234, #569, #1945, #3159, #19, #1336, #1992, #2684, #95, #1305, #4165, #1968, #4257, #4750 ) ) ;
#368 = VERTEX_POINT ( 'NONE', #2023 ) ;
#369 = VECTOR ( 'NONE', #2228, 1000.000000000000000 ) ;
#370 = EDGE_CURVE ( 'NONE', #4076, #4685, #2739, .T. ) ;
#372 = ORIENTED_EDGE ( 'NONE', *, *, #4021, .T. ) ;
#371 = DIRECTION ( 'NONE',  ( -0.7071067811865567900, 0.0000000000000000000, -0.7071067811865383600 ) ) ;
#373 = ORIENTED_EDGE ( 'NONE', *, *, #2764, .T. ) ;
#374 = CARTESIAN_POINT ( 'NONE',  ( 3.564644660940673700, 0.05000000000000000300, -0.9846446609406696000 ) ) ;
#375 = CARTESIAN_POINT ( 'NONE',  ( -3.600000000000000500, 0.05000000000000000300, 1.520000000000000500 ) ) ;
#376 = LINE ( 'NONE', #2096, #2553 ) ;
#377 = CARTESIAN_POINT ( 'NONE',  ( 3.600000000000000500, 1.000000000000000000, 2.599999999999999600 ) ) ;
#378 = EDGE_LOOP ( 'NONE', ( #397, #2147, #1986, #4418 ) ) ;
#379 = ORIENTED_EDGE ( 'NONE', *, *, #2497, .T. ) ;
#380 = PLANE ( 'NONE',  #793 ) ;
#381 = EDGE_CURVE ( 'NONE', #1509, #4406, #88, .T. ) ;
#382 = PLANE ( 'NONE',  #2785 ) ;
#383 = VECTOR ( 'NONE', #1499, 1000.000000000000100 ) ;
#384 = AXIS2_PLACEMENT_3D ( 'NONE', #1665, #579, #4299 ) ;
#385 = PLANE ( 'NONE',  #1549 ) ;
#386 = AXIS2_PLACEMENT_3D ( 'NONE', #3918, #2380, #2016 ) ;
#387 = LINE ( 'NONE', #927, #3734 ) ;
#388 = DIRECTION ( 'NONE',  ( -0.7071067811865383600, 0.0000000000000000000, -0.7071067811865567900 ) ) ;
#389 = FACE_OUTER_BOUND ( 'NONE', #2871, .T. ) ;
#390 = ORIENTED_EDGE ( 'NONE', *, *, #2099, .F. ) ;
#391 = ADVANCED_FACE ( 'NONE', ( #1971 ), #3971, .T. ) ;
#392 = DIRECTION ( 'NONE',  ( 1.000000000000000000, -0.0000000000000000000, -1.204669080539449300E-016 ) ) ;
#393 = VECTOR ( 'NONE', #2232, 1000.000000000000000 ) ;
#394 = EDGE_CURVE ( 'NONE', #3507, #882, #1912, .T. ) ;
#395 = ORIENTED_EDGE ( 'NONE', *, *, #104, .T. ) ;
#396 = ORIENTED_EDGE ( 'NONE', *, *, #4517, .F. ) ;
#397 = ORIENTED_EDGE ( 'NONE', *, *, #1055, .T. ) ;
#398 = EDGE_LOOP ( 'NONE', ( #4715, #4157, #52, #1354 ) ) ;
#399 = ADVANCED_FACE ( 'NONE', ( #3365 ), #3146, .F. ) ;
#400 = CARTESIAN_POINT ( 'NONE',  ( -3.600000000000001000, 0.05000000000000000300, -0.7699999999999959100 ) ) ;
#401 = ORIENTED_EDGE ( 'NONE', *, *, #3886, .F. ) ;
#402 = LINE ( 'NONE', #571, #3200 ) ;
#403 = EDGE_CURVE ( 'NONE', #3411, #1310, #2562, .T. ) ;
#404 = EDGE_LOOP ( 'NONE', ( #733, #1508, #703, #82 ) ) ;
#405 = CARTESIAN_POINT ( 'NONE',  ( -2.400000000000000400, 0.05000000000000000300, -0.7699999999999959100 ) ) ;
#406 = CARTESIAN_POINT ( 'NONE',  ( -2.700000000000000200, -1.802775637731995000, 1.769999999999999400 ) ) ;
#407 = ORIENTED_EDGE ( 'NONE', *, *, #1829, .T. ) ;
#408 = ORIENTED_EDGE ( 'NONE', *, *, #50, .T. ) ;
#409 = DIRECTION ( 'NONE',  ( 0.0000000000000000000, 0.0000000000000000000, 1.000000000000000000 ) ) ;
#410 = EDGE_CURVE ( 'NONE', #4685, #4033, #1556, .T. ) ;
#411 = CARTESIAN_POINT ( 'NONE',  ( -3.450000000000000200, 1.000000000000000000, -1.169999999999994800 ) ) ;
#412 = ORIENTED_EDGE ( 'NONE', *, *, #2415, .F. ) ;
#413 = DIRECTION ( 'NONE',  ( 0.0000000000000000000, 0.0000000000000000000, -1.000000000000000000 ) ) ;
#414 = AXIS2_PLACEMENT_3D ( 'NONE', #210, #3957, #244 ) ;
#415 = EDGE_LOOP ( 'NONE', ( #21, #1410, #2045, #2669, #2222, #942, #2914, #2519 ) ) ;
#416 = ADVANCED_FACE ( 'NONE', ( #504 ), #2625, .F. ) ;
#417 = VECTOR ( 'NONE', #3907, 1000.000000000000100 ) ;
#418 = CARTESIAN_POINT ( 'NONE',  ( 3.199999999999998800, 1.149999999999999900, -2.400000000000000400 ) ) ;
#419 = VECTOR ( 'NONE', #4041, 1000.000000000000000 ) ;
#420 = DIRECTION ( 'NONE',  ( -0.7071067811865569000, -0.0000000000000000000, -0.7071067811865382500 ) ) ;
#421 = CARTESIAN_POINT ( 'NONE',  ( 3.600000000000001000, 0.5500000000000000400, 1.019999999999997600 ) ) ;
#422 = ADVANCED_FACE ( 'NONE', ( #1388 ), #1867, .F. ) ;
#423 = LINE ( 'NONE', #2180, #2942 ) ;
#424 = SURFACE_STYLE_USAGE ( .BOTH. , #1180 ) ;
#425 = LINE ( 'NONE', #545, #1780 ) ;
#426 = ORIENTED_EDGE ( 'NONE', *, *, #3479, .T. ) ;
#427 = VECTOR ( 'NONE', #2260, 1000.000000000000000 ) ;
#428 = LINE ( 'NONE', #332, #1255 ) ;
#429 = EDGE_CURVE ( 'NONE', #2517, #3736, #4029, .T. ) ;
#430 = VERTEX_POINT ( 'NONE', #2261 ) ;
#431 = CARTESIAN_POINT ( 'NONE',  ( 3.600000000000001000, 0.05000000000000000300, -0.7699999999999994600 ) ) ;
#432 = DIRECTION ( 'NONE',  ( -0.0000000000000000000, -0.0000000000000000000, -1.000000000000000000 ) ) ;
#433 = LINE ( 'NONE', #1761, #1905 ) ;
#434 = EDGE_LOOP ( 'NONE', ( #335, #2202, #1735, #2580 ) ) ;
#435 = EDGE_CURVE ( 'NONE', #2043, #2868, #4258, .T. ) ;
#437 = VERTEX_POINT ( 'NONE', #4115 ) ;
#436 = DIRECTION ( 'NONE',  ( 0.0000000000000000000, 0.0000000000000000000, -1.000000000000000000 ) ) ;
#438 = CARTESIAN_POINT ( 'NONE',  ( 2.100000000000000100, 0.05000000000000000300, 1.769999999999999400 ) ) ;
#439 = ORIENTED_EDGE ( 'NONE', *, *, #1195, .T. ) ;
#440 = DIRECTION ( 'NONE',  ( -0.0000000000000000000, -1.000000000000000000, -0.0000000000000000000 ) ) ;
#441 = EDGE_LOOP ( 'NONE', ( #4271, #1699, #4599, #1378, #2930, #2960, #340, #412, #3678, #29 ) ) ;
#442 = VECTOR ( 'NONE', #4782, 1000.000000000000000 ) ;
#443 = FACE_OUTER_BOUND ( 'NONE', #3782, .T. ) ;
#444 = ADVANCED_FACE ( 'NONE', ( #744 ), #385, .F. ) ;
#445 = DIRECTION ( 'NONE',  ( 0.0000000000000000000, 0.0000000000000000000, 1.000000000000000000 ) ) ;
#446 = CARTESIAN_POINT ( 'NONE',  ( 0.0000000000000000000, 0.0000000000000000000, 0.0000000000000000000 ) ) ;
#447 = EDGE_CURVE ( 'NONE', #449, #1204, #3246, .T. ) ;
#448 = LINE ( 'NONE', #69, #4556 ) ;
#449 = VERTEX_POINT ( 'NONE', #1149 ) ;
#450 = LINE ( 'NONE', #4353, #31 ) ;
#451 = CARTESIAN_POINT ( 'NONE',  ( 2.309999999999952500, 1.000000000000000000, -2.310000000000012900 ) ) ;
#452 = AXIS2_PLACEMENT_3D ( 'NONE', #4036, #1792, #3295 ) ;
#453 = ORIENTED_EDGE ( 'NONE', *, *, #913, .T. ) ;
#454 = ORIENTED_EDGE ( 'NONE', *, *, #1417, .T. ) ;
#455 = AXIS2_PLACEMENT_3D ( 'NONE', #640, #1725, #592 ) ;
#456 = ORIENTED_EDGE ( 'NONE', *, *, #3191, .T. ) ;
#457 = DIRECTION ( 'NONE',  ( 0.0000000000000000000, 0.0000000000000000000, -1.000000000000000000 ) ) ;
#458 = VERTEX_POINT ( 'NONE', #3346 ) ;
#459 = VECTOR ( 'NONE', #1693, 1000.000000000000000 ) ;
#460 = CARTESIAN_POINT ( 'NONE',  ( 3.600000000000001000, 0.05000000000000000300, 0.7699999999999994600 ) ) ;
#461 = ORIENTED_EDGE ( 'NONE', *, *, #878, .T. ) ;
#462 = DIRECTION ( 'NONE',  ( 0.0000000000000000000, 0.0000000000000000000, 1.000000000000000000 ) ) ;
#463 = VECTOR ( 'NONE', #3054, 1000.000000000000000 ) ;
#464 = EDGE_LOOP ( 'NONE', ( #2104, #2299, #678, #1809 ) ) ;
#465 = DIRECTION ( 'NONE',  ( -0.0000000000000000000, -1.000000000000000000, -0.0000000000000000000 ) ) ;
#466 = EDGE_CURVE ( 'NONE', #2569, #4301, #3848, .T. ) ;
#467 = EDGE_LOOP ( 'NONE', ( #453, #2131, #2749, #4385 ) ) ;
#468 =( NAMED_UNIT ( * ) PLANE_ANGLE_UNIT ( ) SI_UNIT ( $, .RADIAN. ) );
#469 = DIRECTION ( 'NONE',  ( -1.000000000000000000, 0.0000000000000000000, 1.445602896647340100E-016 ) ) ;
#470 = ORIENTED_EDGE ( 'NONE', *, *, #3579, .T. ) ;
#471 = ADVANCED_FACE ( 'NONE', ( #2025 ), #679, .T. ) ;
#472 = MANIFOLD_SOLID_BREP ( 'Boss-Extrude2', #551 ) ;
#473 = ORIENTED_EDGE ( 'NONE', *, *, #237, .T. ) ;
#474 = CARTESIAN_POINT ( 'NONE',  ( -3.600000000000000500, -0.6047401740571388700, 1.520000000000000500 ) ) ;
#475 = CARTESIAN_POINT ( 'NONE',  ( 3.600000000000001000, 0.5500000000000000400, 1.019999999999997600 ) ) ;
#476 = FACE_OUTER_BOUND ( 'NONE', #2921, .T. ) ;
#477 = EDGE_CURVE ( 'NONE', #1039, #3559, #799, .T. ) ;
#478 = CARTESIAN_POINT ( 'NONE',  ( -3.450000000000000200, 0.5500000000000000400, 1.169999999999994800 ) ) ;
#479 = CARTESIAN_POINT ( 'NONE',  ( -3.564644660940673200, -0.6047401740571388700, -1.555355339059328400 ) ) ;
#480 = VECTOR ( 'NONE', #1011, 1000.000000000000000 ) ;
#481 = LINE ( 'NONE', #2236, #66 ) ;
#482 = DIRECTION ( 'NONE',  ( -0.7071067811865567900, 0.0000000000000000000, -0.7071067811865383600 ) ) ;
#483 = VECTOR ( 'NONE', #1366, 999.9999999999998900 ) ;
#484 = DIRECTION ( 'NONE',  ( 0.0000000000000000000, 0.0000000000000000000, -1.000000000000000000 ) ) ;
#485 = FACE_OUTER_BOUND ( 'NONE', #4767, .T. ) ;
#486 = ORIENTED_EDGE ( 'NONE', *, *, #226, .T. ) ;
#487 = DIRECTION ( 'NONE',  ( 0.0000000000000000000, 1.000000000000000000, 0.0000000000000000000 ) ) ;
#488 = DIRECTION ( 'NONE',  ( 0.0000000000000000000, 0.0000000000000000000, 1.000000000000000000 ) ) ;
#489 = ORIENTED_EDGE ( 'NONE', *, *, #1907, .T. ) ;
#490 = EDGE_CURVE ( 'NONE', #3772, #2024, #3668, .T. ) ;
#491 = CARTESIAN_POINT ( 'NONE',  ( -3.599999999999999600, 1.300000000000000700, 1.019999999999999600 ) ) ;
#492 = VERTEX_POINT ( 'NONE', #342 ) ;
#493 = EDGE_LOOP ( 'NONE', ( #3838, #1152, #3123, #3740 ) ) ;
#494 = DIRECTION ( 'NONE',  ( -0.0000000000000000000, -1.000000000000000000, -0.0000000000000000000 ) ) ;
#495 =( LENGTH_UNIT ( ) NAMED_UNIT ( * ) SI_UNIT ( .MILLI., .METRE. ) );
#496 = EDGE_CURVE ( 'NONE', #3302, #1928, #863, .T. ) ;
#497 = ADVANCED_FACE ( 'NONE', ( #4492 ), #3309, .F. ) ;
#498 = ORIENTED_EDGE ( 'NONE', *, *, #2823, .T. ) ;
#499 =( NAMED_UNIT ( * ) PLANE_ANGLE_UNIT ( ) SI_UNIT ( $, .RADIAN. ) );
#500 = VERTEX_POINT ( 'NONE', #341 ) ;
#501 = EDGE_CURVE ( 'NONE', #2569, #2346, #4612, .T. ) ;
#502 = CARTESIAN_POINT ( 'NONE',  ( 3.599999999999999600, 1.000000000000000000, 1.019999999999999600 ) ) ;
#503 = CARTESIAN_POINT ( 'NONE',  ( 3.600000000000000500, 0.5500000000000000400, -1.519999999999999600 ) ) ;
#504 = FACE_OUTER_BOUND ( 'NONE', #1872, .T. ) ;
#505 = DIRECTION ( 'NONE',  ( 0.0000000000000000000, 0.0000000000000000000, -1.000000000000000000 ) ) ;
#506 = PLANE ( 'NONE',  #1058 ) ;
#507 = CARTESIAN_POINT ( 'NONE',  ( 0.0000000000000000000, 0.5500000000000000400, 0.0000000000000000000 ) ) ;
#508 = VECTOR ( 'NONE', #891, 1000.000000000000000 ) ;
#509 = LINE ( 'NONE', #3429, #564 ) ;
#510 = CARTESIAN_POINT ( 'NONE',  ( -3.600000000000001000, 0.5500000000000000400, 1.019999999999998200 ) ) ;
#511 = VERTEX_POINT ( 'NONE', #1456 ) ;
#512 = DIRECTION ( 'NONE',  ( 0.0000000000000000000, 0.0000000000000000000, 1.000000000000000000 ) ) ;
#513 = PRESENTATION_STYLE_ASSIGNMENT (( #424 ) ) ;
#514 = ORIENTED_EDGE ( 'NONE', *, *, #758, .T. ) ;
#515 = ORIENTED_EDGE ( 'NONE', *, *, #4567, .F. ) ;
#516 = EDGE_LOOP ( 'NONE', ( #1177, #4730, #1810, #3811 ) ) ;
#517 = ORIENTED_EDGE ( 'NONE', *, *, #1999, .F. ) ;
#518 = VECTOR ( 'NONE', #643, 1000.000000000000000 ) ;
#519 = DIRECTION ( 'NONE',  ( 1.000000000000000000, 0.0000000000000000000, 0.0000000000000000000 ) ) ;
#520 = AXIS2_PLACEMENT_3D ( 'NONE', #1705, #1485, #956 ) ;
#521 = VERTEX_POINT ( 'NONE', #1824 ) ;
#522 = CARTESIAN_POINT ( 'NONE',  ( -2.999999999999999100, 1.300000000000000700, 2.000000000000000000 ) ) ;
#523 = ADVANCED_FACE ( 'NONE', ( #3786 ), #3330, .F. ) ;
#524 = ORIENTED_EDGE ( 'NONE', *, *, #1007, .F. ) ;
#525 = PLANE ( 'NONE',  #4227 ) ;
#526 = EDGE_CURVE ( 'NONE', #1784, #810, #2965, .T. ) ;
#527 = CARTESIAN_POINT ( 'NONE',  ( 3.600000000000000500, 1.000000000000000000, -2.400000000000000400 ) ) ;
#528 = ORIENTED_EDGE ( 'NONE', *, *, #2526, .F. ) ;
#529 = EDGE_CURVE ( 'NONE', #368, #3437, #2506, .T. ) ;
#530 = UNCERTAINTY_MEASURE_WITH_UNIT (LENGTH_MEASURE( 1.000000000000000100E-005 ), #2971, 'distance_accuracy_value', 'NONE');
#531 = ORIENTED_EDGE ( 'NONE', *, *, #1154, .F. ) ;
#532 = CARTESIAN_POINT ( 'NONE',  ( -3.564644660940673200, 0.5500000000000000400, 1.555355339059328400 ) ) ;
#533 = DIRECTION ( 'NONE',  ( 0.0000000000000000000, 0.0000000000000000000, -1.000000000000000000 ) ) ;
#534 = VECTOR ( 'NONE', #4457, 1000.000000000000000 ) ;
#535 = DIRECTION ( 'NONE',  ( 0.7071067811865388000, 0.0000000000000000000, -0.7071067811865561200 ) ) ;
#536 = VECTOR ( 'NONE', #2121, 999.9999999999998900 ) ;
#537 = DIRECTION ( 'NONE',  ( 0.0000000000000000000, 0.0000000000000000000, -1.000000000000000000 ) ) ;
#538 = PLANE ( 'NONE',  #802 ) ;
#539 = LINE ( 'NONE', #303, #480 ) ;
#540 = EDGE_CURVE ( 'NONE', #80, #754, #2383, .T. ) ;
#541 = VECTOR ( 'NONE', #3868, 1000.000000000000000 ) ;
#542 = ORIENTED_EDGE ( 'NONE', *, *, #3490, .F. ) ;
#543 = ADVANCED_FACE ( 'NONE', ( #4667 ), #1839, .F. ) ;
#544 = PLANE ( 'NONE',  #1613 ) ;
#545 = CARTESIAN_POINT ( 'NONE',  ( 3.600000000000000500, -0.6047401740571388700, -1.519999999999999600 ) ) ;
#546 = CARTESIAN_POINT ( 'NONE',  ( -3.564644660940673200, 0.5500000000000000400, 1.555355339059328400 ) ) ;
#547 = FACE_OUTER_BOUND ( 'NONE', #4842, .T. ) ;
#548 = VERTEX_POINT ( 'NONE', #4814 ) ;
#549 = AXIS2_PLACEMENT_3D ( 'NONE', #2277, #1763, #2116 ) ;
#550 = FACE_OUTER_BOUND ( 'NONE', #1182, .T. ) ;
#551 = CLOSED_SHELL ( 'NONE', ( #471, #3815, #3186, #399, #3788, #4651, #1136, #3386, #3515, #2760 ) ) ;
#552 = LINE ( 'NONE', #1788, #4777 ) ;
#553 = EDGE_LOOP ( 'NONE', ( #58, #3063, #2955, #1538 ) ) ;
#554 = DIRECTION ( 'NONE',  ( 1.000000000000000000, 0.0000000000000000000, 0.0000000000000000000 ) ) ;
#555 = EDGE_CURVE ( 'NONE', #4534, #1786, #1098, .T. ) ;
#556 = ORIENTED_EDGE ( 'NONE', *, *, #3341, .T. ) ;
#557 = VERTEX_POINT ( 'NONE', #4098 ) ;
#558 = CARTESIAN_POINT ( 'NONE',  ( 2.100000000000000100, 0.05000000000000000300, 0.7699999999999994600 ) ) ;
#559 = EDGE_CURVE ( 'NONE', #4076, #2544, #84, .T. ) ;
#560 = VERTEX_POINT ( 'NONE', #3715 ) ;
#561 = DIRECTION ( 'NONE',  ( 1.000000000000000000, -0.0000000000000000000, 0.0000000000000000000 ) ) ;
#562 = VECTOR ( 'NONE', #1025, 1000.000000000000000 ) ;
#563 = LINE ( 'NONE', #1462, #2679 ) ;
#564 = VECTOR ( 'NONE', #1935, 1000.000000000000000 ) ;
#565 = EDGE_LOOP ( 'NONE', ( #4860, #665, #3808, #2395 ) ) ;
#566 = EDGE_CURVE ( 'NONE', #4101, #1196, #2325, .T. ) ;
#567 = DIRECTION ( 'NONE',  ( -1.000000000000000000, 0.0000000000000000000, 0.0000000000000000000 ) ) ;
#568 = PLANE ( 'NONE',  #4171 ) ;
#569 = ADVANCED_FACE ( 'NONE', ( #3303 ), #2597, .F. ) ;
#570 = LINE ( 'NONE', #1775, #3675 ) ;
#571 = CARTESIAN_POINT ( 'NONE',  ( -3.400000000000000400, 0.05000000000000000300, 1.149289321881339600 ) ) ;
#572 = ORIENTED_EDGE ( 'NONE', *, *, #3661, .T. ) ;
#573 = CARTESIAN_POINT ( 'NONE',  ( 3.599999999999999600, 1.300000000000000700, -1.019999999999999600 ) ) ;
#574 = ORIENTED_EDGE ( 'NONE', *, *, #3666, .F. ) ;
#575 = VERTEX_POINT ( 'NONE', #4426 ) ;
#576 = AXIS2_PLACEMENT_3D ( 'NONE', #4821, #3689, #1443 ) ;
#577 = LINE ( 'NONE', #1306, #3320 ) ;
#578 = AXIS2_PLACEMENT_3D ( 'NONE', #3428, #830, #38 ) ;
#579 = DIRECTION ( 'NONE',  ( 0.0000000000000000000, 1.000000000000000000, -0.0000000000000000000 ) ) ;
#580 = ORIENTED_EDGE ( 'NONE', *, *, #2701, .T. ) ;
#581 = DIRECTION ( 'NONE',  ( 0.0000000000000000000, 0.0000000000000000000, 1.000000000000000000 ) ) ;
#582 = CARTESIAN_POINT ( 'NONE',  ( 3.450000000000000200, 0.0000000000000000000, -1.169999999999993900 ) ) ;
#583 = DIRECTION ( 'NONE',  ( -1.000000000000000000, -0.0000000000000000000, -0.0000000000000000000 ) ) ;
#584 = ORIENTED_EDGE ( 'NONE', *, *, #3227, .T. ) ;
#585 = LINE ( 'NONE', #1142, #4342 ) ;
#586 = VERTEX_POINT ( 'NONE', #1069 ) ;
#587 = EDGE_LOOP ( 'NONE', ( #1320, #2516, #125, #750, #2714 ) ) ;
#588 = CARTESIAN_POINT ( 'NONE',  ( -3.600000000000000500, 0.05000000000000000300, 1.520000000000000500 ) ) ;
#589 = DIRECTION ( 'NONE',  ( 0.0000000000000000000, 0.0000000000000000000, 1.000000000000000000 ) ) ;
#590 = CARTESIAN_POINT ( 'NONE',  ( -3.564644660940673700, 0.5500000000000000400, 0.9846446609406704900 ) ) ;
#591 = CARTESIAN_POINT ( 'NONE',  ( 3.200000000000000200, 10.36659513557903800, 1.999999999999997800 ) ) ;
#592 = DIRECTION ( 'NONE',  ( 0.0000000000000000000, 0.0000000000000000000, 1.000000000000000000 ) ) ;
#593 = EDGE_CURVE ( 'NONE', #3445, #215, #2088, .T. ) ;
#594 = CARTESIAN_POINT ( 'NONE',  ( 3.564644660940673200, 0.5500000000000000400, 1.555355339059327500 ) ) ;
#595 = DIRECTION ( 'NONE',  ( -0.7071067811865485700, 0.0000000000000000000, 0.7071067811865465700 ) ) ;
#596 = ORIENTED_EDGE ( 'NONE', *, *, #3824, .F. ) ;
#597 = CARTESIAN_POINT ( 'NONE',  ( 2.400000000000000400, -1.802775637731995000, -0.7699999999999994600 ) ) ;
#598 = ADVANCED_FACE ( 'NONE', ( #2736 ), #2958, .T. ) ;
#599 = DIRECTION ( 'NONE',  ( -0.0000000000000000000, -1.000000000000000000, -0.0000000000000000000 ) ) ;
#600 = CARTESIAN_POINT ( 'NONE',  ( 3.400000000000000400, -0.6047401740571388700, 1.390710678118658700 ) ) ;
#601 = LINE ( 'NONE', #1385, #3462 ) ;
#602 = UNCERTAINTY_MEASURE_WITH_UNIT (LENGTH_MEASURE( 1.000000000000000100E-005 ), #4154, 'distance_accuracy_value', 'NONE');
#603 = EDGE_CURVE ( 'NONE', #4199, #1310, #3190, .T. ) ;
#604 = FACE_OUTER_BOUND ( 'NONE', #2705, .T. ) ;
#605 = VECTOR ( 'NONE', #1188, 1000.000000000000000 ) ;
#606 = CARTESIAN_POINT ( 'NONE',  ( -3.600000000000001000, 0.0000000000000000000, -1.019999999999998200 ) ) ;
#607 = CARTESIAN_POINT ( 'NONE',  ( 2.400000000000000400, 0.05000000000000000300, -0.7699999999999994600 ) ) ;
#608 = CARTESIAN_POINT ( 'NONE',  ( -3.599999999999999600, 0.0000000000000000000, 2.600000000000000500 ) ) ;
#609 = CIRCLE ( 'NONE', #2309, 0.2000000000000000900 ) ;
#610 = PLANE ( 'NONE',  #230 ) ;
#611 =( GEOMETRIC_REPRESENTATION_CONTEXT ( 3 ) GLOBAL_UNCERTAINTY_ASSIGNED_CONTEXT ( ( #4831 ) ) GLOBAL_UNIT_ASSIGNED_CONTEXT ( ( #3121, #140, #3938 ) ) REPRESENTATION_CONTEXT ( 'NONE', 'WORKASPACE' ) );
#612 = LINE ( 'NONE', #4308, #1478 ) ;
#613 = DIRECTION ( 'NONE',  ( 0.7071067811865485700, 0.0000000000000000000, -0.7071067811865465700 ) ) ;
#614 = VERTEX_POINT ( 'NONE', #1484 ) ;
#615 = ORIENTED_EDGE ( 'NONE', *, *, #145, .T. ) ;
#616 = PLANE ( 'NONE',  #4409 ) ;
#617 = ORIENTED_EDGE ( 'NONE', *, *, #1036, .T. ) ;
#618 = CARTESIAN_POINT ( 'NONE',  ( -3.199999999999998000, 1.149999999999999900, 2.400000000000000400 ) ) ;
#619 = ORIENTED_EDGE ( 'NONE', *, *, #3661, .F. ) ;
#620 = VERTEX_POINT ( 'NONE', #4486 ) ;
#621 = ADVANCED_FACE ( 'NONE', ( #3845 ), #4505, .F. ) ;
#622 = DIRECTION ( 'NONE',  ( 0.0000000000000000000, 0.0000000000000000000, 1.000000000000000000 ) ) ;
#623 = AXIS2_PLACEMENT_3D ( 'NONE', #4346, #352, #286 ) ;
#624 = PLANE ( 'NONE',  #1208 ) ;
#625 = EDGE_CURVE ( 'NONE', #3658, #1692, #2962, .T. ) ;
#626 = PLANE ( 'NONE',  #677 ) ;
#627 = DIRECTION ( 'NONE',  ( 0.0000000000000000000, 0.0000000000000000000, 1.000000000000000000 ) ) ;
#628 = VECTOR ( 'NONE', #234, 1000.000000000000000 ) ;
#629 = FACE_OUTER_BOUND ( 'NONE', #4837, .T. ) ;
#630 = ORIENTED_EDGE ( 'NONE', *, *, #3049, .F. ) ;
#631 = LINE ( 'NONE', #4399, #928 ) ;
#632 = ORIENTED_EDGE ( 'NONE', *, *, #3911, .T. ) ;
#633 = ORIENTED_EDGE ( 'NONE', *, *, #1657, .F. ) ;
#634 = VERTEX_POINT ( 'NONE', #3229 ) ;
#635 = DIRECTION ( 'NONE',  ( 1.000000000000000000, 0.0000000000000000000, 0.0000000000000000000 ) ) ;
#636 = ORIENTED_EDGE ( 'NONE', *, *, #287, .T. ) ;
#637 = LINE ( 'NONE', #4575, #463 ) ;
#638 = EDGE_CURVE ( 'NONE', #1515, #3562, #3967, .T. ) ;
#639 = DIRECTION ( 'NONE',  ( 0.0000000000000000000, 0.0000000000000000000, 1.000000000000000000 ) ) ;
#640 = CARTESIAN_POINT ( 'NONE',  ( 3.000000000000000000, 1.300000000000000700, -2.000000000000000000 ) ) ;
#641 = ORIENTED_EDGE ( 'NONE', *, *, #2582, .F. ) ;
#642 = VERTEX_POINT ( 'NONE', #2988 ) ;
#643 = DIRECTION ( 'NONE',  ( -0.0000000000000000000, 1.000000000000000000, -0.0000000000000000000 ) ) ;
#644 = CARTESIAN_POINT ( 'NONE',  ( -3.599999999999999600, 1.000000000000000000, -2.599999999999999600 ) ) ;
#645 = CARTESIAN_POINT ( 'NONE',  ( -3.600000000000001000, -0.6047401740571388700, 1.019999999999998200 ) ) ;
#646 = EDGE_LOOP ( 'NONE', ( #396, #372, #1830, #1141 ) ) ;
#647 = EDGE_CURVE ( 'NONE', #4406, #3837, #3072, .T. ) ;
#648 = DIRECTION ( 'NONE',  ( -0.0000000000000000000, 0.0000000000000000000, 1.000000000000000000 ) ) ;
#649 = CARTESIAN_POINT ( 'NONE',  ( 2.999999999999998700, 1.149999999999999900, -2.200000000000000200 ) ) ;
#650 = EDGE_CURVE ( 'NONE', #754, #4203, #2855, .T. ) ;
#651 = VECTOR ( 'NONE', #705, 1000.000000000000000 ) ;
#652 = CARTESIAN_POINT ( 'NONE',  ( 2.100000000000000100, 0.0000000000000000000, 0.7699999999999994600 ) ) ;
#653 = LINE ( 'NONE', #712, #3588 ) ;
#654 = DIRECTION ( 'NONE',  ( -0.7071067811865388000, 0.0000000000000000000, -0.7071067811865561200 ) ) ;
#655 = CARTESIAN_POINT ( 'NONE',  ( -3.399999999999999500, 1.000000000000000000, 2.600000000000000500 ) ) ;
#656 = DIRECTION ( 'NONE',  ( -0.0000000000000000000, -0.0000000000000000000, -1.000000000000000000 ) ) ;
#657 = CYLINDRICAL_SURFACE ( 'NONE', #2212, 0.2000000000000000900 ) ;
#658 = EDGE_CURVE ( 'NONE', #2695, #368, #1206, .T. ) ;
#659 = FACE_OUTER_BOUND ( 'NONE', #378, .T. ) ;
#660 = EDGE_LOOP ( 'NONE', ( #4315, #3034, #3070, #2235 ) ) ;
#661 = PLANE ( 'NONE',  #3630 ) ;
#662 = VECTOR ( 'NONE', #4834, 1000.000000000000000 ) ;
#663 = EDGE_CURVE ( 'NONE', #1925, #3488, #1856, .T. ) ;
#664 = LINE ( 'NONE', #1311, #4423 ) ;
#665 = ORIENTED_EDGE ( 'NONE', *, *, #3638, .F. ) ;
#666 = CARTESIAN_POINT ( 'NONE',  ( 3.600000000000000500, 1.300000000000000700, 2.399999999999999500 ) ) ;
#667 = FACE_OUTER_BOUND ( 'NONE', #3841, .T. ) ;
#668 = DIRECTION ( 'NONE',  ( -0.7071067811865569000, 0.0000000000000000000, -0.7071067811865382500 ) ) ;
#669 = ORIENTED_EDGE ( 'NONE', *, *, #593, .T. ) ;
#670 = CARTESIAN_POINT ( 'NONE',  ( -3.564644660940673200, 0.5500000000000000400, -1.555355339059328400 ) ) ;
#671 = DIRECTION ( 'NONE',  ( -0.7071067811865383600, 0.0000000000000000000, -0.7071067811865567900 ) ) ;
#672 = DIRECTION ( 'NONE',  ( 0.0000000000000000000, -1.000000000000000000, 0.0000000000000000000 ) ) ;
#673 = CARTESIAN_POINT ( 'NONE',  ( -3.450000000000000200, 0.5500000000000000400, 1.370000000000004500 ) ) ;
#674 = ORIENTED_EDGE ( 'NONE', *, *, #34, .F. ) ;
#675 = AXIS2_PLACEMENT_3D ( 'NONE', #2869, #3695, #589 ) ;
#676 = ORIENTED_EDGE ( 'NONE', *, *, #4682, .F. ) ;
#677 = AXIS2_PLACEMENT_3D ( 'NONE', #2904, #1369, #4744 ) ;
#678 = ORIENTED_EDGE ( 'NONE', *, *, #1293, .T. ) ;
#679 = CYLINDRICAL_SURFACE ( 'NONE', #1811, 0.2000000000000000900 ) ;
#680 = EDGE_CURVE ( 'NONE', #875, #557, #2442, .T. ) ;
#681 = VECTOR ( 'NONE', #2646, 1000.000000000000000 ) ;
#682 = LINE ( 'NONE', #4552, #2271 ) ;
#683 = CARTESIAN_POINT ( 'NONE',  ( -3.564644660940673200, 0.5500000000000000400, -1.555355339059328400 ) ) ;
#684 = ORIENTED_EDGE ( 'NONE', *, *, #4604, .T. ) ;
#685 = DIRECTION ( 'NONE',  ( -0.7071067811865562300, 0.0000000000000000000, -0.7071067811865388000 ) ) ;
#686 = VECTOR ( 'NONE', #1859, 1000.000000000000000 ) ;
#687 = CARTESIAN_POINT ( 'NONE',  ( 3.600000000000001000, 0.0000000000000000000, -0.7699999999999994600 ) ) ;
#688 = ORIENTED_EDGE ( 'NONE', *, *, #2159, .F. ) ;
#689 = EDGE_CURVE ( 'NONE', #2896, #1304, #1327, .T. ) ;
#690 = EDGE_LOOP ( 'NONE', ( #3648, #1492, #4145, #1491, #4560, #903, #4175, #2213 ) ) ;
#691 = DIRECTION ( 'NONE',  ( -0.0000000000000000000, -1.000000000000000000, -0.0000000000000000000 ) ) ;
#692 = ORIENTED_EDGE ( 'NONE', *, *, #466, .T. ) ;
#693 = DIRECTION ( 'NONE',  ( -0.0000000000000000000, -1.000000000000000000, -0.0000000000000000000 ) ) ;
#694 = PLANE ( 'NONE',  #4056 ) ;
#695 = ORIENTED_EDGE ( 'NONE', *, *, #555, .T. ) ;
#696 = FACE_OUTER_BOUND ( 'NONE', #4275, .T. ) ;
#697 = ORIENTED_EDGE ( 'NONE', *, *, #4812, .T. ) ;
#698 = CARTESIAN_POINT ( 'NONE',  ( 3.450000000000000200, -0.6047401740571388700, -1.169999999999993900 ) ) ;
#699 = ORIENTED_EDGE ( 'NONE', *, *, #2513, .F. ) ;
#700 = FACE_OUTER_BOUND ( 'NONE', #690, .T. ) ;
#701 = AXIS2_PLACEMENT_3D ( 'NONE', #3425, #1940, #4565 ) ;
#702 = ORIENTED_EDGE ( 'NONE', *, *, #1595, .F. ) ;
#703 = ORIENTED_EDGE ( 'NONE', *, *, #3057, .T. ) ;
#704 = EDGE_CURVE ( 'NONE', #3037, #1227, #2205, .T. ) ;
#705 = DIRECTION ( 'NONE',  ( -0.0000000000000000000, -1.000000000000000000, -0.0000000000000000000 ) ) ;
#706 = CARTESIAN_POINT ( 'NONE',  ( -3.600000000000000500, 0.05000000000000002400, -1.520000000000000500 ) ) ;
#707 = AXIS2_PLACEMENT_3D ( 'NONE', #3636, #2545, #4377 ) ;
#708 = DIRECTION ( 'NONE',  ( -0.7071067811865567900, 0.0000000000000000000, 0.7071067811865383600 ) ) ;
#709 = AXIS2_PLACEMENT_3D ( 'NONE', #3898, #959, #595 ) ;
#710 = PLANE ( 'NONE',  #4125 ) ;
#711 = VECTOR ( 'NONE', #4357, 1000.000000000000000 ) ;
#712 = CARTESIAN_POINT ( 'NONE',  ( -2.400000000000000400, -1.802775637731995000, 0.7700000000000011300 ) ) ;
#713 = AXIS2_PLACEMENT_3D ( 'NONE', #1326, #4017, #622 ) ;
#714 = LINE ( 'NONE', #1030, #110 ) ;
#715 = LINE ( 'NONE', #2614, #834 ) ;
#716 = PRODUCT_CONTEXT ( 'NONE', #1895, 'mechanical' ) ;
#717 = LINE ( 'NONE', #2206, #4589 ) ;
#718 = DIRECTION ( 'NONE',  ( -0.0000000000000000000, -1.000000000000000000, -0.0000000000000000000 ) ) ;
#719 = EDGE_CURVE ( 'NONE', #4728, #4626, #4437, .T. ) ;
#720 = DIRECTION ( 'NONE',  ( -0.0000000000000000000, 1.000000000000000000, -0.0000000000000000000 ) ) ;
#721 = CARTESIAN_POINT ( 'NONE',  ( 3.400000000000000400, 0.05000000000000000300, 1.390710678118658700 ) ) ;
#722 = VECTOR ( 'NONE', #983, 1000.000000000000000 ) ;
#723 = DIRECTION ( 'NONE',  ( -0.7071067811865567900, 0.0000000000000000000, 0.7071067811865383600 ) ) ;
#724 = VECTOR ( 'NONE', #3175, 999.9999999999998900 ) ;
#725 = ORIENTED_EDGE ( 'NONE', *, *, #209, .T. ) ;
#726 = VECTOR ( 'NONE', #1225, 1000.000000000000000 ) ;
#727 = ORIENTED_EDGE ( 'NONE', *, *, #1434, .T. ) ;
#728 = VERTEX_POINT ( 'NONE', #1395 ) ;
#729 = CARTESIAN_POINT ( 'NONE',  ( 3.600000000000001000, 0.05000000000000000300, -0.7699999999999994600 ) ) ;
#730 = CARTESIAN_POINT ( 'NONE',  ( -3.400000000000000400, -0.6047401740571388700, -1.390710678118659600 ) ) ;
#731 = CARTESIAN_POINT ( 'NONE',  ( -3.599999999999999600, 0.0000000000000000000, 2.600000000000000500 ) ) ;
#732 = EDGE_CURVE ( 'NONE', #3625, #4101, #4083, .T. ) ;
#733 = ORIENTED_EDGE ( 'NONE', *, *, #4109, .F. ) ;
#734 = CARTESIAN_POINT ( 'NONE',  ( 3.400000000000000400, -0.6047401740571388700, 1.149289321881338900 ) ) ;
#735 = VERTEX_POINT ( 'NONE', #4608 ) ;
#736 = CARTESIAN_POINT ( 'NONE',  ( 2.400000000000000400, 0.05000000000000000300, -0.7699999999999994600 ) ) ;
#737 = STYLED_ITEM ( 'NONE', ( #2797 ), #3373 ) ;
#738 = CARTESIAN_POINT ( 'NONE',  ( 3.450000000000000200, -0.6047401740571388700, 1.169999999999993900 ) ) ;
#739 = EDGE_LOOP ( 'NONE', ( #871, #2640, #3352, #373 ) ) ;
#740 = VECTOR ( 'NONE', #2512, 1000.000000000000000 ) ;
#741 = AXIS2_PLACEMENT_3D ( 'NONE', #1014, #307, #2566 ) ;
#742 = DIRECTION ( 'NONE',  ( 0.7071067811865388000, 0.0000000000000000000, -0.7071067811865561200 ) ) ;
#743 = CARTESIAN_POINT ( 'NONE',  ( 3.600000000000000500, 0.05000000000000000300, 1.519999999999999600 ) ) ;
#744 = FACE_OUTER_BOUND ( 'NONE', #2777, .T. ) ;
#745 = EDGE_CURVE ( 'NONE', #2937, #2591, #3494, .T. ) ;
#746 = LINE ( 'NONE', #3137, #268 ) ;
#747 = DIRECTION ( 'NONE',  ( 1.000000000000000000, 0.0000000000000000000, 0.0000000000000000000 ) ) ;
#748 = CARTESIAN_POINT ( 'NONE',  ( -2.700000000000000200, 0.05000000000000000300, 1.769999999999999400 ) ) ;
#749 = ORIENTED_EDGE ( 'NONE', *, *, #336, .T. ) ;
#750 = ORIENTED_EDGE ( 'NONE', *, *, #2356, .T. ) ;
#751 = EDGE_CURVE ( 'NONE', #3723, #3724, #1266, .T. ) ;
#752 = LINE ( 'NONE', #789, #1680 ) ;
#753 = CARTESIAN_POINT ( 'NONE',  ( 3.400000000000000400, 1.149999999999999900, 2.199999999999998000 ) ) ;
#754 = VERTEX_POINT ( 'NONE', #3520 ) ;
#755 = ORIENTED_EDGE ( 'NONE', *, *, #650, .F. ) ;
#756 = ORIENTED_EDGE ( 'NONE', *, *, #3879, .T. ) ;
#757 = FACE_OUTER_BOUND ( 'NONE', #441, .T. ) ;
#758 = EDGE_CURVE ( 'NONE', #4047, #144, #1426, .T. ) ;
#759 = CARTESIAN_POINT ( 'NONE',  ( 2.400000000000000400, 0.0000000000000000000, -0.7699999999999994600 ) ) ;
#760 = VERTEX_POINT ( 'NONE', #889 ) ;
#761 = EDGE_CURVE ( 'NONE', #2407, #1575, #4067, .T. ) ;
#762 = CARTESIAN_POINT ( 'NONE',  ( 3.400000000000000400, 0.5500000000000000400, 1.149289321881338900 ) ) ;
#763 = ADVANCED_FACE ( 'NONE', ( #786 ), #3933, .F. ) ;
#764 = DIRECTION ( 'NONE',  ( -0.7071067811865388000, 0.0000000000000000000, -0.7071067811865561200 ) ) ;
#765 = FILL_AREA_STYLE ('',( #4147 ) ) ;
#766 = PLANE ( 'NONE',  #1772 ) ;
#767 = VERTEX_POINT ( 'NONE', #4298 ) ;
#768 = DIRECTION ( 'NONE',  ( 0.7071067811865567900, 0.0000000000000000000, 0.7071067811865383600 ) ) ;
#769 = PRODUCT_DEFINITION_FORMATION_WITH_SPECIFIED_SOURCE ( 'ANY', '', #121, .NOT_KNOWN. ) ;
#770 = DIRECTION ( 'NONE',  ( 0.0000000000000000000, 0.0000000000000000000, 1.000000000000000000 ) ) ;
#771 = FACE_OUTER_BOUND ( 'NONE', #71, .T. ) ;
#772 = AXIS2_PLACEMENT_3D ( 'NONE', #3511, #4267, #2352 ) ;
#773 = ORIENTED_EDGE ( 'NONE', *, *, #2134, .T. ) ;
#774 = DIRECTION ( 'NONE',  ( 0.0000000000000000000, 0.0000000000000000000, -1.000000000000000000 ) ) ;
#775 = LINE ( 'NONE', #4292, #2885 ) ;
#776 = MANIFOLD_SOLID_BREP ( 'Cut-Extrude5', #11 ) ;
#777 = VECTOR ( 'NONE', #3406, 1000.000000000000000 ) ;
#778 = CARTESIAN_POINT ( 'NONE',  ( -2.400000000000000400, 0.05000000000000000300, 0.7700000000000011300 ) ) ;
#779 = EDGE_CURVE ( 'NONE', #1881, #4195, #1785, .T. ) ;
#780 = VECTOR ( 'NONE', #943, 1000.000000000000100 ) ;
#781 = VECTOR ( 'NONE', #2722, 1000.000000000000000 ) ;
#782 = ORIENTED_EDGE ( 'NONE', *, *, #4012, .T. ) ;
#783 = DIRECTION ( 'NONE',  ( 0.7071067811865382500, 0.0000000000000000000, 0.7071067811865569000 ) ) ;
#784 = VECTOR ( 'NONE', #4078, 1000.000000000000000 ) ;
#785 = EDGE_CURVE ( 'NONE', #1866, #2695, #1140, .T. ) ;
#786 = FACE_OUTER_BOUND ( 'NONE', #739, .T. ) ;
#787 = ORIENTED_EDGE ( 'NONE', *, *, #1966, .T. ) ;
#788 = PLANE ( 'NONE',  #3139 ) ;
#789 = CARTESIAN_POINT ( 'NONE',  ( 3.450000000000000200, 0.5500000000000000400, -1.370000000000003700 ) ) ;
#790 = LINE ( 'NONE', #3549, #4835 ) ;
#791 = ADVANCED_FACE ( 'NONE', ( #4305 ), #906, .F. ) ;
#792 = VERTEX_POINT ( 'NONE', #4318 ) ;
#793 = AXIS2_PLACEMENT_3D ( 'NONE', #2667, #1174, #3790 ) ;
#794 = ORIENTED_EDGE ( 'NONE', *, *, #3290, .F. ) ;
#795 = ADVANCED_FACE ( 'NONE', ( #3829 ), #2465, .F. ) ;
#796 = CARTESIAN_POINT ( 'NONE',  ( -3.599999999999999600, 1.300000000000000700, -1.519999999999999600 ) ) ;
#797 = EDGE_CURVE ( 'NONE', #1928, #3056, #3534, .T. ) ;
#798 = ORIENTED_EDGE ( 'NONE', *, *, #4211, .T. ) ;
#799 = LINE ( 'NONE', #2959, #1744 ) ;
#800 = CARTESIAN_POINT ( 'NONE',  ( 3.400000000000000400, 0.5500000000000000400, -1.390710678118658700 ) ) ;
#801 = CARTESIAN_POINT ( 'NONE',  ( 3.400000000000000400, 0.5500000000000000400, 1.149289321881338900 ) ) ;
#802 = AXIS2_PLACEMENT_3D ( 'NONE', #507, #4639, #1261 ) ;
#803 = FACE_OUTER_BOUND ( 'NONE', #1084, .T. ) ;
#804 = VECTOR ( 'NONE', #436, 1000.000000000000000 ) ;
#805 = ORIENTED_EDGE ( 'NONE', *, *, #477, .T. ) ;
#806 = VECTOR ( 'NONE', #654, 1000.000000000000100 ) ;
#807 = EDGE_CURVE ( 'NONE', #2073, #1264, #2068, .T. ) ;
#808 = LINE ( 'NONE', #734, #4677 ) ;
#809 = EDGE_LOOP ( 'NONE', ( #3506, #1751, #2455, #2171 ) ) ;
#810 = VERTEX_POINT ( 'NONE', #3339 ) ;
#811 = CARTESIAN_POINT ( 'NONE',  ( 3.600000000000000500, 1.000000000000000000, -2.600000000000000500 ) ) ;
#812 = CARTESIAN_POINT ( 'NONE',  ( -2.700000000000000200, 0.0000000000000000000, 1.769999999999999400 ) ) ;
#813 = ORIENTED_EDGE ( 'NONE', *, *, #249, .F. ) ;
#814 = LINE ( 'NONE', #4259, #3444 ) ;
#815 = ADVANCED_FACE ( 'NONE', ( #1724 ), #1493, .F. ) ;
#816 = EDGE_CURVE ( 'NONE', #2142, #4133, #4655, .T. ) ;
#817 = CARTESIAN_POINT ( 'NONE',  ( -3.599999999999999600, 1.300000000000000700, -2.599999999999999600 ) ) ;
#818 = ORIENTED_EDGE ( 'NONE', *, *, #2701, .F. ) ;
#819 = VECTOR ( 'NONE', #55, 1000.000000000000000 ) ;
#820 = ORIENTED_EDGE ( 'NONE', *, *, #913, .F. ) ;
#821 = DIRECTION ( 'NONE',  ( -0.0000000000000000000, -1.000000000000000000, -0.0000000000000000000 ) ) ;
#822 = ORIENTED_EDGE ( 'NONE', *, *, #1571, .F. ) ;
#823 = DIRECTION ( 'NONE',  ( -1.000000000000000000, 0.0000000000000000000, 0.0000000000000000000 ) ) ;
#824 = ADVANCED_FACE ( 'NONE', ( #1900 ), #3324, .F. ) ;
#825 = EDGE_CURVE ( 'NONE', #620, #2918, #842, .T. ) ;
#826 = CARTESIAN_POINT ( 'NONE',  ( -3.199999999999999300, 1.000000000000000000, -2.199999999999999300 ) ) ;
#827 = DIRECTION ( 'NONE',  ( -0.0000000000000000000, 1.000000000000000000, -0.0000000000000000000 ) ) ;
#828 = VERTEX_POINT ( 'NONE', #2620 ) ;
#829 = FACE_OUTER_BOUND ( 'NONE', #4719, .T. ) ;
#830 = DIRECTION ( 'NONE',  ( -0.0000000000000000000, -1.000000000000000000, -0.0000000000000000000 ) ) ;
#831 = VECTOR ( 'NONE', #246, 1000.000000000000000 ) ;
#832 = CARTESIAN_POINT ( 'NONE',  ( -3.450000000000000200, 0.5500000000000000400, 1.169999999999994800 ) ) ;
#833 = DIRECTION ( 'NONE',  ( 1.000000000000000000, 0.0000000000000000000, 0.0000000000000000000 ) ) ;
#834 = VECTOR ( 'NONE', #3382, 1000.000000000000000 ) ;
#835 = DIRECTION ( 'NONE',  ( -0.7071067811865388000, 0.0000000000000000000, 0.7071067811865561200 ) ) ;
#836 = DIRECTION ( 'NONE',  ( -0.0000000000000000000, -1.000000000000000000, -0.0000000000000000000 ) ) ;
#837 = VECTOR ( 'NONE', #3457, 1000.000000000000000 ) ;
#838 = DIRECTION ( 'NONE',  ( 0.7071067811865567900, 0.0000000000000000000, 0.7071067811865383600 ) ) ;
#839 = ORIENTED_EDGE ( 'NONE', *, *, #3952, .T. ) ;
#840 = VECTOR ( 'NONE', #3537, 1000.000000000000000 ) ;
#841 = AXIS2_PLACEMENT_3D ( 'NONE', #2504, #672, #4758 ) ;
#842 = LINE ( 'NONE', #2158, #70 ) ;
#843 = EDGE_CURVE ( 'NONE', #3354, #866, #428, .T. ) ;
#844 = ORIENTED_EDGE ( 'NONE', *, *, #3155, .F. ) ;
#845 = ADVANCED_FACE ( 'NONE', ( #3288 ), #1800, .F. ) ;
#846 = CARTESIAN_POINT ( 'NONE',  ( 0.0000000000000000000, 0.5500000000000000400, 0.0000000000000000000 ) ) ;
#847 = VERTEX_POINT ( 'NONE', #3256 ) ;
#848 = VECTOR ( 'NONE', #1880, 1000.000000000000000 ) ;
#849 = ORIENTED_EDGE ( 'NONE', *, *, #2984, .T. ) ;
#850 = DIRECTION ( 'NONE',  ( 0.0000000000000000000, 0.0000000000000000000, -1.000000000000000000 ) ) ;
#851 = EDGE_CURVE ( 'NONE', #875, #2854, #3005, .T. ) ;
#853 = ORIENTED_EDGE ( 'NONE', *, *, #2572, .T. ) ;
#852 = DIRECTION ( 'NONE',  ( -0.7071067811865383600, 0.0000000000000000000, 0.7071067811865567900 ) ) ;
#854 = CARTESIAN_POINT ( 'NONE',  ( 3.600000000000000500, 1.000000000000000000, -2.600000000000000500 ) ) ;
#855 = EDGE_LOOP ( 'NONE', ( #4448, #3000, #3262, #1274 ) ) ;
#856 = CARTESIAN_POINT ( 'NONE',  ( 3.600000000000000500, 0.0000000000000000000, 2.599999999999999600 ) ) ;
#857 = DIRECTION ( 'NONE',  ( 0.7071067811865383600, 0.0000000000000000000, -0.7071067811865567900 ) ) ;
#858 = ORIENTED_EDGE ( 'NONE', *, *, #758, .F. ) ;
#859 = ORIENTED_EDGE ( 'NONE', *, *, #4143, .F. ) ;
#860 = VECTOR ( 'NONE', #1038, 1000.000000000000000 ) ;
#861 = DIRECTION ( 'NONE',  ( 0.0000000000000000000, 0.0000000000000000000, 1.000000000000000000 ) ) ;
#862 = CARTESIAN_POINT ( 'NONE',  ( 2.100000000000000100, 0.05000000000000000300, 0.7699999999999994600 ) ) ;
#863 = LINE ( 'NONE', #40, #4376 ) ;
#864 = VECTOR ( 'NONE', #3420, 1000.000000000000000 ) ;
#865 = DIRECTION ( 'NONE',  ( -1.000000000000000000, 0.0000000000000000000, 9.637352644315592800E-016 ) ) ;
#866 = VERTEX_POINT ( 'NONE', #4779 ) ;
#867 = DIRECTION ( 'NONE',  ( 1.000000000000000000, 0.0000000000000000000, -1.204669080539449300E-016 ) ) ;
#868 = ADVANCED_FACE ( 'NONE', ( #1309 ), #2538, .F. ) ;
#869 = CYLINDRICAL_SURFACE ( 'NONE', #4193, 0.2000000000000000900 ) ;
#870 = CARTESIAN_POINT ( 'NONE',  ( -3.600000000000000500, 0.05000000000000000300, -1.769999999999996000 ) ) ;
#871 = ORIENTED_EDGE ( 'NONE', *, *, #797, .F. ) ;
#872 = ORIENTED_EDGE ( 'NONE', *, *, #958, .F. ) ;
#873 = LINE ( 'NONE', #3804, #4100 ) ;
#874 =( NAMED_UNIT ( * ) PLANE_ANGLE_UNIT ( ) SI_UNIT ( $, .RADIAN. ) );
#875 = VERTEX_POINT ( 'NONE', #4848 ) ;
#876 = ORIENTED_EDGE ( 'NONE', *, *, #2968, .T. ) ;
#877 = DIRECTION ( 'NONE',  ( 0.0000000000000000000, 1.000000000000000000, 0.0000000000000000000 ) ) ;
#878 = EDGE_CURVE ( 'NONE', #2642, #1870, #4015, .T. ) ;
#879 = DIRECTION ( 'NONE',  ( -0.7071067811865569000, 0.0000000000000000000, 0.7071067811865382500 ) ) ;
#880 = CARTESIAN_POINT ( 'NONE',  ( 3.564644660940673200, 0.05000000000000000300, -1.555355339059327500 ) ) ;
#881 = CARTESIAN_POINT ( 'NONE',  ( 3.600000000000000500, 1.000000000000000000, 2.599999999999999600 ) ) ;
#882 = VERTEX_POINT ( 'NONE', #2927 ) ;
#883 = CARTESIAN_POINT ( 'NONE',  ( 3.400000000000000400, 0.5500000000000000400, 1.149289321881338900 ) ) ;
#884 = PRODUCT_DEFINITION_SHAPE ( 'NONE', 'NONE',  #328 ) ;
#885 = DIRECTION ( 'NONE',  ( -0.0000000000000000000, -1.000000000000000000, -0.0000000000000000000 ) ) ;
#886 = CARTESIAN_POINT ( 'NONE',  ( -3.600000000000001000, 0.5500000000000000400, 1.019999999999998200 ) ) ;
#887 = VECTOR ( 'NONE', #233, 1000.000000000000000 ) ;
#888 = EDGE_CURVE ( 'NONE', #4081, #3456, #306, .T. ) ;
#889 = CARTESIAN_POINT ( 'NONE',  ( -3.600000000000000500, 0.05000000000000000300, 1.770000000000000200 ) ) ;
#890 = ADVANCED_FACE ( 'NONE', ( #3170 ), #4625, .F. ) ;
#891 = DIRECTION ( 'NONE',  ( -0.0000000000000000000, -1.000000000000000000, -0.0000000000000000000 ) ) ;
#892 = LINE ( 'NONE', #4718, #62 ) ;
#893 = VECTOR ( 'NONE', #2619, 1000.000000000000000 ) ;
#894 = LINE ( 'NONE', #1245, #304 ) ;
#895 = CARTESIAN_POINT ( 'NONE',  ( 3.600000000000000500, -1.802775637731995000, -1.769999999999999400 ) ) ;
#896 = CYLINDRICAL_SURFACE ( 'NONE', #2692, 0.2000000000000000900 ) ;
#897 = ORIENTED_EDGE ( 'NONE', *, *, #2858, .F. ) ;
#898 = PLANE ( 'NONE',  #2470 ) ;
#899 = CARTESIAN_POINT ( 'NONE',  ( -3.400000000000000400, 0.05000000000000000300, 1.390710678118659600 ) ) ;
#900 = EDGE_CURVE ( 'NONE', #1461, #2414, #2190, .T. ) ;
#901 = FACE_OUTER_BOUND ( 'NONE', #4345, .T. ) ;
#902 = CARTESIAN_POINT ( 'NONE',  ( 0.0000000000000000000, 0.5500000000000000400, 0.0000000000000000000 ) ) ;
#903 = ORIENTED_EDGE ( 'NONE', *, *, #4211, .F. ) ;
#904 = PRESENTATION_STYLE_ASSIGNMENT (( #2745 ) ) ;
#905 = CLOSED_SHELL ( 'NONE', ( #3615, #1757, #391, #3015, #3136, #416, #3237, #3441, #795, #598 ) ) ;
#906 = PLANE ( 'NONE',  #709 ) ;
#907 = EDGE_CURVE ( 'NONE', #4348, #1108, #3950, .T. ) ;
#908 = CARTESIAN_POINT ( 'NONE',  ( -3.564644660940673700, 0.05000000000000000300, 0.9846446609406704900 ) ) ;
#909 = CARTESIAN_POINT ( 'NONE',  ( 0.0000000000000000000, 0.05000000000000000300, 0.0000000000000000000 ) ) ;
#910 = ORIENTED_EDGE ( 'NONE', *, *, #4859, .F. ) ;
#911 = CARTESIAN_POINT ( 'NONE',  ( -3.399999999999999500, 1.000000000000000000, -2.599999999999999600 ) ) ;
#912 = VERTEX_POINT ( 'NONE', #2784 ) ;
#913 = EDGE_CURVE ( 'NONE', #2346, #3723, #127, .T. ) ;
#914 = DIRECTION ( 'NONE',  ( -0.0000000000000000000, -0.0000000000000000000, 1.000000000000000000 ) ) ;
#915 = DIRECTION ( 'NONE',  ( -0.0000000000000000000, -1.000000000000000000, -0.0000000000000000000 ) ) ;
#916 = ORIENTED_EDGE ( 'NONE', *, *, #1882, .T. ) ;
#917 = CARTESIAN_POINT ( 'NONE',  ( 3.599999999999999600, 1.300000000000000700, -1.519999999999999600 ) ) ;
#918 = ADVANCED_FACE ( 'NONE', ( #2137 ), #3153, .F. ) ;
#919 = PLANE ( 'NONE',  #3455 ) ;
#920 = DIRECTION ( 'NONE',  ( -0.0000000000000000000, -1.000000000000000000, -0.0000000000000000000 ) ) ;
#921 = VECTOR ( 'NONE', #3318, 1000.000000000000000 ) ;
#922 = LINE ( 'NONE', #832, #329 ) ;
#923 = AXIS2_PLACEMENT_3D ( 'NONE', #3603, #1743, #537 ) ;
#924 = CARTESIAN_POINT ( 'NONE',  ( 3.400000000000000400, 0.05000000000000002400, 1.390710678118658700 ) ) ;
#925 = ORIENTED_EDGE ( 'NONE', *, *, #3761, .T. ) ;
#926 = DIRECTION ( 'NONE',  ( 0.7071067811865382500, -0.0000000000000000000, 0.7071067811865569000 ) ) ;
#927 = CARTESIAN_POINT ( 'NONE',  ( 3.564644660940673200, 0.5500000000000000400, 1.555355339059327500 ) ) ;
#928 = VECTOR ( 'NONE', #4511, 1000.000000000000100 ) ;
#929 = ORIENTED_EDGE ( 'NONE', *, *, #2994, .T. ) ;
#930 = ORIENTED_EDGE ( 'NONE', *, *, #658, .T. ) ;
#931 = ORIENTED_EDGE ( 'NONE', *, *, #2974, .T. ) ;
#932 = ORIENTED_EDGE ( 'NONE', *, *, #1243, .T. ) ;
#933 = LINE ( 'NONE', #4743, #3681 ) ;
#934 = DIRECTION ( 'NONE',  ( 0.0000000000000000000, 0.0000000000000000000, 1.000000000000000000 ) ) ;
#935 = CARTESIAN_POINT ( 'NONE',  ( 4.336808689942017700E-016, 1.300000000000000700, -2.600000000000000100 ) ) ;
#936 = ORIENTED_EDGE ( 'NONE', *, *, #4143, .T. ) ;
#937 = CARTESIAN_POINT ( 'NONE',  ( -3.399999999999999500, 1.149999999999999900, -2.199999999999998000 ) ) ;
#938 = LINE ( 'NONE', #4701, #4800 ) ;
#939 = DIRECTION ( 'NONE',  ( 0.0000000000000000000, 0.0000000000000000000, 1.000000000000000000 ) ) ;
#940 = VERTEX_POINT ( 'NONE', #3116 ) ;
#941 = EDGE_CURVE ( 'NONE', #3253, #1704, #664, .T. ) ;
#942 = ORIENTED_EDGE ( 'NONE', *, *, #2267, .T. ) ;
#943 = DIRECTION ( 'NONE',  ( 0.7071067811865388000, 0.0000000000000000000, 0.7071067811865561200 ) ) ;
#944 = ADVANCED_FACE ( 'NONE', ( #2663 ), #538, .F. ) ;
#945 = CARTESIAN_POINT ( 'NONE',  ( -2.999999999999997800, 1.149999999999999900, 2.200000000000000200 ) ) ;
#946 = CARTESIAN_POINT ( 'NONE',  ( 3.450000000000000200, 1.300000000000000700, 1.370000000000004500 ) ) ;
#947 = EDGE_LOOP ( 'NONE', ( #1035, #1781, #2015, #395 ) ) ;
#948 = EDGE_CURVE ( 'NONE', #4033, #3141, #3415, .T. ) ;
#949 = DIRECTION ( 'NONE',  ( 0.0000000000000000000, 0.0000000000000000000, -1.000000000000000000 ) ) ;
#950 = CARTESIAN_POINT ( 'NONE',  ( -3.450000000000000200, 0.0000000000000000000, 1.169999999999994800 ) ) ;
#951 = DIRECTION ( 'NONE',  ( 0.7071067811865567900, 0.0000000000000000000, -0.7071067811865383600 ) ) ;
#952 = VECTOR ( 'NONE', #3614, 1000.000000000000000 ) ;
#953 = CARTESIAN_POINT ( 'NONE',  ( -3.600000000000000500, 0.5500000000000000400, 1.520000000000000500 ) ) ;
#954 = LINE ( 'NONE', #987, #3524 ) ;
#955 = CARTESIAN_POINT ( 'NONE',  ( 3.400000000000000400, 1.000000000000000000, -2.600000000000000500 ) ) ;
#956 = DIRECTION ( 'NONE',  ( 0.0000000000000000000, -0.0000000000000000000, 1.000000000000000000 ) ) ;
#957 = LINE ( 'NONE', #1857, #3222 ) ;
#958 = EDGE_CURVE ( 'NONE', #1692, #4071, #4829, .T. ) ;
#959 = DIRECTION ( 'NONE',  ( -0.7071067811865465700, 0.0000000000000000000, -0.7071067811865485700 ) ) ;
#960 = CARTESIAN_POINT ( 'NONE',  ( 3.600000000000001000, 0.05000000000000002400, -1.019999999999997600 ) ) ;
#961 = LINE ( 'NONE', #1432, #2361 ) ;
#962 = ORIENTED_EDGE ( 'NONE', *, *, #4455, .F. ) ;
#963 = DIRECTION ( 'NONE',  ( 0.0000000000000000000, 0.0000000000000000000, -1.000000000000000000 ) ) ;
#964 = PLANE ( 'NONE',  #1372 ) ;
#965 = DIRECTION ( 'NONE',  ( -0.0000000000000000000, -1.000000000000000000, -0.0000000000000000000 ) ) ;
#966 = AXIS2_PLACEMENT_3D ( 'NONE', #2082, #2466, #188 ) ;
#967 = FACE_OUTER_BOUND ( 'NONE', #2164, .T. ) ;
#968 = AXIS2_PLACEMENT_3D ( 'NONE', #2933, #3293, #3683 ) ;
#969 = VECTOR ( 'NONE', #2820, 1000.000000000000000 ) ;
#970 = EDGE_LOOP ( 'NONE', ( #4311, #3390, #1993, #2139 ) ) ;
#971 = ORIENTED_EDGE ( 'NONE', *, *, #2294, .T. ) ;
#972 = VECTOR ( 'NONE', #1411, 1000.000000000000000 ) ;
#973 = DIRECTION ( 'NONE',  ( 0.7071067811865388000, 0.0000000000000000000, 0.7071067811865561200 ) ) ;
#974 = ORIENTED_EDGE ( 'NONE', *, *, #3117, .T. ) ;
#975 = DIRECTION ( 'NONE',  ( -1.000000000000000000, 0.0000000000000000000, 0.0000000000000000000 ) ) ;
#976 = ADVANCED_FACE ( 'NONE', ( #550 ), #525, .F. ) ;
#977 = ORIENTED_EDGE ( 'NONE', *, *, #2743, .T. ) ;
#978 = DIRECTION ( 'NONE',  ( -0.0000000000000000000, -1.000000000000000000, -0.0000000000000000000 ) ) ;
#979 = CARTESIAN_POINT ( 'NONE',  ( -2.400000000000000400, 0.05000000000000000300, -1.769999999999996000 ) ) ;
#980 = AXIS2_PLACEMENT_3D ( 'NONE', #2870, #1379, #3567 ) ;
#981 = PLANE ( 'NONE',  #2595 ) ;
#982 = VERTEX_POINT ( 'NONE', #3573 ) ;
#983 = DIRECTION ( 'NONE',  ( 0.0000000000000000000, 1.000000000000000000, 0.0000000000000000000 ) ) ;
#984 = EDGE_CURVE ( 'NONE', #312, #2142, #3888, .T. ) ;
#985 = CARTESIAN_POINT ( 'NONE',  ( 3.600000000000000500, 0.0000000000000000000, 2.399999999999999500 ) ) ;
#986 = ORIENTED_EDGE ( 'NONE', *, *, #2866, .F. ) ;
#987 = CARTESIAN_POINT ( 'NONE',  ( -3.600000000000001000, 0.5500000000000000400, -1.019999999999998200 ) ) ;
#988 = ORIENTED_EDGE ( 'NONE', *, *, #287, .F. ) ;
#989 = VECTOR ( 'NONE', #4703, 1000.000000000000000 ) ;
#990 = COLOUR_RGB ( '',0.9686274509803921600, 0.8784313725490196000, 0.5999999999999999800 ) ;
#991 = DIRECTION ( 'NONE',  ( 0.0000000000000000000, 0.0000000000000000000, -1.000000000000000000 ) ) ;
#992 = PLANE ( 'NONE',  #2626 ) ;
#993 = VECTOR ( 'NONE', #2808, 1000.000000000000100 ) ;
#994 = CARTESIAN_POINT ( 'NONE',  ( -3.400000000000000400, 0.05000000000000000300, 1.390710678118659600 ) ) ;
#995 = CARTESIAN_POINT ( 'NONE',  ( -3.400000000000000400, 0.05000000000000002400, 1.390710678118659600 ) ) ;
#996 = EDGE_CURVE ( 'NONE', #1925, #1632, #3881, .T. ) ;
#997 = VERTEX_POINT ( 'NONE', #1678 ) ;
#998 = CARTESIAN_POINT ( 'NONE',  ( 3.600000000000001000, 0.0000000000000000000, 0.7699999999999994600 ) ) ;
#999 = ORIENTED_EDGE ( 'NONE', *, *, #4682, .T. ) ;
#1000 = DIRECTION ( 'NONE',  ( -0.0000000000000000000, -1.000000000000000000, -0.0000000000000000000 ) ) ;
#1001 = ADVANCED_FACE ( 'NONE', ( #2490 ), #568, .F. ) ;
#1002 = CARTESIAN_POINT ( 'NONE',  ( -3.600000000000001000, -1.802775637731995000, 0.7700000000000011300 ) ) ;
#1003 = DIRECTION ( 'NONE',  ( 0.7071067811865388000, 0.0000000000000000000, -0.7071067811865561200 ) ) ;
#1004 = VERTEX_POINT ( 'NONE', #2425 ) ;
#1005 = VECTOR ( 'NONE', #392, 1000.000000000000000 ) ;
#1006 = VERTEX_POINT ( 'NONE', #950 ) ;
#1007 = EDGE_CURVE ( 'NONE', #53, #982, #366, .T. ) ;
#1008 = DIRECTION ( 'NONE',  ( -0.0000000000000000000, -1.000000000000000000, -0.0000000000000000000 ) ) ;
#1009 = DIRECTION ( 'NONE',  ( 0.0000000000000000000, 0.0000000000000000000, -1.000000000000000000 ) ) ;
#1010 = EDGE_CURVE ( 'NONE', #3437, #1685, #3646, .T. ) ;
#1011 = DIRECTION ( 'NONE',  ( -0.7071067811865485700, 0.0000000000000000000, 0.7071067811865465700 ) ) ;
#1012 = EDGE_LOOP ( 'NONE', ( #470, #2008, #316, #2371 ) ) ;
#1013 = CARTESIAN_POINT ( 'NONE',  ( -2.400000000000000400, -1.802775637731995000, -0.7699999999999959100 ) ) ;
#1014 = CARTESIAN_POINT ( 'NONE',  ( 0.0000000000000000000, 0.05000000000000000300, 0.0000000000000000000 ) ) ;
#1015 = LINE ( 'NONE', #2776, #4477 ) ;
#1016 = EDGE_CURVE ( 'NONE', #302, #3547, #1024, .T. ) ;
#1017 = VECTOR ( 'NONE', #3209, 1000.000000000000000 ) ;
#1018 = LINE ( 'NONE', #431, #3878 ) ;
#1019 = EDGE_CURVE ( 'NONE', #3562, #80, #2130, .T. ) ;
#1020 = CARTESIAN_POINT ( 'NONE',  ( 3.600000000000001000, 0.05000000000000000300, -0.7699999999999994600 ) ) ;
#1021 = LINE ( 'NONE', #2484, #4360 ) ;
#1022 = DIRECTION ( 'NONE',  ( 0.0000000000000000000, 0.0000000000000000000, -1.000000000000000000 ) ) ;
#1023 = AXIS2_PLACEMENT_3D ( 'NONE', #4757, #4711, #3608 ) ;
#1024 = CIRCLE ( 'NONE', #4476, 0.2000000000000000900 ) ;
#1025 = DIRECTION ( 'NONE',  ( 0.7071067811865567900, -0.0000000000000000000, 0.7071067811865383600 ) ) ;
#1026 = EDGE_LOOP ( 'NONE', ( #153, #1165, #1951, #3096, #4140, #2815, #1850, #3242 ) ) ;
#1027 = CARTESIAN_POINT ( 'NONE',  ( 3.600000000000001000, -0.6047401740571388700, 1.019999999999997600 ) ) ;
#1028 = ORIENTED_EDGE ( 'NONE', *, *, #60, .F. ) ;
#1029 = VECTOR ( 'NONE', #186, 1000.000000000000000 ) ;
#1030 = CARTESIAN_POINT ( 'NONE',  ( -3.450000000000000200, -0.6047401740571388700, 1.169999999999994800 ) ) ;
#1031 = ORIENTED_EDGE ( 'NONE', *, *, #2173, .F. ) ;
#1032 = DIRECTION ( 'NONE',  ( -0.0000000000000000000, -1.000000000000000000, -0.0000000000000000000 ) ) ;
#1033 = LINE ( 'NONE', #2641, #848 ) ;
#1034 = ORIENTED_EDGE ( 'NONE', *, *, #1637, .F. ) ;
#1035 = ORIENTED_EDGE ( 'NONE', *, *, #1919, .T. ) ;
#1036 = EDGE_CURVE ( 'NONE', #215, #302, #2424, .T. ) ;
#1037 = CARTESIAN_POINT ( 'NONE',  ( 2.999999999999998700, 1.300000000000000700, -2.200000000000000200 ) ) ;
#1038 = DIRECTION ( 'NONE',  ( -0.0000000000000000000, 1.000000000000000000, -0.0000000000000000000 ) ) ;
#1039 = VERTEX_POINT ( 'NONE', #3125 ) ;
#1040 = CARTESIAN_POINT ( 'NONE',  ( -3.564644660940673700, 0.5500000000000000400, 0.9846446609406704900 ) ) ;
#1041 = EDGE_CURVE ( 'NONE', #614, #4348, #3228, .T. ) ;
#1042 = DIRECTION ( 'NONE',  ( 0.0000000000000000000, -0.0000000000000000000, 1.000000000000000000 ) ) ;
#1043 = ORIENTED_EDGE ( 'NONE', *, *, #2453, .T. ) ;
#1044 = PLANE ( 'NONE',  #741 ) ;
#1045 = CARTESIAN_POINT ( 'NONE',  ( -3.600000000000001000, -1.802775637731995000, 0.7700000000000011300 ) ) ;
#1046 = LINE ( 'NONE', #3921, #993 ) ;
#1047 = VECTOR ( 'NONE', #4389, 1000.000000000000000 ) ;
#1048 = ORIENTED_EDGE ( 'NONE', *, *, #1563, .T. ) ;
#1049 = LINE ( 'NONE', #4871, #1624 ) ;
#1050 = VERTEX_POINT ( 'NONE', #4167 ) ;
#1051 = VERTEX_POINT ( 'NONE', #4536 ) ;
#1052 = ORIENTED_EDGE ( 'NONE', *, *, #1879, .F. ) ;
#1053 = ORIENTED_EDGE ( 'NONE', *, *, #3377, .T. ) ;
#1054 = LINE ( 'NONE', #937, #2398 ) ;
#1055 = EDGE_CURVE ( 'NONE', #128, #1401, #2007, .T. ) ;
#1056 = DIRECTION ( 'NONE',  ( -0.0000000000000000000, -1.000000000000000000, -0.0000000000000000000 ) ) ;
#1057 = DIRECTION ( 'NONE',  ( -0.0000000000000000000, -1.000000000000000000, -0.0000000000000000000 ) ) ;
#1058 = AXIS2_PLACEMENT_3D ( 'NONE', #2334, #4605, #76 ) ;
#1059 = VECTOR ( 'NONE', #2376, 1000.000000000000000 ) ;
#1060 = EDGE_LOOP ( 'NONE', ( #3183, #2618, #4595, #3272 ) ) ;
#1061 = CARTESIAN_POINT ( 'NONE',  ( 3.200000000000000200, 1.300000000000000700, 1.999999999999997800 ) ) ;
#1062 = AXIS2_PLACEMENT_3D ( 'NONE', #4045, #4439, #284 ) ;
#1063 = DIRECTION ( 'NONE',  ( 0.0000000000000000000, 0.0000000000000000000, 1.000000000000000000 ) ) ;
#1064 = PLANE ( 'NONE',  #4383 ) ;
#1065 = ORIENTED_EDGE ( 'NONE', *, *, #3897, .T. ) ;
#1066 = CARTESIAN_POINT ( 'NONE',  ( 3.600000000000001000, -0.6047401740571388700, 1.019999999999997600 ) ) ;
#1067 = EDGE_CURVE ( 'NONE', #1692, #73, #3408, .T. ) ;
#1068 = CARTESIAN_POINT ( 'NONE',  ( -3.399999999999999500, 1.000000000000000000, -2.199999999999998000 ) ) ;
#1069 = CARTESIAN_POINT ( 'NONE',  ( -3.600000000000001000, 0.05000000000000002400, -1.019999999999998200 ) ) ;
#1070 = EDGE_CURVE ( 'NONE', #3269, #2346, #4591, .T. ) ;
#1071 = FACE_OUTER_BOUND ( 'NONE', #2135, .T. ) ;
#1072 = PLANE ( 'NONE',  #452 ) ;
#1073 = LINE ( 'NONE', #1607, #2420 ) ;
#1074 = DIRECTION ( 'NONE',  ( 0.0000000000000000000, 0.0000000000000000000, -1.000000000000000000 ) ) ;
#1075 = CARTESIAN_POINT ( 'NONE',  ( -3.600000000000000500, 0.05000000000000000300, -1.769999999999996000 ) ) ;
#1076 = FACE_OUTER_BOUND ( 'NONE', #355, .T. ) ;
#1077 = EDGE_CURVE ( 'NONE', #3844, #2662, #2892, .T. ) ;
#1078 = LINE ( 'NONE', #2710, #2944 ) ;
#1079 = ORIENTED_EDGE ( 'NONE', *, *, #145, .F. ) ;
#1080 = CARTESIAN_POINT ( 'NONE',  ( 4.336808689942017700E-016, 0.0000000000000000000, 2.399999999999999900 ) ) ;
#1081 = CARTESIAN_POINT ( 'NONE',  ( -3.199999999999999300, 10.36659513557903800, 1.999999999999998700 ) ) ;
#1082 = FACE_OUTER_BOUND ( 'NONE', #2458, .T. ) ;
#1083 = VECTOR ( 'NONE', #1247, 1000.000000000000000 ) ;
#1084 = EDGE_LOOP ( 'NONE', ( #2632, #4273, #4214, #3196 ) ) ;
#1085 = CARTESIAN_POINT ( 'NONE',  ( -3.450000000000000200, -0.6047401740571388700, -1.169999999999994800 ) ) ;
#1086 = VERTEX_POINT ( 'NONE', #2438 ) ;
#1087 = AXIS2_PLACEMENT_3D ( 'NONE', #3151, #183, #939 ) ;
#1088 = VECTOR ( 'NONE', #2985, 1000.000000000000000 ) ;
#1089 = DIRECTION ( 'NONE',  ( -0.0000000000000000000, 1.000000000000000000, -0.0000000000000000000 ) ) ;
#1090 = ORIENTED_EDGE ( 'NONE', *, *, #2523, .F. ) ;
#1091 = ORIENTED_EDGE ( 'NONE', *, *, #3404, .T. ) ;
#1092 = ORIENTED_EDGE ( 'NONE', *, *, #1224, .F. ) ;
#1093 = ORIENTED_EDGE ( 'NONE', *, *, #3091, .T. ) ;
#1094 = AXIS2_PLACEMENT_3D ( 'NONE', #2109, #567, #3174 ) ;
#1095 = ORIENTED_EDGE ( 'NONE', *, *, #2668, .T. ) ;
#1096 = VERTEX_POINT ( 'NONE', #4695 ) ;
#1097 = ORIENTED_EDGE ( 'NONE', *, *, #3543, .T. ) ;
#1098 = LINE ( 'NONE', #356, #1440 ) ;
#1099 = DIRECTION ( 'NONE',  ( -0.0000000000000000000, -0.0000000000000000000, 1.000000000000000000 ) ) ;
#1100 = EDGE_CURVE ( 'NONE', #4824, #4862, #4126, .T. ) ;
#1101 = DIRECTION ( 'NONE',  ( -0.0000000000000000000, -1.000000000000000000, -0.0000000000000000000 ) ) ;
#1102 = DIRECTION ( 'NONE',  ( 0.0000000000000000000, 0.0000000000000000000, -1.000000000000000000 ) ) ;
#1103 = DIRECTION ( 'NONE',  ( -0.7071067811865569000, 0.0000000000000000000, 0.7071067811865382500 ) ) ;
#1104 = VECTOR ( 'NONE', #3592, 1000.000000000000000 ) ;
#1105 = ORIENTED_EDGE ( 'NONE', *, *, #825, .F. ) ;
#1106 = EDGE_CURVE ( 'NONE', #2544, #4499, #2248, .T. ) ;
#1107 = ORIENTED_EDGE ( 'NONE', *, *, #187, .T. ) ;
#1108 = VERTEX_POINT ( 'NONE', #588 ) ;
#1109 = LINE ( 'NONE', #2502, #97 ) ;
#1110 = ORIENTED_EDGE ( 'NONE', *, *, #3245, .T. ) ;
#1111 = CARTESIAN_POINT ( 'NONE',  ( -3.400000000000000400, 0.5500000000000000400, 1.149289321881339600 ) ) ;
#1112 = DIRECTION ( 'NONE',  ( 0.0000000000000000000, 0.0000000000000000000, 1.000000000000000000 ) ) ;
#1113 =( NAMED_UNIT ( * ) SI_UNIT ( $, .STERADIAN. ) SOLID_ANGLE_UNIT ( ) );
#1114 = ORIENTED_EDGE ( 'NONE', *, *, #3597, .T. ) ;
#1115 = FACE_OUTER_BOUND ( 'NONE', #2097, .T. ) ;
#1116 = ORIENTED_EDGE ( 'NONE', *, *, #3854, .T. ) ;
#1117 = ORIENTED_EDGE ( 'NONE', *, *, #2968, .F. ) ;
#1118 = CARTESIAN_POINT ( 'NONE',  ( -3.400000000000000400, 0.5500000000000000400, -1.149289321881339600 ) ) ;
#1119 = DIRECTION ( 'NONE',  ( -0.0000000000000000000, -0.0000000000000000000, 1.000000000000000000 ) ) ;
#1120 = SURFACE_SIDE_STYLE ('',( #1263 ) ) ;
#1121 = ORIENTED_EDGE ( 'NONE', *, *, #3605, .F. ) ;
#1122 = DIRECTION ( 'NONE',  ( -0.0000000000000000000, -1.000000000000000000, -0.0000000000000000000 ) ) ;
#1123 = CARTESIAN_POINT ( 'NONE',  ( 3.450000000000000200, 0.5500000000000000400, 1.169999999999993900 ) ) ;
#1124 = ORIENTED_EDGE ( 'NONE', *, *, #1067, .T. ) ;
#1125 = ORIENTED_EDGE ( 'NONE', *, *, #3273, .T. ) ;
#1126 = DIRECTION ( 'NONE',  ( -1.000000000000000000, 0.0000000000000000000, 0.0000000000000000000 ) ) ;
#1127 = CARTESIAN_POINT ( 'NONE',  ( 3.400000000000000400, 0.5500000000000000400, -1.390710678118658700 ) ) ;
#1128 = LINE ( 'NONE', #3238, #1833 ) ;
#1129 = DIRECTION ( 'NONE',  ( -0.0000000000000000000, 1.000000000000000000, -0.0000000000000000000 ) ) ;
#1130 = VECTOR ( 'NONE', #951, 1000.000000000000000 ) ;
#1131 = VECTOR ( 'NONE', #1, 1000.000000000000100 ) ;
#1132 = EDGE_CURVE ( 'NONE', #4245, #3189, #2543, .T. ) ;
#1133 = VECTOR ( 'NONE', #2354, 1000.000000000000000 ) ;
#1134 = CARTESIAN_POINT ( 'NONE',  ( -2.400000000000000400, 0.0000000000000000000, -0.7699999999999959100 ) ) ;
#1135 = FACE_OUTER_BOUND ( 'NONE', #3825, .T. ) ;
#1136 = ADVANCED_FACE ( 'NONE', ( #1892 ), #896, .T. ) ;
#1137 = ORIENTED_EDGE ( 'NONE', *, *, #4581, .F. ) ;
#1138 = LINE ( 'NONE', #1118, #3413 ) ;
#1139 = ORIENTED_EDGE ( 'NONE', *, *, #3863, .F. ) ;
#1140 = LINE ( 'NONE', #3870, #3059 ) ;
#1141 = ORIENTED_EDGE ( 'NONE', *, *, #60, .T. ) ;
#1142 = CARTESIAN_POINT ( 'NONE',  ( -3.400000000000000400, 0.5500000000000000400, -1.390710678118659600 ) ) ;
#1143 = EDGE_CURVE ( 'NONE', #3148, #215, #4300, .T. ) ;
#1144 = FACE_OUTER_BOUND ( 'NONE', #1339, .T. ) ;
#1145 = DIRECTION ( 'NONE',  ( 0.0000000000000000000, 0.0000000000000000000, -1.000000000000000000 ) ) ;
#1146 = ORIENTED_EDGE ( 'NONE', *, *, #381, .F. ) ;
#1147 = CARTESIAN_POINT ( 'NONE',  ( 3.450000000000000200, 1.300000000000000700, -1.169999999999994800 ) ) ;
#1148 = AXIS2_PLACEMENT_3D ( 'NONE', #3087, #116, #1996 ) ;
#1149 = CARTESIAN_POINT ( 'NONE',  ( 3.450000000000000200, 0.0000000000000000000, 1.169999999999993900 ) ) ;
#1150 = ORIENTED_EDGE ( 'NONE', *, *, #3911, .F. ) ;
#1151 = CARTESIAN_POINT ( 'NONE',  ( 3.450000000000000200, 0.5500000000000000400, -1.370000000000003700 ) ) ;
#1152 = ORIENTED_EDGE ( 'NONE', *, *, #3674, .T. ) ;
#1153 = VECTOR ( 'NONE', #3873, 1000.000000000000000 ) ;
#1154 = EDGE_CURVE ( 'NONE', #2699, #3837, #425, .T. ) ;
#1155 = LINE ( 'NONE', #3640, #3436 ) ;
#1156 = PLANE ( 'NONE',  #2873 ) ;
#1157 = LINE ( 'NONE', #1228, #4208 ) ;
#1158 = ORIENTED_EDGE ( 'NONE', *, *, #2643, .F. ) ;
#1159 = ADVANCED_FACE ( 'NONE', ( #485 ), #172, .T. ) ;
#1160 = LINE ( 'NONE', #4039, #2275 ) ;
#1161 = DIRECTION ( 'NONE',  ( -0.0000000000000000000, 1.000000000000000000, -0.0000000000000000000 ) ) ;
#1162 = ORIENTED_EDGE ( 'NONE', *, *, #785, .F. ) ;
#1163 =( NAMED_UNIT ( * ) PLANE_ANGLE_UNIT ( ) SI_UNIT ( $, .RADIAN. ) );
#1164 = VERTEX_POINT ( 'NONE', #3522 ) ;
#1165 = ORIENTED_EDGE ( 'NONE', *, *, #1322, .T. ) ;
#1166 = ORIENTED_EDGE ( 'NONE', *, *, #2444, .F. ) ;
#1167 = ADVANCED_FACE ( 'NONE', ( #1533 ), #3556, .F. ) ;
#1168 = VERTEX_POINT ( 'NONE', #3901 ) ;
#1169 = CYLINDRICAL_SURFACE ( 'NONE', #4096, 0.2000000000000000900 ) ;
#1170 = EDGE_CURVE ( 'NONE', #312, #4203, #3350, .T. ) ;
#1171 = ORIENTED_EDGE ( 'NONE', *, *, #4543, .T. ) ;
#1172 = ORIENTED_EDGE ( 'NONE', *, *, #3502, .F. ) ;
#1173 = CARTESIAN_POINT ( 'NONE',  ( -2.400000000000000400, 0.0000000000000000000, 1.470000000000000400 ) ) ;
#1174 = DIRECTION ( 'NONE',  ( -0.7071067811865383600, 0.0000000000000000000, -0.7071067811865567900 ) ) ;
#1175 = AXIS2_PLACEMENT_3D ( 'NONE', #2145, #3682, #1380 ) ;
#1176 = DIRECTION ( 'NONE',  ( 0.7071067811865567900, 0.0000000000000000000, -0.7071067811865383600 ) ) ;
#1177 = ORIENTED_EDGE ( 'NONE', *, *, #1802, .F. ) ;
#1178 = PLANE ( 'NONE',  #3298 ) ;
#1179 = CARTESIAN_POINT ( 'NONE',  ( -3.400000000000000400, -0.6047401740571388700, 1.390710678118659600 ) ) ;
#1180 = SURFACE_SIDE_STYLE ('',( #2391 ) ) ;
#1181 = AXIS2_PLACEMENT_3D ( 'NONE', #1281, #1317, #1695 ) ;
#1182 = EDGE_LOOP ( 'NONE', ( #1405, #3335, #1605, #1977 ) ) ;
#1183 = ADVANCED_FACE ( 'NONE', ( #3771 ), #4268, .F. ) ;
#1184 = CYLINDRICAL_SURFACE ( 'NONE', #1868, 0.2000000000000000900 ) ;
#1185 = LINE ( 'NONE', #2775, #2940 ) ;
#1186 = EDGE_CURVE ( 'NONE', #1377, #511, #4649, .T. ) ;
#1187 = ADVANCED_FACE ( 'NONE', ( #1651 ), #3816, .F. ) ;
#1188 = DIRECTION ( 'NONE',  ( -1.000000000000000000, 0.0000000000000000000, -0.0000000000000000000 ) ) ;
#1189 = DIRECTION ( 'NONE',  ( -0.7071067811865388000, -0.0000000000000000000, -0.7071067811865561200 ) ) ;
#1190 = VECTOR ( 'NONE', #4574, 1000.000000000000000 ) ;
#1191 = LINE ( 'NONE', #1614, #781 ) ;
#1192 = ORIENTED_EDGE ( 'NONE', *, *, #56, .F. ) ;
#1193 = DIRECTION ( 'NONE',  ( 0.7071067811865569000, 0.0000000000000000000, -0.7071067811865382500 ) ) ;
#1194 = VECTOR ( 'NONE', #3130, 1000.000000000000000 ) ;
#1195 = EDGE_CURVE ( 'NONE', #3631, #1660, #1191, .T. ) ;
#1196 = VERTEX_POINT ( 'NONE', #1979 ) ;
#1197 = DIRECTION ( 'NONE',  ( -0.7071067811865569000, 0.0000000000000000000, 0.7071067811865382500 ) ) ;
#1198 = VECTOR ( 'NONE', #2510, 1000.000000000000000 ) ;
#1199 = EDGE_LOOP ( 'NONE', ( #1734, #727, #3017, #3178 ) ) ;
#1200 = ORIENTED_EDGE ( 'NONE', *, *, #2348, .T. ) ;
#1201 = DIRECTION ( 'NONE',  ( 0.0000000000000000000, 0.0000000000000000000, 1.000000000000000000 ) ) ;
#1202 = ORIENTED_EDGE ( 'NONE', *, *, #2696, .T. ) ;
#1203 = EDGE_CURVE ( 'NONE', #4463, #1870, #250, .T. ) ;
#1204 = VERTEX_POINT ( 'NONE', #1364 ) ;
#1205 = ORIENTED_EDGE ( 'NONE', *, *, #2317, .F. ) ;
#1206 = LINE ( 'NONE', #3621, #1965 ) ;
#1207 = PLANE ( 'NONE',  #1640 ) ;
#1208 = AXIS2_PLACEMENT_3D ( 'NONE', #3650, #289, #2917 ) ;
#1209 = AXIS2_PLACEMENT_3D ( 'NONE', #2244, #4131, #371 ) ;
#1210 = VECTOR ( 'NONE', #3704, 1000.000000000000000 ) ;
#1211 = ADVANCED_FACE ( 'NONE', ( #3594 ), #1344, .F. ) ;
#1212 = FACE_OUTER_BOUND ( 'NONE', #3609, .T. ) ;
#1213 = DIRECTION ( 'NONE',  ( 0.0000000000000000000, -1.000000000000000000, 0.0000000000000000000 ) ) ;
#1214 = DIRECTION ( 'NONE',  ( 0.7071067811865388000, 0.0000000000000000000, 0.7071067811865561200 ) ) ;
#1215 = COLOUR_RGB ( '',0.9686274509803921600, 0.8784313725490196000, 0.5999999999999999800 ) ;
#1216 = EDGE_CURVE ( 'NONE', #3379, #2178, #1248, .T. ) ;
#1217 = VERTEX_POINT ( 'NONE', #3486 ) ;
#1218 = EDGE_LOOP ( 'NONE', ( #1482, #2454, #676, #3984 ) ) ;
#1219 = ORIENTED_EDGE ( 'NONE', *, *, #4646, .F. ) ;
#1220 = DIRECTION ( 'NONE',  ( 0.0000000000000000000, 1.000000000000000000, 0.0000000000000000000 ) ) ;
#1221 = PLANE ( 'NONE',  #2377 ) ;
#1222 = LINE ( 'NONE', #2487, #4094 ) ;
#1223 = VERTEX_POINT ( 'NONE', #2146 ) ;
#1224 = EDGE_CURVE ( 'NONE', #492, #1660, #2606, .T. ) ;
#1225 = DIRECTION ( 'NONE',  ( 0.0000000000000000000, 0.0000000000000000000, 1.000000000000000000 ) ) ;
#1226 = VECTOR ( 'NONE', #4496, 1000.000000000000000 ) ;
#1227 = VERTEX_POINT ( 'NONE', #1286 ) ;
#1228 = CARTESIAN_POINT ( 'NONE',  ( -3.600000000000001000, 0.05000000000000000300, 0.7700000000000011300 ) ) ;
#1229 = ORIENTED_EDGE ( 'NONE', *, *, #559, .F. ) ;
#1230 = CARTESIAN_POINT ( 'NONE',  ( 3.564644660940673700, 0.5500000000000000400, 0.9846446609406696000 ) ) ;
#1231 = CLOSED_SHELL ( 'NONE', ( #621, #422, #3993, #2494, #3867, #1167, #815, #845, #4310, #1258, #1926, #976, #890, #1211, #137, #2064 ) ) ;
#1232 = EDGE_CURVE ( 'NONE', #73, #2699, #3528, .T. ) ;
#1233 = VERTEX_POINT ( 'NONE', #594 ) ;
#1234 = ADVANCED_FACE ( 'NONE', ( #659 ), #1584, .F. ) ;
#1235 = CARTESIAN_POINT ( 'NONE',  ( 3.600000000000000500, -1.802775637731995000, 1.519999999999999600 ) ) ;
#1236 = DIRECTION ( 'NONE',  ( 0.0000000000000000000, 1.000000000000000000, 0.0000000000000000000 ) ) ;
#1237 = ORIENTED_EDGE ( 'NONE', *, *, #2823, .F. ) ;
#1238 = CARTESIAN_POINT ( 'NONE',  ( 3.199999999999998800, 1.000000000000000000, 2.399999999999999500 ) ) ;
#1239 = VECTOR ( 'NONE', #79, 1000.000000000000100 ) ;
#1240 = CARTESIAN_POINT ( 'NONE',  ( -3.199999999999999300, 1.149999999999999900, -2.199999999999999300 ) ) ;
#1241 = CARTESIAN_POINT ( 'NONE',  ( -3.599999999999999600, 1.300000000000000700, 1.519999999999999600 ) ) ;
#1242 = CARTESIAN_POINT ( 'NONE',  ( -3.450000000000000200, 0.0000000000000000000, 1.169999999999994800 ) ) ;
#1243 = EDGE_CURVE ( 'NONE', #3562, #3547, #120, .T. ) ;
#1244 = LINE ( 'NONE', #4808, #4061 ) ;
#1245 = CARTESIAN_POINT ( 'NONE',  ( 3.400000000000000400, 0.5500000000000000400, -1.149289321881338900 ) ) ;
#1246 = VECTOR ( 'NONE', #2047, 1000.000000000000000 ) ;
#1247 = DIRECTION ( 'NONE',  ( -0.0000000000000000000, 1.000000000000000000, -0.0000000000000000000 ) ) ;
#1248 = LINE ( 'NONE', #3081, #1302 ) ;
#1249 = EDGE_CURVE ( 'NONE', #1704, #1812, #2185, .T. ) ;
#1250 = VERTEX_POINT ( 'NONE', #2909 ) ;
#1251 = DIRECTION ( 'NONE',  ( -1.000000000000000000, 0.0000000000000000000, 0.0000000000000000000 ) ) ;
#1252 =( LENGTH_UNIT ( ) NAMED_UNIT ( * ) SI_UNIT ( .MILLI., .METRE. ) );
#1253 = ORIENTED_EDGE ( 'NONE', *, *, #1768, .T. ) ;
#1254 = ORIENTED_EDGE ( 'NONE', *, *, #1626, .F. ) ;
#1255 = VECTOR ( 'NONE', #2593, 1000.000000000000000 ) ;
#1256 = ORIENTED_EDGE ( 'NONE', *, *, #4277, .F. ) ;
#1257 = EDGE_CURVE ( 'NONE', #1004, #4830, #612, .T. ) ;
#1258 = ADVANCED_FACE ( 'NONE', ( #1135 ), #3540, .F. ) ;
#1259 = ORIENTED_EDGE ( 'NONE', *, *, #1010, .T. ) ;
#1260 = CARTESIAN_POINT ( 'NONE',  ( 3.564644660940673700, -0.6047401740571388700, 0.9846446609406696000 ) ) ;
#1261 = DIRECTION ( 'NONE',  ( 0.0000000000000000000, -0.0000000000000000000, 1.000000000000000000 ) ) ;
#1262 = EDGE_LOOP ( 'NONE', ( #514, #3157, #630, #4397 ) ) ;
#1263 = SURFACE_STYLE_FILL_AREA ( #4520 ) ;
#1264 = VERTEX_POINT ( 'NONE', #3676 ) ;
#1265 = LINE ( 'NONE', #3611, #3131 ) ;
#1266 = LINE ( 'NONE', #510, #271 ) ;
#1267 = ORIENTED_EDGE ( 'NONE', *, *, #3310, .T. ) ;
#1268 = AXIS2_PLACEMENT_3D ( 'NONE', #796, #1539, #1908 ) ;
#1269 = DIRECTION ( 'NONE',  ( -0.7071067811865567900, 0.0000000000000000000, 0.7071067811865383600 ) ) ;
#1270 = CIRCLE ( 'NONE', #3014, 0.2000000000000000900 ) ;
#1271 = CARTESIAN_POINT ( 'NONE',  ( 2.100000000000000100, -1.802775637731995000, 1.769999999999999400 ) ) ;
#1272 = ORIENTED_EDGE ( 'NONE', *, *, #751, .F. ) ;
#1273 = DIRECTION ( 'NONE',  ( 0.7071067811865569000, 0.0000000000000000000, -0.7071067811865382500 ) ) ;
#1274 = ORIENTED_EDGE ( 'NONE', *, *, #301, .T. ) ;
#1275 = VERTEX_POINT ( 'NONE', #2954 ) ;
#1276 = ORIENTED_EDGE ( 'NONE', *, *, #2223, .T. ) ;
#1277 = ORIENTED_EDGE ( 'NONE', *, *, #2759, .T. ) ;
#1278 = EDGE_CURVE ( 'NONE', #4195, #3844, #1367, .T. ) ;
#1279 = FACE_OUTER_BOUND ( 'NONE', #3142, .T. ) ;
#1280 = ADVANCED_FACE ( 'NONE', ( #363 ), #1064, .F. ) ;
#1281 = CARTESIAN_POINT ( 'NONE',  ( -3.400000000000000400, -0.6047401740571388700, -1.149289321881339600 ) ) ;
#1282 = CARTESIAN_POINT ( 'NONE',  ( -3.400000000000000400, 0.05000000000000000300, 1.390710678118659600 ) ) ;
#1283 = VERTEX_POINT ( 'NONE', #1080 ) ;
#1284 = EDGE_CURVE ( 'NONE', #1447, #2073, #1244, .T. ) ;
#1285 = CARTESIAN_POINT ( 'NONE',  ( 3.600000000000000500, 0.0000000000000000000, 1.519999999999999600 ) ) ;
#1286 = CARTESIAN_POINT ( 'NONE',  ( 3.599999999999999600, 1.000000000000000000, 1.519999999999999600 ) ) ;
#1287 = DIRECTION ( 'NONE',  ( 0.7071067811865383600, -0.0000000000000000000, 0.7071067811865567900 ) ) ;
#1288 = ORIENTED_EDGE ( 'NONE', *, *, #2898, .F. ) ;
#1289 = DIRECTION ( 'NONE',  ( -0.7071067811865569000, 0.0000000000000000000, -0.7071067811865382500 ) ) ;
#1290 = AXIS2_PLACEMENT_3D ( 'NONE', #474, #4184, #2360 ) ;
#1291 = COLOUR_RGB ( '',0.7921568627450980000, 0.8196078431372548800, 0.9333333333333333500 ) ;
#1292 = LINE ( 'NONE', #3299, #3401 ) ;
#1293 = EDGE_CURVE ( 'NONE', #4783, #1503, #653, .T. ) ;
#1294 = DIRECTION ( 'NONE',  ( 0.0000000000000000000, 1.000000000000000000, 0.0000000000000000000 ) ) ;
#1295 = DIRECTION ( 'NONE',  ( -0.0000000000000000000, 1.000000000000000000, -0.0000000000000000000 ) ) ;
#1296 = CARTESIAN_POINT ( 'NONE',  ( -3.199999999999999300, 1.300000000000000700, 1.999999999999998700 ) ) ;
#1297 = LINE ( 'NONE', #3099, #3050 ) ;
#1298 = AXIS2_PLACEMENT_3D ( 'NONE', #2197, #4798, #3684 ) ;
#1299 = CIRCLE ( 'NONE', #2536, 0.2000000000000000900 ) ;
#1300 = AXIS2_PLACEMENT_3D ( 'NONE', #4633, #4256, #2388 ) ;
#1301 = VECTOR ( 'NONE', #7, 1000.000000000000000 ) ;
#1302 = VECTOR ( 'NONE', #3464, 1000.000000000000000 ) ;
#1303 = CARTESIAN_POINT ( 'NONE',  ( -3.199999999999999300, 1.300000000000000700, -1.999999999999997800 ) ) ;
#1304 = VERTEX_POINT ( 'NONE', #729 ) ;
#1305 = ADVANCED_FACE ( 'NONE', ( #243 ), #661, .F. ) ;
#1306 = CARTESIAN_POINT ( 'NONE',  ( 3.564644660940673200, 0.05000000000000000300, 1.555355339059327500 ) ) ;
#1307 = EDGE_CURVE ( 'NONE', #3253, #1217, #4237, .T. ) ;
#1308 = CARTESIAN_POINT ( 'NONE',  ( 3.199999999999998800, 1.149999999999999900, 2.399999999999999500 ) ) ;
#1309 = FACE_OUTER_BOUND ( 'NONE', #1610, .T. ) ;
#1310 = VERTEX_POINT ( 'NONE', #2187 ) ;
#1311 = CARTESIAN_POINT ( 'NONE',  ( -2.400000000000000400, 0.05000000000000000300, -1.769999999999996000 ) ) ;
#1312 = CARTESIAN_POINT ( 'NONE',  ( 2.400000000000000400, 0.0000000000000000000, 0.7699999999999994600 ) ) ;
#1313 = CARTESIAN_POINT ( 'NONE',  ( 3.600000000000000500, 1.300000000000000700, -2.400000000000000400 ) ) ;
#1314 = VECTOR ( 'NONE', #2899, 1000.000000000000000 ) ;
#1315 = EDGE_CURVE ( 'NONE', #4301, #3516, #961, .T. ) ;
#1316 = CARTESIAN_POINT ( 'NONE',  ( -2.700000000000000200, 0.05000000000000000300, 1.769999999999999400 ) ) ;
#1317 = DIRECTION ( 'NONE',  ( -0.7071067811865382500, 0.0000000000000000000, -0.7071067811865569000 ) ) ;
#1318 = ORIENTED_EDGE ( 'NONE', *, *, #1764, .T. ) ;
#1319 = DIRECTION ( 'NONE',  ( 0.0000000000000000000, 0.0000000000000000000, -1.000000000000000000 ) ) ;
#1320 = ORIENTED_EDGE ( 'NONE', *, *, #4164, .F. ) ;
#1321 = ORIENTED_EDGE ( 'NONE', *, *, #658, .F. ) ;
#1322 = EDGE_CURVE ( 'NONE', #866, #4480, #481, .T. ) ;
#1323 = CARTESIAN_POINT ( 'NONE',  ( 3.400000000000000400, 1.149999999999999900, -2.199999999999998800 ) ) ;
#1324 = VERTEX_POINT ( 'NONE', #2939 ) ;
#1325 = CARTESIAN_POINT ( 'NONE',  ( 3.564644660940673700, 0.5500000000000000400, -0.9846446609406696000 ) ) ;
#1326 = CARTESIAN_POINT ( 'NONE',  ( 3.200000000000000200, 1.000000000000000000, -2.200000000000000200 ) ) ;
#1327 = LINE ( 'NONE', #4753, #740 ) ;
#1328 = CARTESIAN_POINT ( 'NONE',  ( -3.600000000000000500, -1.802775637731995000, 1.770000000000000200 ) ) ;
#1329 = ORIENTED_EDGE ( 'NONE', *, *, #2305, .T. ) ;
#1330 = LINE ( 'NONE', #1123, #4206 ) ;
#1331 = VECTOR ( 'NONE', #4212, 1000.000000000000000 ) ;
#1332 = DIRECTION ( 'NONE',  ( -1.000000000000000000, 0.0000000000000000000, 9.637352644315592800E-016 ) ) ;
#1333 = AXIS2_PLACEMENT_3D ( 'NONE', #3780, #2308, #2715 ) ;
#1334 = CARTESIAN_POINT ( 'NONE',  ( 3.564644660940673700, 0.05000000000000002400, 0.9846446609406696000 ) ) ;
#1335 = CARTESIAN_POINT ( 'NONE',  ( 3.450000000000000200, 1.000000000000000000, 1.370000000000004500 ) ) ;
#1336 = ADVANCED_FACE ( 'NONE', ( #4356 ), #2571, .F. ) ;
#1337 = CARTESIAN_POINT ( 'NONE',  ( -2.400000000000000400, 0.0000000000000000000, -1.769999999999996000 ) ) ;
#1338 = FACE_OUTER_BOUND ( 'NONE', #4562, .T. ) ;
#1339 = EDGE_LOOP ( 'NONE', ( #971, #4336, #4374, #185 ) ) ;
#1340 = ORIENTED_EDGE ( 'NONE', *, *, #2238, .F. ) ;
#1341 = ORIENTED_EDGE ( 'NONE', *, *, #2062, .T. ) ;
#1342 = LINE ( 'NONE', #1013, #518 ) ;
#1343 = EDGE_CURVE ( 'NONE', #2918, #315, #717, .T. ) ;
#1344 = PLANE ( 'NONE',  #1094 ) ;
#1345 = ORIENTED_EDGE ( 'NONE', *, *, #108, .T. ) ;
#1346 = VERTEX_POINT ( 'NONE', #283 ) ;
#1347 = FACE_OUTER_BOUND ( 'NONE', #1490, .T. ) ;
#1348 = ORIENTED_EDGE ( 'NONE', *, *, #204, .T. ) ;
#1349 = EDGE_CURVE ( 'NONE', #3844, #4422, #2004, .T. ) ;
#1350 = ORIENTED_EDGE ( 'NONE', *, *, #3536, .F. ) ;
#1351 = DIRECTION ( 'NONE',  ( -1.204669080539449300E-016, 0.0000000000000000000, -1.000000000000000000 ) ) ;
#1352 = CARTESIAN_POINT ( 'NONE',  ( -3.600000000000000500, 0.5500000000000000400, -1.520000000000000500 ) ) ;
#1353 = CARTESIAN_POINT ( 'NONE',  ( 3.600000000000000500, 1.000000000000000000, 2.399999999999999500 ) ) ;
#1354 = ORIENTED_EDGE ( 'NONE', *, *, #1626, .T. ) ;
#1355 = EDGE_CURVE ( 'NONE', #3505, #3772, #2995, .T. ) ;
#1356 = EDGE_LOOP ( 'NONE', ( #2313, #4156, #988, #4068 ) ) ;
#1357 = ORIENTED_EDGE ( 'NONE', *, *, #2947, .F. ) ;
#1358 = CARTESIAN_POINT ( 'NONE',  ( -3.600000000000000500, 0.0000000000000000000, -1.520000000000000500 ) ) ;
#1359 = ADVANCED_FACE ( 'NONE', ( #1774 ), #4107, .F. ) ;
#1360 =( LENGTH_UNIT ( ) NAMED_UNIT ( * ) SI_UNIT ( .MILLI., .METRE. ) );
#1361 = CIRCLE ( 'NONE', #1874, 0.2000000000000000900 ) ;
#1362 = CARTESIAN_POINT ( 'NONE',  ( -3.199999999999999300, 1.149999999999999900, -2.399999999999999500 ) ) ;
#1363 = AXIS2_PLACEMENT_3D ( 'NONE', #2034, #2021, #1696 ) ;
#1364 = CARTESIAN_POINT ( 'NONE',  ( 3.450000000000000200, 0.5500000000000000400, 1.169999999999993900 ) ) ;
#1365 = FACE_OUTER_BOUND ( 'NONE', #1199, .T. ) ;
#1366 = DIRECTION ( 'NONE',  ( 0.7071067811865567900, 0.0000000000000000000, -0.7071067811865383600 ) ) ;
#1367 = LINE ( 'NONE', #3271, #3943 ) ;
#1368 = DIRECTION ( 'NONE',  ( -0.7071067811865567900, 0.0000000000000000000, 0.7071067811865383600 ) ) ;
#1369 = DIRECTION ( 'NONE',  ( -1.000000000000000000, 0.0000000000000000000, 0.0000000000000000000 ) ) ;
#1370 = PLANE ( 'NONE',  #3045 ) ;
#1371 = LINE ( 'NONE', #3184, #840 ) ;
#1372 = AXIS2_PLACEMENT_3D ( 'NONE', #2433, #561, #3937 ) ;
#1373 = VECTOR ( 'NONE', #3565, 1000.000000000000000 ) ;
#1374 = ORIENTED_EDGE ( 'NONE', *, *, #779, .F. ) ;
#1375 = ORIENTED_EDGE ( 'NONE', *, *, #4328, .F. ) ;
#1376 = FACE_OUTER_BOUND ( 'NONE', #1522, .T. ) ;
#1377 = VERTEX_POINT ( 'NONE', #3659 ) ;
#1378 = ORIENTED_EDGE ( 'NONE', *, *, #2350, .F. ) ;
#1379 = DIRECTION ( 'NONE',  ( -0.7071067811865383600, 0.0000000000000000000, 0.7071067811865567900 ) ) ;
#1380 = DIRECTION ( 'NONE',  ( 0.0000000000000000000, 0.0000000000000000000, 1.000000000000000000 ) ) ;
#1381 = VERTEX_POINT ( 'NONE', #2908 ) ;
#1382 = CARTESIAN_POINT ( 'NONE',  ( 3.600000000000000500, 0.0000000000000000000, -2.400000000000000400 ) ) ;
#1383 = EDGE_CURVE ( 'NONE', #4422, #3380, #4763, .T. ) ;
#1384 = ADVANCED_FACE ( 'NONE', ( #4823 ), #32, .F. ) ;
#1385 = CARTESIAN_POINT ( 'NONE',  ( -3.400000000000000400, 0.05000000000000000300, 1.149289321881339600 ) ) ;
#1386 = DIRECTION ( 'NONE',  ( -0.0000000000000000000, 1.000000000000000000, -0.0000000000000000000 ) ) ;
#1387 = VERTEX_POINT ( 'NONE', #2666 ) ;
#1388 = FACE_OUTER_BOUND ( 'NONE', #2946, .T. ) ;
#1389 = FACE_OUTER_BOUND ( 'NONE', #1012, .T. ) ;
#1390 = DIRECTION ( 'NONE',  ( 0.0000000000000000000, 0.0000000000000000000, 1.000000000000000000 ) ) ;
#1391 = EDGE_CURVE ( 'NONE', #1632, #1223, #1592, .T. ) ;
#1392 = LINE ( 'NONE', #1020, #2090 ) ;
#1393 = CARTESIAN_POINT ( 'NONE',  ( -3.600000000000000500, 0.5500000000000000400, 1.520000000000000500 ) ) ;
#1394 = ORIENTED_EDGE ( 'NONE', *, *, #1249, .T. ) ;
#1395 = CARTESIAN_POINT ( 'NONE',  ( 3.600000000000000500, 0.05000000000000000300, -1.769999999999999400 ) ) ;
#1396 = VECTOR ( 'NONE', #2630, 1000.000000000000000 ) ;
#1397 = VERTEX_POINT ( 'NONE', #4177 ) ;
#1398 = ORIENTED_EDGE ( 'NONE', *, *, #1530, .T. ) ;
#1399 = PLANE ( 'NONE',  #2242 ) ;
#1400 = MECHANICAL_DESIGN_GEOMETRIC_PRESENTATION_REPRESENTATION (  '', ( #3052 ), #42 ) ;
#1401 = VERTEX_POINT ( 'NONE', #3032 ) ;
#1402 = EDGE_LOOP ( 'NONE', ( #1237, #1092, #1736, #3925, #674, #2787, #1791, #3785 ) ) ;
#1403 = DIRECTION ( 'NONE',  ( 0.0000000000000000000, 0.0000000000000000000, 1.000000000000000000 ) ) ;
#1404 = PLANE ( 'NONE',  #1606 ) ;
#1405 = ORIENTED_EDGE ( 'NONE', *, *, #2062, .F. ) ;
#1406 = FACE_OUTER_BOUND ( 'NONE', #4873, .T. ) ;
#1407 = ORIENTED_EDGE ( 'NONE', *, *, #4205, .T. ) ;
#1408 = ORIENTED_EDGE ( 'NONE', *, *, #3419, .F. ) ;
#1409 = EDGE_CURVE ( 'NONE', #1196, #2503, #6, .T. ) ;
#1410 = ORIENTED_EDGE ( 'NONE', *, *, #1383, .T. ) ;
#1411 = DIRECTION ( 'NONE',  ( -0.0000000000000000000, -1.000000000000000000, -0.0000000000000000000 ) ) ;
#1412 = CARTESIAN_POINT ( 'NONE',  ( -3.600000000000000500, 0.0000000000000000000, -1.769999999999996000 ) ) ;
#1413 = EDGE_CURVE ( 'NONE', #982, #847, #2485, .T. ) ;
#1414 = ORIENTED_EDGE ( 'NONE', *, *, #638, .F. ) ;
#1415 = CARTESIAN_POINT ( 'NONE',  ( 3.564644660940673700, 0.05000000000000000300, -0.9846446609406696000 ) ) ;
#1416 = DIRECTION ( 'NONE',  ( -1.000000000000000000, 0.0000000000000000000, 0.0000000000000000000 ) ) ;
#1417 = EDGE_CURVE ( 'NONE', #4038, #3379, #2769, .T. ) ;
#1418 = FACE_OUTER_BOUND ( 'NONE', #2683, .T. ) ;
#1419 = LINE ( 'NONE', #945, #3051 ) ;
#1420 = LINE ( 'NONE', #2231, #176 ) ;
#1421 = AXIS2_PLACEMENT_3D ( 'NONE', #2542, #2114, #257 ) ;
#1422 = VECTOR ( 'NONE', #2831, 1000.000000000000000 ) ;
#1423 = ORIENTED_EDGE ( 'NONE', *, *, #4870, .F. ) ;
#1424 = DIRECTION ( 'NONE',  ( 0.0000000000000000000, 0.0000000000000000000, -1.000000000000000000 ) ) ;
#1425 = FACE_OUTER_BOUND ( 'NONE', #3480, .T. ) ;
#1426 = LINE ( 'NONE', #1312, #2719 ) ;
#1427 = CARTESIAN_POINT ( 'NONE',  ( -3.599999999999999600, 1.300000000000000700, 2.400000000000000400 ) ) ;
#1428 = VERTEX_POINT ( 'NONE', #1888 ) ;
#1429 = DIRECTION ( 'NONE',  ( -0.7071067811865567900, -0.0000000000000000000, 0.7071067811865383600 ) ) ;
#1430 = VECTOR ( 'NONE', #920, 1000.000000000000000 ) ;
#1431 = ORIENTED_EDGE ( 'NONE', *, *, #3278, .F. ) ;
#1432 = CARTESIAN_POINT ( 'NONE',  ( -3.600000000000001000, 0.5500000000000000400, -1.019999999999998200 ) ) ;
#1433 = ORIENTED_EDGE ( 'NONE', *, *, #540, .T. ) ;
#1434 = EDGE_CURVE ( 'NONE', #642, #4245, #1838, .T. ) ;
#1435 = ORIENTED_EDGE ( 'NONE', *, *, #2091, .T. ) ;
#1436 = CARTESIAN_POINT ( 'NONE',  ( -2.400000000000000400, 0.0000000000000000000, 0.7700000000000011300 ) ) ;
#1437 = CARTESIAN_POINT ( 'NONE',  ( -3.450000000000000200, 0.5500000000000000400, 1.370000000000004500 ) ) ;
#1438 = CARTESIAN_POINT ( 'NONE',  ( 3.564644660940673700, -0.6047401740571388700, -0.9846446609406696000 ) ) ;
#1439 = EDGE_LOOP ( 'NONE', ( #2435, #2175, #3289, #2039, #1093 ) ) ;
#1440 = VECTOR ( 'NONE', #2560, 1000.000000000000000 ) ;
#1441 = EDGE_CURVE ( 'NONE', #2407, #3411, #3345, .T. ) ;
#1442 = CARTESIAN_POINT ( 'NONE',  ( -3.450000000000000200, 0.0000000000000000000, -1.370000000000004500 ) ) ;
#1443 = DIRECTION ( 'NONE',  ( -0.7071067811865388000, 0.0000000000000000000, 0.7071067811865561200 ) ) ;
#1444 = CARTESIAN_POINT ( 'NONE',  ( -2.400000000000000400, 0.05000000000000000300, 0.7700000000000011300 ) ) ;
#1445 = FACE_OUTER_BOUND ( 'NONE', #1733, .T. ) ;
#1446 = VECTOR ( 'NONE', #2671, 1000.000000000000000 ) ;
#1447 = VERTEX_POINT ( 'NONE', #1173 ) ;
#1448 = EDGE_LOOP ( 'NONE', ( #4330, #4756, #4774, #2491 ) ) ;
#1449 = AXIS2_PLACEMENT_3D ( 'NONE', #4327, #3910, #2076 ) ;
#1450 = ORIENTED_EDGE ( 'NONE', *, *, #1972, .T. ) ;
#1451 = ORIENTED_EDGE ( 'NONE', *, *, #4027, .F. ) ;
#1452 = ORIENTED_EDGE ( 'NONE', *, *, #4391, .F. ) ;
#1453 = VECTOR ( 'NONE', #1000, 1000.000000000000000 ) ;
#1454 = CARTESIAN_POINT ( 'NONE',  ( 3.400000000000000400, 0.05000000000000000300, 1.390710678118658700 ) ) ;
#1455 = VERTEX_POINT ( 'NONE', #3789 ) ;
#1456 = CARTESIAN_POINT ( 'NONE',  ( 3.600000000000000500, 0.05000000000000000300, 1.769999999999999400 ) ) ;
#1457 = AXIS2_PLACEMENT_3D ( 'NONE', #1458, #388, #708 ) ;
#1458 = CARTESIAN_POINT ( 'NONE',  ( 3.599999999999999600, 1.300000000000000700, -1.519999999999999600 ) ) ;
#1459 = ORIENTED_EDGE ( 'NONE', *, *, #2191, .T. ) ;
#1460 = LINE ( 'NONE', #2, #2461 ) ;
#1461 = VERTEX_POINT ( 'NONE', #2302 ) ;
#1462 = CARTESIAN_POINT ( 'NONE',  ( 3.600000000000001000, 0.0000000000000000000, 1.019999999999997600 ) ) ;
#1463 = CARTESIAN_POINT ( 'NONE',  ( -3.400000000000000400, 0.05000000000000000300, -1.390710678118659600 ) ) ;
#1464 = EDGE_CURVE ( 'NONE', #4478, #99, #3469, .T. ) ;
#1465 = ORIENTED_EDGE ( 'NONE', *, *, #2191, .F. ) ;
#1466 = ORIENTED_EDGE ( 'NONE', *, *, #2850, .T. ) ;
#1467 = CARTESIAN_POINT ( 'NONE',  ( -3.599999999999999600, 1.000000000000000000, 2.600000000000000500 ) ) ;
#1468 = EDGE_CURVE ( 'NONE', #1304, #4197, #1018, .T. ) ;
#1469 = VECTOR ( 'NONE', #2807, 1000.000000000000000 ) ;
#1470 =( NAMED_UNIT ( * ) SI_UNIT ( $, .STERADIAN. ) SOLID_ANGLE_UNIT ( ) );
#1471 = DIRECTION ( 'NONE',  ( -0.0000000000000000000, 1.000000000000000000, -0.0000000000000000000 ) ) ;
#1472 = LINE ( 'NONE', #652, #1946 ) ;
#1473 = VECTOR ( 'NONE', #2289, 1000.000000000000000 ) ;
#1474 = DIRECTION ( 'NONE',  ( -0.0000000000000000000, 0.0000000000000000000, 1.000000000000000000 ) ) ;
#1475 = DIRECTION ( 'NONE',  ( -0.0000000000000000000, -0.0000000000000000000, 1.000000000000000000 ) ) ;
#1476 = VECTOR ( 'NONE', #2285, 1000.000000000000000 ) ;
#1477 = EDGE_CURVE ( 'NONE', #1509, #2980, #2603, .T. ) ;
#1478 = VECTOR ( 'NONE', #835, 1000.000000000000100 ) ;
#1479 = ORIENTED_EDGE ( 'NONE', *, *, #689, .T. ) ;
#1480 = DIRECTION ( 'NONE',  ( 1.000000000000000000, 0.0000000000000000000, -0.0000000000000000000 ) ) ;
#1481 = DIRECTION ( 'NONE',  ( -0.0000000000000000000, 1.000000000000000000, -0.0000000000000000000 ) ) ;
#1482 = ORIENTED_EDGE ( 'NONE', *, *, #2999, .T. ) ;
#1483 = DIRECTION ( 'NONE',  ( 0.7071067811865567900, 0.0000000000000000000, 0.7071067811865383600 ) ) ;
#1484 = CARTESIAN_POINT ( 'NONE',  ( -3.564644660940673200, 0.5500000000000000400, 1.555355339059328400 ) ) ;
#1485 = DIRECTION ( 'NONE',  ( 0.0000000000000000000, 1.000000000000000000, 0.0000000000000000000 ) ) ;
#1486 = ORIENTED_EDGE ( 'NONE', *, *, #4277, .T. ) ;
#1487 = DIRECTION ( 'NONE',  ( -0.0000000000000000000, 1.000000000000000000, -0.0000000000000000000 ) ) ;
#1488 = CARTESIAN_POINT ( 'NONE',  ( -3.450000000000000200, 0.5500000000000000400, -1.169999999999994800 ) ) ;
#1489 = PLANE ( 'NONE',  #4628 ) ;
#1490 = EDGE_LOOP ( 'NONE', ( #1466, #4210, #4483, #787 ) ) ;
#1491 = ORIENTED_EDGE ( 'NONE', *, *, #4021, .F. ) ;
#1492 = ORIENTED_EDGE ( 'NONE', *, *, #1818, .F. ) ;
#1493 = PLANE ( 'NONE',  #2471 ) ;
#1494 = CARTESIAN_POINT ( 'NONE',  ( 3.400000000000000400, 0.05000000000000000300, -1.390710678118658700 ) ) ;
#1495 = EDGE_CURVE ( 'NONE', #4284, #1164, #4709, .T. ) ;
#1496 = DIRECTION ( 'NONE',  ( -0.7071067811865383600, 0.0000000000000000000, -0.7071067811865567900 ) ) ;
#1497 = VECTOR ( 'NONE', #1089, 1000.000000000000000 ) ;
#1498 = CARTESIAN_POINT ( 'NONE',  ( 2.999999999999998700, 1.300000000000000700, 2.199999999999999300 ) ) ;
#1499 = DIRECTION ( 'NONE',  ( 0.7071067811865388000, -0.0000000000000000000, 0.7071067811865561200 ) ) ;
#1500 = VECTOR ( 'NONE', #3168, 1000.000000000000000 ) ;
#1501 = CARTESIAN_POINT ( 'NONE',  ( 1.039999999999953000, 1.000000000000000000, 1.039999999999980300 ) ) ;
#1502 = FACE_OUTER_BOUND ( 'NONE', #855, .T. ) ;
#1503 = VERTEX_POINT ( 'NONE', #778 ) ;
#1504 = EDGE_CURVE ( 'NONE', #1006, #1925, #115, .T. ) ;
#1505 = CARTESIAN_POINT ( 'NONE',  ( -3.600000000000000500, 0.5500000000000000400, -1.520000000000000500 ) ) ;
#1506 = PLANE ( 'NONE',  #4469 ) ;
#1507 = VECTOR ( 'NONE', #4803, 999.9999999999998900 ) ;
#1508 = ORIENTED_EDGE ( 'NONE', *, *, #4551, .T. ) ;
#1509 = VERTEX_POINT ( 'NONE', #2982 ) ;
#1510 = ORIENTED_EDGE ( 'NONE', *, *, #1391, .F. ) ;
#1511 = DIRECTION ( 'NONE',  ( -1.000000000000000000, -0.0000000000000000000, -0.0000000000000000000 ) ) ;
#1512 = ORIENTED_EDGE ( 'NONE', *, *, #2994, .F. ) ;
#1513 = VECTOR ( 'NONE', #3575, 1000.000000000000000 ) ;
#1514 = AXIS2_PLACEMENT_3D ( 'NONE', #353, #1101, #4442 ) ;
#1515 = VERTEX_POINT ( 'NONE', #4192 ) ;
#1516 = CARTESIAN_POINT ( 'NONE',  ( -3.600000000000001000, 0.05000000000000000300, 0.7700000000000011300 ) ) ;
#1517 = VERTEX_POINT ( 'NONE', #4564 ) ;
#1518 = CARTESIAN_POINT ( 'NONE',  ( 2.100000000000000100, 0.05000000000000000300, 1.769999999999999400 ) ) ;
#1519 = DIRECTION ( 'NONE',  ( 0.7071067811865567900, -0.0000000000000000000, -0.7071067811865383600 ) ) ;
#1520 = AXIS2_PLACEMENT_3D ( 'NONE', #2338, #123, #861 ) ;
#1521 = ADVANCED_FACE ( 'NONE', ( #3106 ), #2996, .F. ) ;
#1522 = EDGE_LOOP ( 'NONE', ( #1675, #122, #1709, #3126 ) ) ;
#1523 = ADVANCED_FACE ( 'NONE', ( #3642 ), #3356, .F. ) ;
#1524 = CARTESIAN_POINT ( 'NONE',  ( -3.600000000000000500, 0.05000000000000000300, -1.520000000000000500 ) ) ;
#1525 = DIRECTION ( 'NONE',  ( 0.0000000000000000000, 0.0000000000000000000, 1.000000000000000000 ) ) ;
#1526 = EDGE_CURVE ( 'NONE', #1204, #1275, #2125, .T. ) ;
#1527 = FACE_OUTER_BOUND ( 'NONE', #434, .T. ) ;
#1528 = CARTESIAN_POINT ( 'NONE',  ( 3.200000000000000200, 1.149999999999999900, 1.999999999999997800 ) ) ;
#1529 = VECTOR ( 'NONE', #1403, 1000.000000000000000 ) ;
#1530 = EDGE_CURVE ( 'NONE', #3775, #2101, #2654, .T. ) ;
#1531 = CARTESIAN_POINT ( 'NONE',  ( -2.999999999999997800, 10.36659513557903800, 2.200000000000000200 ) ) ;
#1532 = VECTOR ( 'NONE', #3400, 1000.000000000000000 ) ;
#1533 = FACE_OUTER_BOUND ( 'NONE', #4678, .T. ) ;
#1534 = ORIENTED_EDGE ( 'NONE', *, *, #2668, .F. ) ;
#1535 = VECTOR ( 'NONE', #1956, 1000.000000000000000 ) ;
#1536 = AXIS2_PLACEMENT_3D ( 'NONE', #89, #1554, #61 ) ;
#1537 = VECTOR ( 'NONE', #4810, 1000.000000000000000 ) ;
#1538 = ORIENTED_EDGE ( 'NONE', *, *, #4523, .T. ) ;
#1539 = DIRECTION ( 'NONE',  ( 0.7071067811865383600, 0.0000000000000000000, -0.7071067811865567900 ) ) ;
#1540 = CARTESIAN_POINT ( 'NONE',  ( 3.450000000000000200, 1.000000000000000000, 0.0000000000000000000 ) ) ;
#1541 = EDGE_CURVE ( 'NONE', #3977, #3516, #3055, .T. ) ;
#1542 = VECTOR ( 'NONE', #2129, 1000.000000000000000 ) ;
#1543 = ADVANCED_FACE ( 'NONE', ( #1887 ), #2747, .F. ) ;
#1544 = ORIENTED_EDGE ( 'NONE', *, *, #1417, .F. ) ;
#1545 = DIRECTION ( 'NONE',  ( 0.0000000000000000000, 0.0000000000000000000, 1.000000000000000000 ) ) ;
#1546 = AXIS2_PLACEMENT_3D ( 'NONE', #1598, #1937, #457 ) ;
#1547 = DIRECTION ( 'NONE',  ( -1.000000000000000000, 0.0000000000000000000, 1.445602896647340100E-016 ) ) ;
#1548 = CARTESIAN_POINT ( 'NONE',  ( -3.450000000000000200, -0.6047401740571388700, 1.169999999999994800 ) ) ;
#1549 = AXIS2_PLACEMENT_3D ( 'NONE', #2975, #2278, #2989 ) ;
#1550 = CARTESIAN_POINT ( 'NONE',  ( 3.450000000000000200, 0.5500000000000000400, 1.370000000000003700 ) ) ;
#1551 = ADVANCED_FACE ( 'NONE', ( #177 ), #4593, .F. ) ;
#1552 = ORIENTED_EDGE ( 'NONE', *, *, #3702, .F. ) ;
#1553 = UNCERTAINTY_MEASURE_WITH_UNIT (LENGTH_MEASURE( 1.000000000000000100E-005 ), #3412, 'distance_accuracy_value', 'NONE');
#1554 = DIRECTION ( 'NONE',  ( 0.0000000000000000000, 1.000000000000000000, 0.0000000000000000000 ) ) ;
#1555 = ORIENTED_EDGE ( 'NONE', *, *, #1995, .T. ) ;
#1556 = LINE ( 'NONE', #3021, #3018 ) ;
#1557 = ORIENTED_EDGE ( 'NONE', *, *, #24, .T. ) ;
#1558 = FACE_OUTER_BOUND ( 'NONE', #2842, .T. ) ;
#1559 = DIRECTION ( 'NONE',  ( 0.0000000000000000000, 0.0000000000000000000, 1.000000000000000000 ) ) ;
#1560 = DIRECTION ( 'NONE',  ( 0.0000000000000000000, 1.000000000000000000, 0.0000000000000000000 ) ) ;
#1561 = FACE_OUTER_BOUND ( 'NONE', #2155, .T. ) ;
#1562 = ORIENTED_EDGE ( 'NONE', *, *, #900, .F. ) ;
#1563 = EDGE_CURVE ( 'NONE', #1812, #735, #1078, .T. ) ;
#1564 = VECTOR ( 'NONE', #278, 1000.000000000000000 ) ;
#1565 = ORIENTED_EDGE ( 'NONE', *, *, #2540, .T. ) ;
#1566 = DIRECTION ( 'NONE',  ( -0.7071067811865567900, 0.0000000000000000000, -0.7071067811865383600 ) ) ;
#1567 = ORIENTED_EDGE ( 'NONE', *, *, #3341, .F. ) ;
#1568 = VERTEX_POINT ( 'NONE', #3074 ) ;
#1569 = CARTESIAN_POINT ( 'NONE',  ( 3.400000000000000400, 0.05000000000000000300, -1.390710678118658700 ) ) ;
#1570 = VECTOR ( 'NONE', #4637, 1000.000000000000000 ) ;
#1571 = EDGE_CURVE ( 'NONE', #3056, #53, #3823, .T. ) ;
#1572 = ORIENTED_EDGE ( 'NONE', *, *, #4250, .F. ) ;
#1573 = VERTEX_POINT ( 'NONE', #3104 ) ;
#1574 = VECTOR ( 'NONE', #1475, 1000.000000000000000 ) ;
#1575 = VERTEX_POINT ( 'NONE', #1622 ) ;
#1576 = ORIENTED_EDGE ( 'NONE', *, *, #807, .F. ) ;
#1577 = AXIS2_PLACEMENT_3D ( 'NONE', #2112, #2322, #81 ) ;
#1578 = ADVANCED_FACE ( 'NONE', ( #1947 ), #2381, .F. ) ;
#1579 = CARTESIAN_POINT ( 'NONE',  ( 0.0000000000000000000, 0.0000000000000000000, 0.0000000000000000000 ) ) ;
#1580 = CARTESIAN_POINT ( 'NONE',  ( 3.450000000000000200, -0.6047401740571388700, -1.370000000000003700 ) ) ;
#1581 = AXIS2_PLACEMENT_3D ( 'NONE', #817, #85, #850 ) ;
#1582 = SURFACE_STYLE_USAGE ( .BOTH. , #3077 ) ;
#1583 = CARTESIAN_POINT ( 'NONE',  ( 0.2000000000000005400, 1.000000000000000000, 2.600000000000000100 ) ) ;
#1584 = PLANE ( 'NONE',  #4136 ) ;
#1585 = PLANE ( 'NONE',  #351 ) ;
#1586 = CARTESIAN_POINT ( 'NONE',  ( 3.400000000000001200, 0.05000000000000000300, 1.149289321881338900 ) ) ;
#1587 = FACE_OUTER_BOUND ( 'NONE', #4218, .T. ) ;
#1588 = EDGE_CURVE ( 'NONE', #3474, #3489, #3701, .T. ) ;
#1589 = DIRECTION ( 'NONE',  ( 1.000000000000000000, 0.0000000000000000000, 0.0000000000000000000 ) ) ;
#1590 = SURFACE_STYLE_USAGE ( .BOTH. , #2731 ) ;
#1591 = FACE_OUTER_BOUND ( 'NONE', #4833, .T. ) ;
#1592 = LINE ( 'NONE', #3013, #893 ) ;
#1593 = DIRECTION ( 'NONE',  ( 0.7071067811865562300, 0.0000000000000000000, -0.7071067811865389100 ) ) ;
#1594 = LINE ( 'NONE', #4622, #2189 ) ;
#1595 = EDGE_CURVE ( 'NONE', #1324, #2397, #4583, .T. ) ;
#1596 = VECTOR ( 'NONE', #4580, 1000.000000000000000 ) ;
#1597 = ORIENTED_EDGE ( 'NONE', *, *, #4802, .T. ) ;
#1598 = CARTESIAN_POINT ( 'NONE',  ( 0.0000000000000000000, 0.05000000000000000300, 0.0000000000000000000 ) ) ;
#1599 = ADVANCED_FACE ( 'NONE', ( #3221 ), #3094, .T. ) ;
#1600 = ORIENTED_EDGE ( 'NONE', *, *, #429, .F. ) ;
#1601 = DIRECTION ( 'NONE',  ( -0.7071067811865388000, 0.0000000000000000000, -0.7071067811865561200 ) ) ;
#1602 = FACE_OUTER_BOUND ( 'NONE', #2588, .T. ) ;
#1603 = CARTESIAN_POINT ( 'NONE',  ( -3.600000000000001000, 0.05000000000000000300, -0.7699999999999959100 ) ) ;
#1604 = VERTEX_POINT ( 'NONE', #2698 ) ;
#1605 = ORIENTED_EDGE ( 'NONE', *, *, #4109, .T. ) ;
#1606 = AXIS2_PLACEMENT_3D ( 'NONE', #1045, #4775, #4008 ) ;
#1607 = CARTESIAN_POINT ( 'NONE',  ( 2.400000000000000400, 0.05000000000000000300, -1.769999999999999400 ) ) ;
#1608 = ORIENTED_EDGE ( 'NONE', *, *, #3191, .F. ) ;
#1609 = CARTESIAN_POINT ( 'NONE',  ( -3.600000000000001000, 0.5500000000000000400, 1.019999999999998200 ) ) ;
#1610 = EDGE_LOOP ( 'NONE', ( #2022, #4488, #214, #4624 ) ) ;
#1611 = ORIENTED_EDGE ( 'NONE', *, *, #501, .F. ) ;
#1612 = CARTESIAN_POINT ( 'NONE',  ( -3.400000000000000400, 0.5500000000000000400, -1.149289321881339600 ) ) ;
#1613 = AXIS2_PLACEMENT_3D ( 'NONE', #2417, #1711, #1732 ) ;
#1614 = CARTESIAN_POINT ( 'NONE',  ( -3.600000000000000500, -0.6047401740571388700, -1.520000000000000500 ) ) ;
#1615 = DIRECTION ( 'NONE',  ( 0.7071067811865569000, 0.0000000000000000000, -0.7071067811865382500 ) ) ;
#1616 = PLANE ( 'NONE',  #2500 ) ;
#1617 = LINE ( 'NONE', #2152, #4209 ) ;
#1618 = EDGE_CURVE ( 'NONE', #2379, #4406, #1073, .T. ) ;
#1619 = LINE ( 'NONE', #3359, #3496 ) ;
#1620 = ORIENTED_EDGE ( 'NONE', *, *, #1939, .T. ) ;
#1621 = ADVANCED_FACE ( 'NONE', ( #4055 ), #3884, .F. ) ;
#1622 = CARTESIAN_POINT ( 'NONE',  ( -3.400000000000000400, 0.5500000000000000400, -1.149289321881339600 ) ) ;
#1623 = CARTESIAN_POINT ( 'NONE',  ( 3.600000000000001000, 0.05000000000000000300, 1.019999999999997600 ) ) ;
#1624 = VECTOR ( 'NONE', #4475, 1000.000000000000000 ) ;
#1625 = ORIENTED_EDGE ( 'NONE', *, *, #4843, .T. ) ;
#1626 = EDGE_CURVE ( 'NONE', #3244, #1568, #4468, .T. ) ;
#1627 = ORIENTED_EDGE ( 'NONE', *, *, #2029, .F. ) ;
#1628 = VERTEX_POINT ( 'NONE', #478 ) ;
#1629 = ORIENTED_EDGE ( 'NONE', *, *, #297, .T. ) ;
#1630 = FACE_OUTER_BOUND ( 'NONE', #3166, .T. ) ;
#1631 = CARTESIAN_POINT ( 'NONE',  ( -3.600000000000000500, 0.5500000000000000400, 1.520000000000000500 ) ) ;
#1632 = VERTEX_POINT ( 'NONE', #3442 ) ;
#1633 = CARTESIAN_POINT ( 'NONE',  ( 3.564644660940673200, 0.5500000000000000400, 1.555355339059327500 ) ) ;
#1634 = ORIENTED_EDGE ( 'NONE', *, *, #1721, .T. ) ;
#1635 = DIRECTION ( 'NONE',  ( -1.000000000000000000, 0.0000000000000000000, -0.0000000000000000000 ) ) ;
#1636 = CARTESIAN_POINT ( 'NONE',  ( -2.400000000000000400, 0.05000000000000000300, 0.7700000000000011300 ) ) ;
#1637 = EDGE_CURVE ( 'NONE', #3924, #1397, #2237, .T. ) ;
#1638 = DIRECTION ( 'NONE',  ( -1.000000000000000000, 0.0000000000000000000, -0.0000000000000000000 ) ) ;
#1639 = DIRECTION ( 'NONE',  ( 0.0000000000000000000, 1.000000000000000000, 0.0000000000000000000 ) ) ;
#1640 = AXIS2_PLACEMENT_3D ( 'NONE', #418, #3460, #4518 ) ;
#1641 = ORIENTED_EDGE ( 'NONE', *, *, #2006, .F. ) ;
#1642 = CIRCLE ( 'NONE', #3399, 0.2000000000000000900 ) ;
#1643 = DIRECTION ( 'NONE',  ( 0.0000000000000000000, 0.0000000000000000000, -1.000000000000000000 ) ) ;
#1644 = DIRECTION ( 'NONE',  ( 0.0000000000000000000, 0.0000000000000000000, 1.000000000000000000 ) ) ;
#1645 = ADVANCED_FACE ( 'NONE', ( #476 ), #4579, .T. ) ;
#1646 = LINE ( 'NONE', #2943, #651 ) ;
#1647 = DIRECTION ( 'NONE',  ( -0.0000000000000000000, -0.0000000000000000000, 1.000000000000000000 ) ) ;
#1648 = VECTOR ( 'NONE', #2369, 1000.000000000000000 ) ;
#1649 = VECTOR ( 'NONE', #2358, 1000.000000000000000 ) ;
#1650 = DIRECTION ( 'NONE',  ( 1.000000000000000000, 0.0000000000000000000, 0.0000000000000000000 ) ) ;
#1651 = FACE_OUTER_BOUND ( 'NONE', #2230, .T. ) ;
#1652 = ORIENTED_EDGE ( 'NONE', *, *, #1891, .F. ) ;
#1653 = CARTESIAN_POINT ( 'NONE',  ( -3.199999999999999300, 10.36659513557903800, -1.999999999999997800 ) ) ;
#1654 = CARTESIAN_POINT ( 'NONE',  ( 3.450000000000000200, 1.000000000000000000, -1.169999999999994800 ) ) ;
#1655 = VECTOR ( 'NONE', #68, 1000.000000000000000 ) ;
#1656 = ORIENTED_EDGE ( 'NONE', *, *, #3097, .F. ) ;
#1657 = EDGE_CURVE ( 'NONE', #3775, #3953, #1299, .T. ) ;
#1658 = CARTESIAN_POINT ( 'NONE',  ( -3.400000000000000400, 0.5500000000000000400, 1.149289321881339600 ) ) ;
#1659 = LINE ( 'NONE', #683, #972 ) ;
#1660 = VERTEX_POINT ( 'NONE', #1352 ) ;
#1661 = DIRECTION ( 'NONE',  ( -0.0000000000000000000, -1.000000000000000000, -0.0000000000000000000 ) ) ;
#1662 = ORIENTED_EDGE ( 'NONE', *, *, #2348, .F. ) ;
#1663 = ORIENTED_EDGE ( 'NONE', *, *, #4266, .F. ) ;
#1664 = DIRECTION ( 'NONE',  ( 0.0000000000000000000, 0.0000000000000000000, -1.000000000000000000 ) ) ;
#1665 = CARTESIAN_POINT ( 'NONE',  ( 0.0000000000000000000, 0.05000000000000000300, 0.0000000000000000000 ) ) ;
#1666 = ORIENTED_EDGE ( 'NONE', *, *, #3243, .T. ) ;
#1667 = ADVANCED_FACE ( 'NONE', ( #4527 ), #4320, .F. ) ;
#1668 = CARTESIAN_POINT ( 'NONE',  ( -3.600000000000001000, -1.802775637731995000, 1.019999999999998200 ) ) ;
#1669 = DIRECTION ( 'NONE',  ( 0.0000000000000000000, -0.0000000000000000000, -1.000000000000000000 ) ) ;
#1670 = CARTESIAN_POINT ( 'NONE',  ( 3.600000000000000500, 1.000000000000000000, 2.599999999999999600 ) ) ;
#1671 = VECTOR ( 'NONE', #2405, 1000.000000000000000 ) ;
#1672 = VECTOR ( 'NONE', #4069, 1000.000000000000100 ) ;
#1673 = PRODUCT_RELATED_PRODUCT_CATEGORY ( 'part', '', ( #121 ) ) ;
#1674 = LINE ( 'NONE', #1758, #3076 ) ;
#1675 = ORIENTED_EDGE ( 'NONE', *, *, #4363, .F. ) ;
#1676 = AXIS2_PLACEMENT_3D ( 'NONE', #2033, #926, #159 ) ;
#1677 = DIRECTION ( 'NONE',  ( -1.000000000000000000, 0.0000000000000000000, 0.0000000000000000000 ) ) ;
#1678 = CARTESIAN_POINT ( 'NONE',  ( -3.600000000000000500, -0.0000000000000000000, -1.769999999999996000 ) ) ;
#1679 = CARTESIAN_POINT ( 'NONE',  ( 3.400000000000000400, 0.05000000000000002400, 1.149289321881338900 ) ) ;
#1680 = VECTOR ( 'NONE', #2645, 1000.000000000000000 ) ;
#1681 = CARTESIAN_POINT ( 'NONE',  ( -3.600000000000001000, 0.5500000000000000400, -1.019999999999998200 ) ) ;
#1682 = VERTEX_POINT ( 'NONE', #908 ) ;
#1683 = CARTESIAN_POINT ( 'NONE',  ( -3.600000000000000500, 0.05000000000000000300, 1.770000000000000200 ) ) ;
#1684 = ORIENTED_EDGE ( 'NONE', *, *, #3824, .T. ) ;
#1685 = VERTEX_POINT ( 'NONE', #1316 ) ;
#1686 = EDGE_CURVE ( 'NONE', #3148, #1515, #2057, .T. ) ;
#1687 = DIRECTION ( 'NONE',  ( -0.7071067811865562300, 0.0000000000000000000, -0.7071067811865388000 ) ) ;
#1688 = VERTEX_POINT ( 'NONE', #4659 ) ;
#1689 = LINE ( 'NONE', #899, #2803 ) ;
#1690 = CARTESIAN_POINT ( 'NONE',  ( -3.450000000000000200, 1.300000000000000700, -1.370000000000004500 ) ) ;
#1691 = CARTESIAN_POINT ( 'NONE',  ( 4.336808689942017700E-016, 0.0000000000000000000, 2.600000000000000100 ) ) ;
#1692 = VERTEX_POINT ( 'NONE', #582 ) ;
#1693 = DIRECTION ( 'NONE',  ( -0.0000000000000000000, -1.000000000000000000, -0.0000000000000000000 ) ) ;
#1694 = CARTESIAN_POINT ( 'NONE',  ( 3.600000000000000500, 0.0000000000000000000, 2.599999999999999600 ) ) ;
#1695 = DIRECTION ( 'NONE',  ( -0.7071067811865569000, 0.0000000000000000000, 0.7071067811865382500 ) ) ;
#1696 = DIRECTION ( 'NONE',  ( 0.0000000000000000000, -0.0000000000000000000, -1.000000000000000000 ) ) ;
#1697 = EDGE_LOOP ( 'NONE', ( #3601, #4519, #3807, #2576 ) ) ;
#1698 = LINE ( 'NONE', #2333, #3686 ) ;
#1699 = ORIENTED_EDGE ( 'NONE', *, *, #370, .F. ) ;
#1700 = EDGE_CURVE ( 'NONE', #2276, #1227, #3340, .T. ) ;
#1701 = ORIENTED_EDGE ( 'NONE', *, *, #3733, .F. ) ;
#1702 = DIRECTION ( 'NONE',  ( 1.000000000000000000, 0.0000000000000000000, -1.204669080539449300E-016 ) ) ;
#1703 = ADVANCED_FACE ( 'NONE', ( #2301 ), #3974, .F. ) ;
#1704 = VERTEX_POINT ( 'NONE', #211 ) ;
#1705 = CARTESIAN_POINT ( 'NONE',  ( 0.0000000000000000000, 0.0000000000000000000, 0.0000000000000000000 ) ) ;
#1706 = CARTESIAN_POINT ( 'NONE',  ( 3.600000000000001000, 0.04999999999999995400, -1.019999999999998200 ) ) ;
#1707 = CARTESIAN_POINT ( 'NONE',  ( -2.999999999999999100, 1.300000000000000700, -1.999999999999999100 ) ) ;
#1708 = CARTESIAN_POINT ( 'NONE',  ( 3.450000000000000200, 0.0000000000000000000, -1.169999999999993900 ) ) ;
#1709 = ORIENTED_EDGE ( 'NONE', *, *, #2409, .T. ) ;
#1710 = DIRECTION ( 'NONE',  ( 0.0000000000000000000, 0.0000000000000000000, 1.000000000000000000 ) ) ;
#1711 = DIRECTION ( 'NONE',  ( 1.445602896647340100E-016, -0.0000000000000000000, 1.000000000000000000 ) ) ;
#1712 = VECTOR ( 'NONE', #3866, 1000.000000000000000 ) ;
#1713 = FACE_OUTER_BOUND ( 'NONE', #553, .T. ) ;
#1714 = LINE ( 'NONE', #3267, #1301 ) ;
#1715 = CARTESIAN_POINT ( 'NONE',  ( 3.564644660940673700, 0.5500000000000000400, 0.9846446609406696000 ) ) ;
#1716 = VECTOR ( 'NONE', #1559, 1000.000000000000000 ) ;
#1717 = ORIENTED_EDGE ( 'NONE', *, *, #2915, .F. ) ;
#1718 = DIRECTION ( 'NONE',  ( 0.7071067811865569000, 0.0000000000000000000, 0.7071067811865382500 ) ) ;
#1719 = PLANE ( 'NONE',  #623 ) ;
#1720 = CARTESIAN_POINT ( 'NONE',  ( -2.999999999999997800, 10.36659513557903800, 2.200000000000000200 ) ) ;
#1721 = EDGE_CURVE ( 'NONE', #3387, #3712, #954, .T. ) ;
#1722 = FACE_OUTER_BOUND ( 'NONE', #3545, .T. ) ;
#1723 = CARTESIAN_POINT ( 'NONE',  ( 3.600000000000001000, 0.05000000000000000300, 0.7699999999999994600 ) ) ;
#1724 = FACE_OUTER_BOUND ( 'NONE', #2647, .T. ) ;
#1725 = DIRECTION ( 'NONE',  ( 0.0000000000000000000, 1.000000000000000000, 0.0000000000000000000 ) ) ;
#1726 = DIRECTION ( 'NONE',  ( -0.7071067811865567900, 0.0000000000000000000, -0.7071067811865383600 ) ) ;
#1727 = ORIENTED_EDGE ( 'NONE', *, *, #3570, .F. ) ;
#1728 = ORIENTED_EDGE ( 'NONE', *, *, #3150, .F. ) ;
#1729 = VECTOR ( 'NONE', #1161, 1000.000000000000000 ) ;
#1730 = EDGE_CURVE ( 'NONE', #1517, #2404, #3277, .T. ) ;
#1731 = ADVANCED_FACE ( 'NONE', ( #63 ), #964, .F. ) ;
#1732 = DIRECTION ( 'NONE',  ( 1.000000000000000000, 0.0000000000000000000, -1.445602896647340100E-016 ) ) ;
#1733 = EDGE_LOOP ( 'NONE', ( #1423, #1625, #1341, #3443, #1634 ) ) ;
#1734 = ORIENTED_EDGE ( 'NONE', *, *, #2643, .T. ) ;
#1735 = ORIENTED_EDGE ( 'NONE', *, *, #4420, .T. ) ;
#1736 = ORIENTED_EDGE ( 'NONE', *, *, #4012, .F. ) ;
#1737 = CARTESIAN_POINT ( 'NONE',  ( 2.400000000000000400, 0.05000000000000000300, -0.7699999999999994600 ) ) ;
#1738 = PLANE ( 'NONE',  #980 ) ;
#1739 = EDGE_LOOP ( 'NONE', ( #4162, #1844, #688, #4844, #255, #4436, #962, #1200, #354, #220, #2865, #695, #1898, #4571, #633, #1398, #2394, #4382, #347, #4660, #2288, #2839, #3893, #1572, #1254, #2052, #2852, #2833, #4724 ) ) ;
#1740 = SURFACE_STYLE_FILL_AREA ( #3849 ) ;
#1741 = DIRECTION ( 'NONE',  ( 0.0000000000000000000, 1.000000000000000000, 0.0000000000000000000 ) ) ;
#1742 = EDGE_CURVE ( 'NONE', #2929, #792, #4117, .T. ) ;
#1743 = DIRECTION ( 'NONE',  ( 1.000000000000000000, -0.0000000000000000000, 0.0000000000000000000 ) ) ;
#1744 = VECTOR ( 'NONE', #4170, 1000.000000000000000 ) ;
#1745 = MECHANICAL_DESIGN_GEOMETRIC_PRESENTATION_REPRESENTATION (  '', ( #737 ), #157 ) ;
#1746 = CARTESIAN_POINT ( 'NONE',  ( 3.600000000000000500, 0.5500000000000000400, -1.519999999999999600 ) ) ;
#1747 = DIRECTION ( 'NONE',  ( 0.7071067811865388000, 0.0000000000000000000, -0.7071067811865562300 ) ) ;
#1748 = CARTESIAN_POINT ( 'NONE',  ( 3.600000000000000500, 1.000000000000000000, -2.600000000000000500 ) ) ;
#1749 = CARTESIAN_POINT ( 'NONE',  ( 3.400000000000000400, 0.5500000000000000400, 1.149289321881338900 ) ) ;
#1750 = LINE ( 'NONE', #2401, #1500 ) ;
#1751 = ORIENTED_EDGE ( 'NONE', *, *, #3879, .F. ) ;
#1752 = ORIENTED_EDGE ( 'NONE', *, *, #647, .F. ) ;
#1753 = VECTOR ( 'NONE', #1904, 1000.000000000000000 ) ;
#1754 = EDGE_CURVE ( 'NONE', #2397, #3853, #3405, .T. ) ;
#1755 = EDGE_LOOP ( 'NONE', ( #2085, #4856, #4351, #931 ) ) ;
#1756 = ORIENTED_EDGE ( 'NONE', *, *, #4398, .F. ) ;
#1757 = ADVANCED_FACE ( 'NONE', ( #2828 ), #544, .F. ) ;
#1758 = CARTESIAN_POINT ( 'NONE',  ( -3.600000000000001000, 0.05000000000000000300, -0.7699999999999959100 ) ) ;
#1759 = ORIENTED_EDGE ( 'NONE', *, *, #2941, .T. ) ;
#1760 = FACE_OUTER_BOUND ( 'NONE', #3726, .T. ) ;
#1761 = CARTESIAN_POINT ( 'NONE',  ( 3.600000000000000500, 0.5500000000000000400, -1.519999999999999600 ) ) ;
#1762 = ORIENTED_EDGE ( 'NONE', *, *, #529, .T. ) ;
#1763 = DIRECTION ( 'NONE',  ( 0.0000000000000000000, -1.000000000000000000, 0.0000000000000000000 ) ) ;
#1764 = EDGE_CURVE ( 'NONE', #2511, #3445, #1419, .T. ) ;
#1765 = ORIENTED_EDGE ( 'NONE', *, *, #1007, .T. ) ;
#1766 = CARTESIAN_POINT ( 'NONE',  ( 3.600000000000000500, 0.5500000000000000400, 1.519999999999999600 ) ) ;
#1767 = CARTESIAN_POINT ( 'NONE',  ( 3.600000000000001000, 0.05000000000000000300, 0.7699999999999994600 ) ) ;
#1768 = EDGE_CURVE ( 'NONE', #2693, #4189, #1185, .T. ) ;
#1769 = ORIENTED_EDGE ( 'NONE', *, *, #825, .T. ) ;
#1770 = DIRECTION ( 'NONE',  ( 0.0000000000000000000, -0.0000000000000000000, -1.000000000000000000 ) ) ;
#1771 = FACE_OUTER_BOUND ( 'NONE', #4696, .T. ) ;
#1772 = AXIS2_PLACEMENT_3D ( 'NONE', #2210, #3329, #4458 ) ;
#1773 = VECTOR ( 'NONE', #1008, 1000.000000000000000 ) ;
#1774 = FACE_OUTER_BOUND ( 'NONE', #970, .T. ) ;
#1775 = CARTESIAN_POINT ( 'NONE',  ( -3.599999999999999600, 1.300000000000000700, -2.399999999999999500 ) ) ;
#1776 = DIRECTION ( 'NONE',  ( -1.000000000000000000, 0.0000000000000000000, 1.204669080539449300E-016 ) ) ;
#1777 = CARTESIAN_POINT ( 'NONE',  ( 3.564644660940673200, -0.6047401740571388700, -1.555355339059327500 ) ) ;
#1778 = AXIS2_PLACEMENT_3D ( 'NONE', #4832, #4129, #2594 ) ;
#1779 = LINE ( 'NONE', #1313, #722 ) ;
#1780 = VECTOR ( 'NONE', #1295, 1000.000000000000000 ) ;
#1781 = ORIENTED_EDGE ( 'NONE', *, *, #1966, .F. ) ;
#1782 = DIRECTION ( 'NONE',  ( -0.0000000000000000000, 1.000000000000000000, -0.0000000000000000000 ) ) ;
#1783 = FACE_OUTER_BOUND ( 'NONE', #333, .T. ) ;
#1784 = VERTEX_POINT ( 'NONE', #1337 ) ;
#1785 = CIRCLE ( 'NONE', #386, 0.2000000000000000900 ) ;
#1786 = VERTEX_POINT ( 'NONE', #527 ) ;
#1787 = EDGE_CURVE ( 'NONE', #2503, #4279, #4295, .T. ) ;
#1788 = CARTESIAN_POINT ( 'NONE',  ( 3.600000000000000500, 0.0000000000000000000, 2.599999999999999600 ) ) ;
#1789 = VECTOR ( 'NONE', #2857, 1000.000000000000000 ) ;
#1790 = DIRECTION ( 'NONE',  ( 0.7071067811865382500, 0.0000000000000000000, -0.7071067811865569000 ) ) ;
#1791 = ORIENTED_EDGE ( 'NONE', *, *, #2650, .F. ) ;
#1792 = DIRECTION ( 'NONE',  ( -1.000000000000000000, 0.0000000000000000000, 0.0000000000000000000 ) ) ;
#1793 = EDGE_CURVE ( 'NONE', #3507, #2101, #1361, .T. ) ;
#1794 = DIRECTION ( 'NONE',  ( -0.0000000000000000000, 1.000000000000000000, -0.0000000000000000000 ) ) ;
#1795 = DIRECTION ( 'NONE',  ( -0.0000000000000000000, -1.000000000000000000, -0.0000000000000000000 ) ) ;
#1796 = ORIENTED_EDGE ( 'NONE', *, *, #3850, .T. ) ;
#1797 = EDGE_LOOP ( 'NONE', ( #1805, #4248, #2893, #3596 ) ) ;
#1798 = VECTOR ( 'NONE', #4664, 1000.000000000000000 ) ;
#1799 = DIRECTION ( 'NONE',  ( 0.7071067811865465700, -0.0000000000000000000, 0.7071067811865485700 ) ) ;
#1800 = PLANE ( 'NONE',  #3465 ) ;
#1801 = LINE ( 'NONE', #743, #3192 ) ;
#1802 = EDGE_CURVE ( 'NONE', #1006, #2687, #714, .T. ) ;
#1803 = VECTOR ( 'NONE', #4196, 1000.000000000000000 ) ;
#1804 = CARTESIAN_POINT ( 'NONE',  ( 3.600000000000000500, 0.0000000000000000000, -2.600000000000000500 ) ) ;
#1805 = ORIENTED_EDGE ( 'NONE', *, *, #3756, .F. ) ;
#1806 = CARTESIAN_POINT ( 'NONE',  ( 2.400000000000000400, 0.05000000000000000300, -1.769999999999999400 ) ) ;
#1807 = LINE ( 'NONE', #3737, #686 ) ;
#1808 = CARTESIAN_POINT ( 'NONE',  ( 3.400000000000000400, 0.5500000000000000400, -1.149289321881338900 ) ) ;
#1809 = ORIENTED_EDGE ( 'NONE', *, *, #3791, .T. ) ;
#1810 = ORIENTED_EDGE ( 'NONE', *, *, #663, .T. ) ;
#1811 = AXIS2_PLACEMENT_3D ( 'NONE', #3331, #1853, #2612 ) ;
#1812 = VERTEX_POINT ( 'NONE', #264 ) ;
#1813 = PLANE ( 'NONE',  #3270 ) ;
#1814 = DIRECTION ( 'NONE',  ( 1.000000000000000000, 0.0000000000000000000, 0.0000000000000000000 ) ) ;
#1815 = ORIENTED_EDGE ( 'NONE', *, *, #496, .T. ) ;
#1816 = LINE ( 'NONE', #4652, #3263 ) ;
#1817 = ORIENTED_EDGE ( 'NONE', *, *, #1170, .T. ) ;
#1818 = EDGE_CURVE ( 'NONE', #131, #3658, #4233, .T. ) ;
#1819 = LINE ( 'NONE', #2303, #1983 ) ;
#1820 = ORIENTED_EDGE ( 'NONE', *, *, #466, .F. ) ;
#1821 = VERTEX_POINT ( 'NONE', #1415 ) ;
#1822 = CARTESIAN_POINT ( 'NONE',  ( -0.1999999999999996800, 0.0000000000000000000, -2.600000000000000100 ) ) ;
#1823 = CARTESIAN_POINT ( 'NONE',  ( 3.200000000000000200, 10.36659513557903800, -1.999999999999998700 ) ) ;
#1824 = CARTESIAN_POINT ( 'NONE',  ( 3.400000000000000400, 1.000000000000000000, 2.599999999999999600 ) ) ;
#1825 = ORIENTED_EDGE ( 'NONE', *, *, #4812, .F. ) ;
#1826 = CARTESIAN_POINT ( 'NONE',  ( -3.564644660940673700, 0.5500000000000000400, 0.9846446609406704900 ) ) ;
#1827 = EDGE_LOOP ( 'NONE', ( #4548, #4158, #2089, #1272, #820, #1611, #692, #2674, #3743, #4809 ) ) ;
#1828 = CARTESIAN_POINT ( 'NONE',  ( 3.450000000000000200, 1.300000000000000700, 1.370000000000004500 ) ) ;
#1829 = EDGE_CURVE ( 'NONE', #161, #1840, #2539, .T. ) ;
#1830 = ORIENTED_EDGE ( 'NONE', *, *, #3008, .T. ) ;
#1831 = LINE ( 'NONE', #2834, #1942 ) ;
#1832 = DIRECTION ( 'NONE',  ( -0.7071067811865383600, 0.0000000000000000000, 0.7071067811865567900 ) ) ;
#1833 = VECTOR ( 'NONE', #4368, 1000.000000000000000 ) ;
#1834 = UNCERTAINTY_MEASURE_WITH_UNIT (LENGTH_MEASURE( 1.000000000000000100E-005 ), #1252, 'distance_accuracy_value', 'NONE');
#1835 = FACE_OUTER_BOUND ( 'NONE', #1218, .T. ) ;
#1836 = DIRECTION ( 'NONE',  ( 0.0000000000000000000, 0.0000000000000000000, -1.000000000000000000 ) ) ;
#1837 = CARTESIAN_POINT ( 'NONE',  ( 3.199999999999998800, 1.149999999999999900, -2.400000000000000400 ) ) ;
#1838 = LINE ( 'NONE', #1927, #1473 ) ;
#1839 = PLANE ( 'NONE',  #4006 ) ;
#1840 = VERTEX_POINT ( 'NONE', #3156 ) ;
#1841 = DIRECTION ( 'NONE',  ( 0.0000000000000000000, -1.000000000000000000, 0.0000000000000000000 ) ) ;
#1842 = VECTOR ( 'NONE', #4231, 1000.000000000000000 ) ;
#1843 = VECTOR ( 'NONE', #1970, 1000.000000000000100 ) ;
#1844 = ORIENTED_EDGE ( 'NONE', *, *, #270, .T. ) ;
#1845 = EDGE_LOOP ( 'NONE', ( #1717, #1769, #4272, #2108 ) ) ;
#1846 = ORIENTED_EDGE ( 'NONE', *, *, #175, .T. ) ;
#1847 = DIRECTION ( 'NONE',  ( 0.0000000000000000000, 0.0000000000000000000, 1.000000000000000000 ) ) ;
#1848 = ORIENTED_EDGE ( 'NONE', *, *, #3798, .F. ) ;
#1849 = EDGE_CURVE ( 'NONE', #575, #1447, #174, .T. ) ;
#1850 = ORIENTED_EDGE ( 'NONE', *, *, #429, .T. ) ;
#1851 =( NAMED_UNIT ( * ) SI_UNIT ( $, .STERADIAN. ) SOLID_ANGLE_UNIT ( ) );
#1852 = CARTESIAN_POINT ( 'NONE',  ( 3.600000000000000500, 0.5500000000000000400, -1.519999999999999600 ) ) ;
#1853 = DIRECTION ( 'NONE',  ( -0.0000000000000000000, -1.000000000000000000, -0.0000000000000000000 ) ) ;
#1854 = ORIENTED_EDGE ( 'NONE', *, *, #3574, .T. ) ;
#1855 = ORIENTED_EDGE ( 'NONE', *, *, #2198, .F. ) ;
#1856 = LINE ( 'NONE', #4362, #860 ) ;
#1857 = CARTESIAN_POINT ( 'NONE',  ( 3.564644660940673700, 0.5500000000000000400, -0.9846446609406696000 ) ) ;
#1858 = EDGE_CURVE ( 'NONE', #3383, #3953, #2123, .T. ) ;
#1859 = DIRECTION ( 'NONE',  ( -1.000000000000000000, -0.0000000000000000000, -0.0000000000000000000 ) ) ;
#1860 = CARTESIAN_POINT ( 'NONE',  ( 3.600000000000000500, 1.000000000000000000, 2.599999999999999600 ) ) ;
#1861 = VECTOR ( 'NONE', #1032, 1000.000000000000000 ) ;
#1862 = CARTESIAN_POINT ( 'NONE',  ( -3.564644660940673700, 0.05000000000000002400, 0.9846446609406704900 ) ) ;
#1863 = VERTEX_POINT ( 'NONE', #4400 ) ;
#1864 = LINE ( 'NONE', #3279, #4035 ) ;
#1865 = DIRECTION ( 'NONE',  ( -4.336808689942021200E-016, -0.0000000000000000000, -1.000000000000000000 ) ) ;
#1866 = VERTEX_POINT ( 'NONE', #4785 ) ;
#1867 = PLANE ( 'NONE',  #1209 ) ;
#1868 = AXIS2_PLACEMENT_3D ( 'NONE', #935, #4309, #199 ) ;
#1869 = CARTESIAN_POINT ( 'NONE',  ( -3.564644660940673200, 0.05000000000000000300, 1.555355339059328400 ) ) ;
#1870 = VERTEX_POINT ( 'NONE', #3994 ) ;
#1871 = VECTOR ( 'NONE', #3742, 1000.000000000000000 ) ;
#1872 = EDGE_LOOP ( 'NONE', ( #1192, #876, #1318, #596 ) ) ;
#1873 = DIRECTION ( 'NONE',  ( 0.7071067811865567900, 0.0000000000000000000, -0.7071067811865383600 ) ) ;
#1874 = AXIS2_PLACEMENT_3D ( 'NONE', #644, #4378, #3249 ) ;
#1875 = VERTEX_POINT ( 'NONE', #3639 ) ;
#1876 = DIRECTION ( 'NONE',  ( 0.0000000000000000000, 0.0000000000000000000, -1.000000000000000000 ) ) ;
#1877 = DIRECTION ( 'NONE',  ( 0.0000000000000000000, 0.0000000000000000000, 1.000000000000000000 ) ) ;
#1878 = DIRECTION ( 'NONE',  ( 0.0000000000000000000, 1.000000000000000000, 0.0000000000000000000 ) ) ;
#1879 = EDGE_CURVE ( 'NONE', #3411, #1381, #4818, .T. ) ;
#1880 = DIRECTION ( 'NONE',  ( 0.7071067811865569000, 0.0000000000000000000, -0.7071067811865382500 ) ) ;
#1881 = VERTEX_POINT ( 'NONE', #2550 ) ;
#1882 = EDGE_CURVE ( 'NONE', #1168, #2463, #3103, .T. ) ;
#1883 = LINE ( 'NONE', #1111, #887 ) ;
#1884 = FILL_AREA_STYLE_COLOUR ( '', #202 ) ;
#1885 = DIRECTION ( 'NONE',  ( 0.7071067811865567900, 0.0000000000000000000, -0.7071067811865383600 ) ) ;
#1886 = LINE ( 'NONE', #4666, #417 ) ;
#1887 = FACE_OUTER_BOUND ( 'NONE', #1356, .T. ) ;
#1888 = CARTESIAN_POINT ( 'NONE',  ( 2.100000000000000100, 0.05000000000000000300, 1.769999999999999400 ) ) ;
#1889 = CARTESIAN_POINT ( 'NONE',  ( -3.450000000000000200, -0.6047401740571388700, -1.370000000000004500 ) ) ;
#1890 = VECTOR ( 'NONE', #1273, 1000.000000000000000 ) ;
#1891 = EDGE_CURVE ( 'NONE', #4289, #2591, #2181, .T. ) ;
#1892 = FACE_OUTER_BOUND ( 'NONE', #2324, .T. ) ;
#1893 = ADVANCED_FACE ( 'NONE', ( #1713 ), #626, .F. ) ;
#1894 = VERTEX_POINT ( 'NONE', #655 ) ;
#1895 = APPLICATION_CONTEXT ( 'automotive_design' ) ;
#1896 = VECTOR ( 'NONE', #4569, 1000.000000000000000 ) ;
#1898 = ORIENTED_EDGE ( 'NONE', *, *, #4794, .F. ) ;
#1897 = DIRECTION ( 'NONE',  ( 0.0000000000000000000, 0.0000000000000000000, -1.000000000000000000 ) ) ;
#1899 = AXIS2_PLACEMENT_3D ( 'NONE', #1438, #1790, #668 ) ;
#1900 = FACE_OUTER_BOUND ( 'NONE', #4159, .T. ) ;
#1901 = ORIENTED_EDGE ( 'NONE', *, *, #4567, .T. ) ;
#1902 = CARTESIAN_POINT ( 'NONE',  ( 3.599999999999999600, 1.300000000000000700, 1.519999999999999600 ) ) ;
#1903 = ADVANCED_FACE ( 'NONE', ( #3820 ), #2922, .T. ) ;
#1904 = DIRECTION ( 'NONE',  ( 0.0000000000000000000, 0.0000000000000000000, -1.000000000000000000 ) ) ;
#1905 = VECTOR ( 'NONE', #1056, 1000.000000000000000 ) ;
#1906 = ORIENTED_EDGE ( 'NONE', *, *, #4080, .T. ) ;
#1907 = EDGE_CURVE ( 'NONE', #3141, #2293, #1128, .T. ) ;
#1908 = DIRECTION ( 'NONE',  ( -0.7071067811865567900, 0.0000000000000000000, -0.7071067811865383600 ) ) ;
#1909 = CARTESIAN_POINT ( 'NONE',  ( -2.400000000000000400, 0.05000000000000000300, -1.769999999999996000 ) ) ;
#1910 = EDGE_CURVE ( 'NONE', #2043, #1604, #4411, .T. ) ;
#1911 = VERTEX_POINT ( 'NONE', #3280 ) ;
#1912 = LINE ( 'NONE', #3890, #2148 ) ;
#1913 = CARTESIAN_POINT ( 'NONE',  ( -0.1999999999999996800, 1.000000000000000000, -2.600000000000000100 ) ) ;
#1914 = DIRECTION ( 'NONE',  ( -0.0000000000000000000, -1.000000000000000000, -0.0000000000000000000 ) ) ;
#1915 = VECTOR ( 'NONE', #4513, 1000.000000000000000 ) ;
#1916 = CARTESIAN_POINT ( 'NONE',  ( 2.400000000000000400, -1.802775637731995000, -1.769999999999999400 ) ) ;
#1917 = LINE ( 'NONE', #590, #3432 ) ;
#1918 = ORIENTED_EDGE ( 'NONE', *, *, #1686, .T. ) ;
#1919 = EDGE_CURVE ( 'NONE', #1682, #1941, #601, .T. ) ;
#1920 = CARTESIAN_POINT ( 'NONE',  ( -3.400000000000000400, 0.5500000000000000400, -1.149289321881339600 ) ) ;
#1921 = ADVANCED_FACE ( 'NONE', ( #4702 ), #1813, .F. ) ;
#1922 = LINE ( 'NONE', #3297, #3500 ) ;
#1923 = ORIENTED_EDGE ( 'NONE', *, *, #3745, .T. ) ;
#1924 = ORIENTED_EDGE ( 'NONE', *, *, #3008, .F. ) ;
#1925 = VERTEX_POINT ( 'NONE', #2862 ) ;
#1926 = ADVANCED_FACE ( 'NONE', ( #1587 ), #1044, .T. ) ;
#1927 = CARTESIAN_POINT ( 'NONE',  ( 3.400000000000000400, -0.6047401740571388700, -1.149289321881338900 ) ) ;
#1928 = VERTEX_POINT ( 'NONE', #3670 ) ;
#1929 = VECTOR ( 'NONE', #2518, 1000.000000000000000 ) ;
#1930 =( GEOMETRIC_REPRESENTATION_CONTEXT ( 3 ) GLOBAL_UNCERTAINTY_ASSIGNED_CONTEXT ( ( #1553 ) ) GLOBAL_UNIT_ASSIGNED_CONTEXT ( ( #3412, #468, #3064 ) ) REPRESENTATION_CONTEXT ( 'NONE', 'WORKASPACE' ) );
#1931 = DIRECTION ( 'NONE',  ( 0.7071067811865382500, 0.0000000000000000000, 0.7071067811865569000 ) ) ;
#1932 = VERTEX_POINT ( 'NONE', #1075 ) ;
#1933 = VECTOR ( 'NONE', #4524, 1000.000000000000100 ) ;
#1934 = VERTEX_POINT ( 'NONE', #2182 ) ;
#1935 = DIRECTION ( 'NONE',  ( 0.0000000000000000000, 0.0000000000000000000, 1.000000000000000000 ) ) ;
#1936 = ORIENTED_EDGE ( 'NONE', *, *, #4657, .T. ) ;
#1937 = DIRECTION ( 'NONE',  ( 0.0000000000000000000, -1.000000000000000000, -0.0000000000000000000 ) ) ;
#1938 = ORIENTED_EDGE ( 'NONE', *, *, #4460, .F. ) ;
#1939 = EDGE_CURVE ( 'NONE', #511, #167, #2882, .T. ) ;
#1940 = DIRECTION ( 'NONE',  ( 1.000000000000000000, 0.0000000000000000000, 0.0000000000000000000 ) ) ;
#1941 = VERTEX_POINT ( 'NONE', #4804 ) ;
#1942 = VECTOR ( 'NONE', #180, 1000.000000000000000 ) ;
#1943 = VECTOR ( 'NONE', #2788, 1000.000000000000000 ) ;
#1944 = EDGE_CURVE ( 'NONE', #2896, #1821, #1292, .T. ) ;
#1945 = ADVANCED_FACE ( 'NONE', ( #2412 ), #2201, .F. ) ;
#1946 = VECTOR ( 'NONE', #2876, 1000.000000000000000 ) ;
#1947 = FACE_OUTER_BOUND ( 'NONE', #1060, .T. ) ;
#1948 = VERTEX_POINT ( 'NONE', #3317 ) ;
#1949 = LINE ( 'NONE', #3607, #483 ) ;
#1950 = VECTOR ( 'NONE', #2821, 1000.000000000000000 ) ;
#1951 = ORIENTED_EDGE ( 'NONE', *, *, #3702, .T. ) ;
#1952 = DIRECTION ( 'NONE',  ( 0.0000000000000000000, 0.0000000000000000000, 1.000000000000000000 ) ) ;
#1953 = CARTESIAN_POINT ( 'NONE',  ( -3.199999999999999300, 1.149999999999999900, 2.200000000000000200 ) ) ;
#1954 = ORIENTED_EDGE ( 'NONE', *, *, #4460, .T. ) ;
#1955 = EDGE_LOOP ( 'NONE', ( #641, #936, #3140, #782 ) ) ;
#1956 = DIRECTION ( 'NONE',  ( 0.7071067811865567900, -0.0000000000000000000, 0.7071067811865383600 ) ) ;
#1958 = CLOSED_SHELL ( 'NONE', ( #3883, #3810, #2319, #1921, #48, #444, #72, #1578, #3046, #2018, #2709, #4547, #3590, #2835, #3760, #1551 ) ) ;
#1957 = CARTESIAN_POINT ( 'NONE',  ( 3.600000000000000500, 0.0000000000000000000, 2.599999999999999600 ) ) ;
#1959 = CARTESIAN_POINT ( 'NONE',  ( 3.600000000000001000, 0.5500000000000000400, -1.019999999999997600 ) ) ;
#1960 = ORIENTED_EDGE ( 'NONE', *, *, #878, .F. ) ;
#1961 = DIRECTION ( 'NONE',  ( -0.7071067811865382500, 0.0000000000000000000, 0.7071067811865569000 ) ) ;
#1962 = CARTESIAN_POINT ( 'NONE',  ( -2.700000000000000200, 0.05000000000000000300, 1.769999999999999400 ) ) ;
#1963 = VERTEX_POINT ( 'NONE', #2587 ) ;
#1964 = ORIENTED_EDGE ( 'NONE', *, *, #719, .T. ) ;
#1965 = VECTOR ( 'NONE', #613, 1000.000000000000000 ) ;
#1966 = EDGE_CURVE ( 'NONE', #4778, #1941, #1883, .T. ) ;
#1967 = EDGE_LOOP ( 'NONE', ( #2637, #3031, #4092, #2919 ) ) ;
#1968 = ADVANCED_FACE ( 'NONE', ( #1771 ), #2080, .F. ) ;
#1969 = DIRECTION ( 'NONE',  ( 0.0000000000000000000, -0.0000000000000000000, 1.000000000000000000 ) ) ;
#1970 = DIRECTION ( 'NONE',  ( -0.7071067811865388000, -0.0000000000000000000, -0.7071067811865561200 ) ) ;
#1971 = FACE_OUTER_BOUND ( 'NONE', #4795, .T. ) ;
#1972 = EDGE_CURVE ( 'NONE', #4189, #1397, #4522, .T. ) ;
#1973 = LINE ( 'NONE', #3204, #1861 ) ;
#1974 = DIRECTION ( 'NONE',  ( -0.7071067811865388000, 0.0000000000000000000, -0.7071067811865561200 ) ) ;
#1975 = ORIENTED_EDGE ( 'NONE', *, *, #2264, .T. ) ;
#1976 = DIRECTION ( 'NONE',  ( -0.0000000000000000000, 1.000000000000000000, -0.0000000000000000000 ) ) ;
#1977 = ORIENTED_EDGE ( 'NONE', *, *, #2384, .T. ) ;
#1978 = CARTESIAN_POINT ( 'NONE',  ( 2.999999999999998700, 1.149999999999999900, -2.200000000000000200 ) ) ;
#1979 = CARTESIAN_POINT ( 'NONE',  ( 2.400000000000000400, 0.0000000000000000000, -1.769999999999999400 ) ) ;
#1980 = DIRECTION ( 'NONE',  ( 0.0000000000000000000, 1.000000000000000000, -0.0000000000000000000 ) ) ;
#1981 = ORIENTED_EDGE ( 'NONE', *, *, #3694, .T. ) ;
#1982 = ORIENTED_EDGE ( 'NONE', *, *, #3605, .T. ) ;
#1983 = VECTOR ( 'NONE', #4108, 1000.000000000000000 ) ;
#1984 = EDGE_CURVE ( 'NONE', #1894, #1604, #3519, .T. ) ;
#1985 = ORIENTED_EDGE ( 'NONE', *, *, #1307, .T. ) ;
#1986 = ORIENTED_EDGE ( 'NONE', *, *, #3798, .T. ) ;
#1987 = DIRECTION ( 'NONE',  ( 0.0000000000000000000, 0.0000000000000000000, 1.000000000000000000 ) ) ;
#1988 = STYLED_ITEM ( 'NONE', ( #4421 ), #3748 ) ;
#1989 = DIRECTION ( 'NONE',  ( -9.637352644315592800E-016, 0.0000000000000000000, -1.000000000000000000 ) ) ;
#1990 = CARTESIAN_POINT ( 'NONE',  ( -3.564644660940673700, -0.6047401740571388700, -0.9846446609406704900 ) ) ;
#1991 = DIRECTION ( 'NONE',  ( -0.7071067811865567900, 0.0000000000000000000, -0.7071067811865383600 ) ) ;
#1992 = ADVANCED_FACE ( 'NONE', ( #771 ), #1221, .F. ) ;
#1993 = ORIENTED_EDGE ( 'NONE', *, *, #1588, .T. ) ;
#1994 = PLANE ( 'NONE',  #1290 ) ;
#1995 = EDGE_CURVE ( 'NONE', #4372, #4301, #2535, .T. ) ;
#1996 = DIRECTION ( 'NONE',  ( 0.7071067811865567900, 0.0000000000000000000, -0.7071067811865383600 ) ) ;
#1997 = LINE ( 'NONE', #1609, #294 ) ;
#1998 = DIRECTION ( 'NONE',  ( -0.0000000000000000000, 1.000000000000000000, -0.0000000000000000000 ) ) ;
#1999 = EDGE_CURVE ( 'NONE', #155, #1250, #1642, .T. ) ;
#2000 = DIRECTION ( 'NONE',  ( 0.0000000000000000000, 0.0000000000000000000, -1.000000000000000000 ) ) ;
#2001 = CARTESIAN_POINT ( 'NONE',  ( -3.599999999999999600, 1.000000000000000000, 2.600000000000000500 ) ) ;
#2002 = LINE ( 'NONE', #3177, #1773 ) ;
#2003 = MANIFOLD_SOLID_BREP ( 'Boss-Extrude5[1]', #2584 ) ;
#2004 = CIRCLE ( 'NONE', #4732, 0.2000000000000000900 ) ;
#2005 = LINE ( 'NONE', #3470, #1842 ) ;
#2006 = EDGE_CURVE ( 'NONE', #4616, #4255, #1997, .T. ) ;
#2007 = LINE ( 'NONE', #880, #724 ) ;
#2008 = ORIENTED_EDGE ( 'NONE', *, *, #843, .F. ) ;
#2009 = CARTESIAN_POINT ( 'NONE',  ( -2.400000000000000400, 0.05000000000000000300, -0.7699999999999959100 ) ) ;
#2010 = DIRECTION ( 'NONE',  ( -0.0000000000000000000, 1.000000000000000000, -0.0000000000000000000 ) ) ;
#2011 = VECTOR ( 'NONE', #4113, 1000.000000000000100 ) ;
#2012 = CARTESIAN_POINT ( 'NONE',  ( 0.2000000000000005400, 1.000000000000000000, -2.600000000000000100 ) ) ;
#2013 = ORIENTED_EDGE ( 'NONE', *, *, #4118, .F. ) ;
#2014 = COLOUR_RGB ( '',0.2509803921568627400, 0.2509803921568627400, 0.2509803921568627400 ) ;
#2015 = ORIENTED_EDGE ( 'NONE', *, *, #310, .F. ) ;
#2016 = DIRECTION ( 'NONE',  ( 0.0000000000000000000, 0.0000000000000000000, 1.000000000000000000 ) ) ;
#2017 = AXIS2_PLACEMENT_3D ( 'NONE', #3291, #4031, #2559 ) ;
#2018 = ADVANCED_FACE ( 'NONE', ( #2298 ), #4594, .F. ) ;
#2019 = DIRECTION ( 'NONE',  ( 1.000000000000000000, -0.0000000000000000000, 0.0000000000000000000 ) ) ;
#2020 = VERTEX_POINT ( 'NONE', #4253 ) ;
#2021 = DIRECTION ( 'NONE',  ( 0.0000000000000000000, -1.000000000000000000, 0.0000000000000000000 ) ) ;
#2022 = ORIENTED_EDGE ( 'NONE', *, *, #2830, .T. ) ;
#2023 = CARTESIAN_POINT ( 'NONE',  ( -2.400000000000000400, 0.0000000000000000000, 1.470000000000000400 ) ) ;
#2024 = VERTEX_POINT ( 'NONE', #2353 ) ;
#2025 = FACE_OUTER_BOUND ( 'NONE', #565, .T. ) ;
#2026 = DIRECTION ( 'NONE',  ( -1.000000000000000000, 0.0000000000000000000, 0.0000000000000000000 ) ) ;
#2027 = ORIENTED_EDGE ( 'NONE', *, *, #3155, .T. ) ;
#2028 = LINE ( 'NONE', #4341, #2864 ) ;
#2029 = EDGE_CURVE ( 'NONE', #2024, #3516, #4761, .T. ) ;
#2030 = VECTOR ( 'NONE', #764, 1000.000000000000100 ) ;
#2031 = ORIENTED_EDGE ( 'NONE', *, *, #237, .F. ) ;
#2032 = CARTESIAN_POINT ( 'NONE',  ( -2.400000000000000400, 0.05000000000000000300, 0.7700000000000011300 ) ) ;
#2033 = CARTESIAN_POINT ( 'NONE',  ( -3.400000000000000400, 0.5500000000000000400, -1.149289321881339600 ) ) ;
#2034 = CARTESIAN_POINT ( 'NONE',  ( 0.0000000000000000000, 0.5500000000000000400, 0.0000000000000000000 ) ) ;
#2035 = LINE ( 'NONE', #3342, #3797 ) ;
#2036 = EDGE_CURVE ( 'NONE', #2404, #1447, #2306, .T. ) ;
#2037 = EDGE_LOOP ( 'NONE', ( #3735, #930, #1762, #1259 ) ) ;
#2038 = EDGE_LOOP ( 'NONE', ( #3896, #3230, #93, #3086, #3171, #1114, #1065, #3235, #3360, #321, #2027 ) ) ;
#2039 = ORIENTED_EDGE ( 'NONE', *, *, #4238, .T. ) ;
#2040 = LINE ( 'NONE', #1720, #46 ) ;
#2041 = CARTESIAN_POINT ( 'NONE',  ( 3.000000000000000000, 1.149999999999999900, -2.000000000000000000 ) ) ;
#2042 = DIRECTION ( 'NONE',  ( 0.7071067811865388000, 0.0000000000000000000, -0.7071067811865561200 ) ) ;
#2043 = VERTEX_POINT ( 'NONE', #2370 ) ;
#2044 = VECTOR ( 'NONE', #4546, 1000.000000000000000 ) ;
#2045 = ORIENTED_EDGE ( 'NONE', *, *, #249, .T. ) ;
#2046 = EDGE_CURVE ( 'NONE', #1381, #4199, #2886, .T. ) ;
#2047 = DIRECTION ( 'NONE',  ( -0.0000000000000000000, 1.000000000000000000, -0.0000000000000000000 ) ) ;
#2048 = DIRECTION ( 'NONE',  ( 0.0000000000000000000, 0.0000000000000000000, 1.000000000000000000 ) ) ;
#2049 = DIRECTION ( 'NONE',  ( 0.0000000000000000000, 0.0000000000000000000, 1.000000000000000000 ) ) ;
#2050 = AXIS2_PLACEMENT_3D ( 'NONE', #854, #4601, #867 ) ;
#2051 = AXIS2_PLACEMENT_3D ( 'NONE', #1531, #2295, #3003 ) ;
#2052 = ORIENTED_EDGE ( 'NONE', *, *, #3097, .T. ) ;
#2053 = DIRECTION ( 'NONE',  ( -0.0000000000000000000, -1.000000000000000000, -0.0000000000000000000 ) ) ;
#2054 = LINE ( 'NONE', #1633, #3876 ) ;
#2055 = CARTESIAN_POINT ( 'NONE',  ( -2.400000000000000400, -0.0000000000000000000, -1.769999999999996000 ) ) ;
#2056 = EDGE_CURVE ( 'NONE', #1428, #500, #2480, .T. ) ;
#2057 = LINE ( 'NONE', #158, #4354 ) ;
#2058 = CARTESIAN_POINT ( 'NONE',  ( -3.400000000000000400, 0.05000000000000002400, -1.390710678118659600 ) ) ;
#2059 = LINE ( 'NONE', #438, #1532 ) ;
#2060 = CARTESIAN_POINT ( 'NONE',  ( -2.700000000000000200, 0.0000000000000000000, 1.769999999999999400 ) ) ;
#2061 = FACE_OUTER_BOUND ( 'NONE', #3843, .T. ) ;
#2062 = EDGE_CURVE ( 'NONE', #3905, #586, #14, .T. ) ;
#2063 = ORIENTED_EDGE ( 'NONE', *, *, #816, .T. ) ;
#2064 = ADVANCED_FACE ( 'NONE', ( #2061 ), #3476, .F. ) ;
#2065 = DIRECTION ( 'NONE',  ( 1.000000000000000000, 0.0000000000000000000, 0.0000000000000000000 ) ) ;
#2066 = SURFACE_STYLE_USAGE ( .BOTH. , #4643 ) ;
#2067 = FACE_OUTER_BOUND ( 'NONE', #646, .T. ) ;
#2068 = LINE ( 'NONE', #2060, #184 ) ;
#2069 = ORIENTED_EDGE ( 'NONE', *, *, #4843, .F. ) ;
#2070 = EDGE_CURVE ( 'NONE', #1455, #449, #1015, .T. ) ;
#2071 = LINE ( 'NONE', #1804, #2780 ) ;
#2072 = CARTESIAN_POINT ( 'NONE',  ( 3.200000000000000200, 10.36659513557903800, 1.999999999999997800 ) ) ;
#2073 = VERTEX_POINT ( 'NONE', #812 ) ;
#2074 = ORIENTED_EDGE ( 'NONE', *, *, #2291, .F. ) ;
#2075 = DIRECTION ( 'NONE',  ( 0.0000000000000000000, 0.0000000000000000000, -1.000000000000000000 ) ) ;
#2076 = DIRECTION ( 'NONE',  ( -0.7071067811865388000, 0.0000000000000000000, -0.7071067811865562300 ) ) ;
#2077 = PLANE ( 'NONE',  #923 ) ;
#2078 = DIRECTION ( 'NONE',  ( 0.0000000000000000000, 0.0000000000000000000, -1.000000000000000000 ) ) ;
#2079 = VERTEX_POINT ( 'NONE', #1654 ) ;
#2080 = PLANE ( 'NONE',  #1577 ) ;
#2081 = AXIS2_PLACEMENT_3D ( 'NONE', #3795, #1931, #1193 ) ;
#2082 = CARTESIAN_POINT ( 'NONE',  ( 2.400000000000000400, -1.802775637731995000, -0.7699999999999994600 ) ) ;
#2083 = DIRECTION ( 'NONE',  ( -0.0000000000000000000, -1.000000000000000000, -0.0000000000000000000 ) ) ;
#2084 = ORIENTED_EDGE ( 'NONE', *, *, #3218, .T. ) ;
#2085 = ORIENTED_EDGE ( 'NONE', *, *, #2399, .F. ) ;
#2086 = CARTESIAN_POINT ( 'NONE',  ( 2.400000000000000400, 0.0000000000000000000, -0.7699999999999994600 ) ) ;
#2087 = ORIENTED_EDGE ( 'NONE', *, *, #4317, .T. ) ;
#2088 = CIRCLE ( 'NONE', #968, 0.2000000000000000900 ) ;
#2089 = ORIENTED_EDGE ( 'NONE', *, *, #3597, .F. ) ;
#2090 = VECTOR ( 'NONE', #3617, 1000.000000000000000 ) ;
#2091 = EDGE_CURVE ( 'NONE', #2847, #1108, #3582, .T. ) ;
#2092 = CARTESIAN_POINT ( 'NONE',  ( -3.600000000000001000, -0.6047401740571388700, 1.019999999999998200 ) ) ;
#2093 = ADVANCED_FACE ( 'NONE', ( #3366 ), #2418, .F. ) ;
#2094 = DIRECTION ( 'NONE',  ( -0.0000000000000000000, -0.0000000000000000000, 1.000000000000000000 ) ) ;
#2095 = EDGE_LOOP ( 'NONE', ( #2575, #794, #3416, #344 ) ) ;
#2096 = CARTESIAN_POINT ( 'NONE',  ( 3.600000000000000500, 0.5500000000000000400, 1.519999999999999600 ) ) ;
#2097 = EDGE_LOOP ( 'NONE', ( #725, #3679, #401, #2735 ) ) ;
#2098 = ORIENTED_EDGE ( 'NONE', *, *, #4149, .T. ) ;
#2099 = EDGE_CURVE ( 'NONE', #4197, #2848, #746, .T. ) ;
#2100 = FACE_OUTER_BOUND ( 'NONE', #4629, .T. ) ;
#2101 = VERTEX_POINT ( 'NONE', #911 ) ;
#2102 = DIRECTION ( 'NONE',  ( -1.000000000000000000, 0.0000000000000000000, 9.637352644315592800E-016 ) ) ;
#2103 = PLANE ( 'NONE',  #30 ) ;
#2104 = ORIENTED_EDGE ( 'NONE', *, *, #529, .F. ) ;
#2105 = VECTOR ( 'NONE', #836, 1000.000000000000000 ) ;
#2106 = ORIENTED_EDGE ( 'NONE', *, *, #4742, .T. ) ;
#2107 = EDGE_CURVE ( 'NONE', #2687, #4616, #2028, .T. ) ;
#2108 = ORIENTED_EDGE ( 'NONE', *, *, #1100, .T. ) ;
#2109 = CARTESIAN_POINT ( 'NONE',  ( -2.400000000000000400, -1.802775637731995000, -1.769999999999996000 ) ) ;
#2110 = CARTESIAN_POINT ( 'NONE',  ( -2.400000000000000400, 0.05000000000000000300, -1.769999999999996000 ) ) ;
#2111 = ORIENTED_EDGE ( 'NONE', *, *, #3574, .F. ) ;
#2112 = CARTESIAN_POINT ( 'NONE',  ( 3.600000000000001000, -1.802775637731995000, -0.7699999999999994600 ) ) ;
#2113 = CARTESIAN_POINT ( 'NONE',  ( 2.400000000000000400, 0.0000000000000000000, -1.769999999999999400 ) ) ;
#2114 = DIRECTION ( 'NONE',  ( 0.0000000000000000000, 1.000000000000000000, 0.0000000000000000000 ) ) ;
#2115 = PRESENTATION_LAYER_ASSIGNMENT (  '', '', ( #3619 ) ) ;
#2116 = DIRECTION ( 'NONE',  ( 0.0000000000000000000, -0.0000000000000000000, -1.000000000000000000 ) ) ;
#2117 = CARTESIAN_POINT ( 'NONE',  ( 3.564644660940673200, 0.5500000000000000400, -1.555355339059327500 ) ) ;
#2118 = ORIENTED_EDGE ( 'NONE', *, *, #2107, .T. ) ;
#2119 = DIRECTION ( 'NONE',  ( 0.7071067811865388000, 0.0000000000000000000, 0.7071067811865561200 ) ) ;
#2120 = ADVANCED_FACE ( 'NONE', ( #3616 ), #3542, .T. ) ;
#2121 = DIRECTION ( 'NONE',  ( -0.7071067811865567900, 0.0000000000000000000, -0.7071067811865383600 ) ) ;
#2122 = AXIS2_PLACEMENT_3D ( 'NONE', #2578, #975, #4697 ) ;
#2123 = LINE ( 'NONE', #1748, #3162 ) ;
#2124 = CIRCLE ( 'NONE', #675, 0.2000000000000000900 ) ;
#2125 = LINE ( 'NONE', #3776, #4645 ) ;
#2126 = CARTESIAN_POINT ( 'NONE',  ( 3.400000000000000400, 0.5500000000000000400, -1.390710678118658700 ) ) ;
#2127 = AXIS2_PLACEMENT_3D ( 'NONE', #1548, #4572, #4241 ) ;
#2128 = VECTOR ( 'NONE', #4260, 1000.000000000000000 ) ;
#2129 = DIRECTION ( 'NONE',  ( -0.0000000000000000000, 1.000000000000000000, -0.0000000000000000000 ) ) ;
#2130 = LINE ( 'NONE', #4634, #3473 ) ;
#2131 = ORIENTED_EDGE ( 'NONE', *, *, #253, .F. ) ;
#2132 = CARTESIAN_POINT ( 'NONE',  ( 3.400000000000000400, 1.149999999999999900, 2.199999999999998000 ) ) ;
#2133 = LINE ( 'NONE', #2326, #1655 ) ;
#2134 = EDGE_CURVE ( 'NONE', #1461, #2101, #2742, .T. ) ;
#2135 = EDGE_LOOP ( 'NONE', ( #4864, #4665, #1666, #1701 ) ) ;
#2136 = DIRECTION ( 'NONE',  ( 0.7071067811865562300, -0.0000000000000000000, 0.7071067811865388000 ) ) ;
#2137 = FACE_OUTER_BOUND ( 'NONE', #3990, .T. ) ;
#2138 = DIRECTION ( 'NONE',  ( 0.0000000000000000000, 1.000000000000000000, 0.0000000000000000000 ) ) ;
#2139 = ORIENTED_EDGE ( 'NONE', *, *, #4178, .F. ) ;
#2140 = PLANE ( 'NONE',  #3358 ) ;
#2141 = VECTOR ( 'NONE', #639, 1000.000000000000000 ) ;
#2142 = VERTEX_POINT ( 'NONE', #1296 ) ;
#2143 = ORIENTED_EDGE ( 'NONE', *, *, #1170, .F. ) ;
#2144 = EDGE_CURVE ( 'NONE', #3853, #940, #3251, .T. ) ;
#2145 = CARTESIAN_POINT ( 'NONE',  ( 3.600000000000000500, 1.000000000000000000, 2.599999999999999600 ) ) ;
#2146 = CARTESIAN_POINT ( 'NONE',  ( -3.600000000000000500, 0.05000000000000002400, 1.520000000000000500 ) ) ;
#2147 = ORIENTED_EDGE ( 'NONE', *, *, #4183, .T. ) ;
#2148 = VECTOR ( 'NONE', #914, 1000.000000000000000 ) ;
#2149 = AXIS2_PLACEMENT_3D ( 'NONE', #4869, #1841, #4459 ) ;
#2150 = CARTESIAN_POINT ( 'NONE',  ( 4.336808689942017700E-016, 1.000000000000000000, 2.600000000000000100 ) ) ;
#2151 = AXIS2_PLACEMENT_3D ( 'NONE', #3932, #4249, #154 ) ;
#2152 = CARTESIAN_POINT ( 'NONE',  ( -3.399999999999999500, 1.149999999999999900, 2.199999999999998800 ) ) ;
#2153 = VECTOR ( 'NONE', #193, 1000.000000000000000 ) ;
#2154 = LINE ( 'NONE', #1612, #4030 ) ;
#2155 = EDGE_LOOP ( 'NONE', ( #4485, #2262, #3100, #2472 ) ) ;
#2156 = LINE ( 'NONE', #4119, #148 ) ;
#2157 = MANIFOLD_SOLID_BREP ( 'Boss-Extrude5[3]', #1958 ) ;
#2158 = CARTESIAN_POINT ( 'NONE',  ( 3.600000000000000500, 0.0000000000000000000, 1.769999999999999400 ) ) ;
#2159 = EDGE_CURVE ( 'NONE', #2276, #521, #330, .T. ) ;
#2160 = EDGE_LOOP ( 'NONE', ( #1219, #2063, #3451, #1117 ) ) ;
#2161 = EDGE_LOOP ( 'NONE', ( #977, #408, #2098, #3673 ) ) ;
#2162 = ORIENTED_EDGE ( 'NONE', *, *, #2743, .F. ) ;
#2163 = ORIENTED_EDGE ( 'NONE', *, *, #2558, .T. ) ;
#2164 = EDGE_LOOP ( 'NONE', ( #4801, #3802, #699, #2192 ) ) ;
#2165 = LINE ( 'NONE', #2478, #2284 ) ;
#2166 = DIRECTION ( 'NONE',  ( 0.0000000000000000000, 0.0000000000000000000, 1.000000000000000000 ) ) ;
#2167 = DIRECTION ( 'NONE',  ( 1.000000000000000000, -0.0000000000000000000, 0.0000000000000000000 ) ) ;
#2168 = EDGE_CURVE ( 'NONE', #3690, #1963, #387, .T. ) ;
#2169 = DIRECTION ( 'NONE',  ( -0.0000000000000000000, 1.000000000000000000, -0.0000000000000000000 ) ) ;
#2170 = ORIENTED_EDGE ( 'NONE', *, *, #2590, .F. ) ;
#2171 = ORIENTED_EDGE ( 'NONE', *, *, #1849, .T. ) ;
#2172 = CARTESIAN_POINT ( 'NONE',  ( -2.400000000000000400, -1.802775637731995000, 0.7700000000000011300 ) ) ;
#2173 = EDGE_CURVE ( 'NONE', #2693, #3924, #1046, .T. ) ;
#2174 = DIRECTION ( 'NONE',  ( 0.7071067811865567900, 0.0000000000000000000, 0.7071067811865383600 ) ) ;
#2175 = ORIENTED_EDGE ( 'NONE', *, *, #2422, .T. ) ;
#2176 = PLANE ( 'NONE',  #2017 ) ;
#2177 = AXIS2_PLACEMENT_3D ( 'NONE', #3664, #4048, #3645 ) ;
#2178 = VERTEX_POINT ( 'NONE', #3959 ) ;
#2179 = LINE ( 'NONE', #3964, #4054 ) ;
#2180 = CARTESIAN_POINT ( 'NONE',  ( -3.450000000000000200, 1.000000000000000000, 0.0000000000000000000 ) ) ;
#2181 = LINE ( 'NONE', #2533, #1529 ) ;
#2182 = CARTESIAN_POINT ( 'NONE',  ( 3.400000000000000400, 0.5500000000000000400, -1.149289321881338900 ) ) ;
#2183 = LINE ( 'NONE', #2644, #3525 ) ;
#2184 = AXIS2_PLACEMENT_3D ( 'NONE', #2331, #2740, #488 ) ;
#2185 = LINE ( 'NONE', #2884, #4185 ) ;
#2186 = ORIENTED_EDGE ( 'NONE', *, *, #1019, .T. ) ;
#2187 = CARTESIAN_POINT ( 'NONE',  ( -3.400000000000000400, 0.5500000000000000400, -1.390710678118659600 ) ) ;
#2188 = CARTESIAN_POINT ( 'NONE',  ( 3.600000000000001000, 0.5500000000000000400, 1.019999999999997600 ) ) ;
#2189 = VECTOR ( 'NONE', #885, 1000.000000000000000 ) ;
#2190 = CIRCLE ( 'NONE', #2151, 0.2000000000000000900 ) ;
#2191 = EDGE_CURVE ( 'NONE', #3037, #792, #2966, .T. ) ;
#2192 = ORIENTED_EDGE ( 'NONE', *, *, #3666, .T. ) ;
#2193 = CARTESIAN_POINT ( 'NONE',  ( -3.399999999999999500, 1.300000000000000700, 2.600000000000000500 ) ) ;
#2194 = VECTOR ( 'NONE', #169, 1000.000000000000000 ) ;
#2195 = DIRECTION ( 'NONE',  ( 0.0000000000000000000, -0.0000000000000000000, 1.000000000000000000 ) ) ;
#2196 = ORIENTED_EDGE ( 'NONE', *, *, #2607, .T. ) ;
#2197 = CARTESIAN_POINT ( 'NONE',  ( 3.600000000000001000, -1.802775637731995000, -1.019999999999998200 ) ) ;
#2198 = EDGE_CURVE ( 'NONE', #2848, #1196, #2507, .T. ) ;
#2199 = VERTEX_POINT ( 'NONE', #1282 ) ;
#2200 = PLANE ( 'NONE',  #4781 ) ;
#2201 = PLANE ( 'NONE',  #576 ) ;
#2202 = ORIENTED_EDGE ( 'NONE', *, *, #2267, .F. ) ;
#2203 = ORIENTED_EDGE ( 'NONE', *, *, #1541, .T. ) ;
#2204 = ORIENTED_EDGE ( 'NONE', *, *, #2546, .F. ) ;
#2205 = LINE ( 'NONE', #260, #562 ) ;
#2206 = CARTESIAN_POINT ( 'NONE',  ( 3.600000000000000500, 0.0000000000000000000, 1.519999999999999600 ) ) ;
#2207 = LINE ( 'NONE', #1860, #1210 ) ;
#2208 = LINE ( 'NONE', #4736, #4087 ) ;
#2209 = DIRECTION ( 'NONE',  ( 0.7071067811865567900, -0.0000000000000000000, -0.7071067811865383600 ) ) ;
#2210 = CARTESIAN_POINT ( 'NONE',  ( 2.100000000000000100, -1.802775637731995000, 0.7699999999999994600 ) ) ;
#2211 = SURFACE_STYLE_FILL_AREA ( #3523 ) ;
#2212 = AXIS2_PLACEMENT_3D ( 'NONE', #3623, #4049, #4003 ) ;
#2213 = ORIENTED_EDGE ( 'NONE', *, *, #1067, .F. ) ;
#2214 = ORIENTED_EDGE ( 'NONE', *, *, #24, .F. ) ;
#2215 = CARTESIAN_POINT ( 'NONE',  ( -3.199999999999999300, 1.149999999999999900, -2.199999999999999300 ) ) ;
#2216 = AXIS2_PLACEMENT_3D ( 'NONE', #4690, #2841, #4334 ) ;
#2217 = ORIENTED_EDGE ( 'NONE', *, *, #1984, .T. ) ;
#2218 = CARTESIAN_POINT ( 'NONE',  ( -3.600000000000000500, 0.5500000000000000400, 1.520000000000000500 ) ) ;
#2219 = FACE_OUTER_BOUND ( 'NONE', #3438, .T. ) ;
#2220 = UNCERTAINTY_MEASURE_WITH_UNIT (LENGTH_MEASURE( 1.000000000000000100E-005 ), #1360, 'distance_accuracy_value', 'NONE');
#2221 = ORIENTED_EDGE ( 'NONE', *, *, #345, .F. ) ;
#2222 = ORIENTED_EDGE ( 'NONE', *, *, #1999, .T. ) ;
#2223 = EDGE_CURVE ( 'NONE', #882, #53, #1750, .T. ) ;
#2224 = VECTOR ( 'NONE', #3357, 1000.000000000000000 ) ;
#2225 = ORIENTED_EDGE ( 'NONE', *, *, #2144, .T. ) ;
#2226 = ORIENTED_EDGE ( 'NONE', *, *, #2384, .F. ) ;
#2227 =( NAMED_UNIT ( * ) PLANE_ANGLE_UNIT ( ) SI_UNIT ( $, .RADIAN. ) );
#2228 = DIRECTION ( 'NONE',  ( -0.0000000000000000000, -1.000000000000000000, -0.0000000000000000000 ) ) ;
#2229 = EDGE_CURVE ( 'NONE', #4127, #4047, #3975, .T. ) ;
#2230 = EDGE_LOOP ( 'NONE', ( #1079, #849, #4741, #1906, #4573, #999, #4749 ) ) ;
#2231 = CARTESIAN_POINT ( 'NONE',  ( -3.600000000000000500, -1.802775637731995000, -1.769999999999996000 ) ) ;
#2232 = DIRECTION ( 'NONE',  ( 0.7071067811865567900, -0.0000000000000000000, -0.7071067811865383600 ) ) ;
#2233 = DIRECTION ( 'NONE',  ( -0.0000000000000000000, 1.000000000000000000, -0.0000000000000000000 ) ) ;
#2234 = EDGE_LOOP ( 'NONE', ( #3325, #2561, #4689, #3181, #1452, #4606, #4636 ) ) ;
#2235 = ORIENTED_EDGE ( 'NONE', *, *, #3517, .T. ) ;
#2236 = CARTESIAN_POINT ( 'NONE',  ( 3.450000000000000200, 0.5500000000000000400, -1.169999999999993900 ) ) ;
#2237 = LINE ( 'NONE', #4642, #2707 ) ;
#2238 = EDGE_CURVE ( 'NONE', #1050, #620, #4735, .T. ) ;
#2239 = VECTOR ( 'NONE', #3362, 1000.000000000000000 ) ;
#2240 =( NAMED_UNIT ( * ) SI_UNIT ( $, .STERADIAN. ) SOLID_ANGLE_UNIT ( ) );
#2241 = CARTESIAN_POINT ( 'NONE',  ( 3.564644660940673200, 0.5500000000000000400, 1.555355339059327500 ) ) ;
#2242 = AXIS2_PLACEMENT_3D ( 'NONE', #2450, #190, #581 ) ;
#2243 = VECTOR ( 'NONE', #747, 1000.000000000000000 ) ;
#2244 = CARTESIAN_POINT ( 'NONE',  ( -3.450000000000000200, -0.6047401740571388700, -1.370000000000004500 ) ) ;
#2245 = DIRECTION ( 'NONE',  ( -0.7071067811865567900, 0.0000000000000000000, 0.7071067811865383600 ) ) ;
#2246 = VECTOR ( 'NONE', #4708, 1000.000000000000000 ) ;
#2247 = CARTESIAN_POINT ( 'NONE',  ( -2.400000000000000400, 0.05000000000000000300, -1.769999999999996000 ) ) ;
#2248 = LINE ( 'NONE', #1715, #2658 ) ;
#2249 = ORIENTED_EDGE ( 'NONE', *, *, #4587, .F. ) ;
#2250 = DIRECTION ( 'NONE',  ( 0.0000000000000000000, 0.0000000000000000000, 1.000000000000000000 ) ) ;
#2251 = ORIENTED_EDGE ( 'NONE', *, *, #1307, .F. ) ;
#2252 = LINE ( 'NONE', #4614, #3002 ) ;
#2253 = ORIENTED_EDGE ( 'NONE', *, *, #4657, .F. ) ;
#2254 = ORIENTED_EDGE ( 'NONE', *, *, #4617, .F. ) ;
#2255 = LINE ( 'NONE', #240, #1088 ) ;
#2256 = EDGE_CURVE ( 'NONE', #1934, #2020, #1155, .T. ) ;
#2257 = DIRECTION ( 'NONE',  ( -0.7071067811865388000, 0.0000000000000000000, 0.7071067811865561200 ) ) ;
#2258 = ORIENTED_EDGE ( 'NONE', *, *, #625, .T. ) ;
#2259 = APPLICATION_CONTEXT ( 'automotive_design' ) ;
#2260 = DIRECTION ( 'NONE',  ( -0.0000000000000000000, -1.000000000000000000, -0.0000000000000000000 ) ) ;
#2261 = CARTESIAN_POINT ( 'NONE',  ( -3.564644660940673700, 0.5500000000000000400, -0.9846446609406704900 ) ) ;
#2262 = ORIENTED_EDGE ( 'NONE', *, *, #526, .T. ) ;
#2263 = CARTESIAN_POINT ( 'NONE',  ( -3.600000000000000500, -0.6047401740571388700, -1.520000000000000500 ) ) ;
#2264 = EDGE_CURVE ( 'NONE', #3029, #3631, #2268, .T. ) ;
#2265 = ADVANCED_FACE ( 'NONE', ( #2451 ), #2140, .F. ) ;
#2266 = LINE ( 'NONE', #129, #4146 ) ;
#2267 = EDGE_CURVE ( 'NONE', #1250, #1881, #2385, .T. ) ;
#2268 = LINE ( 'NONE', #2469, #628 ) ;
#2269 = ADVANCED_FACE ( 'NONE', ( #1389 ), #4745, .F. ) ;
#2270 = CARTESIAN_POINT ( 'NONE',  ( 3.564644660940673700, 0.5500000000000000400, 0.9846446609406696000 ) ) ;
#2271 = VECTOR ( 'NONE', #2702, 1000.000000000000000 ) ;
#2272 = MECHANICAL_DESIGN_GEOMETRIC_PRESENTATION_REPRESENTATION (  '', ( #1988 ), #1930 ) ;
#2273 = ORIENTED_EDGE ( 'NONE', *, *, #2915, .T. ) ;
#2274 = CARTESIAN_POINT ( 'NONE',  ( -3.564644660940673700, 0.5500000000000000400, -0.9846446609406704900 ) ) ;
#2275 = VECTOR ( 'NONE', #4412, 1000.000000000000000 ) ;
#2276 = VERTEX_POINT ( 'NONE', #1353 ) ;
#2277 = CARTESIAN_POINT ( 'NONE',  ( 0.0000000000000000000, 0.5500000000000000400, 0.0000000000000000000 ) ) ;
#2278 = DIRECTION ( 'NONE',  ( 0.0000000000000000000, -1.000000000000000000, 0.0000000000000000000 ) ) ;
#2279 = MECHANICAL_DESIGN_GEOMETRIC_PRESENTATION_REPRESENTATION (  '', ( #3946 ), #2482 ) ;
#2280 = ORIENTED_EDGE ( 'NONE', *, *, #1106, .F. ) ;
#2281 = EDGE_LOOP ( 'NONE', ( #179, #1981, #1555, #556, #2811, #2339, #4168, #195 ) ) ;
#2282 = ORIENTED_EDGE ( 'NONE', *, *, #2791, .T. ) ;
#2283 = ORIENTED_EDGE ( 'NONE', *, *, #3854, .F. ) ;
#2284 = VECTOR ( 'NONE', #4347, 1000.000000000000000 ) ;
#2285 = DIRECTION ( 'NONE',  ( 0.0000000000000000000, 0.0000000000000000000, -1.000000000000000000 ) ) ;
#2286 = ORIENTED_EDGE ( 'NONE', *, *, #2291, .T. ) ;
#2287 = ORIENTED_EDGE ( 'NONE', *, *, #276, .F. ) ;
#2288 = ORIENTED_EDGE ( 'NONE', *, *, #3257, .F. ) ;
#2289 = DIRECTION ( 'NONE',  ( -0.0000000000000000000, 1.000000000000000000, -0.0000000000000000000 ) ) ;
#2290 = PLANE ( 'NONE',  #4723 ) ;
#2291 = EDGE_CURVE ( 'NONE', #1870, #4616, #142, .T. ) ;
#2292 = CARTESIAN_POINT ( 'NONE',  ( 3.400000000000000400, 0.05000000000000000300, -1.149289321881338900 ) ) ;
#2293 = VERTEX_POINT ( 'NONE', #1749 ) ;
#2294 = EDGE_CURVE ( 'NONE', #3269, #1628, #1265, .T. ) ;
#2295 = DIRECTION ( 'NONE',  ( -1.445602896647340100E-016, 0.0000000000000000000, -1.000000000000000000 ) ) ;
#2296 = DIRECTION ( 'NONE',  ( -0.0000000000000000000, 1.000000000000000000, -0.0000000000000000000 ) ) ;
#2297 = ADVANCED_FACE ( 'NONE', ( #4855 ), #1370, .F. ) ;
#2298 = FACE_OUTER_BOUND ( 'NONE', #4016, .T. ) ;
#2299 = ORIENTED_EDGE ( 'NONE', *, *, #218, .T. ) ;
#2300 = LINE ( 'NONE', #2427, #3641 ) ;
#2301 = FACE_OUTER_BOUND ( 'NONE', #1448, .T. ) ;
#2302 = CARTESIAN_POINT ( 'NONE',  ( -3.399999999999999500, 0.0000000000000000000, -2.599999999999999600 ) ) ;
#2303 = CARTESIAN_POINT ( 'NONE',  ( 3.199999999999998800, 1.000000000000000000, -2.400000000000000400 ) ) ;
#2304 = CIRCLE ( 'NONE', #2149, 0.2000000000000000900 ) ;
#2305 = EDGE_CURVE ( 'NONE', #155, #1324, #1617, .T. ) ;
#2306 = LINE ( 'NONE', #3095, #1596 ) ;
#2307 = ORIENTED_EDGE ( 'NONE', *, *, #2350, .T. ) ;
#2308 = DIRECTION ( 'NONE',  ( -0.0000000000000000000, 0.0000000000000000000, -1.000000000000000000 ) ) ;
#2309 = AXIS2_PLACEMENT_3D ( 'NONE', #1691, #3972, #2805 ) ;
#2310 = VECTOR ( 'NONE', #1483, 999.9999999999998900 ) ;
#2311 = DIRECTION ( 'NONE',  ( 1.000000000000000000, -0.0000000000000000000, 0.0000000000000000000 ) ) ;
#2312 = VECTOR ( 'NONE', #934, 1000.000000000000000 ) ;
#2313 = ORIENTED_EDGE ( 'NONE', *, *, #1409, .T. ) ;
#2314 = FACE_OUTER_BOUND ( 'NONE', #4050, .T. ) ;
#2315 = ADVANCED_FACE ( 'NONE', ( #4326 ), #1404, .F. ) ;
#2316 = ORIENTED_EDGE ( 'NONE', *, *, #2107, .F. ) ;
#2317 = EDGE_CURVE ( 'NONE', #2517, #4598, #450, .T. ) ;
#2318 = ORIENTED_EDGE ( 'NONE', *, *, #3761, .F. ) ;
#2319 = ADVANCED_FACE ( 'NONE', ( #1338 ), #4759, .F. ) ;
#2320 = CARTESIAN_POINT ( 'NONE',  ( 2.400000000000000400, 0.0000000000000000000, -1.769999999999999400 ) ) ;
#2321 = ORIENTED_EDGE ( 'NONE', *, *, #948, .F. ) ;
#2322 = DIRECTION ( 'NONE',  ( -0.0000000000000000000, 0.0000000000000000000, -1.000000000000000000 ) ) ;
#2323 = EDGE_CURVE ( 'NONE', #3078, #4289, #3852, .T. ) ;
#2324 = EDGE_LOOP ( 'NONE', ( #2225, #3503, #1374, #1091 ) ) ;
#2325 = LINE ( 'NONE', #1806, #3727 ) ;
#2326 = CARTESIAN_POINT ( 'NONE',  ( 2.100000000000000100, 0.05000000000000000300, 1.769999999999999400 ) ) ;
#2327 = CARTESIAN_POINT ( 'NONE',  ( 3.600000000000000500, 0.0000000000000000000, 1.769999999999999400 ) ) ;
#2328 = VECTOR ( 'NONE', #3722, 1000.000000000000100 ) ;
#2329 = DIRECTION ( 'NONE',  ( -0.0000000000000000000, -0.0000000000000000000, -1.000000000000000000 ) ) ;
#2330 = CIRCLE ( 'NONE', #2565, 0.2000000000000000900 ) ;
#2331 = CARTESIAN_POINT ( 'NONE',  ( 3.600000000000000500, 1.000000000000000000, 2.599999999999999600 ) ) ;
#2332 = EDGE_CURVE ( 'NONE', #3380, #3006, #1973, .T. ) ;
#2333 = CARTESIAN_POINT ( 'NONE',  ( 3.599999999999999600, 1.300000000000000700, -1.019999999999999600 ) ) ;
#2334 = CARTESIAN_POINT ( 'NONE',  ( -3.450000000000000200, -0.6047401740571388700, -1.169999999999994800 ) ) ;
#2335 = ORIENTED_EDGE ( 'NONE', *, *, #2497, .F. ) ;
#2336 = EDGE_LOOP ( 'NONE', ( #822, #3889, #4091, #1276 ) ) ;
#2337 = ORIENTED_EDGE ( 'NONE', *, *, #4238, .F. ) ;
#2338 = CARTESIAN_POINT ( 'NONE',  ( 3.450000000000000200, -0.6047401740571388700, 1.169999999999993900 ) ) ;
#2339 = ORIENTED_EDGE ( 'NONE', *, *, #1571, .T. ) ;
#2340 = CYLINDRICAL_SURFACE ( 'NONE', #1023, 0.2000000000000000900 ) ;
#2341 = AXIS2_PLACEMENT_3D ( 'NONE', #2467, #2888, #1368 ) ;
#2342 = ORIENTED_EDGE ( 'NONE', *, *, #1036, .F. ) ;
#2343 = LINE ( 'NONE', #377, #1005 ) ;
#2344 = ORIENTED_EDGE ( 'NONE', *, *, #3517, .F. ) ;
#2345 = CARTESIAN_POINT ( 'NONE',  ( -3.599999999999999600, 1.000000000000000000, 2.600000000000000500 ) ) ;
#2346 = VERTEX_POINT ( 'NONE', #3656 ) ;
#2347 = ADVANCED_FACE ( 'NONE', ( #3306 ), #2103, .F. ) ;
#2348 = EDGE_CURVE ( 'NONE', #308, #3637, #2207, .T. ) ;
#2349 = DIRECTION ( 'NONE',  ( -0.7071067811865562300, 0.0000000000000000000, 0.7071067811865389100 ) ) ;
#2350 = EDGE_CURVE ( 'NONE', #3456, #2854, #206, .T. ) ;
#2351 = ORIENTED_EDGE ( 'NONE', *, *, #1441, .T. ) ;
#2352 = DIRECTION ( 'NONE',  ( 0.0000000000000000000, -0.0000000000000000000, 1.000000000000000000 ) ) ;
#2353 = CARTESIAN_POINT ( 'NONE',  ( -3.564644660940673700, 0.05000000000000000300, -0.9846446609406704900 ) ) ;
#2354 = DIRECTION ( 'NONE',  ( 0.0000000000000000000, 0.0000000000000000000, -1.000000000000000000 ) ) ;
#2355 = VECTOR ( 'NONE', #3203, 1000.000000000000000 ) ;
#2356 = EDGE_CURVE ( 'NONE', #3837, #560, #3787, .T. ) ;
#2357 = DIRECTION ( 'NONE',  ( 0.0000000000000000000, 0.0000000000000000000, -1.000000000000000000 ) ) ;
#2358 = DIRECTION ( 'NONE',  ( -0.0000000000000000000, 1.000000000000000000, -0.0000000000000000000 ) ) ;
#2359 = VECTOR ( 'NONE', #2329, 1000.000000000000000 ) ;
#2360 = DIRECTION ( 'NONE',  ( 0.7071067811865567900, 0.0000000000000000000, -0.7071067811865383600 ) ) ;
#2361 = VECTOR ( 'NONE', #4438, 1000.000000000000000 ) ;
#2362 = CARTESIAN_POINT ( 'NONE',  ( -3.564644660940673200, 0.5500000000000000400, -1.555355339059328400 ) ) ;
#2363 = VECTOR ( 'NONE', #133, 1000.000000000000000 ) ;
#2364 = FILL_AREA_STYLE_COLOUR ( '', #2014 ) ;
#2365 = AXIS2_PLACEMENT_3D ( 'NONE', #1444, #3281, #348 ) ;
#2366 = VECTOR ( 'NONE', #2851, 1000.000000000000000 ) ;
#2367 = ORIENTED_EDGE ( 'NONE', *, *, #3393, .F. ) ;
#2368 = ADVANCED_FACE ( 'NONE', ( #443 ), #2552, .F. ) ;
#2369 = DIRECTION ( 'NONE',  ( -1.000000000000000000, 0.0000000000000000000, 1.204669080539449300E-016 ) ) ;
#2370 = CARTESIAN_POINT ( 'NONE',  ( -3.599999999999999600, 0.0000000000000000000, 2.400000000000000400 ) ) ;
#2371 = ORIENTED_EDGE ( 'NONE', *, *, #2615, .T. ) ;
#2372 = ORIENTED_EDGE ( 'NONE', *, *, #4118, .T. ) ;
#2373 = ORIENTED_EDGE ( 'NONE', *, *, #4149, .F. ) ;
#2374 = AXIS2_PLACEMENT_3D ( 'NONE', #3855, #96, #445 ) ;
#2375 = EDGE_LOOP ( 'NONE', ( #1567, #1820, #3080, #1815 ) ) ;
#2376 = DIRECTION ( 'NONE',  ( 0.7071067811865567900, -0.0000000000000000000, 0.7071067811865383600 ) ) ;
#2377 = AXIS2_PLACEMENT_3D ( 'NONE', #1580, #2382, #4207 ) ;
#2378 = DIRECTION ( 'NONE',  ( -0.7071067811865388000, 0.0000000000000000000, 0.7071067811865562300 ) ) ;
#2379 = VERTEX_POINT ( 'NONE', #2951 ) ;
#2380 = DIRECTION ( 'NONE',  ( 0.0000000000000000000, 1.000000000000000000, 0.0000000000000000000 ) ) ;
#2381 = PLANE ( 'NONE',  #1520 ) ;
#2382 = DIRECTION ( 'NONE',  ( -1.000000000000000000, 0.0000000000000000000, 0.0000000000000000000 ) ) ;
#2383 = LINE ( 'NONE', #2973, #4846 ) ;
#2384 = EDGE_CURVE ( 'NONE', #2690, #586, #2792, .T. ) ;
#2385 = LINE ( 'NONE', #618, #1104 ) ;
#2386 = LINE ( 'NONE', #4359, #2793 ) ;
#2387 = EDGE_LOOP ( 'NONE', ( #844, #2905, #1759, #4508, #1656, #2087, #1435 ) ) ;
#2388 = DIRECTION ( 'NONE',  ( 0.0000000000000000000, 0.0000000000000000000, -1.000000000000000000 ) ) ;
#2389 = DIRECTION ( 'NONE',  ( 1.000000000000000000, 0.0000000000000000000, 0.0000000000000000000 ) ) ;
#2390 = ADVANCED_FACE ( 'NONE', ( #2446 ), #694, .F. ) ;
#2391 = SURFACE_STYLE_FILL_AREA ( #2657 ) ;
#2392 = DIRECTION ( 'NONE',  ( -0.0000000000000000000, 1.000000000000000000, -0.0000000000000000000 ) ) ;
#2393 = ORIENTED_EDGE ( 'NONE', *, *, #2925, .F. ) ;
#2394 = ORIENTED_EDGE ( 'NONE', *, *, #1793, .F. ) ;
#2395 = ORIENTED_EDGE ( 'NONE', *, *, #1077, .T. ) ;
#2396 = ORIENTED_EDGE ( 'NONE', *, *, #2898, .T. ) ;
#2397 = VERTEX_POINT ( 'NONE', #3300 ) ;
#2398 = VECTOR ( 'NONE', #3129, 1000.000000000000000 ) ;
#2399 = EDGE_CURVE ( 'NONE', #3924, #2929, #1330, .T. ) ;
#2400 = ORIENTED_EDGE ( 'NONE', *, *, #1907, .F. ) ;
#2401 = CARTESIAN_POINT ( 'NONE',  ( -3.599999999999999600, 1.300000000000000700, -1.519999999999999600 ) ) ;
#2402 = AXIS2_PLACEMENT_3D ( 'NONE', #491, #857, #2758 ) ;
#2403 = ORIENTED_EDGE ( 'NONE', *, *, #175, .F. ) ;
#2404 = VERTEX_POINT ( 'NONE', #4120 ) ;
#2405 = DIRECTION ( 'NONE',  ( -0.0000000000000000000, 1.000000000000000000, -0.0000000000000000000 ) ) ;
#2406 = DIRECTION ( 'NONE',  ( -0.0000000000000000000, -1.000000000000000000, -0.0000000000000000000 ) ) ;
#2407 = VERTEX_POINT ( 'NONE', #293 ) ;
#2408 = DIRECTION ( 'NONE',  ( 0.7071067811865388000, 0.0000000000000000000, -0.7071067811865561200 ) ) ;
#2409 = EDGE_CURVE ( 'NONE', #2695, #1685, #2911, .T. ) ;
#2410 = DIRECTION ( 'NONE',  ( 0.0000000000000000000, 0.0000000000000000000, -1.000000000000000000 ) ) ;
#2411 = DIRECTION ( 'NONE',  ( -1.000000000000000000, 0.0000000000000000000, 0.0000000000000000000 ) ) ;
#2412 = FACE_OUTER_BOUND ( 'NONE', #1697, .T. ) ;
#2413 = SURFACE_SIDE_STYLE ('',( #2778 ) ) ;
#2414 = VERTEX_POINT ( 'NONE', #2936 ) ;
#2415 = EDGE_CURVE ( 'NONE', #236, #4824, #1801, .T. ) ;
#2416 = ADVANCED_FACE ( 'NONE', ( #327 ), #710, .F. ) ;
#2417 = CARTESIAN_POINT ( 'NONE',  ( 2.999999999999998700, 10.36659513557903800, -2.200000000000000200 ) ) ;
#2418 = PLANE ( 'NONE',  #4561 ) ;
#2419 = LINE ( 'NONE', #3801, #3275 ) ;
#2420 = VECTOR ( 'NONE', #1589, 1000.000000000000000 ) ;
#2421 = FACE_OUTER_BOUND ( 'NONE', #4247, .T. ) ;
#2422 = EDGE_CURVE ( 'NONE', #449, #875, #563, .T. ) ;
#2423 = CARTESIAN_POINT ( 'NONE',  ( 3.564644660940673700, 0.05000000000000000300, 0.9846446609406696000 ) ) ;
#2424 = LINE ( 'NONE', #1528, #4765 ) ;
#2425 = CARTESIAN_POINT ( 'NONE',  ( 3.600000000000001000, 0.5500000000000000400, -1.019999999999997600 ) ) ;
#2426 = ORIENTED_EDGE ( 'NONE', *, *, #3278, .T. ) ;
#2427 = CARTESIAN_POINT ( 'NONE',  ( 3.600000000000000500, 0.5500000000000000400, 1.519999999999999600 ) ) ;
#2428 = PLANE ( 'NONE',  #3710 ) ;
#2429 = LINE ( 'NONE', #4148, #726 ) ;
#2430 = DIRECTION ( 'NONE',  ( -1.000000000000000000, 0.0000000000000000000, -0.0000000000000000000 ) ) ;
#2431 = ORIENTED_EDGE ( 'NONE', *, *, #689, .F. ) ;
#2432 = FACE_OUTER_BOUND ( 'NONE', #947, .T. ) ;
#2433 = CARTESIAN_POINT ( 'NONE',  ( -2.400000000000000400, 0.05000000000000000300, -0.7699999999999959100 ) ) ;
#2434 = CARTESIAN_POINT ( 'NONE',  ( -3.450000000000000200, 0.5500000000000000400, -1.370000000000004500 ) ) ;
#2435 = ORIENTED_EDGE ( 'NONE', *, *, #447, .F. ) ;
#2436 = PRESENTATION_LAYER_ASSIGNMENT (  '', '', ( #4290 ) ) ;
#2437 = ORIENTED_EDGE ( 'NONE', *, *, #4420, .F. ) ;
#2438 = CARTESIAN_POINT ( 'NONE',  ( -3.600000000000000500, 0.05000000000000000300, -1.769999999999996000 ) ) ;
#2439 = CARTESIAN_POINT ( 'NONE',  ( -3.400000000000000400, 0.5500000000000000400, -1.390710678118659600 ) ) ;
#2440 = VERTEX_POINT ( 'NONE', #673 ) ;
#2441 = ADVANCED_FACE ( 'NONE', ( #803 ), #2601, .F. ) ;
#2442 = LINE ( 'NONE', #998, #4731 ) ;
#2443 = PRESENTATION_LAYER_ASSIGNMENT (  '', '', ( #3946 ) ) ;
#2444 = EDGE_CURVE ( 'NONE', #4845, #1233, #4787, .T. ) ;
#2445 = CARTESIAN_POINT ( 'NONE',  ( -3.599999999999999600, 1.300000000000000700, 1.019999999999999600 ) ) ;
#2446 = FACE_OUTER_BOUND ( 'NONE', #1967, .T. ) ;
#2447 = CYLINDRICAL_SURFACE ( 'NONE', #3035, 0.2000000000000000900 ) ;
#2448 = CARTESIAN_POINT ( 'NONE',  ( -3.199999999999999300, 1.149999999999999900, 1.999999999999998700 ) ) ;
#2449 = ORIENTED_EDGE ( 'NONE', *, *, #2974, .F. ) ;
#2450 = CARTESIAN_POINT ( 'NONE',  ( 3.600000000000000500, 1.000000000000000000, 2.599999999999999600 ) ) ;
#2451 = FACE_OUTER_BOUND ( 'NONE', #4791, .T. ) ;
#2452 = ORIENTED_EDGE ( 'NONE', *, *, #170, .F. ) ;
#2453 = EDGE_CURVE ( 'NONE', #614, #2847, #3671, .T. ) ;
#2454 = ORIENTED_EDGE ( 'NONE', *, *, #4668, .F. ) ;
#2455 = ORIENTED_EDGE ( 'NONE', *, *, #4304, .F. ) ;
#2456 = ORIENTED_EDGE ( 'NONE', *, *, #2728, .F. ) ;
#2457 = LINE ( 'NONE', #3149, #4276 ) ;
#2458 = EDGE_LOOP ( 'NONE', ( #67, #3361, #3092, #227, #3667, #3978, #3944, #2524, #3564, #910 ) ) ;
#2459 = CARTESIAN_POINT ( 'NONE',  ( -3.600000000000000500, 0.5500000000000000400, 1.520000000000000500 ) ) ;
#2460 = DIRECTION ( 'NONE',  ( 0.0000000000000000000, 0.0000000000000000000, 1.000000000000000000 ) ) ;
#2461 = VECTOR ( 'NONE', #1511, 1000.000000000000000 ) ;
#2462 = AXIS2_PLACEMENT_3D ( 'NONE', #4806, #4085, #3691 ) ;
#2463 = VERTEX_POINT ( 'NONE', #4449 ) ;
#2464 = ORIENTED_EDGE ( 'NONE', *, *, #270, .F. ) ;
#2465 = PLANE ( 'NONE',  #2216 ) ;
#2466 = DIRECTION ( 'NONE',  ( 1.000000000000000000, 0.0000000000000000000, 0.0000000000000000000 ) ) ;
#2467 = CARTESIAN_POINT ( 'NONE',  ( 3.600000000000001000, -0.6047401740571388700, 1.019999999999997600 ) ) ;
#2468 = ADVANCED_FACE ( 'NONE', ( #1558 ), #1489, .F. ) ;
#2469 = CARTESIAN_POINT ( 'NONE',  ( -3.600000000000000500, -0.6047401740571388700, -1.520000000000000500 ) ) ;
#2470 = AXIS2_PLACEMENT_3D ( 'NONE', #4280, #2755, #2796 ) ;
#2471 = AXIS2_PLACEMENT_3D ( 'NONE', #730, #1126, #1112 ) ;
#2472 = ORIENTED_EDGE ( 'NONE', *, *, #3150, .T. ) ;
#2473 = EDGE_LOOP ( 'NONE', ( #697, #1097, #2697, #4710 ) ) ;
#2474 = CARTESIAN_POINT ( 'NONE',  ( -2.309999999999952500, 1.000000000000000000, 2.310000000000012900 ) ) ;
#2475 = CARTESIAN_POINT ( 'NONE',  ( 3.600000000000000500, 1.000000000000000000, -2.600000000000000500 ) ) ;
#2476 = PRESENTATION_STYLE_ASSIGNMENT (( #22 ) ) ;
#2477 = CARTESIAN_POINT ( 'NONE',  ( 3.450000000000000200, 0.0000000000000000000, -1.370000000000003700 ) ) ;
#2478 = CARTESIAN_POINT ( 'NONE',  ( 3.450000000000000200, 1.300000000000000700, 1.169999999999994800 ) ) ;
#2479 = EDGE_CURVE ( 'NONE', #1948, #1397, #4670, .T. ) ;
#2480 = LINE ( 'NONE', #862, #2649 ) ;
#2481 = DIRECTION ( 'NONE',  ( -0.0000000000000000000, -1.000000000000000000, -0.0000000000000000000 ) ) ;
#2482 =( GEOMETRIC_REPRESENTATION_CONTEXT ( 3 ) GLOBAL_UNCERTAINTY_ASSIGNED_CONTEXT ( ( #1834 ) ) GLOBAL_UNIT_ASSIGNED_CONTEXT ( ( #1252, #499, #4224 ) ) REPRESENTATION_CONTEXT ( 'NONE', 'WORKASPACE' ) );
#2483 = LINE ( 'NONE', #3347, #4470 ) ;
#2484 = CARTESIAN_POINT ( 'NONE',  ( -3.564644660940673200, 0.5500000000000000400, 1.555355339059328400 ) ) ;
#2485 = LINE ( 'NONE', #1524, #1131 ) ;
#2486 = EDGE_CURVE ( 'NONE', #2440, #1628, #4553, .T. ) ;
#2487 = CARTESIAN_POINT ( 'NONE',  ( -3.600000000000001000, 0.05000000000000000300, -1.019999999999998200 ) ) ;
#2488 = DIRECTION ( 'NONE',  ( -0.7071067811865569000, 0.0000000000000000000, -0.7071067811865382500 ) ) ;
#2489 = VECTOR ( 'NONE', #3102, 1000.000000000000000 ) ;
#2490 = FACE_OUTER_BOUND ( 'NONE', #2095, .T. ) ;
#2491 = ORIENTED_EDGE ( 'NONE', *, *, #1468, .T. ) ;
#2492 = ORIENTED_EDGE ( 'NONE', *, *, #4551, .F. ) ;
#2493 = LINE ( 'NONE', #2193, #662 ) ;
#2494 = ADVANCED_FACE ( 'NONE', ( #1445 ), #1506, .F. ) ;
#2495 = ORIENTED_EDGE ( 'NONE', *, *, #241, .F. ) ;
#2496 = PLANE ( 'NONE',  #4232 ) ;
#2497 = EDGE_CURVE ( 'NONE', #315, #1455, #4324, .T. ) ;
#2498 = DIRECTION ( 'NONE',  ( -1.000000000000000000, 0.0000000000000000000, 1.204669080539449300E-016 ) ) ;
#2499 = EDGE_LOOP ( 'NONE', ( #3813, #2802, #3433, #486 ) ) ;
#2500 = AXIS2_PLACEMENT_3D ( 'NONE', #902, #2770, #3851 ) ;
#2501 = PLANE ( 'NONE',  #966 ) ;
#2502 = CARTESIAN_POINT ( 'NONE',  ( 3.600000000000001000, 0.5500000000000000400, 1.019999999999997600 ) ) ;
#2503 = VERTEX_POINT ( 'NONE', #3010 ) ;
#2504 = CARTESIAN_POINT ( 'NONE',  ( 0.0000000000000000000, 0.5500000000000000400, 0.0000000000000000000 ) ) ;
#2505 = CARTESIAN_POINT ( 'NONE',  ( 3.450000000000000200, 1.300000000000000700, -1.370000000000004500 ) ) ;
#2506 = LINE ( 'NONE', #2945, #1497 ) ;
#2507 = LINE ( 'NONE', #2086, #3903 ) ;
#2508 = PLANE ( 'NONE',  #4738 ) ;
#2509 = LINE ( 'NONE', #607, #35 ) ;
#2510 = DIRECTION ( 'NONE',  ( -0.0000000000000000000, -0.0000000000000000000, 1.000000000000000000 ) ) ;
#2511 = VERTEX_POINT ( 'NONE', #2992 ) ;
#2512 = DIRECTION ( 'NONE',  ( 4.336808689942017700E-016, -0.0000000000000000000, 1.000000000000000000 ) ) ;
#2513 = EDGE_CURVE ( 'NONE', #1894, #1387, #2343, .T. ) ;
#2514 = VECTOR ( 'NONE', #3402, 999.9999999999998900 ) ;
#2515 = DIRECTION ( 'NONE',  ( -0.0000000000000000000, 1.000000000000000000, -0.0000000000000000000 ) ) ;
#2516 = ORIENTED_EDGE ( 'NONE', *, *, #1232, .T. ) ;
#2517 = VERTEX_POINT ( 'NONE', #3033 ) ;
#2518 = DIRECTION ( 'NONE',  ( -0.0000000000000000000, 1.000000000000000000, -0.0000000000000000000 ) ) ;
#2519 = ORIENTED_EDGE ( 'NONE', *, *, #1278, .T. ) ;
#2520 = DIRECTION ( 'NONE',  ( 0.0000000000000000000, 0.0000000000000000000, -1.000000000000000000 ) ) ;
#2521 = ORIENTED_EDGE ( 'NONE', *, *, #4497, .T. ) ;
#2522 = LINE ( 'NONE', #3973, #1513 ) ;
#2523 = EDGE_CURVE ( 'NONE', #511, #1428, #1460, .T. ) ;
#2524 = ORIENTED_EDGE ( 'NONE', *, *, #1972, .F. ) ;
#2525 = ORIENTED_EDGE ( 'NONE', *, *, #1293, .F. ) ;
#2526 = EDGE_CURVE ( 'NONE', #3383, #1039, #3038, .T. ) ;
#2527 = CARTESIAN_POINT ( 'NONE',  ( 0.2000000000000005400, 0.0000000000000000000, 2.600000000000000100 ) ) ;
#2528 = PLANE ( 'NONE',  #1175 ) ;
#2529 = DIRECTION ( 'NONE',  ( -0.0000000000000000000, -1.000000000000000000, -0.0000000000000000000 ) ) ;
#2530 = CARTESIAN_POINT ( 'NONE',  ( -3.400000000000000400, 0.5500000000000000400, 1.149289321881339600 ) ) ;
#2531 = ORIENTED_EDGE ( 'NONE', *, *, #1891, .T. ) ;
#2532 = DIRECTION ( 'NONE',  ( 0.0000000000000000000, 1.000000000000000000, 0.0000000000000000000 ) ) ;
#2533 = CARTESIAN_POINT ( 'NONE',  ( -3.400000000000000400, 0.5500000000000000400, 1.149289321881339600 ) ) ;
#2534 = MECHANICAL_DESIGN_GEOMETRIC_PRESENTATION_REPRESENTATION (  '', ( #4290 ), #4225 ) ;
#2535 = LINE ( 'NONE', #3458, #3872 ) ;
#2536 = AXIS2_PLACEMENT_3D ( 'NONE', #3591, #1294, #2048 ) ;
#2537 = CIRCLE ( 'NONE', #2563, 0.2000000000000000900 ) ;
#2538 = PLANE ( 'NONE',  #1062 ) ;
#2539 = LINE ( 'NONE', #1002, #4180 ) ;
#2540 = EDGE_CURVE ( 'NONE', #3723, #4229, #2978, .T. ) ;
#2541 = VECTOR ( 'NONE', #59, 1000.000000000000000 ) ;
#2542 = CARTESIAN_POINT ( 'NONE',  ( 3.200000000000000200, 1.149999999999999900, -2.200000000000000200 ) ) ;
#2543 = LINE ( 'NONE', #3580, #2773 ) ;
#2544 = VERTEX_POINT ( 'NONE', #2270 ) ;
#2545 = DIRECTION ( 'NONE',  ( -1.000000000000000000, 0.0000000000000000000, 0.0000000000000000000 ) ) ;
#2546 = EDGE_CURVE ( 'NONE', #1875, #767, #3326, .T. ) ;
#2547 = ORIENTED_EDGE ( 'NONE', *, *, #4404, .F. ) ;
#2548 = DIRECTION ( 'NONE',  ( -1.000000000000000000, -0.0000000000000000000, -0.0000000000000000000 ) ) ;
#2549 = VECTOR ( 'NONE', #1782, 1000.000000000000000 ) ;
#2550 = CARTESIAN_POINT ( 'NONE',  ( 3.199999999999998800, 1.149999999999999900, 2.399999999999999500 ) ) ;
#2551 = ORIENTED_EDGE ( 'NONE', *, *, #2305, .F. ) ;
#2552 = PLANE ( 'NONE',  #2462 ) ;
#2553 = VECTOR ( 'NONE', #4722, 1000.000000000000000 ) ;
#2554 = ORIENTED_EDGE ( 'NONE', *, *, #3243, .F. ) ;
#2555 = CARTESIAN_POINT ( 'NONE',  ( -3.564644660940673700, 0.05000000000000000300, 0.9846446609406704900 ) ) ;
#2556 = AXIS2_PLACEMENT_3D ( 'NONE', #600, #4379, #2520 ) ;
#2557 = ORIENTED_EDGE ( 'NONE', *, *, #2660, .T. ) ;
#2558 = EDGE_CURVE ( 'NONE', #2020, #4450, #2872, .T. ) ;
#2559 = DIRECTION ( 'NONE',  ( -0.7071067811865569000, 0.0000000000000000000, -0.7071067811865382500 ) ) ;
#2560 = DIRECTION ( 'NONE',  ( 0.0000000000000000000, 0.0000000000000000000, -1.000000000000000000 ) ) ;
#2561 = ORIENTED_EDGE ( 'NONE', *, *, #1939, .F. ) ;
#2562 = LINE ( 'NONE', #3124, #1798 ) ;
#2563 = AXIS2_PLACEMENT_3D ( 'NONE', #3530, #487, #1644 ) ;
#2564 = CARTESIAN_POINT ( 'NONE',  ( -3.564644660940673200, 0.05000000000000000300, 1.555355339059328400 ) ) ;
#2565 = AXIS2_PLACEMENT_3D ( 'NONE', #1240, #4584, #3450 ) ;
#2566 = DIRECTION ( 'NONE',  ( 0.0000000000000000000, -0.0000000000000000000, 1.000000000000000000 ) ) ;
#2567 = VECTOR ( 'NONE', #774, 1000.000000000000000 ) ;
#2568 = LINE ( 'NONE', #4226, #4325 ) ;
#2569 = VERTEX_POINT ( 'NONE', #2648 ) ;
#2570 = LINE ( 'NONE', #2564, #1507 ) ;
#2571 = PLANE ( 'NONE',  #3172 ) ;
#2572 = EDGE_CURVE ( 'NONE', #1932, #3253, #3629, .T. ) ;
#2573 = ORIENTED_EDGE ( 'NONE', *, *, #732, .F. ) ;
#2574 = ORIENTED_EDGE ( 'NONE', *, *, #187, .F. ) ;
#2575 = ORIENTED_EDGE ( 'NONE', *, *, #1355, .T. ) ;
#2576 = ORIENTED_EDGE ( 'NONE', *, *, #3543, .F. ) ;
#2577 = VECTOR ( 'NONE', #535, 1000.000000000000100 ) ;
#2578 = CARTESIAN_POINT ( 'NONE',  ( 3.600000000000000500, -1.802775637731995000, -1.769999999999999400 ) ) ;
#2579 = CARTESIAN_POINT ( 'NONE',  ( -3.600000000000001000, 0.0000000000000000000, 1.019999999999998200 ) ) ;
#2580 = ORIENTED_EDGE ( 'NONE', *, *, #1754, .T. ) ;
#2581 = DIRECTION ( 'NONE',  ( -0.7071067811865388000, 0.0000000000000000000, 0.7071067811865562300 ) ) ;
#2582 = EDGE_CURVE ( 'NONE', #1863, #492, #2585, .T. ) ;
#2583 = PLANE ( 'NONE',  #2901 ) ;
#2584 = CLOSED_SHELL ( 'NONE', ( #1359, #4555, #4215, #868, #2265, #1645, #2738, #222, #4630, #2368, #523, #3839, #791, #2297, #2315, #1667, #3391 ) ) ;
#2585 = LINE ( 'NONE', #1889, #1871 ) ;
#2586 = ORIENTED_EDGE ( 'NONE', *, *, #1195, .F. ) ;
#2587 = CARTESIAN_POINT ( 'NONE',  ( 3.564644660940673200, 0.05000000000000000300, 1.555355339059327500 ) ) ;
#2588 = EDGE_LOOP ( 'NONE', ( #3595, #1557, #1107, #1229 ) ) ;
#2589 = DIRECTION ( 'NONE',  ( -1.000000000000000000, 0.0000000000000000000, 0.0000000000000000000 ) ) ;
#2590 = EDGE_CURVE ( 'NONE', #735, #1164, #3447, .T. ) ;
#2591 = VERTEX_POINT ( 'NONE', #350 ) ;
#2592 = CARTESIAN_POINT ( 'NONE',  ( -3.564644660940673200, -0.6047401740571388700, 1.555355339059328400 ) ) ;
#2593 = DIRECTION ( 'NONE',  ( 0.0000000000000000000, 0.0000000000000000000, 1.000000000000000000 ) ) ;
#2594 = DIRECTION ( 'NONE',  ( 1.000000000000000000, 0.0000000000000000000, 0.0000000000000000000 ) ) ;
#2595 = AXIS2_PLACEMENT_3D ( 'NONE', #1328, #3583, #4296 ) ;
#2596 = ORIENTED_EDGE ( 'NONE', *, *, #3998, .F. ) ;
#2597 = PLANE ( 'NONE',  #1899 ) ;
#2598 = DIRECTION ( 'NONE',  ( 1.000000000000000000, 0.0000000000000000000, -0.0000000000000000000 ) ) ;
#2599 = VECTOR ( 'NONE', #2138, 1000.000000000000000 ) ;
#2600 = CARTESIAN_POINT ( 'NONE',  ( 3.400000000000000400, 0.5500000000000000400, 1.390710678118658700 ) ) ;
#2601 = PLANE ( 'NONE',  #2365 ) ;
#2602 = VECTOR ( 'NONE', #2245, 1000.000000000000000 ) ;
#2603 = LINE ( 'NONE', #2320, #605 ) ;
#2604 = DIRECTION ( 'NONE',  ( 0.0000000000000000000, 1.000000000000000000, 0.0000000000000000000 ) ) ;
#2605 = FACE_OUTER_BOUND ( 'NONE', #2923, .T. ) ;
#2606 = LINE ( 'NONE', #2434, #3109 ) ;
#2607 = EDGE_CURVE ( 'NONE', #4478, #3439, #2810, .T. ) ;
#2608 = EDGE_LOOP ( 'NONE', ( #1923, #1954, #1796, #2321 ) ) ;
#2609 = CARTESIAN_POINT ( 'NONE',  ( -3.600000000000001000, -0.6047401740571388700, -1.019999999999998200 ) ) ;
#2610 = LINE ( 'NONE', #451, #1535 ) ;
#2611 = CARTESIAN_POINT ( 'NONE',  ( 0.0000000000000000000, 1.300000000000000000, 0.0000000000000000000 ) ) ;
#2612 = DIRECTION ( 'NONE',  ( 0.0000000000000000000, 0.0000000000000000000, -1.000000000000000000 ) ) ;
#2613 = ORIENTED_EDGE ( 'NONE', *, *, #1203, .F. ) ;
#2614 = CARTESIAN_POINT ( 'NONE',  ( -3.600000000000000500, -1.802775637731995000, 1.770000000000000200 ) ) ;
#2615 = EDGE_CURVE ( 'NONE', #458, #2079, #4747, .T. ) ;
#2616 = ORIENTED_EDGE ( 'NONE', *, *, #2526, .T. ) ;
#2617 = ORIENTED_EDGE ( 'NONE', *, *, #566, .F. ) ;
#2618 = ORIENTED_EDGE ( 'NONE', *, *, #2070, .T. ) ;
#2619 = DIRECTION ( 'NONE',  ( -0.0000000000000000000, 1.000000000000000000, -0.0000000000000000000 ) ) ;
#2620 = CARTESIAN_POINT ( 'NONE',  ( -3.450000000000000200, 0.0000000000000000000, -1.169999999999994800 ) ) ;
#2621 = CARTESIAN_POINT ( 'NONE',  ( 3.400000000000000400, 1.300000000000000700, -2.600000000000000500 ) ) ;
#2622 = AXIS2_PLACEMENT_3D ( 'NONE', #4123, #1878, #4484 ) ;
#2623 = VECTOR ( 'NONE', #3665, 1000.000000000000000 ) ;
#2624 = CARTESIAN_POINT ( 'NONE',  ( -3.564644660940673200, -0.6047401740571388700, 1.555355339059328400 ) ) ;
#2625 = PLANE ( 'NONE',  #2051 ) ;
#2626 = AXIS2_PLACEMENT_3D ( 'NONE', #2475, #2814, #1702 ) ;
#2627 = CARTESIAN_POINT ( 'NONE',  ( 3.400000000000000400, 0.05000000000000000300, -1.390710678118658700 ) ) ;
#2628 = FACE_OUTER_BOUND ( 'NONE', #101, .T. ) ;
#2629 = ORIENTED_EDGE ( 'NONE', *, *, #2029, .T. ) ;
#2630 = DIRECTION ( 'NONE',  ( -0.0000000000000000000, -1.000000000000000000, -0.0000000000000000000 ) ) ;
#2631 = LINE ( 'NONE', #4541, #4559 ) ;
#2632 = ORIENTED_EDGE ( 'NONE', *, *, #2818, .T. ) ;
#2633 = ORIENTED_EDGE ( 'NONE', *, *, #4344, .T. ) ;
#2634 = ORIENTED_EDGE ( 'NONE', *, *, #761, .F. ) ;
#2635 = CARTESIAN_POINT ( 'NONE',  ( -3.450000000000000200, 0.0000000000000000000, 1.370000000000004500 ) ) ;
#2636 = DIRECTION ( 'NONE',  ( 1.000000000000000000, 0.0000000000000000000, 0.0000000000000000000 ) ) ;
#2637 = ORIENTED_EDGE ( 'NONE', *, *, #907, .T. ) ;
#2638 = CIRCLE ( 'NONE', #3287, 0.2000000000000000900 ) ;
#2639 = ADVANCED_FACE ( 'NONE', ( #1347 ), #1156, .F. ) ;
#2640 = ORIENTED_EDGE ( 'NONE', *, *, #496, .F. ) ;
#2641 = CARTESIAN_POINT ( 'NONE',  ( -3.564644660940673700, 0.05000000000000000300, -0.9846446609406704900 ) ) ;
#2642 = VERTEX_POINT ( 'NONE', #1862 ) ;
#2643 = EDGE_CURVE ( 'NONE', #1401, #642, #343, .T. ) ;
#2644 = CARTESIAN_POINT ( 'NONE',  ( 3.600000000000000500, -1.802775637731995000, 1.769999999999999400 ) ) ;
#2645 = DIRECTION ( 'NONE',  ( 0.0000000000000000000, 0.0000000000000000000, 1.000000000000000000 ) ) ;
#2646 = DIRECTION ( 'NONE',  ( -4.336808689942017700E-016, 0.0000000000000000000, 1.000000000000000000 ) ) ;
#2647 = EDGE_LOOP ( 'NONE', ( #2634, #2351, #107, #277 ) ) ;
#2648 = CARTESIAN_POINT ( 'NONE',  ( -3.599999999999999600, 1.000000000000000000, -1.019999999999999600 ) ) ;
#2649 = VECTOR ( 'NONE', #432, 1000.000000000000000 ) ;
#2650 = EDGE_CURVE ( 'NONE', #1310, #1575, #585, .T. ) ;
#2651 = DIRECTION ( 'NONE',  ( -0.0000000000000000000, -1.000000000000000000, -0.0000000000000000000 ) ) ;
#2652 = LINE ( 'NONE', #1454, #4001 ) ;
#2653 = CARTESIAN_POINT ( 'NONE',  ( 3.600000000000000500, 0.05000000000000002400, -1.519999999999999600 ) ) ;
#2654 = LINE ( 'NONE', #811, #1648 ) ;
#2655 = DIRECTION ( 'NONE',  ( 0.7071067811865567900, 0.0000000000000000000, 0.7071067811865383600 ) ) ;
#2656 = LINE ( 'NONE', #1916, #1649 ) ;
#2657 = FILL_AREA_STYLE ('',( #3703 ) ) ;
#2658 = VECTOR ( 'NONE', #973, 1000.000000000000100 ) ;
#2659 = ORIENTED_EDGE ( 'NONE', *, *, #1742, .F. ) ;
#2660 = EDGE_CURVE ( 'NONE', #437, #131, #4863, .T. ) ;
#2661 = LINE ( 'NONE', #753, #3478 ) ;
#2662 = VERTEX_POINT ( 'NONE', #33 ) ;
#2663 = FACE_OUTER_BOUND ( 'NONE', #43, .T. ) ;
#2664 = ORIENTED_EDGE ( 'NONE', *, *, #3471, .F. ) ;
#2665 = ADVANCED_FACE ( 'NONE', ( #160 ), #380, .F. ) ;
#2666 = CARTESIAN_POINT ( 'NONE',  ( -0.1999999999999996800, 1.000000000000000000, 2.600000000000000100 ) ) ;
#2667 = CARTESIAN_POINT ( 'NONE',  ( 3.599999999999999600, 1.300000000000000700, 1.019999999999999600 ) ) ;
#2668 = EDGE_CURVE ( 'NONE', #1051, #3006, #1819, .T. ) ;
#2669 = ORIENTED_EDGE ( 'NONE', *, *, #2925, .T. ) ;
#2670 = PLANE ( 'NONE',  #1333 ) ;
#2671 = DIRECTION ( 'NONE',  ( -0.0000000000000000000, 1.000000000000000000, -0.0000000000000000000 ) ) ;
#2672 = ORIENTED_EDGE ( 'NONE', *, *, #1315, .F. ) ;
#2673 = DIRECTION ( 'NONE',  ( 0.7071067811865567900, 0.0000000000000000000, 0.7071067811865383600 ) ) ;
#2674 = ORIENTED_EDGE ( 'NONE', *, *, #1315, .T. ) ;
#2675 = EDGE_CURVE ( 'NONE', #4255, #4289, #3205, .T. ) ;
#2676 = DIRECTION ( 'NONE',  ( 0.0000000000000000000, 0.0000000000000000000, 1.000000000000000000 ) ) ;
#2677 = ORIENTED_EDGE ( 'NONE', *, *, #2830, .F. ) ;
#2678 = VECTOR ( 'NONE', #1914, 1000.000000000000000 ) ;
#2679 = VECTOR ( 'NONE', #2981, 1000.000000000000000 ) ;
#2680 = CARTESIAN_POINT ( 'NONE',  ( 0.2000000000000005400, 1.300000000000000700, 2.600000000000000100 ) ) ;
#2681 = LINE ( 'NONE', #994, #4498 ) ;
#2682 = PRESENTATION_LAYER_ASSIGNMENT (  '', '', ( #3265 ) ) ;
#2683 = EDGE_LOOP ( 'NONE', ( #2726, #572, #4099, #773 ) ) ;
#2684 = ADVANCED_FACE ( 'NONE', ( #700 ), #2290, .F. ) ;
#2685 = ORIENTED_EDGE ( 'NONE', *, *, #3305, .T. ) ;
#2686 = CARTESIAN_POINT ( 'NONE',  ( 3.400000000000000400, 0.5500000000000000400, -1.149289321881338900 ) ) ;
#2687 = VERTEX_POINT ( 'NONE', #3112 ) ;
#2688 = EDGE_LOOP ( 'NONE', ( #1394, #3284, #2251, #2734 ) ) ;
#2689 = ADVANCED_FACE ( 'NONE', ( #3806 ), #4686, .F. ) ;
#2690 = VERTEX_POINT ( 'NONE', #3101 ) ;
#2691 = LINE ( 'NONE', #3985, #459 ) ;
#2692 = AXIS2_PLACEMENT_3D ( 'NONE', #3962, #219, #991 ) ;
#2693 = VERTEX_POINT ( 'NONE', #1230 ) ;
#2694 = VECTOR ( 'NONE', #1601, 1000.000000000000100 ) ;
#2695 = VERTEX_POINT ( 'NONE', #103 ) ;
#2696 = EDGE_CURVE ( 'NONE', #2463, #2693, #3861, .T. ) ;
#2697 = ORIENTED_EDGE ( 'NONE', *, *, #2866, .T. ) ;
#2698 = CARTESIAN_POINT ( 'NONE',  ( -3.599999999999999600, 1.000000000000000000, 2.400000000000000400 ) ) ;
#2699 = VERTEX_POINT ( 'NONE', #4246 ) ;
#2700 = FILL_AREA_STYLE_COLOUR ( '', #2894 ) ;
#2701 = EDGE_CURVE ( 'NONE', #1932, #997, #3744, .T. ) ;
#2702 = DIRECTION ( 'NONE',  ( 0.7071067811865567900, -0.0000000000000000000, 0.7071067811865383600 ) ) ;
#2703 = PLANE ( 'NONE',  #124 ) ;
#2704 = DIRECTION ( 'NONE',  ( -0.0000000000000000000, -1.000000000000000000, -0.0000000000000000000 ) ) ;
#2705 = EDGE_LOOP ( 'NONE', ( #2031, #4748, #3485, #454 ) ) ;
#2706 = VECTOR ( 'NONE', #2053, 1000.000000000000000 ) ;
#2707 = VECTOR ( 'NONE', #465, 1000.000000000000000 ) ;
#2708 = AXIS2_PLACEMENT_3D ( 'NONE', #1670, #4302, #2049 ) ;
#2709 = ADVANCED_FACE ( 'NONE', ( #757 ), #3501, .F. ) ;
#2710 = CARTESIAN_POINT ( 'NONE',  ( -2.400000000000000400, -0.0000000000000000000, -0.7699999999999959100 ) ) ;
#2711 = CARTESIAN_POINT ( 'NONE',  ( -3.600000000000001000, 0.05000000000000000300, -1.019999999999998200 ) ) ;
#2712 = VECTOR ( 'NONE', #3669, 1000.000000000000000 ) ;
#2713 = VECTOR ( 'NONE', #3392, 1000.000000000000000 ) ;
#2714 = ORIENTED_EDGE ( 'NONE', *, *, #4058, .T. ) ;
#2715 = DIRECTION ( 'NONE',  ( -1.000000000000000000, 0.0000000000000000000, 0.0000000000000000000 ) ) ;
#2716 = FACE_OUTER_BOUND ( 'NONE', #2038, .T. ) ;
#2717 = CARTESIAN_POINT ( 'NONE',  ( -2.400000000000000400, 0.0000000000000000000, 0.7700000000000011300 ) ) ;
#2718 = AXIS2_PLACEMENT_3D ( 'NONE', #886, #1687, #2378 ) ;
#2719 = VECTOR ( 'NONE', #3118, 1000.000000000000000 ) ;
#2720 = EDGE_LOOP ( 'NONE', ( #2613, #4252, #3836, #2118, #2074 ) ) ;
#2721 = CARTESIAN_POINT ( 'NONE',  ( -2.400000000000000400, 0.0000000000000000000, -0.7699999999999959100 ) ) ;
#2722 = DIRECTION ( 'NONE',  ( -0.0000000000000000000, 1.000000000000000000, -0.0000000000000000000 ) ) ;
#2723 = DIRECTION ( 'NONE',  ( -0.0000000000000000000, -1.000000000000000000, -0.0000000000000000000 ) ) ;
#2724 = LINE ( 'NONE', #1823, #784 ) ;
#2725 = PLANE ( 'NONE',  #2402 ) ;
#2726 = ORIENTED_EDGE ( 'NONE', *, *, #1530, .F. ) ;
#2727 = ORIENTED_EDGE ( 'NONE', *, *, #1216, .T. ) ;
#2728 = EDGE_CURVE ( 'NONE', #847, #3505, #873, .T. ) ;
#2729 = CARTESIAN_POINT ( 'NONE',  ( -1.039999999999953000, 1.000000000000000000, -1.039999999999980300 ) ) ;
#2730 = ORIENTED_EDGE ( 'NONE', *, *, #3310, .F. ) ;
#2731 = SURFACE_SIDE_STYLE ('',( #2763 ) ) ;
#2732 = EDGE_CURVE ( 'NONE', #236, #4845, #637, .T. ) ;
#2733 = ORIENTED_EDGE ( 'NONE', *, *, #1858, .F. ) ;
#2734 = ORIENTED_EDGE ( 'NONE', *, *, #941, .T. ) ;
#2735 = ORIENTED_EDGE ( 'NONE', *, *, #4328, .T. ) ;
#2736 = FACE_OUTER_BOUND ( 'NONE', #3260, .T. ) ;
#2737 = DIRECTION ( 'NONE',  ( 0.0000000000000000000, 0.0000000000000000000, -1.000000000000000000 ) ) ;
#2738 = ADVANCED_FACE ( 'NONE', ( #3986 ), #1994, .F. ) ;
#2739 = LINE ( 'NONE', #2423, #2907 ) ;
#2740 = DIRECTION ( 'NONE',  ( -1.000000000000000000, 0.0000000000000000000, 0.0000000000000000000 ) ) ;
#2741 = CARTESIAN_POINT ( 'NONE',  ( 3.400000000000000400, 0.05000000000000000300, 1.149289321881338900 ) ) ;
#2742 = LINE ( 'NONE', #4661, #4613 ) ;
#2743 = EDGE_CURVE ( 'NONE', #3837, #128, #4627, .T. ) ;
#2744 = ORIENTED_EDGE ( 'NONE', *, *, #1010, .F. ) ;
#2745 = SURFACE_STYLE_USAGE ( .BOTH. , #2413 ) ;
#2746 = ORIENTED_EDGE ( 'NONE', *, *, #663, .F. ) ;
#2747 = PLANE ( 'NONE',  #3784 ) ;
#2748 = FILL_AREA_STYLE_COLOUR ( '', #3997 ) ;
#2749 = ORIENTED_EDGE ( 'NONE', *, *, #2294, .F. ) ;
#2750 = CARTESIAN_POINT ( 'NONE',  ( -3.564644660940673700, -0.6047401740571388700, -0.9846446609406704900 ) ) ;
#2751 = VECTOR ( 'NONE', #2723, 1000.000000000000000 ) ;
#2752 = ORIENTED_EDGE ( 'NONE', *, *, #2818, .F. ) ;
#2753 = CARTESIAN_POINT ( 'NONE',  ( 3.600000000000000500, 0.0000000000000000000, -1.519999999999999600 ) ) ;
#2754 = ORIENTED_EDGE ( 'NONE', *, *, #3992, .F. ) ;
#2755 = DIRECTION ( 'NONE',  ( -1.355252715606881300E-016, 0.0000000000000000000, -1.000000000000000000 ) ) ;
#2756 = DIRECTION ( 'NONE',  ( 0.0000000000000000000, -0.0000000000000000000, -1.000000000000000000 ) ) ;
#2757 = EDGE_CURVE ( 'NONE', #4463, #1006, #100, .T. ) ;
#2758 = DIRECTION ( 'NONE',  ( -0.7071067811865567900, 0.0000000000000000000, -0.7071067811865383600 ) ) ;
#2759 = EDGE_CURVE ( 'NONE', #3637, #4480, #1698, .T. ) ;
#2760 = ADVANCED_FACE ( 'NONE', ( #225 ), #4620, .F. ) ;
#2761 = CARTESIAN_POINT ( 'NONE',  ( 3.200000000000000200, 1.000000000000000000, 2.199999999999999300 ) ) ;
#2762 = ORIENTED_EDGE ( 'NONE', *, *, #4581, .T. ) ;
#2763 = SURFACE_STYLE_FILL_AREA ( #3842 ) ;
#2764 = EDGE_CURVE ( 'NONE', #3198, #3056, #4046, .T. ) ;
#2765 = CARTESIAN_POINT ( 'NONE',  ( -2.400000000000000400, 0.05000000000000000300, 1.470000000000000400 ) ) ;
#2766 = DIRECTION ( 'NONE',  ( -0.7071067811865567900, 0.0000000000000000000, -0.7071067811865383600 ) ) ;
#2767 = SHAPE_DEFINITION_REPRESENTATION ( #884, #4026 ) ;
#2768 = DIRECTION ( 'NONE',  ( 1.000000000000000000, -0.0000000000000000000, -0.0000000000000000000 ) ) ;
#2769 = LINE ( 'NONE', #4529, #4122 ) ;
#2770 = DIRECTION ( 'NONE',  ( 0.0000000000000000000, 1.000000000000000000, 0.0000000000000000000 ) ) ;
#2771 = DIRECTION ( 'NONE',  ( 0.7071067811865569000, 0.0000000000000000000, -0.7071067811865382500 ) ) ;
#2772 = LINE ( 'NONE', #2117, #780 ) ;
#2773 = VECTOR ( 'NONE', #4717, 1000.000000000000000 ) ;
#2774 = EDGE_LOOP ( 'NONE', ( #1146, #3685, #3618, #3915 ) ) ;
#2775 = CARTESIAN_POINT ( 'NONE',  ( 3.564644660940673700, 0.5500000000000000400, 0.9846446609406696000 ) ) ;
#2776 = CARTESIAN_POINT ( 'NONE',  ( 3.450000000000000200, 0.0000000000000000000, 1.169999999999993900 ) ) ;
#2777 = EDGE_LOOP ( 'NONE', ( #1166, #4243, #4576, #3313, #2280, #2574, #2400, #3860 ) ) ;
#2778 = SURFACE_STYLE_FILL_AREA ( #105 ) ;
#2779 = ORIENTED_EDGE ( 'NONE', *, *, #410, .T. ) ;
#2780 = VECTOR ( 'NONE', #2498, 1000.000000000000000 ) ;
#2781 = ADVANCED_FACE ( 'NONE', ( #1115 ), #1585, .F. ) ;
#2782 = ORIENTED_EDGE ( 'NONE', *, *, #3117, .F. ) ;
#2783 = CARTESIAN_POINT ( 'NONE',  ( -3.600000000000000500, 0.5500000000000000400, -1.520000000000000500 ) ) ;
#2784 = CARTESIAN_POINT ( 'NONE',  ( 3.450000000000000200, 0.5500000000000000400, -1.370000000000003700 ) ) ;
#2785 = AXIS2_PLACEMENT_3D ( 'NONE', #4501, #1496, #3001 ) ;
#2786 = DIRECTION ( 'NONE',  ( -0.0000000000000000000, -1.000000000000000000, -0.0000000000000000000 ) ) ;
#2787 = ORIENTED_EDGE ( 'NONE', *, *, #297, .F. ) ;
#2788 = DIRECTION ( 'NONE',  ( 0.0000000000000000000, 0.0000000000000000000, -1.000000000000000000 ) ) ;
#2789 = CARTESIAN_POINT ( 'NONE',  ( -3.600000000000000500, 0.5500000000000000400, 1.520000000000000500 ) ) ;
#2790 = LINE ( 'NONE', #2686, #141 ) ;
#2791 = EDGE_CURVE ( 'NONE', #3006, #4075, #2638, .T. ) ;
#2792 = LINE ( 'NONE', #4462, #921 ) ;
#2793 = VECTOR ( 'NONE', #238, 1000.000000000000000 ) ;
#2794 = ORIENTED_EDGE ( 'NONE', *, *, #3612, .T. ) ;
#2795 = DIRECTION ( 'NONE',  ( -0.7071067811865550100, 0.0000000000000000000, 0.7071067811865400200 ) ) ;
#2796 = DIRECTION ( 'NONE',  ( -1.000000000000000000, 0.0000000000000000000, 1.355252715606881300E-016 ) ) ;
#2797 = PRESENTATION_STYLE_ASSIGNMENT (( #4721 ) ) ;
#2798 = VECTOR ( 'NONE', #1664, 1000.000000000000000 ) ;
#2799 = DIRECTION ( 'NONE',  ( 0.0000000000000000000, 1.000000000000000000, 0.0000000000000000000 ) ) ;
#2800 = ORIENTED_EDGE ( 'NONE', *, *, #2046, .T. ) ;
#2801 = ORIENTED_EDGE ( 'NONE', *, *, #2696, .F. ) ;
#2802 = ORIENTED_EDGE ( 'NONE', *, *, #1041, .F. ) ;
#2803 = VECTOR ( 'NONE', #1647, 1000.000000000000000 ) ;
#2804 = EDGE_CURVE ( 'NONE', #2868, #4369, #51, .T. ) ;
#2805 = DIRECTION ( 'NONE',  ( 0.0000000000000000000, 0.0000000000000000000, 1.000000000000000000 ) ) ;
#2806 = ADVANCED_FACE ( 'NONE', ( #1760 ), #203, .F. ) ;
#2807 = DIRECTION ( 'NONE',  ( 0.0000000000000000000, 0.0000000000000000000, -1.000000000000000000 ) ) ;
#2808 = DIRECTION ( 'NONE',  ( 0.7071067811865388000, -0.0000000000000000000, 0.7071067811865561200 ) ) ;
#2809 = ORIENTED_EDGE ( 'NONE', *, *, #3393, .T. ) ;
#2810 = CIRCLE ( 'NONE', #2622, 0.2000000000000000900 ) ;
#2811 = ORIENTED_EDGE ( 'NONE', *, *, #797, .T. ) ;
#2812 = AXIS2_PLACEMENT_3D ( 'NONE', #1690, #1650, #4264 ) ;
#2813 = ORIENTED_EDGE ( 'NONE', *, *, #1355, .F. ) ;
#2814 = DIRECTION ( 'NONE',  ( 1.204669080539449300E-016, -0.0000000000000000000, 1.000000000000000000 ) ) ;
#2815 = ORIENTED_EDGE ( 'NONE', *, *, #4704, .T. ) ;
#2816 = ORIENTED_EDGE ( 'NONE', *, *, #2134, .F. ) ;
#2817 = DIRECTION ( 'NONE',  ( 0.0000000000000000000, 0.0000000000000000000, -1.000000000000000000 ) ) ;
#2818 = EDGE_CURVE ( 'NONE', #1164, #2404, #938, .T. ) ;
#2819 = CARTESIAN_POINT ( 'NONE',  ( 2.400000000000000400, 0.05000000000000000300, 0.7699999999999994600 ) ) ;
#2820 = DIRECTION ( 'NONE',  ( -0.0000000000000000000, 1.000000000000000000, -0.0000000000000000000 ) ) ;
#2821 = DIRECTION ( 'NONE',  ( -0.0000000000000000000, -0.0000000000000000000, -1.000000000000000000 ) ) ;
#2822 = CARTESIAN_POINT ( 'NONE',  ( -3.600000000000000500, -0.6047401740571388700, 1.520000000000000500 ) ) ;
#2823 = EDGE_CURVE ( 'NONE', #1660, #4199, #338, .T. ) ;
#2824 = PLANE ( 'NONE',  #2341 ) ;
#2825 = DIRECTION ( 'NONE',  ( 0.0000000000000000000, 0.0000000000000000000, -1.000000000000000000 ) ) ;
#2826 = DIRECTION ( 'NONE',  ( 0.7071067811865383600, -0.0000000000000000000, 0.7071067811865567900 ) ) ;
#2827 = FACE_OUTER_BOUND ( 'NONE', #398, .T. ) ;
#2828 = FACE_OUTER_BOUND ( 'NONE', #3088, .T. ) ;
#2829 = LINE ( 'NONE', #1027, #3941 ) ;
#2830 = EDGE_CURVE ( 'NONE', #3078, #2642, #402, .T. ) ;
#2831 = DIRECTION ( 'NONE',  ( -0.7071067811865567900, 0.0000000000000000000, -0.7071067811865383600 ) ) ;
#2832 = VECTOR ( 'NONE', #1099, 1000.000000000000000 ) ;
#2833 = ORIENTED_EDGE ( 'NONE', *, *, #2513, .T. ) ;
#2834 = CARTESIAN_POINT ( 'NONE',  ( 3.450000000000000200, 1.000000000000000000, 0.0000000000000000000 ) ) ;
#2835 = ADVANCED_FACE ( 'NONE', ( #1630 ), #3877, .F. ) ;
#2836 = FACE_OUTER_BOUND ( 'NONE', #2375, .T. ) ;
#2837 = CARTESIAN_POINT ( 'NONE',  ( 4.336808689942017700E-016, 1.000000000000000000, 2.399999999999999900 ) ) ;
#2838 = CARTESIAN_POINT ( 'NONE',  ( 2.999999999999998700, 10.36659513557903800, -2.200000000000000200 ) ) ;
#2839 = ORIENTED_EDGE ( 'NONE', *, *, #501, .T. ) ;
#2840 = DIRECTION ( 'NONE',  ( -0.0000000000000000000, 1.000000000000000000, -0.0000000000000000000 ) ) ;
#2841 = DIRECTION ( 'NONE',  ( 0.0000000000000000000, 1.000000000000000000, 0.0000000000000000000 ) ) ;
#2842 = EDGE_LOOP ( 'NONE', ( #2659, #2449, #2970, #1459 ) ) ;
#2843 = CARTESIAN_POINT ( 'NONE',  ( -3.450000000000000200, 0.0000000000000000000, -1.169999999999994800 ) ) ;
#2844 = VECTOR ( 'NONE', #4503, 1000.000000000000000 ) ;
#2845 = CARTESIAN_POINT ( 'NONE',  ( -3.450000000000000200, 0.5500000000000000400, -1.370000000000004500 ) ) ;
#2846 = DIRECTION ( 'NONE',  ( -0.0000000000000000000, -1.000000000000000000, -0.0000000000000000000 ) ) ;
#2847 = VERTEX_POINT ( 'NONE', #953 ) ;
#2848 = VERTEX_POINT ( 'NONE', #168 ) ;
#2849 = EDGE_LOOP ( 'NONE', ( #229, #3071, #3832, #3914 ) ) ;
#2850 = EDGE_CURVE ( 'NONE', #1941, #2199, #1689, .T. ) ;
#2851 = DIRECTION ( 'NONE',  ( -0.0000000000000000000, -1.000000000000000000, -0.0000000000000000000 ) ) ;
#2852 = ORIENTED_EDGE ( 'NONE', *, *, #1984, .F. ) ;
#2853 = CARTESIAN_POINT ( 'NONE',  ( -3.400000000000000400, 0.5500000000000000400, 1.149289321881339600 ) ) ;
#2854 = VERTEX_POINT ( 'NONE', #3894 ) ;
#2855 = CIRCLE ( 'NONE', #126, 0.2000000000000000900 ) ;
#2856 = DIRECTION ( 'NONE',  ( -0.0000000000000000000, -1.000000000000000000, -0.0000000000000000000 ) ) ;
#2857 = DIRECTION ( 'NONE',  ( -0.0000000000000000000, -1.000000000000000000, -0.0000000000000000000 ) ) ;
#2858 = EDGE_CURVE ( 'NONE', #1870, #1840, #3036, .T. ) ;
#2859 = PLANE ( 'NONE',  #384 ) ;
#2860 = CARTESIAN_POINT ( 'NONE',  ( 3.450000000000000200, 1.300000000000000700, -1.370000000000004500 ) ) ;
#2861 = ADVANCED_FACE ( 'NONE', ( #2219 ), #919, .F. ) ;
#2862 = CARTESIAN_POINT ( 'NONE',  ( -3.450000000000000200, 0.0000000000000000000, 1.370000000000004500 ) ) ;
#2863 = DIRECTION ( 'NONE',  ( 0.7071067811865562300, 0.0000000000000000000, 0.7071067811865389100 ) ) ;
#2864 = VECTOR ( 'NONE', #3188, 1000.000000000000000 ) ;
#2865 = ORIENTED_EDGE ( 'NONE', *, *, #4435, .F. ) ;
#2866 = EDGE_CURVE ( 'NONE', #4830, #4245, #2457, .T. ) ;
#2867 = FACE_OUTER_BOUND ( 'NONE', #2160, .T. ) ;
#2868 = VERTEX_POINT ( 'NONE', #3531 ) ;
#2869 = CARTESIAN_POINT ( 'NONE',  ( 3.600000000000000500, 1.000000000000000000, -2.600000000000000500 ) ) ;
#2870 = CARTESIAN_POINT ( 'NONE',  ( 3.450000000000000200, -0.6047401740571388700, 1.370000000000003700 ) ) ;
#2871 = EDGE_LOOP ( 'NONE', ( #3882, #4509, #2204, #756 ) ) ;
#2872 = LINE ( 'NONE', #1127, #2224 ) ;
#2873 = AXIS2_PLACEMENT_3D ( 'NONE', #4530, #3728, #413 ) ;
#2874 = ORIENTED_EDGE ( 'NONE', *, *, #108, .F. ) ;
#2875 = ORIENTED_EDGE ( 'NONE', *, *, #17, .F. ) ;
#2876 = DIRECTION ( 'NONE',  ( -1.000000000000000000, 0.0000000000000000000, -0.0000000000000000000 ) ) ;
#2877 = CARTESIAN_POINT ( 'NONE',  ( 3.600000000000001000, 0.0000000000000000000, -1.019999999999998200 ) ) ;
#2878 = DIRECTION ( 'NONE',  ( -1.000000000000000000, 0.0000000000000000000, 0.0000000000000000000 ) ) ;
#2879 = UNCERTAINTY_MEASURE_WITH_UNIT (LENGTH_MEASURE( 1.000000000000000100E-005 ), #495, 'distance_accuracy_value', 'NONE');
#2880 = ADVANCED_FACE ( 'NONE', ( #1279 ), #2428, .F. ) ;
#2881 = EDGE_CURVE ( 'NONE', #557, #3456, #1816, .T. ) ;
#2882 = LINE ( 'NONE', #2935, #3 ) ;
#2883 = DIRECTION ( 'NONE',  ( 0.0000000000000000000, 1.000000000000000000, 0.0000000000000000000 ) ) ;
#2884 = CARTESIAN_POINT ( 'NONE',  ( -2.400000000000000400, -0.0000000000000000000, -0.7699999999999959100 ) ) ;
#2885 = VECTOR ( 'NONE', #1991, 1000.000000000000000 ) ;
#2886 = LINE ( 'NONE', #479, #3706 ) ;
#2887 = EDGE_CURVE ( 'NONE', #1346, #3505, #814, .T. ) ;
#2888 = DIRECTION ( 'NONE',  ( -0.7071067811865383600, 0.0000000000000000000, -0.7071067811865567900 ) ) ;
#2889 = CARTESIAN_POINT ( 'NONE',  ( -2.400000000000000400, 0.05000000000000000300, 1.470000000000000400 ) ) ;
#2890 = CARTESIAN_POINT ( 'NONE',  ( 2.100000000000000100, 0.0000000000000000000, 1.769999999999999400 ) ) ;
#2891 = VECTOR ( 'NONE', #4350, 1000.000000000000000 ) ;
#2892 = LINE ( 'NONE', #1323, #4361 ) ;
#2893 = ORIENTED_EDGE ( 'NONE', *, *, #170, .T. ) ;
#2894 = COLOUR_RGB ( '',0.9686274509803921600, 0.8784313725490196000, 0.5999999999999999800 ) ;
#2895 = VECTOR ( 'NONE', #827, 1000.000000000000000 ) ;
#2896 = VERTEX_POINT ( 'NONE', #1706 ) ;
#2897 = DIRECTION ( 'NONE',  ( -1.000000000000000000, 0.0000000000000000000, 0.0000000000000000000 ) ) ;
#2898 = EDGE_CURVE ( 'NONE', #997, #1704, #4681, .T. ) ;
#2899 = DIRECTION ( 'NONE',  ( -0.0000000000000000000, 1.000000000000000000, -0.0000000000000000000 ) ) ;
#2900 = ORIENTED_EDGE ( 'NONE', *, *, #135, .F. ) ;
#2901 = AXIS2_PLACEMENT_3D ( 'NONE', #3247, #274, #4064 ) ;
#2902 = CARTESIAN_POINT ( 'NONE',  ( -3.600000000000001000, 0.5500000000000000400, -1.019999999999998200 ) ) ;
#2903 = DIRECTION ( 'NONE',  ( -4.336808689942021200E-016, -0.0000000000000000000, -1.000000000000000000 ) ) ;
#2904 = CARTESIAN_POINT ( 'NONE',  ( 2.100000000000000100, 0.05000000000000000300, 0.7699999999999994600 ) ) ;
#2905 = ORIENTED_EDGE ( 'NONE', *, *, #3440, .T. ) ;
#2906 = EDGE_LOOP ( 'NONE', ( #3718, #4402, #3555, #4169, #2956, #290, #1576, #224, #3818, #2752, #2170, #3697, #4394, #1288, #3355, #1562, #1727, #2596, #4615, #3600, #3259, #192, #1855, #390, #2287, #858, #2952, #4386, #1350, #4187 ) ) ;
#2907 = VECTOR ( 'NONE', #2795, 1000.000000000000000 ) ;
#2908 = CARTESIAN_POINT ( 'NONE',  ( -3.564644660940673200, 0.05000000000000002400, -1.555355339059328400 ) ) ;
#2909 = CARTESIAN_POINT ( 'NONE',  ( -3.199999999999998000, 1.149999999999999900, 2.400000000000000400 ) ) ;
#2910 = EDGE_CURVE ( 'NONE', #41, #236, #577, .T. ) ;
#2911 = LINE ( 'NONE', #309, #3430 ) ;
#2912 = LINE ( 'NONE', #223, #3672 ) ;
#2913 = CARTESIAN_POINT ( 'NONE',  ( -3.600000000000001000, 0.05000000000000000300, -1.019999999999998200 ) ) ;
#2914 = ORIENTED_EDGE ( 'NONE', *, *, #779, .T. ) ;
#2915 = EDGE_CURVE ( 'NONE', #620, #4862, #4796, .T. ) ;
#2916 = VECTOR ( 'NONE', #2548, 1000.000000000000000 ) ;
#2917 = DIRECTION ( 'NONE',  ( 0.0000000000000000000, -0.0000000000000000000, -1.000000000000000000 ) ) ;
#2918 = VERTEX_POINT ( 'NONE', #3947 ) ;
#2919 = ORIENTED_EDGE ( 'NONE', *, *, #1041, .T. ) ;
#2920 = DIRECTION ( 'NONE',  ( 0.0000000000000000000, 1.000000000000000000, 0.0000000000000000000 ) ) ;
#2921 = EDGE_LOOP ( 'NONE', ( #1139, #2961, #3627, #2554, #1652, #3454, #1641, #2316 ) ) ;
#2922 = PLANE ( 'NONE',  #841 ) ;
#2923 = EDGE_LOOP ( 'NONE', ( #4504, #4746, #4040, #2337 ) ) ;
#2924 = VECTOR ( 'NONE', #2817, 1000.000000000000000 ) ;
#2925 = EDGE_CURVE ( 'NONE', #1688, #155, #1054, .T. ) ;
#2926 = DIRECTION ( 'NONE',  ( 0.0000000000000000000, 1.000000000000000000, 0.0000000000000000000 ) ) ;
#2927 = CARTESIAN_POINT ( 'NONE',  ( -3.599999999999999600, 1.000000000000000000, -1.519999999999999600 ) ) ;
#2928 = VECTOR ( 'NONE', #3468, 1000.000000000000000 ) ;
#2929 = VERTEX_POINT ( 'NONE', #4282 ) ;
#2930 = ORIENTED_EDGE ( 'NONE', *, *, #888, .F. ) ;
#2931 = CARTESIAN_POINT ( 'NONE',  ( -3.599999999999999600, 1.000000000000000000, -2.399999999999999500 ) ) ;
#2932 = PRESENTATION_LAYER_ASSIGNMENT (  '', '', ( #1988 ) ) ;
#2933 = CARTESIAN_POINT ( 'NONE',  ( 3.000000000000000000, 1.149999999999999900, 1.999999999999999100 ) ) ;
#2934 = ORIENTED_EDGE ( 'NONE', *, *, #3490, .T. ) ;
#2935 = CARTESIAN_POINT ( 'NONE',  ( 3.600000000000000500, 0.05000000000000000300, 1.769999999999999400 ) ) ;
#2936 = CARTESIAN_POINT ( 'NONE',  ( -3.599999999999999600, 0.0000000000000000000, -2.399999999999999500 ) ) ;
#2937 = VERTEX_POINT ( 'NONE', #995 ) ;
#2938 = LINE ( 'NONE', #2459, #1130 ) ;
#2939 = CARTESIAN_POINT ( 'NONE',  ( -3.399999999999999500, 1.000000000000000000, 2.199999999999998800 ) ) ;
#2940 = VECTOR ( 'NONE', #2846, 1000.000000000000000 ) ;
#2941 = EDGE_CURVE ( 'NONE', #1264, #2043, #4043, .T. ) ;
#2942 = VECTOR ( 'NONE', #4429, 1000.000000000000000 ) ;
#2943 = CARTESIAN_POINT ( 'NONE',  ( 3.400000000000000400, 0.5500000000000000400, 1.390710678118658700 ) ) ;
#2944 = VECTOR ( 'NONE', #1251, 1000.000000000000000 ) ;
#2945 = CARTESIAN_POINT ( 'NONE',  ( -2.400000000000000400, -1.802775637731995000, 1.470000000000000400 ) ) ;
#2946 = EDGE_LOOP ( 'NONE', ( #77, #45, #3497, #4688, #2586 ) ) ;
#2947 = EDGE_CURVE ( 'NONE', #4133, #2511, #217, .T. ) ;
#2948 = CARTESIAN_POINT ( 'NONE',  ( 3.564644660940673200, 0.5500000000000000400, -1.555355339059327500 ) ) ;
#2949 = VECTOR ( 'NONE', #314, 1000.000000000000100 ) ;
#2950 = ORIENTED_EDGE ( 'NONE', *, *, #4427, .F. ) ;
#2951 = CARTESIAN_POINT ( 'NONE',  ( 2.400000000000000400, 0.05000000000000000300, -1.769999999999999400 ) ) ;
#2952 = ORIENTED_EDGE ( 'NONE', *, *, #2229, .F. ) ;
#2953 = EDGE_LOOP ( 'NONE', ( #2282, #1512, #813, #4111 ) ) ;
#2954 = CARTESIAN_POINT ( 'NONE',  ( 3.450000000000000200, 0.5500000000000000400, 1.370000000000003700 ) ) ;
#2955 = ORIENTED_EDGE ( 'NONE', *, *, #2056, .F. ) ;
#2956 = ORIENTED_EDGE ( 'NONE', *, *, #435, .F. ) ;
#2957 = CARTESIAN_POINT ( 'NONE',  ( 3.600000000000000500, 0.05000000000000000300, -1.519999999999999600 ) ) ;
#2958 = PLANE ( 'NONE',  #4507 ) ;
#2959 = CARTESIAN_POINT ( 'NONE',  ( 3.600000000000000500, 0.0000000000000000000, -2.600000000000000500 ) ) ;
#2960 = ORIENTED_EDGE ( 'NONE', *, *, #3769, .F. ) ;
#2961 = ORIENTED_EDGE ( 'NONE', *, *, #4802, .F. ) ;
#2962 = LINE ( 'NONE', #1708, #989 ) ;
#2963 = DIRECTION ( 'NONE',  ( -0.0000000000000000000, -1.000000000000000000, -0.0000000000000000000 ) ) ;
#2964 = AXIS2_PLACEMENT_3D ( 'NONE', #3518, #4261, #2411 ) ;
#2965 = LINE ( 'NONE', #1412, #2623 ) ;
#2966 = LINE ( 'NONE', #946, #508 ) ;
#2967 = CARTESIAN_POINT ( 'NONE',  ( 3.200000000000000200, 1.149999999999999900, -2.200000000000000200 ) ) ;
#2968 = EDGE_CURVE ( 'NONE', #3935, #2511, #2040, .T. ) ;
#2969 = EDGE_LOOP ( 'NONE', ( #916, #1202, #3426, #98, #201, #1846, #1936, #2762 ) ) ;
#2970 = ORIENTED_EDGE ( 'NONE', *, *, #4713, .T. ) ;
#2971 =( LENGTH_UNIT ( ) NAMED_UNIT ( * ) SI_UNIT ( .MILLI., .METRE. ) );
#2972 = ORIENTED_EDGE ( 'NONE', *, *, #1257, .F. ) ;
#2973 = CARTESIAN_POINT ( 'NONE',  ( -2.999999999999999100, 10.36659513557903800, -2.199999999999999300 ) ) ;
#2974 = EDGE_CURVE ( 'NONE', #3261, #2929, #2165, .T. ) ;
#2975 = CARTESIAN_POINT ( 'NONE',  ( 0.0000000000000000000, 0.5500000000000000400, 0.0000000000000000000 ) ) ;
#2976 = CARTESIAN_POINT ( 'NONE',  ( 3.600000000000000500, 0.05000000000000000300, -1.769999999999999400 ) ) ;
#2977 = ORIENTED_EDGE ( 'NONE', *, *, #2198, .T. ) ;
#2978 = LINE ( 'NONE', #4516, #4570 ) ;
#2979 = CARTESIAN_POINT ( 'NONE',  ( -3.564644660940673200, 0.5500000000000000400, -1.555355339059328400 ) ) ;
#2980 = VERTEX_POINT ( 'NONE', #2113 ) ;
#2981 = DIRECTION ( 'NONE',  ( 0.7071067811865567900, 0.0000000000000000000, -0.7071067811865383600 ) ) ;
#2982 = CARTESIAN_POINT ( 'NONE',  ( 3.600000000000001000, 0.0000000000000000000, -1.769999999999999400 ) ) ;
#2983 = DIRECTION ( 'NONE',  ( 0.7071067811865388000, 0.0000000000000000000, -0.7071067811865561200 ) ) ;
#2984 = EDGE_CURVE ( 'NONE', #728, #2503, #2691, .T. ) ;
#2985 = DIRECTION ( 'NONE',  ( 0.0000000000000000000, 1.000000000000000000, 0.0000000000000000000 ) ) ;
#2986 = EDGE_LOOP ( 'NONE', ( #4544, #1486, #974, #4539 ) ) ;
#2987 = EDGE_LOOP ( 'NONE', ( #2525, #839, #407, #1348 ) ) ;
#2988 = CARTESIAN_POINT ( 'NONE',  ( 3.400000000000000400, 0.05000000000000002400, -1.149289321881338900 ) ) ;
#2989 = DIRECTION ( 'NONE',  ( 0.0000000000000000000, -0.0000000000000000000, -1.000000000000000000 ) ) ;
#2990 = DIRECTION ( 'NONE',  ( 4.336808689942017700E-016, 0.0000000000000000000, -1.000000000000000000 ) ) ;
#2991 = ADVANCED_FACE ( 'NONE', ( #3145 ), #4338, .F. ) ;
#2992 = CARTESIAN_POINT ( 'NONE',  ( -2.999999999999997800, 1.149999999999999900, 2.200000000000000200 ) ) ;
#2993 = LINE ( 'NONE', #606, #1017 ) ;
#2994 = EDGE_CURVE ( 'NONE', #1688, #4075, #4163, .T. ) ;
#2995 = LINE ( 'NONE', #1463, #4004 ) ;
#2996 = PLANE ( 'NONE',  #360 ) ;
#2997 = LINE ( 'NONE', #4726, #4065 ) ;
#2998 = VECTOR ( 'NONE', #949, 1000.000000000000000 ) ;
#2999 = EDGE_CURVE ( 'NONE', #458, #3354, #3508, .T. ) ;
#3000 = ORIENTED_EDGE ( 'NONE', *, *, #2558, .F. ) ;
#3001 = DIRECTION ( 'NONE',  ( -0.7071067811865567900, 0.0000000000000000000, 0.7071067811865383600 ) ) ;
#3002 = VECTOR ( 'NONE', #109, 1000.000000000000000 ) ;
#3004 = ORIENTED_EDGE ( 'NONE', *, *, #4776, .T. ) ;
#3003 = DIRECTION ( 'NONE',  ( -1.000000000000000000, 0.0000000000000000000, 1.445602896647340100E-016 ) ) ;
#3005 = LINE ( 'NONE', #1066, #2549 ) ;
#3006 = VERTEX_POINT ( 'NONE', #4727 ) ;
#3007 = DIRECTION ( 'NONE',  ( 0.7071067811865388000, 0.0000000000000000000, -0.7071067811865561200 ) ) ;
#3008 = EDGE_CURVE ( 'NONE', #437, #2178, #156, .T. ) ;
#3009 = FACE_OUTER_BOUND ( 'NONE', #2986, .T. ) ;
#3010 = CARTESIAN_POINT ( 'NONE',  ( 3.600000000000000500, 0.0000000000000000000, -1.769999999999999400 ) ) ;
#3011 = ORIENTED_EDGE ( 'NONE', *, *, #4859, .T. ) ;
#3012 = ORIENTED_EDGE ( 'NONE', *, *, #253, .T. ) ;
#3013 = CARTESIAN_POINT ( 'NONE',  ( -3.600000000000000500, -0.6047401740571388700, 1.520000000000000500 ) ) ;
#3014 = AXIS2_PLACEMENT_3D ( 'NONE', #2150, #2532, #2676 ) ;
#3015 = ADVANCED_FACE ( 'NONE', ( #1406 ), #4005, .F. ) ;
#3016 = DIRECTION ( 'NONE',  ( 0.0000000000000000000, -0.0000000000000000000, 1.000000000000000000 ) ) ;
#3017 = ORIENTED_EDGE ( 'NONE', *, *, #1132, .T. ) ;
#3018 = VECTOR ( 'NONE', #3716, 1000.000000000000000 ) ;
#3019 = CARTESIAN_POINT ( 'NONE',  ( 3.400000000000000400, 1.149999999999999900, -2.199999999999998800 ) ) ;
#3020 = DIRECTION ( 'NONE',  ( 0.0000000000000000000, 1.000000000000000000, 0.0000000000000000000 ) ) ;
#3021 = CARTESIAN_POINT ( 'NONE',  ( 3.400000000000001200, 0.05000000000000000300, 1.149289321881338900 ) ) ;
#3022 = VECTOR ( 'NONE', #1386, 1000.000000000000000 ) ;
#3023 = CARTESIAN_POINT ( 'NONE',  ( 3.564644660940673200, -0.6047401740571388700, 1.555355339059327500 ) ) ;
#3024 = ADVANCED_FACE ( 'NONE', ( #696 ), #2340, .F. ) ;
#3025 = LINE ( 'NONE', #2717, #804 ) ;
#3026 = ORIENTED_EDGE ( 'NONE', *, *, #2323, .T. ) ;
#3027 = DIRECTION ( 'NONE',  ( -0.0000000000000000000, -1.000000000000000000, -0.0000000000000000000 ) ) ;
#3028 = AXIS2_PLACEMENT_3D ( 'NONE', #846, #1220, #1969 ) ;
#3029 = VERTEX_POINT ( 'NONE', #3626 ) ;
#3030 = VERTEX_POINT ( 'NONE', #985 ) ;
#3031 = ORIENTED_EDGE ( 'NONE', *, *, #2091, .F. ) ;
#3032 = CARTESIAN_POINT ( 'NONE',  ( 3.400000000000000400, 0.05000000000000002400, -1.390710678118658700 ) ) ;
#3033 = CARTESIAN_POINT ( 'NONE',  ( 3.564644660940673200, 0.5500000000000000400, -1.555355339059327500 ) ) ;
#3034 = ORIENTED_EDGE ( 'NONE', *, *, #2887, .F. ) ;
#3035 = AXIS2_PLACEMENT_3D ( 'NONE', #4110, #2651, #1145 ) ;
#3036 = LINE ( 'NONE', #4294, #2924 ) ;
#3037 = VERTEX_POINT ( 'NONE', #1335 ) ;
#3038 = LINE ( 'NONE', #2621, #4454 ) ;
#3039 = ORIENTED_EDGE ( 'NONE', *, *, #1882, .F. ) ;
#3040 = EDGE_CURVE ( 'NONE', #1346, #3858, #3563, .T. ) ;
#3041 = CARTESIAN_POINT ( 'NONE',  ( 3.600000000000000500, 0.05000000000000002400, 1.519999999999999600 ) ) ;
#3042 = CARTESIAN_POINT ( 'NONE',  ( 3.600000000000001000, 0.5500000000000000400, -1.019999999999997600 ) ) ;
#3043 = CARTESIAN_POINT ( 'NONE',  ( -3.400000000000000400, 0.5500000000000000400, 1.390710678118659600 ) ) ;
#3044 = EDGE_LOOP ( 'NONE', ( #3011, #2367, #3039, #337 ) ) ;
#3045 = AXIS2_PLACEMENT_3D ( 'NONE', #2172, #2878, #627 ) ;
#3046 = ADVANCED_FACE ( 'NONE', ( #3803 ), #2824, .F. ) ;
#3047 = DIRECTION ( 'NONE',  ( -0.0000000000000000000, -1.000000000000000000, -0.0000000000000000000 ) ) ;
#3048 = CARTESIAN_POINT ( 'NONE',  ( -3.600000000000001000, -0.6047401740571388700, -1.019999999999998200 ) ) ;
#3049 = EDGE_CURVE ( 'NONE', #500, #1948, #933, .T. ) ;
#3050 = VECTOR ( 'NONE', #2406, 1000.000000000000000 ) ;
#3051 = VECTOR ( 'NONE', #3167, 1000.000000000000000 ) ;
#3052 = STYLED_ITEM ( 'NONE', ( #904 ), #776 ) ;
#3053 = VECTOR ( 'NONE', #4540, 999.9999999999998900 ) ;
#3054 = DIRECTION ( 'NONE',  ( -0.0000000000000000000, 1.000000000000000000, -0.0000000000000000000 ) ) ;
#3055 = LINE ( 'NONE', #400, #2713 ) ;
#3056 = VERTEX_POINT ( 'NONE', #2845 ) ;
#3057 = EDGE_CURVE ( 'NONE', #3268, #4626, #1342, .T. ) ;
#3058 = LINE ( 'NONE', #3554, #4712 ) ;
#3059 = VECTOR ( 'NONE', #134, 1000.000000000000000 ) ;
#3060 = ORIENTED_EDGE ( 'NONE', *, *, #2168, .F. ) ;
#3061 = DIRECTION ( 'NONE',  ( 0.7071067811865567900, 0.0000000000000000000, -0.7071067811865383600 ) ) ;
#3062 = DIRECTION ( 'NONE',  ( 0.0000000000000000000, 0.0000000000000000000, 1.000000000000000000 ) ) ;
#3063 = ORIENTED_EDGE ( 'NONE', *, *, #3410, .F. ) ;
#3064 =( NAMED_UNIT ( * ) SI_UNIT ( $, .STERADIAN. ) SOLID_ANGLE_UNIT ( ) );
#3065 = ORIENTED_EDGE ( 'NONE', *, *, #3419, .T. ) ;
#3066 = CARTESIAN_POINT ( 'NONE',  ( 3.400000000000000400, 0.0000000000000000000, 2.599999999999999600 ) ) ;
#3067 = ADVANCED_FACE ( 'NONE', ( #4392 ), #1169, .F. ) ;
#3068 = ORIENTED_EDGE ( 'NONE', *, *, #4865, .T. ) ;
#3069 = EDGE_CURVE ( 'NONE', #1685, #760, #3917, .T. ) ;
#3070 = ORIENTED_EDGE ( 'NONE', *, *, #3960, .F. ) ;
#3071 = ORIENTED_EDGE ( 'NONE', *, *, #1849, .F. ) ;
#3072 = LINE ( 'NONE', #228, #4322 ) ;
#3073 = VECTOR ( 'NONE', #1063, 1000.000000000000000 ) ;
#3074 = CARTESIAN_POINT ( 'NONE',  ( -3.450000000000000200, 1.000000000000000000, 1.370000000000004500 ) ) ;
#3075 = UNCERTAINTY_MEASURE_WITH_UNIT (LENGTH_MEASURE( 1.000000000000000100E-005 ), #221, 'distance_accuracy_value', 'NONE');
#3076 = VECTOR ( 'NONE', #978, 1000.000000000000000 ) ;
#3077 = SURFACE_SIDE_STYLE ('',( #3532 ) ) ;
#3078 = VERTEX_POINT ( 'NONE', #232 ) ;
#3079 = DIRECTION ( 'NONE',  ( 1.000000000000000000, 0.0000000000000000000, 0.0000000000000000000 ) ) ;
#3080 = ORIENTED_EDGE ( 'NONE', *, *, #3257, .T. ) ;
#3081 = CARTESIAN_POINT ( 'NONE',  ( 3.600000000000001000, 0.05000000000000000300, -0.7699999999999994600 ) ) ;
#3082 = ORIENTED_EDGE ( 'NONE', *, *, #851, .F. ) ;
#3083 = PLANE ( 'NONE',  #2050 ) ;
#3084 = VECTOR ( 'NONE', #2392, 1000.000000000000000 ) ;
#3085 = EDGE_CURVE ( 'NONE', #586, #3958, #1222, .T. ) ;
#3086 = ORIENTED_EDGE ( 'NONE', *, *, #1919, .F. ) ;
#3087 = CARTESIAN_POINT ( 'NONE',  ( -3.599999999999999600, 1.300000000000000700, -1.019999999999999600 ) ) ;
#3088 = EDGE_LOOP ( 'NONE', ( #4223, #932, #1901, #4202 ) ) ;
#3089 = VECTOR ( 'NONE', #1615, 1000.000000000000000 ) ;
#3090 = ORIENTED_EDGE ( 'NONE', *, *, #3926, .T. ) ;
#3091 = EDGE_CURVE ( 'NONE', #4499, #1204, #1109, .T. ) ;
#3092 = ORIENTED_EDGE ( 'NONE', *, *, #1186, .T. ) ;
#3093 = ADVANCED_FACE ( 'NONE', ( #4216 ), #1399, .F. ) ;
#3094 = PLANE ( 'NONE',  #772 ) ;
#3095 = CARTESIAN_POINT ( 'NONE',  ( -2.400000000000000400, 0.0000000000000000000, 0.7700000000000011300 ) ) ;
#3096 = ORIENTED_EDGE ( 'NONE', *, *, #3886, .T. ) ;
#3097 = EDGE_CURVE ( 'NONE', #3244, #1604, #2522, .T. ) ;
#3098 = DIRECTION ( 'NONE',  ( 1.000000000000000000, 0.0000000000000000000, 0.0000000000000000000 ) ) ;
#3099 = CARTESIAN_POINT ( 'NONE',  ( -2.400000000000000400, 0.05000000000000000300, -0.7699999999999959100 ) ) ;
#3100 = ORIENTED_EDGE ( 'NONE', *, *, #4404, .T. ) ;
#3101 = CARTESIAN_POINT ( 'NONE',  ( -3.600000000000001000, 0.05000000000000000300, -0.7699999999999959100 ) ) ;
#3102 = DIRECTION ( 'NONE',  ( -0.0000000000000000000, -1.000000000000000000, -0.0000000000000000000 ) ) ;
#3103 = LINE ( 'NONE', #4007, #831 ) ;
#3104 = CARTESIAN_POINT ( 'NONE',  ( 3.600000000000000500, 0.5500000000000000400, 1.519999999999999600 ) ) ;
#3105 = LINE ( 'NONE', #1358, #952 ) ;
#3106 = FACE_OUTER_BOUND ( 'NONE', #3044, .T. ) ;
#3107 = LINE ( 'NONE', #2741, #1890 ) ;
#3108 = CARTESIAN_POINT ( 'NONE',  ( -3.399999999999999500, 1.149999999999999900, -2.199999999999998000 ) ) ;
#3109 = VECTOR ( 'NONE', #1726, 1000.000000000000000 ) ;
#3110 = ORIENTED_EDGE ( 'NONE', *, *, #3833, .T. ) ;
#3111 = ADVANCED_FACE ( 'NONE', ( #2100 ), #4066, .F. ) ;
#3112 = CARTESIAN_POINT ( 'NONE',  ( -3.450000000000000200, 0.5500000000000000400, 1.169999999999994800 ) ) ;
#3113 = VECTOR ( 'NONE', #3826, 1000.000000000000000 ) ;
#3114 = EDGE_LOOP ( 'NONE', ( #235, #1375, #1552, #632 ) ) ;
#3115 = ORIENTED_EDGE ( 'NONE', *, *, #4617, .T. ) ;
#3116 = CARTESIAN_POINT ( 'NONE',  ( 3.400000000000000400, 1.000000000000000000, 2.199999999999998000 ) ) ;
#3117 = EDGE_CURVE ( 'NONE', #1050, #4081, #1922, .T. ) ;
#3118 = DIRECTION ( 'NONE',  ( 1.000000000000000000, 0.0000000000000000000, 0.0000000000000000000 ) ) ;
#3119 = CIRCLE ( 'NONE', #4852, 0.2000000000000000900 ) ;
#3120 = ORIENTED_EDGE ( 'NONE', *, *, #2486, .T. ) ;
#3121 =( LENGTH_UNIT ( ) NAMED_UNIT ( * ) SI_UNIT ( .MILLI., .METRE. ) );
#3122 = EDGE_CURVE ( 'NONE', #1455, #1275, #1160, .T. ) ;
#3123 = ORIENTED_EDGE ( 'NONE', *, *, #1203, .T. ) ;
#3124 = CARTESIAN_POINT ( 'NONE',  ( -3.400000000000000400, -0.6047401740571388700, -1.390710678118659600 ) ) ;
#3125 = CARTESIAN_POINT ( 'NONE',  ( 3.400000000000000400, 0.0000000000000000000, -2.600000000000000500 ) ) ;
#3126 = ORIENTED_EDGE ( 'NONE', *, *, #3069, .T. ) ;
#3127 = DIRECTION ( 'NONE',  ( 0.0000000000000000000, 1.000000000000000000, 0.0000000000000000000 ) ) ;
#3128 = LINE ( 'NONE', #1658, #1153 ) ;
#3129 = DIRECTION ( 'NONE',  ( 0.0000000000000000000, 0.0000000000000000000, 1.000000000000000000 ) ) ;
#3130 = DIRECTION ( 'NONE',  ( 1.000000000000000000, -0.0000000000000000000, -0.0000000000000000000 ) ) ;
#3131 = VECTOR ( 'NONE', #247, 1000.000000000000000 ) ;
#3132 = EDGE_CURVE ( 'NONE', #2199, #4348, #2570, .T. ) ;
#3133 = FACE_OUTER_BOUND ( 'NONE', #4542, .T. ) ;
#3134 = CARTESIAN_POINT ( 'NONE',  ( -3.400000000000000400, -0.6047401740571388700, 1.390710678118659600 ) ) ;
#3135 = ORIENTED_EDGE ( 'NONE', *, *, #3513, .T. ) ;
#3136 = ADVANCED_FACE ( 'NONE', ( #2867 ), #869, .T. ) ;
#3137 = CARTESIAN_POINT ( 'NONE',  ( 2.400000000000000400, 0.0000000000000000000, -0.7699999999999994600 ) ) ;
#3138 = LINE ( 'NONE', #3043, #2514 ) ;
#3139 = AXIS2_PLACEMENT_3D ( 'NONE', #4198, #4172, #2655 ) ;
#3140 = ORIENTED_EDGE ( 'NONE', *, *, #4870, .T. ) ;
#3141 = VERTEX_POINT ( 'NONE', #2600 ) ;
#3142 = EDGE_LOOP ( 'NONE', ( #2396, #4456, #3199, #580 ) ) ;
#3143 = ORIENTED_EDGE ( 'NONE', *, *, #2159, .T. ) ;
#3144 = ORIENTED_EDGE ( 'NONE', *, *, #2757, .F. ) ;
#3145 = FACE_OUTER_BOUND ( 'NONE', #3981, .T. ) ;
#3146 = PLANE ( 'NONE',  #4820 ) ;
#3147 = DIRECTION ( 'NONE',  ( 0.0000000000000000000, 0.0000000000000000000, 1.000000000000000000 ) ) ;
#3148 = VERTEX_POINT ( 'NONE', #1061 ) ;
#3149 = CARTESIAN_POINT ( 'NONE',  ( 3.564644660940673700, 0.5500000000000000400, -0.9846446609406696000 ) ) ;
#3150 = EDGE_CURVE ( 'NONE', #1086, #4728, #3979, .T. ) ;
#3151 = CARTESIAN_POINT ( 'NONE',  ( 3.400000000000000400, 1.149999999999999900, 2.199999999999998000 ) ) ;
#3152 = ORIENTED_EDGE ( 'NONE', *, *, #984, .F. ) ;
#3153 = PLANE ( 'NONE',  #2718 ) ;
#3154 = DIRECTION ( 'NONE',  ( -0.0000000000000000000, 1.000000000000000000, -0.0000000000000000000 ) ) ;
#3155 = EDGE_CURVE ( 'NONE', #767, #1108, #1864, .T. ) ;
#3156 = CARTESIAN_POINT ( 'NONE',  ( -3.600000000000001000, 0.05000000000000000300, 0.7700000000000011300 ) ) ;
#3157 = ORIENTED_EDGE ( 'NONE', *, *, #4088, .F. ) ;
#3158 = EDGE_CURVE ( 'NONE', #2854, #4076, #37, .T. ) ;
#3159 = ADVANCED_FACE ( 'NONE', ( #4270 ), #3688, .T. ) ;
#3160 = FACE_OUTER_BOUND ( 'NONE', #4632, .T. ) ;
#3161 = DIRECTION ( 'NONE',  ( -0.0000000000000000000, -1.000000000000000000, -0.0000000000000000000 ) ) ;
#3162 = VECTOR ( 'NONE', #1776, 1000.000000000000000 ) ;
#3163 = FACE_OUTER_BOUND ( 'NONE', #334, .T. ) ;
#3164 = CARTESIAN_POINT ( 'NONE',  ( 2.400000000000000400, 0.05000000000000000300, -1.769999999999999400 ) ) ;
#3165 = VECTOR ( 'NONE', #1677, 1000.000000000000000 ) ;
#3166 = EDGE_LOOP ( 'NONE', ( #2782, #3687, #2273, #4514 ) ) ;
#3167 = DIRECTION ( 'NONE',  ( 1.000000000000000000, 0.0000000000000000000, -1.445602896647340100E-016 ) ) ;
#3168 = DIRECTION ( 'NONE',  ( -0.0000000000000000000, -1.000000000000000000, -0.0000000000000000000 ) ) ;
#3169 = FACE_OUTER_BOUND ( 'NONE', #1955, .T. ) ;
#3170 = FACE_OUTER_BOUND ( 'NONE', #404, .T. ) ;
#3171 = ORIENTED_EDGE ( 'NONE', *, *, #4604, .F. ) ;
#3172 = AXIS2_PLACEMENT_3D ( 'NONE', #698, #1832, #3304 ) ;
#3173 = VECTOR ( 'NONE', #4425, 1000.000000000000000 ) ;
#3174 = DIRECTION ( 'NONE',  ( 0.0000000000000000000, 0.0000000000000000000, 1.000000000000000000 ) ) ;
#3175 = DIRECTION ( 'NONE',  ( -0.7071067811865567900, 0.0000000000000000000, 0.7071067811865383600 ) ) ;
#3176 = DIRECTION ( 'NONE',  ( 0.0000000000000000000, 0.0000000000000000000, -1.000000000000000000 ) ) ;
#3177 = CARTESIAN_POINT ( 'NONE',  ( -3.450000000000000200, 1.300000000000000700, 1.370000000000004500 ) ) ;
#3178 = ORIENTED_EDGE ( 'NONE', *, *, #4183, .F. ) ;
#3179 = DIRECTION ( 'NONE',  ( -0.7071067811865569000, 0.0000000000000000000, -0.7071067811865382500 ) ) ;
#3180 = PLANE ( 'NONE',  #3586 ) ;
#3181 = ORIENTED_EDGE ( 'NONE', *, *, #3377, .F. ) ;
#3182 = EDGE_CURVE ( 'NONE', #3029, #1863, #4619, .T. ) ;
#3183 = ORIENTED_EDGE ( 'NONE', *, *, #3122, .F. ) ;
#3184 = CARTESIAN_POINT ( 'NONE',  ( -3.600000000000001000, -1.802775637731995000, -0.7699999999999959100 ) ) ;
#3185 = ORIENTED_EDGE ( 'NONE', *, *, #3245, .F. ) ;
#3186 = ADVANCED_FACE ( 'NONE', ( #3739 ), #4790, .T. ) ;
#3187 = DIRECTION ( 'NONE',  ( 0.0000000000000000000, 0.0000000000000000000, -1.000000000000000000 ) ) ;
#3188 = DIRECTION ( 'NONE',  ( -0.7071067811865567900, 0.0000000000000000000, -0.7071067811865383600 ) ) ;
#3189 = VERTEX_POINT ( 'NONE', #291 ) ;
#3190 = LINE ( 'NONE', #3751, #4204 ) ;
#3191 = EDGE_CURVE ( 'NONE', #3507, #2414, #570, .T. ) ;
#3192 = VECTOR ( 'NONE', #4841, 1000.000000000000000 ) ;
#3193 = LINE ( 'NONE', #1957, #3252 ) ;
#3194 = CARTESIAN_POINT ( 'NONE',  ( 0.0000000000000000000, 0.05000000000000000300, 0.0000000000000000000 ) ) ;
#3195 = SURFACE_SIDE_STYLE ('',( #1740 ) ) ;
#3196 = ORIENTED_EDGE ( 'NONE', *, *, #1495, .T. ) ;
#3197 = AXIS2_PLACEMENT_3D ( 'NONE', #1271, #554, #149 ) ;
#3198 = VERTEX_POINT ( 'NONE', #4052 ) ;
#3199 = ORIENTED_EDGE ( 'NONE', *, *, #2572, .F. ) ;
#3200 = VECTOR ( 'NONE', #3179, 1000.000000000000000 ) ;
#3201 = CARTESIAN_POINT ( 'NONE',  ( 3.450000000000000200, 0.5500000000000000400, -1.169999999999993900 ) ) ;
#3202 = ORIENTED_EDGE ( 'NONE', *, *, #4640, .T. ) ;
#3203 = DIRECTION ( 'NONE',  ( 1.000000000000000000, 0.0000000000000000000, -1.355252715606881300E-016 ) ) ;
#3204 = CARTESIAN_POINT ( 'NONE',  ( -3.199999999999999300, 1.149999999999999900, -2.399999999999999500 ) ) ;
#3205 = LINE ( 'NONE', #3512, #3923 ) ;
#3206 = ORIENTED_EDGE ( 'NONE', *, *, #2070, .F. ) ;
#3207 = STYLED_ITEM ( 'NONE', ( #267 ), #472 ) ;
#3208 = ORIENTED_EDGE ( 'NONE', *, *, #4051, .F. ) ;
#3209 = DIRECTION ( 'NONE',  ( -0.7071067811865567900, 0.0000000000000000000, 0.7071067811865383600 ) ) ;
#3210 = ADVANCED_FACE ( 'NONE', ( #4384 ), #2200, .F. ) ;
#3211 = ORIENTED_EDGE ( 'NONE', *, *, #4640, .F. ) ;
#3212 = CARTESIAN_POINT ( 'NONE',  ( 3.564644660940673700, 0.5500000000000000400, -0.9846446609406696000 ) ) ;
#3213 = DIRECTION ( 'NONE',  ( 0.0000000000000000000, 0.0000000000000000000, 1.000000000000000000 ) ) ;
#3214 = EDGE_CURVE ( 'NONE', #167, #4127, #3255, .T. ) ;
#3215 = ORIENTED_EDGE ( 'NONE', *, *, #1944, .F. ) ;
#3216 = CARTESIAN_POINT ( 'NONE',  ( 2.100000000000000100, 0.0000000000000000000, 1.769999999999999400 ) ) ;
#3217 = ORIENTED_EDGE ( 'NONE', *, *, #4164, .T. ) ;
#3218 = EDGE_CURVE ( 'NONE', #3439, #1387, #1270, .T. ) ;
#3219 = CARTESIAN_POINT ( 'NONE',  ( -3.399999999999999500, 1.149999999999999900, -2.199999999999998000 ) ) ;
#3220 = CARTESIAN_POINT ( 'NONE',  ( 3.564644660940673200, -0.6047401740571388700, 1.555355339059327500 ) ) ;
#3221 = FACE_OUTER_BOUND ( 'NONE', #1739, .T. ) ;
#3222 = VECTOR ( 'NONE', #4521, 1000.000000000000000 ) ;
#3223 = MANIFOLD_SOLID_BREP ( 'Boss-Extrude3', #905 ) ;
#3224 = VECTOR ( 'NONE', #3285, 1000.000000000000000 ) ;
#3225 = CARTESIAN_POINT ( 'NONE',  ( 3.600000000000000500, 0.05000000000000000300, 1.769999999999999400 ) ) ;
#3226 = LINE ( 'NONE', #3487, #2128 ) ;
#3227 = EDGE_CURVE ( 'NONE', #1381, #3631, #631, .T. ) ;
#3228 = LINE ( 'NONE', #532, #10 ) ;
#3229 = CARTESIAN_POINT ( 'NONE',  ( -3.564644660940673200, 0.05000000000000002400, 1.555355339059328400 ) ) ;
#3230 = ORIENTED_EDGE ( 'NONE', *, *, #3132, .F. ) ;
#3231 = ORIENTED_EDGE ( 'NONE', *, *, #751, .T. ) ;
#3232 = AXIS2_PLACEMENT_3D ( 'NONE', #1518, #770, #2598 ) ;
#3233 = CARTESIAN_POINT ( 'NONE',  ( -3.199999999999999300, 1.149999999999999900, -1.999999999999997800 ) ) ;
#3234 = LINE ( 'NONE', #3308, #369 ) ;
#3235 = ORIENTED_EDGE ( 'NONE', *, *, #4766, .T. ) ;
#3236 =( NAMED_UNIT ( * ) PLANE_ANGLE_UNIT ( ) SI_UNIT ( $, .RADIAN. ) );
#3237 = ADVANCED_FACE ( 'NONE', ( #273 ), #3857, .T. ) ;
#3238 = CARTESIAN_POINT ( 'NONE',  ( 3.400000000000000400, 0.5500000000000000400, 1.390710678118658700 ) ) ;
#3239 = ORIENTED_EDGE ( 'NONE', *, *, #3273, .F. ) ;
#3240 = CARTESIAN_POINT ( 'NONE',  ( -3.400000000000000400, -0.6047401740571388700, 1.149289321881339600 ) ) ;
#3241 = LINE ( 'NONE', #4393, #3834 ) ;
#3242 = ORIENTED_EDGE ( 'NONE', *, *, #4668, .T. ) ;
#3243 = EDGE_CURVE ( 'NONE', #2591, #3474, #3138, .T. ) ;
#3244 = VERTEX_POINT ( 'NONE', #4102 ) ;
#3245 = EDGE_CURVE ( 'NONE', #940, #2662, #4858, .T. ) ;
#3246 = LINE ( 'NONE', #738, #4733 ) ;
#3247 = CARTESIAN_POINT ( 'NONE',  ( 3.400000000000000400, -0.6047401740571388700, -1.149289321881338900 ) ) ;
#3248 = DIRECTION ( 'NONE',  ( 1.000000000000000000, -0.0000000000000000000, -0.0000000000000000000 ) ) ;
#3249 = DIRECTION ( 'NONE',  ( 0.0000000000000000000, 0.0000000000000000000, 1.000000000000000000 ) ) ;
#3250 = DIRECTION ( 'NONE',  ( 0.0000000000000000000, 0.0000000000000000000, 1.000000000000000000 ) ) ;
#3251 = CIRCLE ( 'NONE', #258, 0.2000000000000000900 ) ;
#3252 = VECTOR ( 'NONE', #2357, 1000.000000000000000 ) ;
#3253 = VERTEX_POINT ( 'NONE', #2247 ) ;
#3254 = EDGE_CURVE ( 'NONE', #1377, #1963, #2631, .T. ) ;
#3255 = LINE ( 'NONE', #4461, #2916 ) ;
#3256 = CARTESIAN_POINT ( 'NONE',  ( -3.564644660940673200, 0.05000000000000000300, -1.555355339059328400 ) ) ;
#3257 = EDGE_CURVE ( 'NONE', #2569, #3302, #2156, .T. ) ;
#3258 = ORIENTED_EDGE ( 'NONE', *, *, #650, .T. ) ;
#3259 = ORIENTED_EDGE ( 'NONE', *, *, #1787, .F. ) ;
#3260 = EDGE_LOOP ( 'NONE', ( #1918, #4062, #2186, #3065, #3887, #4114, #3707, #925 ) ) ;
#3261 = VERTEX_POINT ( 'NONE', #4491 ) ;
#3262 = ORIENTED_EDGE ( 'NONE', *, *, #2256, .F. ) ;
#3263 = VECTOR ( 'NONE', #2010, 1000.000000000000000 ) ;
#3264 = DIRECTION ( 'NONE',  ( -0.0000000000000000000, 1.000000000000000000, -0.0000000000000000000 ) ) ;
#3265 = STYLED_ITEM ( 'NONE', ( #513 ), #3223 ) ;
#3266 = ORIENTED_EDGE ( 'NONE', *, *, #4371, .T. ) ;
#3267 = CARTESIAN_POINT ( 'NONE',  ( -3.599999999999999600, 1.300000000000000700, 1.519999999999999600 ) ) ;
#3268 = VERTEX_POINT ( 'NONE', #1134 ) ;
#3269 = VERTEX_POINT ( 'NONE', #3754 ) ;
#3270 = AXIS2_PLACEMENT_3D ( 'NONE', #3220, #4432, #2488 ) ;
#3271 = CARTESIAN_POINT ( 'NONE',  ( 3.400000000000000400, 1.149999999999999900, 2.199999999999998000 ) ) ;
#3272 = ORIENTED_EDGE ( 'NONE', *, *, #1526, .T. ) ;
#3273 = EDGE_CURVE ( 'NONE', #912, #4071, #752, .T. ) ;
#3274 = PLANE ( 'NONE',  #2177 ) ;
#3275 = VECTOR ( 'NONE', #2296, 1000.000000000000000 ) ;
#3276 = CARTESIAN_POINT ( 'NONE',  ( 3.600000000000000500, 0.0000000000000000000, 2.599999999999999600 ) ) ;
#3277 = LINE ( 'NONE', #2032, #298 ) ;
#3278 = EDGE_CURVE ( 'NONE', #315, #236, #1049, .T. ) ;
#3279 = CARTESIAN_POINT ( 'NONE',  ( -3.600000000000001000, 0.05000000000000000300, 0.7700000000000011300 ) ) ;
#3280 = CARTESIAN_POINT ( 'NONE',  ( 3.564644660940673200, 0.5500000000000000400, -1.555355339059327500 ) ) ;
#3281 = DIRECTION ( 'NONE',  ( 0.0000000000000000000, 0.0000000000000000000, -1.000000000000000000 ) ) ;
#3282 = LINE ( 'NONE', #4134, #1190 ) ;
#3283 = VECTOR ( 'NONE', #4288, 1000.000000000000000 ) ;
#3284 = ORIENTED_EDGE ( 'NONE', *, *, #4674, .F. ) ;
#3285 = DIRECTION ( 'NONE',  ( -1.000000000000000000, 0.0000000000000000000, 1.355252715606881300E-016 ) ) ;
#3286 = LINE ( 'NONE', #339, #2011 ) ;
#3287 = AXIS2_PLACEMENT_3D ( 'NONE', #826, #1980, #505 ) ;
#3288 = FACE_OUTER_BOUND ( 'NONE', #4343, .T. ) ;
#3289 = ORIENTED_EDGE ( 'NONE', *, *, #851, .T. ) ;
#3290 = EDGE_CURVE ( 'NONE', #3858, #3772, #3909, .T. ) ;
#3291 = CARTESIAN_POINT ( 'NONE',  ( -3.400000000000000400, 0.5500000000000000400, 1.149289321881339600 ) ) ;
#3292 = LINE ( 'NONE', #3634, #1314 ) ;
#3293 = DIRECTION ( 'NONE',  ( 0.0000000000000000000, 1.000000000000000000, 0.0000000000000000000 ) ) ;
#3294 = EDGE_LOOP ( 'NONE', ( #2746, #4011, #4538, #4563, #1597 ) ) ;
#3295 = DIRECTION ( 'NONE',  ( 0.0000000000000000000, 0.0000000000000000000, 1.000000000000000000 ) ) ;
#3296 = ORIENTED_EDGE ( 'NONE', *, *, #593, .F. ) ;
#3297 = CARTESIAN_POINT ( 'NONE',  ( 2.100000000000000100, -1.802775637731995000, 0.7699999999999994600 ) ) ;
#3298 = AXIS2_PLACEMENT_3D ( 'NONE', #2345, #2311, #484 ) ;
#3299 = CARTESIAN_POINT ( 'NONE',  ( 3.600000000000001000, 0.05000000000000000300, -1.019999999999997600 ) ) ;
#3300 = CARTESIAN_POINT ( 'NONE',  ( -3.199999999999998000, 1.000000000000000000, 2.400000000000000400 ) ) ;
#3301 = ORIENTED_EDGE ( 'NONE', *, *, #4398, .T. ) ;
#3302 = VERTEX_POINT ( 'NONE', #411 ) ;
#3303 = FACE_OUTER_BOUND ( 'NONE', #2473, .T. ) ;
#3304 = DIRECTION ( 'NONE',  ( 0.7071067811865567900, 0.0000000000000000000, 0.7071067811865383600 ) ) ;
#3305 = EDGE_CURVE ( 'NONE', #1304, #3625, #1807, .T. ) ;
#3306 = FACE_OUTER_BOUND ( 'NONE', #2161, .T. ) ;
#3307 = LINE ( 'NONE', #3483, #4152 ) ;
#3308 = CARTESIAN_POINT ( 'NONE',  ( -0.1999999999999996800, 1.300000000000000700, -2.600000000000000100 ) ) ;
#3309 = PLANE ( 'NONE',  #4662 ) ;
#3310 = EDGE_CURVE ( 'NONE', #4450, #4598, #3557, .T. ) ;
#3311 = LINE ( 'NONE', #1505, #4510 ) ;
#3312 = CARTESIAN_POINT ( 'NONE',  ( -3.564644660940673700, 0.5500000000000000400, -0.9846446609406704900 ) ) ;
#3313 = ORIENTED_EDGE ( 'NONE', *, *, #3091, .F. ) ;
#3314 = VERTEX_POINT ( 'NONE', #4857 ) ;
#3315 = DIRECTION ( 'NONE',  ( -0.0000000000000000000, -1.000000000000000000, -0.0000000000000000000 ) ) ;
#3316 = ORIENTED_EDGE ( 'NONE', *, *, #1243, .F. ) ;
#3317 = CARTESIAN_POINT ( 'NONE',  ( 3.600000000000001000, 0.05000000000000000300, 0.7699999999999994600 ) ) ;
#3318 = DIRECTION ( 'NONE',  ( 0.0000000000000000000, 0.0000000000000000000, -1.000000000000000000 ) ) ;
#3319 = ORIENTED_EDGE ( 'NONE', *, *, #2791, .F. ) ;
#3320 = VECTOR ( 'NONE', #2408, 1000.000000000000100 ) ;
#3321 = EDGE_CURVE ( 'NONE', #3658, #4038, #3794, .T. ) ;
#3322 = ORIENTED_EDGE ( 'NONE', *, *, #78, .F. ) ;
#3323 = CARTESIAN_POINT ( 'NONE',  ( 2.400000000000000400, -1.802775637731995000, -1.769999999999999400 ) ) ;
#3324 = PLANE ( 'NONE',  #292 ) ;
#3325 = ORIENTED_EDGE ( 'NONE', *, *, #3536, .T. ) ;
#3326 = LINE ( 'NONE', #748, #819 ) ;
#3327 = ORIENTED_EDGE ( 'NONE', *, *, #104, .F. ) ;
#3328 = VERTEX_POINT ( 'NONE', #2979 ) ;
#3329 = DIRECTION ( 'NONE',  ( -0.0000000000000000000, 0.0000000000000000000, 1.000000000000000000 ) ) ;
#3330 = PLANE ( 'NONE',  #3752 ) ;
#3331 = CARTESIAN_POINT ( 'NONE',  ( 3.200000000000000200, 1.149999999999999900, -2.200000000000000200 ) ) ;
#3332 = CARTESIAN_POINT ( 'NONE',  ( -0.1999999999999996800, 0.0000000000000000000, 2.600000000000000100 ) ) ;
#3333 = CARTESIAN_POINT ( 'NONE',  ( -2.999999999999999100, 10.36659513557903800, 2.000000000000000000 ) ) ;
#3334 = CARTESIAN_POINT ( 'NONE',  ( 3.600000000000000500, 0.5500000000000000400, 1.519999999999999600 ) ) ;
#3335 = ORIENTED_EDGE ( 'NONE', *, *, #78, .T. ) ;
#3336 = ORIENTED_EDGE ( 'NONE', *, *, #2479, .F. ) ;
#3337 = EDGE_CURVE ( 'NONE', #1223, #634, #4440, .T. ) ;
#3338 = CARTESIAN_POINT ( 'NONE',  ( 3.199999999999998800, 1.149999999999999900, -2.400000000000000400 ) ) ;
#3339 = CARTESIAN_POINT ( 'NONE',  ( -3.600000000000000500, 0.0000000000000000000, -1.769999999999996000 ) ) ;
#3340 = LINE ( 'NONE', #4694, #1469 ) ;
#3341 = EDGE_CURVE ( 'NONE', #4301, #1928, #3384, .T. ) ;
#3342 = CARTESIAN_POINT ( 'NONE',  ( -2.400000000000000400, 0.05000000000000000300, -0.7699999999999959100 ) ) ;
#3343 = VECTOR ( 'NONE', #2673, 1000.000000000000000 ) ;
#3344 = CARTESIAN_POINT ( 'NONE',  ( 3.400000000000000400, 0.05000000000000000300, 1.390710678118658700 ) ) ;
#3345 = LINE ( 'NONE', #4160, #777 ) ;
#3346 = CARTESIAN_POINT ( 'NONE',  ( 3.450000000000000200, 1.000000000000000000, -1.370000000000004500 ) ) ;
#3347 = CARTESIAN_POINT ( 'NONE',  ( -3.199999999999998000, 1.149999999999999900, 2.400000000000000400 ) ) ;
#3348 = LINE ( 'NONE', #2843, #2246 ) ;
#3349 = EDGE_CURVE ( 'NONE', #53, #3328, #3311, .T. ) ;
#3350 = LINE ( 'NONE', #1653, #3283 ) ;
#3351 = EDGE_LOOP ( 'NONE', ( #198, #2254, #4093, #3624 ) ) ;
#3352 = ORIENTED_EDGE ( 'NONE', *, *, #86, .T. ) ;
#3353 = FACE_OUTER_BOUND ( 'NONE', #1845, .T. ) ;
#3354 = VERTEX_POINT ( 'NONE', #1151 ) ;
#3355 = ORIENTED_EDGE ( 'NONE', *, *, #3513, .F. ) ;
#3356 = PLANE ( 'NONE',  #3942 ) ;
#3357 = DIRECTION ( 'NONE',  ( -0.0000000000000000000, -1.000000000000000000, -0.0000000000000000000 ) ) ;
#3358 = AXIS2_PLACEMENT_3D ( 'NONE', #645, #2863, #1003 ) ;
#3359 = CARTESIAN_POINT ( 'NONE',  ( 3.564644660940673200, -0.6047401740571388700, -1.555355339059327500 ) ) ;
#3360 = ORIENTED_EDGE ( 'NONE', *, *, #4304, .T. ) ;
#3361 = ORIENTED_EDGE ( 'NONE', *, *, #3254, .F. ) ;
#3362 = DIRECTION ( 'NONE',  ( 0.7071067811865301400, 0.0000000000000000000, -0.7071067811865648900 ) ) ;
#3363 = CARTESIAN_POINT ( 'NONE',  ( -3.450000000000000200, 0.5500000000000000400, -1.169999999999994800 ) ) ;
#3364 = DIRECTION ( 'NONE',  ( 0.7071067811865383600, 0.0000000000000000000, 0.7071067811865567900 ) ) ;
#3365 = FACE_OUTER_BOUND ( 'NONE', #4506, .T. ) ;
#3366 = FACE_OUTER_BOUND ( 'NONE', #2499, .T. ) ;
#3367 = CARTESIAN_POINT ( 'NONE',  ( 3.400000000000000400, 0.5500000000000000400, 1.390710678118658700 ) ) ;
#3368 = DIRECTION ( 'NONE',  ( 1.000000000000000000, -0.0000000000000000000, -0.0000000000000000000 ) ) ;
#3369 = AXIS2_PLACEMENT_3D ( 'NONE', #4618, #852, #3463 ) ;
#3370 = FACE_OUTER_BOUND ( 'NONE', #2720, .T. ) ;
#3371 = ORIENTED_EDGE ( 'NONE', *, *, #3069, .F. ) ;
#3372 = DIRECTION ( 'NONE',  ( -1.000000000000000000, 0.0000000000000000000, 0.0000000000000000000 ) ) ;
#3373 = MANIFOLD_SOLID_BREP ( 'Boss-Extrude5[2]', #1231 ) ;
#3374 = APPLICATION_PROTOCOL_DEFINITION ( 'draft international standard', 'automotive_design', 1998, #1895 ) ;
#3375 = CARTESIAN_POINT ( 'NONE',  ( 3.600000000000001000, 0.0000000000000000000, -1.019999999999997600 ) ) ;
#3376 = EDGE_LOOP ( 'NONE', ( #4568, #2344, #3847, #1765 ) ) ;
#3377 = EDGE_CURVE ( 'NONE', #1573, #1377, #376, .T. ) ;
#3378 = CARTESIAN_POINT ( 'NONE',  ( -3.599999999999999600, 1.300000000000000700, -1.019999999999999600 ) ) ;
#3379 = VERTEX_POINT ( 'NONE', #4313 ) ;
#3380 = VERTEX_POINT ( 'NONE', #1362 ) ;
#3381 = ORIENTED_EDGE ( 'NONE', *, *, #1143, .F. ) ;
#3382 = DIRECTION ( 'NONE',  ( -0.0000000000000000000, 1.000000000000000000, -0.0000000000000000000 ) ) ;
#3383 = VERTEX_POINT ( 'NONE', #955 ) ;
#3384 = LINE ( 'NONE', #3363, #393 ) ;
#3385 = CARTESIAN_POINT ( 'NONE',  ( 3.600000000000001000, -0.6047401740571388700, -1.019999999999997600 ) ) ;
#3386 = ADVANCED_FACE ( 'NONE', ( #2314 ), #3968, .F. ) ;
#3387 = VERTEX_POINT ( 'NONE', #3533 ) ;
#3388 = CARTESIAN_POINT ( 'NONE',  ( 3.450000000000000200, 0.0000000000000000000, 1.370000000000003700 ) ) ;
#3389 = ORIENTED_EDGE ( 'NONE', *, *, #4058, .F. ) ;
#3390 = ORIENTED_EDGE ( 'NONE', *, *, #3733, .T. ) ;
#3391 = ADVANCED_FACE ( 'NONE', ( #75 ), #981, .F. ) ;
#3392 = DIRECTION ( 'NONE',  ( 4.336808689942017700E-016, 0.0000000000000000000, -1.000000000000000000 ) ) ;
#3393 = EDGE_CURVE ( 'NONE', #2463, #3899, #790, .T. ) ;
#3394 = CARTESIAN_POINT ( 'NONE',  ( -3.600000000000000500, 0.5500000000000000400, -1.520000000000000500 ) ) ;
#3395 = SURFACE_SIDE_STYLE ('',( #4465 ) ) ;
#3396 = FILL_AREA_STYLE ('',( #2700 ) ) ;
#3397 = ORIENTED_EDGE ( 'NONE', *, *, #2881, .T. ) ;
#3398 =( LENGTH_UNIT ( ) NAMED_UNIT ( * ) SI_UNIT ( .MILLI., .METRE. ) );
#3399 = AXIS2_PLACEMENT_3D ( 'NONE', #1953, #1560, #3062 ) ;
#3400 = DIRECTION ( 'NONE',  ( -0.0000000000000000000, -1.000000000000000000, -0.0000000000000000000 ) ) ;
#3401 = VECTOR ( 'NONE', #325, 1000.000000000000100 ) ;
#3402 = DIRECTION ( 'NONE',  ( -0.7071067811865567900, 0.0000000000000000000, 0.7071067811865383600 ) ) ;
#3403 = LINE ( 'NONE', #917, #2706 ) ;
#3404 = EDGE_CURVE ( 'NONE', #1881, #3853, #189, .T. ) ;
#3405 = LINE ( 'NONE', #3576, #2355 ) ;
#3406 = DIRECTION ( 'NONE',  ( 0.0000000000000000000, 0.0000000000000000000, -1.000000000000000000 ) ) ;
#3407 = FACE_OUTER_BOUND ( 'NONE', #3114, .T. ) ;
#3408 = LINE ( 'NONE', #3599, #2998 ) ;
#3409 = ADVANCED_FACE ( 'NONE', ( #4251 ), #4687, .F. ) ;
#3410 = EDGE_CURVE ( 'NONE', #500, #4047, #4137, .T. ) ;
#3411 = VERTEX_POINT ( 'NONE', #2058 ) ;
#3412 =( LENGTH_UNIT ( ) NAMED_UNIT ( * ) SI_UNIT ( .MILLI., .METRE. ) );
#3413 = VECTOR ( 'NONE', #3732, 1000.000000000000000 ) ;
#3414 = CARTESIAN_POINT ( 'NONE',  ( 3.200000000000000200, 1.149999999999999900, 1.999999999999997800 ) ) ;
#3415 = LINE ( 'NONE', #3970, #969 ) ;
#3416 = ORIENTED_EDGE ( 'NONE', *, *, #3040, .F. ) ;
#3417 = CARTESIAN_POINT ( 'NONE',  ( 3.600000000000001000, -1.802775637731995000, 0.7699999999999994600 ) ) ;
#3418 = ADVANCED_FACE ( 'NONE', ( #4307 ), #3180, .F. ) ;
#3419 = EDGE_CURVE ( 'NONE', #80, #312, #3657, .T. ) ;
#3420 = DIRECTION ( 'NONE',  ( -0.0000000000000000000, 1.000000000000000000, -0.0000000000000000000 ) ) ;
#3421 = LINE ( 'NONE', #1068, #2141 ) ;
#3422 = ORIENTED_EDGE ( 'NONE', *, *, #3791, .F. ) ;
#3423 = CARTESIAN_POINT ( 'NONE',  ( -3.600000000000001000, 0.05000000000000000300, 0.7700000000000011300 ) ) ;
#3424 = ORIENTED_EDGE ( 'NONE', *, *, #2444, .T. ) ;
#3425 = CARTESIAN_POINT ( 'NONE',  ( -3.600000000000000500, -1.802775637731995000, -1.520000000000000500 ) ) ;
#3426 = ORIENTED_EDGE ( 'NONE', *, *, #2173, .T. ) ;
#3427 = VECTOR ( 'NONE', #1998, 1000.000000000000000 ) ;
#3428 = CARTESIAN_POINT ( 'NONE',  ( -3.199999999999999300, 1.149999999999999900, 2.200000000000000200 ) ) ;
#3429 = CARTESIAN_POINT ( 'NONE',  ( -3.199999999999999300, 1.149999999999999900, -1.999999999999997800 ) ) ;
#3430 = VECTOR ( 'NONE', #1471, 1000.000000000000000 ) ;
#3431 =( GEOMETRIC_REPRESENTATION_CONTEXT ( 3 ) GLOBAL_UNCERTAINTY_ASSIGNED_CONTEXT ( ( #3075 ) ) GLOBAL_UNIT_ASSIGNED_CONTEXT ( ( #221, #2227, #2240 ) ) REPRESENTATION_CONTEXT ( 'NONE', 'WORKASPACE' ) );
#3432 = VECTOR ( 'NONE', #269, 1000.000000000000000 ) ;
#3433 = ORIENTED_EDGE ( 'NONE', *, *, #4105, .F. ) ;
#3434 = CARTESIAN_POINT ( 'NONE',  ( 0.0000000000000000000, 0.05000000000000000300, 0.0000000000000000000 ) ) ;
#3435 = AXIS2_PLACEMENT_3D ( 'NONE', #2592, #331, #4847 ) ;
#3436 = VECTOR ( 'NONE', #656, 1000.000000000000000 ) ;
#3437 = VERTEX_POINT ( 'NONE', #205 ) ;
#3438 = EDGE_LOOP ( 'NONE', ( #2629, #2672, #3541, #3115 ) ) ;
#3439 = VERTEX_POINT ( 'NONE', #2837 ) ;
#3440 = EDGE_CURVE ( 'NONE', #767, #1264, #4019, .T. ) ;
#3441 = ADVANCED_FACE ( 'NONE', ( #667 ), #610, .F. ) ;
#3442 = CARTESIAN_POINT ( 'NONE',  ( -3.600000000000000500, 0.0000000000000000000, 1.520000000000000500 ) ) ;
#3443 = ORIENTED_EDGE ( 'NONE', *, *, #3756, .T. ) ;
#3444 = VECTOR ( 'NONE', #3161, 1000.000000000000000 ) ;
#3445 = VERTEX_POINT ( 'NONE', #3949 ) ;
#3446 = PLANE ( 'NONE',  #2081 ) ;
#3447 = LINE ( 'NONE', #731, #1574 ) ;
#3448 = ORIENTED_EDGE ( 'NONE', *, *, #3085, .F. ) ;
#3449 = EDGE_CURVE ( 'NONE', #4071, #1004, #3538, .T. ) ;
#3450 = DIRECTION ( 'NONE',  ( 0.0000000000000000000, 0.0000000000000000000, -1.000000000000000000 ) ) ;
#3451 = ORIENTED_EDGE ( 'NONE', *, *, #2947, .T. ) ;
#3452 = PLANE ( 'NONE',  #3649 ) ;
#3453 = DIRECTION ( 'NONE',  ( 0.0000000000000000000, 0.0000000000000000000, -1.000000000000000000 ) ) ;
#3454 = ORIENTED_EDGE ( 'NONE', *, *, #2675, .F. ) ;
#3455 = AXIS2_PLACEMENT_3D ( 'NONE', #1681, #4312, #3569 ) ;
#3456 = VERTEX_POINT ( 'NONE', #1723 ) ;
#3457 = DIRECTION ( 'NONE',  ( -0.7071067811865567900, -0.0000000000000000000, -0.7071067811865383600 ) ) ;
#3458 = CARTESIAN_POINT ( 'NONE',  ( -3.600000000000001000, 0.5500000000000000400, -1.019999999999998200 ) ) ;
#3459 = ORIENTED_EDGE ( 'NONE', *, *, #3337, .F. ) ;
#3460 = DIRECTION ( 'NONE',  ( 1.355252715606881300E-016, -0.0000000000000000000, 1.000000000000000000 ) ) ;
#3461 = AXIS2_PLACEMENT_3D ( 'NONE', #881, #147, #3928 ) ;
#3462 = VECTOR ( 'NONE', #3654, 1000.000000000000000 ) ;
#3463 = DIRECTION ( 'NONE',  ( 0.7071067811865567900, 0.0000000000000000000, 0.7071067811865383600 ) ) ;
#3464 = DIRECTION ( 'NONE',  ( -1.000000000000000000, 0.0000000000000000000, 0.0000000000000000000 ) ) ;
#3465 = AXIS2_PLACEMENT_3D ( 'NONE', #4826, #4090, #4467 ) ;
#3466 = ADVANCED_FACE ( 'NONE', ( #1144 ), #2077, .F. ) ;
#3467 = LINE ( 'NONE', #1569, #2359 ) ;
#3468 = DIRECTION ( 'NONE',  ( 1.000000000000000000, -0.0000000000000000000, -1.204669080539449300E-016 ) ) ;
#3469 = LINE ( 'NONE', #2680, #3764 ) ;
#3470 = CARTESIAN_POINT ( 'NONE',  ( -0.1999999999999996800, 1.300000000000000700, 2.600000000000000100 ) ) ;
#3471 = EDGE_CURVE ( 'NONE', #3736, #3725, #433, .T. ) ;
#3472 = FACE_OUTER_BOUND ( 'NONE', #1797, .T. ) ;
#3473 = VECTOR ( 'NONE', #1547, 1000.000000000000000 ) ;
#3474 = VERTEX_POINT ( 'NONE', #4375 ) ;
#3475 = CARTESIAN_POINT ( 'NONE',  ( 2.400000000000000400, 0.05000000000000000300, -1.769999999999999400 ) ) ;
#3476 = PLANE ( 'NONE',  #701 ) ;
#3477 = ORIENTED_EDGE ( 'NONE', *, *, #2046, .F. ) ;
#3478 = VECTOR ( 'NONE', #3749, 1000.000000000000000 ) ;
#3479 = EDGE_CURVE ( 'NONE', #1784, #4728, #3241, .T. ) ;
#3480 = EDGE_LOOP ( 'NONE', ( #1414, #2794, #4714, #3316 ) ) ;
#3481 = ORIENTED_EDGE ( 'NONE', *, *, #3809, .T. ) ;
#3482 = CARTESIAN_POINT ( 'NONE',  ( -3.400000000000000400, 0.5500000000000000400, -1.149289321881339600 ) ) ;
#3483 = CARTESIAN_POINT ( 'NONE',  ( 2.400000000000000400, 0.05000000000000000300, -1.769999999999999400 ) ) ;
#3484 = PLANE ( 'NONE',  #3495 ) ;
#3485 = ORIENTED_EDGE ( 'NONE', *, *, #3321, .T. ) ;
#3486 = CARTESIAN_POINT ( 'NONE',  ( -2.400000000000000400, 0.05000000000000000300, -0.7699999999999959100 ) ) ;
#3487 = CARTESIAN_POINT ( 'NONE',  ( -3.600000000000001000, 0.0000000000000000000, 0.7700000000000011300 ) ) ;
#3488 = VERTEX_POINT ( 'NONE', #1437 ) ;
#3489 = VERTEX_POINT ( 'NONE', #1393 ) ;
#3490 = EDGE_CURVE ( 'NONE', #4075, #1324, #3421, .T. ) ;
#3491 =( NAMED_UNIT ( * ) SI_UNIT ( $, .STERADIAN. ) SOLID_ANGLE_UNIT ( ) );
#3492 = ADVANCED_FACE ( 'NONE', ( #311 ), #2528, .F. ) ;
#3493 = DIRECTION ( 'NONE',  ( 0.0000000000000000000, -0.0000000000000000000, 1.000000000000000000 ) ) ;
#3494 = LINE ( 'NONE', #3134, #3427 ) ;
#3495 = AXIS2_PLACEMENT_3D ( 'NONE', #1241, #1287, #3875 ) ;
#3496 = VECTOR ( 'NONE', #1129, 1000.000000000000000 ) ;
#3497 = ORIENTED_EDGE ( 'NONE', *, *, #2582, .T. ) ;
#3498 = DIRECTION ( 'NONE',  ( 0.0000000000000000000, 0.0000000000000000000, 1.000000000000000000 ) ) ;
#3499 = CARTESIAN_POINT ( 'NONE',  ( -3.600000000000001000, 0.5500000000000000400, 1.019999999999998200 ) ) ;
#3500 = VECTOR ( 'NONE', #3652, 1000.000000000000000 ) ;
#3501 = PLANE ( 'NONE',  #4811 ) ;
#3502 = EDGE_CURVE ( 'NONE', #99, #1283, #3119, .T. ) ;
#3503 = ORIENTED_EDGE ( 'NONE', *, *, #3644, .F. ) ;
#3504 = CARTESIAN_POINT ( 'NONE',  ( -2.400000000000000400, 0.05000000000000000300, -0.7699999999999959100 ) ) ;
#3505 = VERTEX_POINT ( 'NONE', #4060 ) ;
#3506 = ORIENTED_EDGE ( 'NONE', *, *, #1284, .T. ) ;
#3507 = VERTEX_POINT ( 'NONE', #2931 ) ;
#3508 = LINE ( 'NONE', #2860, #1453 ) ;
#3509 = EDGE_CURVE ( 'NONE', #4038, #1004, #3778, .T. ) ;
#3510 = ORIENTED_EDGE ( 'NONE', *, *, #3612, .F. ) ;
#3511 = CARTESIAN_POINT ( 'NONE',  ( 0.0000000000000000000, 1.000000000000000000, 0.0000000000000000000 ) ) ;
#3512 = CARTESIAN_POINT ( 'NONE',  ( -3.564644660940673700, 0.5500000000000000400, 0.9846446609406704900 ) ) ;
#3513 = EDGE_CURVE ( 'NONE', #2414, #997, #3891, .T. ) ;
#3514 = DIRECTION ( 'NONE',  ( -0.7071067811865388000, 0.0000000000000000000, 0.7071067811865561200 ) ) ;
#3515 = ADVANCED_FACE ( 'NONE', ( #4658 ), #288, .T. ) ;
#3516 = VERTEX_POINT ( 'NONE', #2913 ) ;
#3517 = EDGE_CURVE ( 'NONE', #3328, #847, #1659, .T. ) ;
#3518 = CARTESIAN_POINT ( 'NONE',  ( -2.400000000000000400, -1.802775637731995000, -0.7699999999999959100 ) ) ;
#3519 = CIRCLE ( 'NONE', #4190, 0.2000000000000000900 ) ;
#3520 = CARTESIAN_POINT ( 'NONE',  ( -2.999999999999999100, 1.149999999999999900, -2.199999999999999300 ) ) ;
#3521 = AXIS2_PLACEMENT_3D ( 'NONE', #2948, #671, #723 ) ;
#3522 = CARTESIAN_POINT ( 'NONE',  ( -3.600000000000001000, 0.0000000000000000000, 0.7700000000000011300 ) ) ;
#3523 = FILL_AREA_STYLE ('',( #4321 ) ) ;
#3524 = VECTOR ( 'NONE', #4287, 1000.000000000000000 ) ;
#3525 = VECTOR ( 'NONE', #1487, 1000.000000000000000 ) ;
#3526 = DIRECTION ( 'NONE',  ( 0.7071067811865567900, 0.0000000000000000000, -0.7071067811865383600 ) ) ;
#3527 = AXIS2_PLACEMENT_3D ( 'NONE', #1668, #2065, #2825 ) ;
#3528 = LINE ( 'NONE', #2753, #300 ) ;
#3529 = ORIENTED_EDGE ( 'NONE', *, *, #1464, .T. ) ;
#3530 = CARTESIAN_POINT ( 'NONE',  ( 3.600000000000000500, 0.0000000000000000000, 2.599999999999999600 ) ) ;
#3531 = CARTESIAN_POINT ( 'NONE',  ( -3.399999999999999500, 0.0000000000000000000, 2.600000000000000500 ) ) ;
#3532 = SURFACE_STYLE_FILL_AREA ( #3396 ) ;
#3533 = CARTESIAN_POINT ( 'NONE',  ( -3.600000000000001000, 0.5500000000000000400, -1.019999999999998200 ) ) ;
#3534 = LINE ( 'NONE', #4707, #1950 ) ;
#3535 = ORIENTED_EDGE ( 'NONE', *, *, #2759, .F. ) ;
#3536 = EDGE_CURVE ( 'NONE', #3030, #167, #552, .T. ) ;
#3537 = DIRECTION ( 'NONE',  ( -0.0000000000000000000, 1.000000000000000000, -0.0000000000000000000 ) ) ;
#3538 = LINE ( 'NONE', #3987, #2194 ) ;
#3539 = ADVANCED_FACE ( 'NONE', ( #130 ), #3274, .F. ) ;
#3540 = PLANE ( 'NONE',  #520 ) ;
#3541 = ORIENTED_EDGE ( 'NONE', *, *, #1995, .F. ) ;
#3542 = PLANE ( 'NONE',  #1363 ) ;
#3543 = EDGE_CURVE ( 'NONE', #548, #4830, #3292, .T. ) ;
#3544 = ORIENTED_EDGE ( 'NONE', *, *, #2144, .F. ) ;
#3545 = EDGE_LOOP ( 'NONE', ( #2977, #2617, #2573, #3004 ) ) ;
#3546 = CARTESIAN_POINT ( 'NONE',  ( -3.600000000000000500, 0.0000000000000000000, 1.520000000000000500 ) ) ;
#3547 = VERTEX_POINT ( 'NONE', #649 ) ;
#3548 = LINE ( 'NONE', #1631, #3731 ) ;
#3549 = CARTESIAN_POINT ( 'NONE',  ( 3.400000000000000400, 0.5500000000000000400, 1.149289321881338900 ) ) ;
#3550 = AXIS2_PLACEMENT_3D ( 'NONE', #446, #877, #3493 ) ;
#3551 = EDGE_CURVE ( 'NONE', #2276, #3030, #259, .T. ) ;
#3552 = VECTOR ( 'NONE', #420, 1000.000000000000000 ) ;
#3553 = CARTESIAN_POINT ( 'NONE',  ( -3.400000000000000400, -0.6047401740571388700, -1.149289321881339600 ) ) ;
#3554 = CARTESIAN_POINT ( 'NONE',  ( 3.450000000000000200, -0.6047401740571388700, -1.370000000000003700 ) ) ;
#3555 = ORIENTED_EDGE ( 'NONE', *, *, #4027, .T. ) ;
#3556 = PLANE ( 'NONE',  #1181 ) ;
#3557 = LINE ( 'NONE', #3770, #4502 ) ;
#3558 = AXIS2_PLACEMENT_3D ( 'NONE', #522, #3127, #3147 ) ;
#3559 = VERTEX_POINT ( 'NONE', #4018 ) ;
#3560 = ORIENTED_EDGE ( 'NONE', *, *, #1343, .F. ) ;
#3561 = ORIENTED_EDGE ( 'NONE', *, *, #4266, .T. ) ;
#3562 = VERTEX_POINT ( 'NONE', #1037 ) ;
#3563 = LINE ( 'NONE', #263, #4451 ) ;
#3564 = ORIENTED_EDGE ( 'NONE', *, *, #3926, .F. ) ;
#3565 = DIRECTION ( 'NONE',  ( -0.7071067811865567900, 0.0000000000000000000, 0.7071067811865383600 ) ) ;
#3566 = ADVANCED_FACE ( 'NONE', ( #2432 ), #2176, .F. ) ;
#3567 = DIRECTION ( 'NONE',  ( 0.7071067811865567900, 0.0000000000000000000, 0.7071067811865383600 ) ) ;
#3568 = ORIENTED_EDGE ( 'NONE', *, *, #1016, .F. ) ;
#3569 = DIRECTION ( 'NONE',  ( 0.7071067811865388000, 0.0000000000000000000, 0.7071067811865562300 ) ) ;
#3570 = EDGE_CURVE ( 'NONE', #4725, #1461, #2071, .T. ) ;
#3571 = VECTOR ( 'NONE', #3368, 1000.000000000000000 ) ;
#3572 = ORIENTED_EDGE ( 'NONE', *, *, #4337, .F. ) ;
#3573 = CARTESIAN_POINT ( 'NONE',  ( -3.600000000000000500, 0.05000000000000000300, -1.520000000000000500 ) ) ;
#3574 = EDGE_CURVE ( 'NONE', #4464, #521, #2255, .T. ) ;
#3575 = DIRECTION ( 'NONE',  ( -0.0000000000000000000, -0.0000000000000000000, 1.000000000000000000 ) ) ;
#3576 = CARTESIAN_POINT ( 'NONE',  ( -3.199999999999998000, 1.000000000000000000, 2.400000000000000400 ) ) ;
#3577 = DIRECTION ( 'NONE',  ( 0.0000000000000000000, 1.000000000000000000, 0.0000000000000000000 ) ) ;
#3578 = EDGE_LOOP ( 'NONE', ( #1048, #2900, #2875, #4799 ) ) ;
#3579 = EDGE_CURVE ( 'NONE', #2079, #866, #4070, .T. ) ;
#3580 = CARTESIAN_POINT ( 'NONE',  ( 3.400000000000000400, 0.5500000000000000400, -1.149289321881338900 ) ) ;
#3581 = CARTESIAN_POINT ( 'NONE',  ( -2.999999999999999100, 1.300000000000000700, -2.199999999999999300 ) ) ;
#3582 = LINE ( 'NONE', #2789, #2153 ) ;
#3583 = DIRECTION ( 'NONE',  ( 1.000000000000000000, 0.0000000000000000000, 0.0000000000000000000 ) ) ;
#3584 = DIRECTION ( 'NONE',  ( 1.000000000000000000, 0.0000000000000000000, 0.0000000000000000000 ) ) ;
#3585 = VECTOR ( 'NONE', #2963, 1000.000000000000000 ) ;
#3586 = AXIS2_PLACEMENT_3D ( 'NONE', #2819, #2410, #2430 ) ;
#3587 = DIRECTION ( 'NONE',  ( -0.7071067811865567900, -0.0000000000000000000, 0.7071067811865383600 ) ) ;
#3588 = VECTOR ( 'NONE', #4861, 1000.000000000000000 ) ;
#3589 = CARTESIAN_POINT ( 'NONE',  ( 3.600000000000000500, 1.300000000000000700, -2.600000000000000500 ) ) ;
#3590 = ADVANCED_FACE ( 'NONE', ( #3009 ), #766, .F. ) ;
#3591 = CARTESIAN_POINT ( 'NONE',  ( 4.336808689942017700E-016, 1.000000000000000000, -2.600000000000000100 ) ) ;
#3592 = DIRECTION ( 'NONE',  ( 1.000000000000000000, 0.0000000000000000000, -1.355252715606881300E-016 ) ) ;
#3593 = LINE ( 'NONE', #1962, #2489 ) ;
#3594 = FACE_OUTER_BOUND ( 'NONE', #4274, .T. ) ;
#3595 = ORIENTED_EDGE ( 'NONE', *, *, #370, .T. ) ;
#3596 = ORIENTED_EDGE ( 'NONE', *, *, #34, .T. ) ;
#3597 = EDGE_CURVE ( 'NONE', #3724, #4284, #4194, .T. ) ;
#3598 = LINE ( 'NONE', #57, #3113 ) ;
#3599 = CARTESIAN_POINT ( 'NONE',  ( 3.450000000000000200, 0.0000000000000000000, -1.370000000000003700 ) ) ;
#3600 = ORIENTED_EDGE ( 'NONE', *, *, #4344, .F. ) ;
#3601 = ORIENTED_EDGE ( 'NONE', *, *, #4427, .T. ) ;
#3602 = CARTESIAN_POINT ( 'NONE',  ( 3.600000000000001000, 0.0000000000000000000, -0.7699999999999994600 ) ) ;
#3603 = CARTESIAN_POINT ( 'NONE',  ( -3.450000000000000200, 1.300000000000000700, 1.370000000000004500 ) ) ;
#3604 = CARTESIAN_POINT ( 'NONE',  ( -2.999999999999999100, 1.149999999999999900, -1.999999999999999100 ) ) ;
#3605 = EDGE_CURVE ( 'NONE', #3958, #2407, #1033, .T. ) ;
#3606 = EDGE_LOOP ( 'NONE', ( #531, #798, #4097, #4072 ) ) ;
#3607 = CARTESIAN_POINT ( 'NONE',  ( -3.564644660940673200, 0.05000000000000000300, 1.555355339059328400 ) ) ;
#3608 = DIRECTION ( 'NONE',  ( 0.0000000000000000000, 0.0000000000000000000, -1.000000000000000000 ) ) ;
#3609 = EDGE_LOOP ( 'NONE', ( #1171, #3747, #1137, #49 ) ) ;
#3610 = DIRECTION ( 'NONE',  ( -0.0000000000000000000, -1.000000000000000000, -0.0000000000000000000 ) ) ;
#3611 = CARTESIAN_POINT ( 'NONE',  ( -3.450000000000000200, 1.300000000000000700, 1.169999999999994800 ) ) ;
#3612 = EDGE_CURVE ( 'NONE', #1515, #302, #2724, .T. ) ;
#3613 = VECTOR ( 'NONE', #1119, 1000.000000000000000 ) ;
#3614 = DIRECTION ( 'NONE',  ( 0.0000000000000000000, 0.0000000000000000000, 1.000000000000000000 ) ) ;
#3615 = ADVANCED_FACE ( 'NONE', ( #1425 ), #4481, .T. ) ;
#3616 = FACE_OUTER_BOUND ( 'NONE', #2281, .T. ) ;
#3617 = DIRECTION ( 'NONE',  ( 4.336808689942017700E-016, -0.0000000000000000000, 1.000000000000000000 ) ) ;
#3618 = ORIENTED_EDGE ( 'NONE', *, *, #4517, .T. ) ;
#3619 = STYLED_ITEM ( 'NONE', ( #213 ), #2157 ) ;
#3620 = ORIENTED_EDGE ( 'NONE', *, *, #3644, .T. ) ;
#3621 = CARTESIAN_POINT ( 'NONE',  ( -2.400000000000000400, 0.0000000000000000000, 1.470000000000000400 ) ) ;
#3622 = VECTOR ( 'NONE', #3721, 1000.000000000000000 ) ;
#3623 = CARTESIAN_POINT ( 'NONE',  ( 3.600000000000000500, 1.300000000000000700, 2.599999999999999600 ) ) ;
#3624 = ORIENTED_EDGE ( 'NONE', *, *, #3290, .T. ) ;
#3625 = VERTEX_POINT ( 'NONE', #736 ) ;
#3626 = CARTESIAN_POINT ( 'NONE',  ( -3.600000000000000500, 0.0000000000000000000, -1.520000000000000500 ) ) ;
#3627 = ORIENTED_EDGE ( 'NONE', *, *, #1588, .F. ) ;
#3628 = ORIENTED_EDGE ( 'NONE', *, *, #3952, .F. ) ;
#3629 = LINE ( 'NONE', #1909, #3571 ) ;
#3630 = AXIS2_PLACEMENT_3D ( 'NONE', #3323, #1474, #313 ) ;
#3631 = VERTEX_POINT ( 'NONE', #706 ) ;
#3632 = ORIENTED_EDGE ( 'NONE', *, *, #2732, .F. ) ;
#3633 = CARTESIAN_POINT ( 'NONE',  ( -3.600000000000001000, 0.0000000000000000000, 0.7700000000000011300 ) ) ;
#3634 = CARTESIAN_POINT ( 'NONE',  ( 3.564644660940673700, -0.6047401740571388700, -0.9846446609406696000 ) ) ;
#3635 = CARTESIAN_POINT ( 'NONE',  ( -2.400000000000000400, 0.05000000000000000300, -1.769999999999996000 ) ) ;
#3636 = CARTESIAN_POINT ( 'NONE',  ( 2.400000000000000400, 0.05000000000000000300, -0.7699999999999994600 ) ) ;
#3637 = VERTEX_POINT ( 'NONE', #3696 ) ;
#3638 = EDGE_CURVE ( 'NONE', #4422, #1051, #4653, .T. ) ;
#3639 = CARTESIAN_POINT ( 'NONE',  ( -2.700000000000000200, 0.05000000000000000300, 1.769999999999999400 ) ) ;
#3640 = CARTESIAN_POINT ( 'NONE',  ( 3.400000000000000400, 0.5500000000000000400, -1.390710678118658700 ) ) ;
#3641 = VECTOR ( 'NONE', #3514, 1000.000000000000100 ) ;
#3642 = FACE_OUTER_BOUND ( 'NONE', #272, .T. ) ;
#3643 = LINE ( 'NONE', #1550, #3343 ) ;
#3644 = EDGE_CURVE ( 'NONE', #4195, #940, #2661, .T. ) ;
#3645 = DIRECTION ( 'NONE',  ( 0.0000000000000000000, -0.0000000000000000000, 1.000000000000000000 ) ) ;
#3646 = LINE ( 'NONE', #2765, #4417 ) ;
#3647 = DIRECTION ( 'NONE',  ( -0.0000000000000000000, -0.0000000000000000000, 1.000000000000000000 ) ) ;
#3648 = ORIENTED_EDGE ( 'NONE', *, *, #625, .F. ) ;
#3649 = AXIS2_PLACEMENT_3D ( 'NONE', #3417, #823, #409 ) ;
#3650 = CARTESIAN_POINT ( 'NONE',  ( 0.0000000000000000000, 0.05000000000000000300, 0.0000000000000000000 ) ) ;
#3651 = CIRCLE ( 'NONE', #319, 0.2000000000000000900 ) ;
#3652 = DIRECTION ( 'NONE',  ( -0.0000000000000000000, 1.000000000000000000, -0.0000000000000000000 ) ) ;
#3653 = PRESENTATION_LAYER_ASSIGNMENT (  '', '', ( #3052 ) ) ;
#3654 = DIRECTION ( 'NONE',  ( 0.7071067811865569000, -0.0000000000000000000, 0.7071067811865382500 ) ) ;
#3655 = EDGE_LOOP ( 'NONE', ( #1277, #4607, #3711, #3481 ) ) ;
#3656 = CARTESIAN_POINT ( 'NONE',  ( -3.599999999999999600, 1.000000000000000000, 1.019999999999999600 ) ) ;
#3657 = CIRCLE ( 'NONE', #65, 0.2000000000000000900 ) ;
#3658 = VERTEX_POINT ( 'NONE', #3375 ) ;
#3659 = CARTESIAN_POINT ( 'NONE',  ( 3.600000000000000500, 0.05000000000000000300, 1.519999999999999600 ) ) ;
#3660 = DIRECTION ( 'NONE',  ( -0.0000000000000000000, -1.000000000000000000, -0.0000000000000000000 ) ) ;
#3661 = EDGE_CURVE ( 'NONE', #3775, #4725, #3234, .T. ) ;
#3662 = ORIENTED_EDGE ( 'NONE', *, *, #4523, .F. ) ;
#3663 = VERTEX_POINT ( 'NONE', #1498 ) ;
#3664 = CARTESIAN_POINT ( 'NONE',  ( 0.0000000000000000000, 0.0000000000000000000, 0.0000000000000000000 ) ) ;
#3665 = DIRECTION ( 'NONE',  ( -1.000000000000000000, 0.0000000000000000000, -0.0000000000000000000 ) ) ;
#3666 = EDGE_CURVE ( 'NONE', #1894, #2868, #2493, .T. ) ;
#3667 = ORIENTED_EDGE ( 'NONE', *, *, #2056, .T. ) ;
#3668 = LINE ( 'NONE', #3765, #4549 ) ;
#3669 = DIRECTION ( 'NONE',  ( 1.000000000000000000, -0.0000000000000000000, -1.204669080539449300E-016 ) ) ;
#3670 = CARTESIAN_POINT ( 'NONE',  ( -3.450000000000000200, 0.5500000000000000400, -1.169999999999994800 ) ) ;
#3671 = LINE ( 'NONE', #3738, #1672 ) ;
#3672 = VECTOR ( 'NONE', #1390, 1000.000000000000000 ) ;
#3673 = ORIENTED_EDGE ( 'NONE', *, *, #2356, .F. ) ;
#3674 = EDGE_CURVE ( 'NONE', #161, #4463, #4303, .T. ) ;
#3675 = VECTOR ( 'NONE', #346, 1000.000000000000000 ) ;
#3676 = CARTESIAN_POINT ( 'NONE',  ( -3.600000000000000500, 0.0000000000000000000, 1.770000000000000200 ) ) ;
#3677 = LINE ( 'NONE', #2274, #2030 ) ;
#3678 = ORIENTED_EDGE ( 'NONE', *, *, #2910, .F. ) ;
#3679 = ORIENTED_EDGE ( 'NONE', *, *, #301, .F. ) ;
#3680 = EDGE_LOOP ( 'NONE', ( #805, #2372, #2733, #2616 ) ) ;
#3681 = VECTOR ( 'NONE', #3248, 1000.000000000000000 ) ;
#3682 = DIRECTION ( 'NONE',  ( -1.000000000000000000, 0.0000000000000000000, 0.0000000000000000000 ) ) ;
#3683 = DIRECTION ( 'NONE',  ( 0.0000000000000000000, 0.0000000000000000000, 1.000000000000000000 ) ) ;
#3684 = DIRECTION ( 'NONE',  ( 0.0000000000000000000, 0.0000000000000000000, 1.000000000000000000 ) ) ;
#3685 = ORIENTED_EDGE ( 'NONE', *, *, #1477, .T. ) ;
#3686 = VECTOR ( 'NONE', #440, 1000.000000000000000 ) ;
#3687 = ORIENTED_EDGE ( 'NONE', *, *, #2238, .T. ) ;
#3688 = PLANE ( 'NONE',  #4443 ) ;
#3689 = DIRECTION ( 'NONE',  ( -0.7071067811865562300, 0.0000000000000000000, -0.7071067811865389100 ) ) ;
#3690 = VERTEX_POINT ( 'NONE', #2241 ) ;
#3691 = DIRECTION ( 'NONE',  ( 0.0000000000000000000, -0.0000000000000000000, 1.000000000000000000 ) ) ;
#3692 = CARTESIAN_POINT ( 'NONE',  ( -2.400000000000000400, 0.05000000000000000300, -0.7699999999999959100 ) ) ;
#3693 = DIRECTION ( 'NONE',  ( -0.7071067811865388000, 0.0000000000000000000, -0.7071067811865562300 ) ) ;
#3694 = EDGE_CURVE ( 'NONE', #3858, #4372, #1138, .T. ) ;
#3695 = DIRECTION ( 'NONE',  ( 0.0000000000000000000, 1.000000000000000000, 0.0000000000000000000 ) ) ;
#3696 = CARTESIAN_POINT ( 'NONE',  ( 3.599999999999999600, 1.000000000000000000, -1.019999999999999600 ) ) ;
#3697 = ORIENTED_EDGE ( 'NONE', *, *, #1563, .F. ) ;
#3698 = CARTESIAN_POINT ( 'NONE',  ( -3.599999999999999600, 1.000000000000000000, 2.600000000000000500 ) ) ;
#3699 = FACE_OUTER_BOUND ( 'NONE', #516, .T. ) ;
#3700 = CARTESIAN_POINT ( 'NONE',  ( -3.600000000000001000, 0.05000000000000000300, -0.7699999999999959100 ) ) ;
#3701 = LINE ( 'NONE', #4631, #1239 ) ;
#3702 = EDGE_CURVE ( 'NONE', #4480, #83, #3286, .T. ) ;
#3703 = FILL_AREA_STYLE_COLOUR ( '', #4155 ) ;
#3704 = DIRECTION ( 'NONE',  ( 0.0000000000000000000, 0.0000000000000000000, -1.000000000000000000 ) ) ;
#3705 = LINE ( 'NONE', #4817, #242 ) ;
#3706 = VECTOR ( 'NONE', #4611, 1000.000000000000000 ) ;
#3707 = ORIENTED_EDGE ( 'NONE', *, *, #56, .T. ) ;
#3708 = DIRECTION ( 'NONE',  ( 0.0000000000000000000, 0.0000000000000000000, -1.000000000000000000 ) ) ;
#3709 = VECTOR ( 'NONE', #2515, 1000.000000000000000 ) ;
#3710 = AXIS2_PLACEMENT_3D ( 'NONE', #979, #181, #1635 ) ;
#3711 = ORIENTED_EDGE ( 'NONE', *, *, #3579, .F. ) ;
#3712 = VERTEX_POINT ( 'NONE', #3713 ) ;
#3713 = CARTESIAN_POINT ( 'NONE',  ( -3.450000000000000200, 0.5500000000000000400, -1.169999999999994800 ) ) ;
#3714 = LINE ( 'NONE', #800, #4366 ) ;
#3715 = CARTESIAN_POINT ( 'NONE',  ( 3.600000000000000500, 0.5500000000000000400, -1.519999999999999600 ) ) ;
#3717 = ORIENTED_EDGE ( 'NONE', *, *, #745, .F. ) ;
#3716 = DIRECTION ( 'NONE',  ( -3.592729953582802200E-015, 0.0000000000000000000, 1.000000000000000000 ) ) ;
#3718 = ORIENTED_EDGE ( 'NONE', *, *, #4205, .F. ) ;
#3719 = AXIS2_PLACEMENT_3D ( 'NONE', #2750, #1593, #1974 ) ;
#3720 = ORIENTED_EDGE ( 'NONE', *, *, #241, .T. ) ;
#3721 = DIRECTION ( 'NONE',  ( 0.7071067811865567900, -0.0000000000000000000, 0.7071067811865383600 ) ) ;
#3722 = DIRECTION ( 'NONE',  ( -0.7071067811865388000, 0.0000000000000000000, 0.7071067811865561200 ) ) ;
#3723 = VERTEX_POINT ( 'NONE', #318 ) ;
#3724 = VERTEX_POINT ( 'NONE', #4095 ) ;
#3725 = VERTEX_POINT ( 'NONE', #2957 ) ;
#3726 = EDGE_LOOP ( 'NONE', ( #3202, #2664, #1600, #91 ) ) ;
#3727 = VECTOR ( 'NONE', #4079, 1000.000000000000000 ) ;
#3728 = DIRECTION ( 'NONE',  ( 1.000000000000000000, -0.0000000000000000000, 0.0000000000000000000 ) ) ;
#3729 = AXIS2_PLACEMENT_3D ( 'NONE', #405, #3016, #1480 ) ;
#3730 = PLANE ( 'NONE',  #3729 ) ;
#3731 = VECTOR ( 'NONE', #3526, 1000.000000000000000 ) ;
#3732 = DIRECTION ( 'NONE',  ( -0.7071067811865569000, 0.0000000000000000000, 0.7071067811865382500 ) ) ;
#3733 = EDGE_CURVE ( 'NONE', #634, #3474, #13, .T. ) ;
#3734 = VECTOR ( 'NONE', #965, 1000.000000000000000 ) ;
#3735 = ORIENTED_EDGE ( 'NONE', *, *, #2409, .F. ) ;
#3736 = VERTEX_POINT ( 'NONE', #1852 ) ;
#3737 = CARTESIAN_POINT ( 'NONE',  ( 2.400000000000000400, 0.05000000000000000300, -0.7699999999999994600 ) ) ;
#3738 = CARTESIAN_POINT ( 'NONE',  ( -3.600000000000000500, 0.5500000000000000400, 1.520000000000000500 ) ) ;
#3739 = FACE_OUTER_BOUND ( 'NONE', #2953, .T. ) ;
#3740 = ORIENTED_EDGE ( 'NONE', *, *, #2858, .T. ) ;
#3741 = DIRECTION ( 'NONE',  ( -0.0000000000000000000, -1.000000000000000000, -0.0000000000000000000 ) ) ;
#3742 = DIRECTION ( 'NONE',  ( -0.0000000000000000000, 1.000000000000000000, -0.0000000000000000000 ) ) ;
#3743 = ORIENTED_EDGE ( 'NONE', *, *, #1541, .F. ) ;
#3744 = LINE ( 'NONE', #870, #2751 ) ;
#3745 = EDGE_CURVE ( 'NONE', #4033, #41, #4597, .T. ) ;
#3746 = EDGE_LOOP ( 'NONE', ( #4319, #2258, #4545, #3862, #4489 ) ) ;
#3747 = ORIENTED_EDGE ( 'NONE', *, *, #4849, .F. ) ;
#3748 = MANIFOLD_SOLID_BREP ( 'Boss-Extrude5[4]', #367 ) ;
#3749 = DIRECTION ( 'NONE',  ( -0.0000000000000000000, -1.000000000000000000, -0.0000000000000000000 ) ) ;
#3750 = AXIS2_PLACEMENT_3D ( 'NONE', #1179, #4585, #1197 ) ;
#3751 = CARTESIAN_POINT ( 'NONE',  ( -3.564644660940673200, 0.5500000000000000400, -1.555355339059328400 ) ) ;
#3752 = AXIS2_PLACEMENT_3D ( 'NONE', #4797, #4407, #320 ) ;
#3753 = CARTESIAN_POINT ( 'NONE',  ( -3.600000000000001000, 0.0000000000000000000, 1.019999999999998200 ) ) ;
#3754 = CARTESIAN_POINT ( 'NONE',  ( -3.450000000000000200, 1.000000000000000000, 1.169999999999994800 ) ) ;
#3755 = EDGE_LOOP ( 'NONE', ( #1752, #3793, #1028, #152, #1544, #2950, #1825, #1158, #4680, #2162 ) ) ;
#3756 = EDGE_CURVE ( 'NONE', #586, #3387, #4130, .T. ) ;
#3757 = DIRECTION ( 'NONE',  ( -0.7071067811865382500, 0.0000000000000000000, -0.7071067811865569000 ) ) ;
#3758 = DIRECTION ( 'NONE',  ( -0.0000000000000000000, -1.000000000000000000, -0.0000000000000000000 ) ) ;
#3759 = VECTOR ( 'NONE', #4235, 1000.000000000000100 ) ;
#3760 = ADVANCED_FACE ( 'NONE', ( #3353 ), #2670, .F. ) ;
#3761 = EDGE_CURVE ( 'NONE', #3663, #3148, #3651, .T. ) ;
#3762 = PLANE ( 'NONE',  #4074 ) ;
#3763 = VECTOR ( 'NONE', #469, 1000.000000000000000 ) ;
#3764 = VECTOR ( 'NONE', #4495, 1000.000000000000000 ) ;
#3765 = CARTESIAN_POINT ( 'NONE',  ( -3.400000000000000400, 0.05000000000000000300, -1.149289321881339600 ) ) ;
#3766 = PLANE ( 'NONE',  #1457 ) ;
#3767 = ADVANCED_FACE ( 'NONE', ( #1783 ), #3885, .F. ) ;
#3768 = VECTOR ( 'NONE', #462, 1000.000000000000000 ) ;
#3769 = EDGE_CURVE ( 'NONE', #4862, #4081, #2133, .T. ) ;
#3770 = CARTESIAN_POINT ( 'NONE',  ( 3.564644660940673200, 0.05000000000000000300, -1.555355339059327500 ) ) ;
#3771 = FACE_OUTER_BOUND ( 'NONE', #3351, .T. ) ;
#3772 = VERTEX_POINT ( 'NONE', #4166 ) ;
#3773 = LINE ( 'NONE', #3859, #4474 ) ;
#3774 = VECTOR ( 'NONE', #171, 1000.000000000000100 ) ;
#3775 = VERTEX_POINT ( 'NONE', #1913 ) ;
#3776 = CARTESIAN_POINT ( 'NONE',  ( 3.450000000000000200, 0.5500000000000000400, 1.169999999999993900 ) ) ;
#3777 =( GEOMETRIC_REPRESENTATION_CONTEXT ( 3 ) GLOBAL_UNCERTAINTY_ASSIGNED_CONTEXT ( ( #602 ) ) GLOBAL_UNIT_ASSIGNED_CONTEXT ( ( #4154, #9, #1470 ) ) REPRESENTATION_CONTEXT ( 'NONE', 'WORKASPACE' ) );
#3778 = LINE ( 'NONE', #4405, #1542 ) ;
#3779 = VERTEX_POINT ( 'NONE', #2292 ) ;
#3780 = CARTESIAN_POINT ( 'NONE',  ( 3.600000000000000500, -1.802775637731995000, 1.769999999999999400 ) ) ;
#3781 =( NAMED_UNIT ( * ) SI_UNIT ( $, .STERADIAN. ) SOLID_ANGLE_UNIT ( ) );
#3782 = EDGE_LOOP ( 'NONE', ( #3144, #4482, #3628, #4557, #1321, #1162, #4213, #3916, #4813 ) ) ;
#3783 = CARTESIAN_POINT ( 'NONE',  ( 3.599999999999999600, 1.000000000000000000, -1.519999999999999600 ) ) ;
#3784 = AXIS2_PLACEMENT_3D ( 'NONE', #3475, #2000, #1638 ) ;
#3785 = ORIENTED_EDGE ( 'NONE', *, *, #603, .F. ) ;
#3786 = FACE_OUTER_BOUND ( 'NONE', #281, .T. ) ;
#3787 = LINE ( 'NONE', #4104, #4086 ) ;
#3788 = ADVANCED_FACE ( 'NONE', ( #547 ), #4537, .T. ) ;
#3789 = CARTESIAN_POINT ( 'NONE',  ( 3.450000000000000200, 0.0000000000000000000, 1.370000000000003700 ) ) ;
#3790 = DIRECTION ( 'NONE',  ( -0.7071067811865567900, 0.0000000000000000000, 0.7071067811865383600 ) ) ;
#3791 = EDGE_CURVE ( 'NONE', #1503, #3437, #2429, .T. ) ;
#3792 = LINE ( 'NONE', #1990, #1446 ) ;
#3793 = ORIENTED_EDGE ( 'NONE', *, *, #1618, .F. ) ;
#3794 = LINE ( 'NONE', #3385, #864 ) ;
#3795 = CARTESIAN_POINT ( 'NONE',  ( 3.400000000000000400, -0.6047401740571388700, 1.149289321881338900 ) ) ;
#3796 = DIRECTION ( 'NONE',  ( -0.7071067811865485700, 0.0000000000000000000, 0.7071067811865465700 ) ) ;
#3797 = VECTOR ( 'NONE', #3372, 1000.000000000000000 ) ;
#3798 = EDGE_CURVE ( 'NONE', #3189, #1911, #3714, .T. ) ;
#3799 = ORIENTED_EDGE ( 'NONE', *, *, #3998, .T. ) ;
#3800 = ORIENTED_EDGE ( 'NONE', *, *, #3214, .T. ) ;
#3801 = CARTESIAN_POINT ( 'NONE',  ( -3.564644660940673700, -0.6047401740571388700, 0.9846446609406704900 ) ) ;
#3802 = ORIENTED_EDGE ( 'NONE', *, *, #3992, .T. ) ;
#3803 = FACE_OUTER_BOUND ( 'NONE', #1439, .T. ) ;
#3804 = CARTESIAN_POINT ( 'NONE',  ( -3.564644660940673200, 0.05000000000000000300, -1.555355339059328400 ) ) ;
#3805 = ORIENTED_EDGE ( 'NONE', *, *, #1413, .F. ) ;
#3806 = FACE_OUTER_BOUND ( 'NONE', #4387, .T. ) ;
#3807 = ORIENTED_EDGE ( 'NONE', *, *, #1257, .T. ) ;
#3808 = ORIENTED_EDGE ( 'NONE', *, *, #1349, .F. ) ;
#3809 = EDGE_CURVE ( 'NONE', #2079, #3637, #2610, .T. ) ;
#3810 = ADVANCED_FACE ( 'NONE', ( #1602 ), #3446, .F. ) ;
#3811 = ORIENTED_EDGE ( 'NONE', *, *, #3863, .T. ) ;
#3812 = CARTESIAN_POINT ( 'NONE',  ( 2.999999999999998700, 10.36659513557903800, 2.199999999999999300 ) ) ;
#3813 = ORIENTED_EDGE ( 'NONE', *, *, #3132, .T. ) ;
#3814 = CARTESIAN_POINT ( 'NONE',  ( 3.600000000000000500, 1.000000000000000000, 2.599999999999999600 ) ) ;
#3815 = ADVANCED_FACE ( 'NONE', ( #901 ), #1207, .F. ) ;
#3816 = PLANE ( 'NONE',  #2184 ) ;
#3817 = DIRECTION ( 'NONE',  ( 0.0000000000000000000, -0.0000000000000000000, 1.000000000000000000 ) ) ;
#3818 = ORIENTED_EDGE ( 'NONE', *, *, #2036, .F. ) ;
#3819 = FACE_OUTER_BOUND ( 'NONE', #3606, .T. ) ;
#3820 = FACE_OUTER_BOUND ( 'NONE', #2969, .T. ) ;
#3821 = DIRECTION ( 'NONE',  ( 0.0000000000000000000, 0.0000000000000000000, -1.000000000000000000 ) ) ;
#3822 = VECTOR ( 'NONE', #358, 1000.000000000000000 ) ;
#3823 = LINE ( 'NONE', #106, #837 ) ;
#3824 = EDGE_CURVE ( 'NONE', #3663, #3445, #4770, .T. ) ;
#3825 = EDGE_LOOP ( 'NONE', ( #4512, #4082, #4650, #1663, #2492, #3322, #2069, #859 ) ) ;
#3826 = DIRECTION ( 'NONE',  ( -0.0000000000000000000, -1.000000000000000000, -0.0000000000000000000 ) ) ;
#3827 = LINE ( 'NONE', #4600, #1133 ) ;
#3828 = PLANE ( 'NONE',  #2127 ) ;
#3829 = FACE_OUTER_BOUND ( 'NONE', #4446, .T. ) ;
#3830 = ORIENTED_EDGE ( 'NONE', *, *, #3919, .F. ) ;
#3831 = CARTESIAN_POINT ( 'NONE',  ( 3.564644660940673200, 0.05000000000000000300, 1.555355339059327500 ) ) ;
#3832 = ORIENTED_EDGE ( 'NONE', *, *, #4766, .F. ) ;
#3833 = EDGE_CURVE ( 'NONE', #308, #3924, #3598, .T. ) ;
#3834 = VECTOR ( 'NONE', #3264, 1000.000000000000000 ) ;
#3835 = DIRECTION ( 'NONE',  ( -0.7071067811865569000, -0.0000000000000000000, -0.7071067811865382500 ) ) ;
#3836 = ORIENTED_EDGE ( 'NONE', *, *, #1802, .T. ) ;
#3837 = VERTEX_POINT ( 'NONE', #2653 ) ;
#3838 = ORIENTED_EDGE ( 'NONE', *, *, #1829, .F. ) ;
#3839 = ADVANCED_FACE ( 'NONE', ( #1376 ), #4550, .F. ) ;
#3840 = DIRECTION ( 'NONE',  ( -1.000000000000000000, 0.0000000000000000000, 0.0000000000000000000 ) ) ;
#3841 = EDGE_LOOP ( 'NONE', ( #4452, #4022, #617, #3510 ) ) ;
#3842 = FILL_AREA_STYLE ('',( #2748 ) ) ;
#3843 = EDGE_LOOP ( 'NONE', ( #2547, #2106, #1975, #4807 ) ) ;
#3844 = VERTEX_POINT ( 'NONE', #3019 ) ;
#3845 = FACE_OUTER_BOUND ( 'NONE', #1402, .T. ) ;
#3846 = CARTESIAN_POINT ( 'NONE',  ( 3.000000000000000000, 1.300000000000000700, 1.999999999999999100 ) ) ;
#3847 = ORIENTED_EDGE ( 'NONE', *, *, #3349, .F. ) ;
#3848 = LINE ( 'NONE', #3378, #2678 ) ;
#3849 = FILL_AREA_STYLE ('',( #1884 ) ) ;
#3850 = EDGE_CURVE ( 'NONE', #1233, #3141, #3773, .T. ) ;
#3851 = DIRECTION ( 'NONE',  ( 0.0000000000000000000, -0.0000000000000000000, 1.000000000000000000 ) ) ;
#3852 = LINE ( 'NONE', #3240, #4494 ) ;
#3853 = VERTEX_POINT ( 'NONE', #1238 ) ;
#3854 = EDGE_CURVE ( 'NONE', #760, #1223, #3827, .T. ) ;
#3855 = CARTESIAN_POINT ( 'NONE',  ( -3.199999999999999300, 1.000000000000000000, 2.200000000000000200 ) ) ;
#3856 = DIRECTION ( 'NONE',  ( 0.7071067811865388000, 0.0000000000000000000, -0.7071067811865561200 ) ) ;
#3857 = CYLINDRICAL_SURFACE ( 'NONE', #4032, 0.2000000000000000900 ) ;
#3858 = VERTEX_POINT ( 'NONE', #3482 ) ;
#3859 = CARTESIAN_POINT ( 'NONE',  ( 3.564644660940673200, 0.5500000000000000400, 1.555355339059327500 ) ) ;
#3860 = ORIENTED_EDGE ( 'NONE', *, *, #3850, .F. ) ;
#3861 = LINE ( 'NONE', #883, #3089 ) ;
#3862 = ORIENTED_EDGE ( 'NONE', *, *, #3449, .T. ) ;
#3863 = EDGE_CURVE ( 'NONE', #3488, #2687, #2252, .T. ) ;
#3864 = PLANE ( 'NONE',  #3369 ) ;
#3865 = ORIENTED_EDGE ( 'NONE', *, *, #1383, .F. ) ;
#3866 = DIRECTION ( 'NONE',  ( -0.0000000000000000000, -1.000000000000000000, -0.0000000000000000000 ) ) ;
#3867 = ADVANCED_FACE ( 'NONE', ( #3472 ), #4239, .F. ) ;
#3868 = DIRECTION ( 'NONE',  ( -4.336808689942017700E-016, 0.0000000000000000000, 1.000000000000000000 ) ) ;
#3869 = PLANE ( 'NONE',  #4063 ) ;
#3870 = CARTESIAN_POINT ( 'NONE',  ( -2.700000000000000200, 0.0000000000000000000, 1.769999999999999400 ) ) ;
#3871 = ORIENTED_EDGE ( 'NONE', *, *, #4371, .F. ) ;
#3872 = VECTOR ( 'NONE', #1189, 1000.000000000000100 ) ;
#3873 = DIRECTION ( 'NONE',  ( 0.7071067811865569000, -0.0000000000000000000, 0.7071067811865382500 ) ) ;
#3874 = DIRECTION ( 'NONE',  ( 0.0000000000000000000, 0.0000000000000000000, -1.000000000000000000 ) ) ;
#3875 = DIRECTION ( 'NONE',  ( 0.7071067811865567900, 0.0000000000000000000, -0.7071067811865383600 ) ) ;
#3876 = VECTOR ( 'NONE', #2766, 999.9999999999998900 ) ;
#3877 = PLANE ( 'NONE',  #3197 ) ;
#3878 = VECTOR ( 'NONE', #3047, 1000.000000000000000 ) ;
#3879 = EDGE_CURVE ( 'NONE', #1875, #2073, #3593, .T. ) ;
#3880 = VECTOR ( 'NONE', #838, 999.9999999999998900 ) ;
#3881 = LINE ( 'NONE', #3546, #1373 ) ;
#3882 = ORIENTED_EDGE ( 'NONE', *, *, #807, .T. ) ;
#3883 = ADVANCED_FACE ( 'NONE', ( #2605 ), #3869, .F. ) ;
#3884 = PLANE ( 'NONE',  #4291 ) ;
#3885 = CYLINDRICAL_SURFACE ( 'NONE', #1581, 0.2000000000000000900 ) ;
#3886 = EDGE_CURVE ( 'NONE', #83, #1934, #894, .T. ) ;
#3887 = ORIENTED_EDGE ( 'NONE', *, *, #984, .T. ) ;
#3888 = LINE ( 'NONE', #1303, #2312 ) ;
#3889 = ORIENTED_EDGE ( 'NONE', *, *, #2764, .F. ) ;
#3890 = CARTESIAN_POINT ( 'NONE',  ( -3.599999999999999600, 1.000000000000000000, 2.600000000000000500 ) ) ;
#3891 = LINE ( 'NONE', #3999, #1198 ) ;
#3892 = CARTESIAN_POINT ( 'NONE',  ( -3.564644660940673700, 0.5500000000000000400, -0.9846446609406704900 ) ) ;
#3893 = ORIENTED_EDGE ( 'NONE', *, *, #1070, .F. ) ;
#3894 = CARTESIAN_POINT ( 'NONE',  ( 3.600000000000001000, 0.05000000000000002400, 1.019999999999997600 ) ) ;
#3895 = CARTESIAN_POINT ( 'NONE',  ( -3.600000000000000500, 0.05000000000000000300, 1.520000000000000500 ) ) ;
#3896 = ORIENTED_EDGE ( 'NONE', *, *, #907, .F. ) ;
#3897 = EDGE_CURVE ( 'NONE', #4284, #1517, #248, .T. ) ;
#3898 = CARTESIAN_POINT ( 'NONE',  ( -2.400000000000000400, -1.802775637731995000, 1.470000000000000400 ) ) ;
#3899 = VERTEX_POINT ( 'NONE', #1586 ) ;
#3900 = DIRECTION ( 'NONE',  ( -0.0000000000000000000, -0.0000000000000000000, 1.000000000000000000 ) ) ;
#3901 = CARTESIAN_POINT ( 'NONE',  ( 3.400000000000000400, 0.5500000000000000400, 1.390710678118658700 ) ) ;
#3902 = DIRECTION ( 'NONE',  ( 0.0000000000000000000, 0.0000000000000000000, -1.000000000000000000 ) ) ;
#3903 = VECTOR ( 'NONE', #1319, 1000.000000000000000 ) ;
#3904 = FACE_OUTER_BOUND ( 'NONE', #3578, .T. ) ;
#3905 = VERTEX_POINT ( 'NONE', #4219 ) ;
#3906 = DIRECTION ( 'NONE',  ( -0.0000000000000000000, -1.000000000000000000, -0.0000000000000000000 ) ) ;
#3907 = DIRECTION ( 'NONE',  ( 0.7071067811865388000, -0.0000000000000000000, 0.7071067811865561200 ) ) ;
#3908 = ADVANCED_FACE ( 'NONE', ( #2836 ), #90, .F. ) ;
#3909 = LINE ( 'NONE', #1920, #1396 ) ;
#3910 = DIRECTION ( 'NONE',  ( 0.7071067811865562300, 0.0000000000000000000, -0.7071067811865388000 ) ) ;
#3911 = EDGE_CURVE ( 'NONE', #4480, #2896, #1594, .T. ) ;
#3912 = ORIENTED_EDGE ( 'NONE', *, *, #948, .T. ) ;
#3913 = DIRECTION ( 'NONE',  ( 0.0000000000000000000, 0.0000000000000000000, 1.000000000000000000 ) ) ;
#3914 = ORIENTED_EDGE ( 'NONE', *, *, #1730, .T. ) ;
#3915 = ORIENTED_EDGE ( 'NONE', *, *, #1618, .T. ) ;
#3916 = ORIENTED_EDGE ( 'NONE', *, *, #996, .F. ) ;
#3917 = LINE ( 'NONE', #4352, #4333 ) ;
#3918 = CARTESIAN_POINT ( 'NONE',  ( 3.200000000000000200, 1.149999999999999900, 2.199999999999999300 ) ) ;
#3919 = EDGE_CURVE ( 'NONE', #4626, #2690, #118, .T. ) ;
#3920 = CARTESIAN_POINT ( 'NONE',  ( 2.400000000000000400, 0.05000000000000000300, -0.7699999999999994600 ) ) ;
#3921 = CARTESIAN_POINT ( 'NONE',  ( 3.600000000000001000, 0.5500000000000000400, 1.019999999999997600 ) ) ;
#3922 = EDGE_LOOP ( 'NONE', ( #3572, #4281, #2426, #285 ) ) ;
#3923 = VECTOR ( 'NONE', #4479, 1000.000000000000000 ) ;
#3924 = VERTEX_POINT ( 'NONE', #475 ) ;
#3925 = ORIENTED_EDGE ( 'NONE', *, *, #1721, .F. ) ;
#3926 = EDGE_CURVE ( 'NONE', #3899, #4189, #3107, .T. ) ;
#3927 = DIRECTION ( 'NONE',  ( -0.0000000000000000000, -1.000000000000000000, -0.0000000000000000000 ) ) ;
#3928 = DIRECTION ( 'NONE',  ( -1.000000000000000000, 0.0000000000000000000, 1.204669080539449300E-016 ) ) ;
#3929 = ORIENTED_EDGE ( 'NONE', *, *, #3638, .T. ) ;
#3930 = CARTESIAN_POINT ( 'NONE',  ( 2.100000000000000100, -1.802775637731995000, 1.769999999999999400 ) ) ;
#3931 = CARTESIAN_POINT ( 'NONE',  ( 2.100000000000000100, 0.05000000000000000300, 0.7699999999999994600 ) ) ;
#3932 = CARTESIAN_POINT ( 'NONE',  ( -3.599999999999999600, -0.0000000000000000000, -2.599999999999999600 ) ) ;
#3933 = PLANE ( 'NONE',  #2812 ) ;
#3934 = CARTESIAN_POINT ( 'NONE',  ( 0.2000000000000005400, 1.300000000000000700, -2.600000000000000100 ) ) ;
#3935 = VERTEX_POINT ( 'NONE', #4283 ) ;
#3936 = ADVANCED_FACE ( 'NONE', ( #3948 ), #2725, .F. ) ;
#3937 = DIRECTION ( 'NONE',  ( 0.0000000000000000000, 0.0000000000000000000, -1.000000000000000000 ) ) ;
#3938 =( NAMED_UNIT ( * ) SI_UNIT ( $, .STERADIAN. ) SOLID_ANGLE_UNIT ( ) );
#3939 = LINE ( 'NONE', #1737, #711 ) ;
#3940 = VECTOR ( 'NONE', #3610, 1000.000000000000000 ) ;
#3941 = VECTOR ( 'NONE', #2169, 1000.000000000000000 ) ;
#3942 = AXIS2_PLACEMENT_3D ( 'NONE', #762, #3757, #4142 ) ;
#3943 = VECTOR ( 'NONE', #3708, 1000.000000000000000 ) ;
#3944 = ORIENTED_EDGE ( 'NONE', *, *, #2479, .T. ) ;
#3945 = CARTESIAN_POINT ( 'NONE',  ( 2.100000000000000100, 0.05000000000000000300, 1.769999999999999400 ) ) ;
#3946 = STYLED_ITEM ( 'NONE', ( #4641 ), #2003 ) ;
#3947 = CARTESIAN_POINT ( 'NONE',  ( 3.600000000000000500, 0.0000000000000000000, 1.769999999999999400 ) ) ;
#3948 = FACE_OUTER_BOUND ( 'NONE', #467, .T. ) ;
#3949 = CARTESIAN_POINT ( 'NONE',  ( 2.999999999999998700, 1.149999999999999900, 2.199999999999999300 ) ) ;
#3950 = LINE ( 'NONE', #3895, #3774 ) ;
#3951 = DIRECTION ( 'NONE',  ( 0.0000000000000000000, 0.0000000000000000000, 1.000000000000000000 ) ) ;
#3952 = EDGE_CURVE ( 'NONE', #4783, #161, #3226, .T. ) ;
#3953 = VERTEX_POINT ( 'NONE', #2012 ) ;
#3954 = ORIENTED_EDGE ( 'NONE', *, *, #4080, .F. ) ;
#3955 = VECTOR ( 'NONE', #1865, 1000.000000000000000 ) ;
#3956 = ORIENTED_EDGE ( 'NONE', *, *, #680, .F. ) ;
#3957 = DIRECTION ( 'NONE',  ( 1.000000000000000000, 0.0000000000000000000, 0.0000000000000000000 ) ) ;
#3958 = VERTEX_POINT ( 'NONE', #4638 ) ;
#3959 = CARTESIAN_POINT ( 'NONE',  ( 2.400000000000000400, 0.05000000000000000300, -0.7699999999999994600 ) ) ;
#3960 = EDGE_CURVE ( 'NONE', #3328, #1346, #4124, .T. ) ;
#3961 = EDGE_LOOP ( 'NONE', ( #3239, #3389, #2373, #1848, #4789, #986, #2972, #4396 ) ) ;
#3962 = CARTESIAN_POINT ( 'NONE',  ( 3.200000000000000200, 1.149999999999999900, 2.199999999999999300 ) ) ;
#3963 = ORIENTED_EDGE ( 'NONE', *, *, #1764, .F. ) ;
#3964 = CARTESIAN_POINT ( 'NONE',  ( 3.400000000000000400, 0.05000000000000000300, -1.149289321881338900 ) ) ;
#3965 = ADVANCED_FACE ( 'NONE', ( #4009 ), #1616, .F. ) ;
#3966 = PLANE ( 'NONE',  #4827 ) ;
#3967 = CIRCLE ( 'NONE', #455, 0.2000000000000000900 ) ;
#3968 = PLANE ( 'NONE',  #1087 ) ;
#3969 = AXIS2_PLACEMENT_3D ( 'NONE', #4737, #1741, #3213 ) ;
#3970 = CARTESIAN_POINT ( 'NONE',  ( 3.400000000000000400, -0.6047401740571388700, 1.390710678118658700 ) ) ;
#3971 = CYLINDRICAL_SURFACE ( 'NONE', #1300, 0.2000000000000000900 ) ;
#3972 = DIRECTION ( 'NONE',  ( 0.0000000000000000000, 1.000000000000000000, 0.0000000000000000000 ) ) ;
#3973 = CARTESIAN_POINT ( 'NONE',  ( -3.599999999999999600, 1.000000000000000000, 2.600000000000000500 ) ) ;
#3974 = PLANE ( 'NONE',  #163 ) ;
#3975 = LINE ( 'NONE', #265, #4380 ) ;
#3976 = EDGE_LOOP ( 'NONE', ( #4430, #3185, #3544, #102, #702, #542, #3319, #1534 ) ) ;
#3977 = VERTEX_POINT ( 'NONE', #1603 ) ;
#3978 = ORIENTED_EDGE ( 'NONE', *, *, #3049, .T. ) ;
#3979 = LINE ( 'NONE', #4784, #1564 ) ;
#3980 = CARTESIAN_POINT ( 'NONE',  ( 3.600000000000000500, 0.05000000000000000300, 1.769999999999999400 ) ) ;
#3981 = EDGE_LOOP ( 'NONE', ( #4141, #3060, #2253, #1053 ) ) ;
#3982 = DIRECTION ( 'NONE',  ( 0.0000000000000000000, 0.0000000000000000000, 1.000000000000000000 ) ) ;
#3983 = CARTESIAN_POINT ( 'NONE',  ( 3.600000000000001000, 0.0000000000000000000, 0.7699999999999994600 ) ) ;
#3984 = ORIENTED_EDGE ( 'NONE', *, *, #4435, .T. ) ;
#3985 = CARTESIAN_POINT ( 'NONE',  ( 3.600000000000000500, 0.05000000000000000300, -1.769999999999999400 ) ) ;
#3986 = FACE_OUTER_BOUND ( 'NONE', #3294, .T. ) ;
#3987 = CARTESIAN_POINT ( 'NONE',  ( 3.450000000000000200, 0.5500000000000000400, -1.169999999999993900 ) ) ;
#3988 = ORIENTED_EDGE ( 'NONE', *, *, #276, .T. ) ;
#3989 = DIRECTION ( 'NONE',  ( 0.0000000000000000000, 1.000000000000000000, -0.0000000000000000000 ) ) ;
#3990 = EDGE_LOOP ( 'NONE', ( #684, #3327, #4042, #3231 ) ) ;
#3991 = DIRECTION ( 'NONE',  ( -0.0000000000000000000, -1.000000000000000000, -0.0000000000000000000 ) ) ;
#3992 = EDGE_CURVE ( 'NONE', #4369, #1387, #2005, .T. ) ;
#3993 = ADVANCED_FACE ( 'NONE', ( #3169 ), #506, .F. ) ;
#3994 = CARTESIAN_POINT ( 'NONE',  ( -3.600000000000001000, 0.05000000000000002400, 1.019999999999998200 ) ) ;
#3995 = DIRECTION ( 'NONE',  ( 0.0000000000000000000, 0.0000000000000000000, 1.000000000000000000 ) ) ;
#3996 = CARTESIAN_POINT ( 'NONE',  ( 3.564644660940673200, 0.05000000000000002400, -1.555355339059327500 ) ) ;
#3997 = COLOUR_RGB ( '',0.9686274509803921600, 0.8784313725490196000, 0.5999999999999999800 ) ;
#3998 = EDGE_CURVE ( 'NONE', #3559, #4725, #365, .T. ) ;
#3999 = CARTESIAN_POINT ( 'NONE',  ( -3.599999999999999600, 0.0000000000000000000, 2.600000000000000500 ) ) ;
#4000 = DIRECTION ( 'NONE',  ( 0.0000000000000000000, 0.0000000000000000000, -1.000000000000000000 ) ) ;
#4001 = VECTOR ( 'NONE', #1836, 1000.000000000000000 ) ;
#4002 = AXIS2_PLACEMENT_3D ( 'NONE', #4851, #23, #2737 ) ;
#4003 = DIRECTION ( 'NONE',  ( 0.0000000000000000000, 0.0000000000000000000, -1.000000000000000000 ) ) ;
#4004 = VECTOR ( 'NONE', #4466, 1000.000000000000000 ) ;
#4005 = PLANE ( 'NONE',  #414 ) ;
#4006 = AXIS2_PLACEMENT_3D ( 'NONE', #1467, #2167, #1102 ) ;
#4007 = CARTESIAN_POINT ( 'NONE',  ( 3.400000000000000400, 0.5500000000000000400, 1.390710678118658700 ) ) ;
#4008 = DIRECTION ( 'NONE',  ( 1.000000000000000000, 0.0000000000000000000, 0.0000000000000000000 ) ) ;
#4009 = FACE_OUTER_BOUND ( 'NONE', #1026, .T. ) ;
#4010 = VECTOR ( 'NONE', #2529, 1000.000000000000000 ) ;
#4011 = ORIENTED_EDGE ( 'NONE', *, *, #996, .T. ) ;
#4012 = EDGE_CURVE ( 'NONE', #3712, #492, #4764, .T. ) ;
#4013 = VECTOR ( 'NONE', #4471, 1000.000000000000000 ) ;
#4014 = EDGE_LOOP ( 'NONE', ( #2633, #528, #4388, #3954 ) ) ;
#4015 = LINE ( 'NONE', #2555, #2949 ) ;
#4016 = EDGE_LOOP ( 'NONE', ( #2335, #3560, #1105, #1340, #1256, #3956, #4525, #3206 ) ) ;
#4017 = DIRECTION ( 'NONE',  ( 0.0000000000000000000, 1.000000000000000000, 0.0000000000000000000 ) ) ;
#4018 = CARTESIAN_POINT ( 'NONE',  ( 0.2000000000000005400, 0.0000000000000000000, -2.600000000000000100 ) ) ;
#4019 = LINE ( 'NONE', #1683, #1789 ) ;
#4020 = CARTESIAN_POINT ( 'NONE',  ( 2.400000000000000400, 0.05000000000000000300, -0.7699999999999994600 ) ) ;
#4021 = EDGE_CURVE ( 'NONE', #2980, #437, #4188, .T. ) ;
#4022 = ORIENTED_EDGE ( 'NONE', *, *, #1143, .T. ) ;
#4023 = CARTESIAN_POINT ( 'NONE',  ( 3.400000000000000400, -0.6047401740571388700, -1.390710678118658700 ) ) ;
#4024 = DIRECTION ( 'NONE',  ( 0.7071067811865383600, 0.0000000000000000000, -0.7071067811865567900 ) ) ;
#4025 = EDGE_LOOP ( 'NONE', ( #3135, #818, #1756, #524, #197, #251, #456 ) ) ;
#4026 = ADVANCED_BREP_SHAPE_REPRESENTATION ( 'ABMM-6.000MHZ-B2-T', ( #472, #3223, #2003, #3373, #2157, #3748, #776, #1778 ), #3431 ) ;
#4027 = EDGE_CURVE ( 'NONE', #1283, #4369, #609, .T. ) ;
#4028 = ORIENTED_EDGE ( 'NONE', *, *, #132, .T. ) ;
#4029 = LINE ( 'NONE', #4473, #383 ) ;
#4030 = VECTOR ( 'NONE', #879, 1000.000000000000000 ) ;
#4031 = DIRECTION ( 'NONE',  ( 0.7071067811865382500, 0.0000000000000000000, -0.7071067811865569000 ) ) ;
#4032 = AXIS2_PLACEMENT_3D ( 'NONE', #28, #3027, #4135 ) ;
#4033 = VERTEX_POINT ( 'NONE', #924 ) ;
#4034 = DIRECTION ( 'NONE',  ( 0.0000000000000000000, 1.000000000000000000, 0.0000000000000000000 ) ) ;
#4035 = VECTOR ( 'NONE', #2903, 1000.000000000000000 ) ;
#4036 = CARTESIAN_POINT ( 'NONE',  ( -3.400000000000000400, -0.6047401740571388700, 1.149289321881339600 ) ) ;
#4037 = FACE_OUTER_BOUND ( 'NONE', #587, .T. ) ;
#4038 = VERTEX_POINT ( 'NONE', #960 ) ;
#4039 = CARTESIAN_POINT ( 'NONE',  ( 3.450000000000000200, -0.6047401740571388700, 1.370000000000003700 ) ) ;
#4040 = ORIENTED_EDGE ( 'NONE', *, *, #1106, .T. ) ;
#4041 = DIRECTION ( 'NONE',  ( 0.0000000000000000000, 0.0000000000000000000, -1.000000000000000000 ) ) ;
#4042 = ORIENTED_EDGE ( 'NONE', *, *, #2540, .F. ) ;
#4043 = LINE ( 'NONE', #608, #282 ) ;
#4044 = DIRECTION ( 'NONE',  ( 0.0000000000000000000, 0.0000000000000000000, -1.000000000000000000 ) ) ;
#4045 = CARTESIAN_POINT ( 'NONE',  ( -3.564644660940673700, -0.6047401740571388700, 0.9846446609406704900 ) ) ;
#4046 = LINE ( 'NONE', #4230, #2105 ) ;
#4047 = VERTEX_POINT ( 'NONE', #208 ) ;
#4048 = DIRECTION ( 'NONE',  ( 0.0000000000000000000, 1.000000000000000000, 0.0000000000000000000 ) ) ;
#4049 = DIRECTION ( 'NONE',  ( -0.0000000000000000000, -1.000000000000000000, -0.0000000000000000000 ) ) ;
#4050 = EDGE_LOOP ( 'NONE', ( #1110, #15, #94, #3620 ) ) ;
#4051 = EDGE_CURVE ( 'NONE', #634, #2937, #1949, .T. ) ;
#4052 = CARTESIAN_POINT ( 'NONE',  ( -3.450000000000000200, 1.000000000000000000, -1.370000000000004500 ) ) ;
#4053 = DIRECTION ( 'NONE',  ( -0.7071067811865562300, 0.0000000000000000000, 0.7071067811865388000 ) ) ;
#4054 = VECTOR ( 'NONE', #1718, 1000.000000000000000 ) ;
#4055 = FACE_OUTER_BOUND ( 'NONE', #4025, .T. ) ;
#4056 = AXIS2_PLACEMENT_3D ( 'NONE', #2218, #4053, #4433 ) ;
#4057 = LINE ( 'NONE', #1501, #2602 ) ;
#4058 = EDGE_CURVE ( 'NONE', #560, #912, #8, .T. ) ;
#4059 = CARTESIAN_POINT ( 'NONE',  ( 3.600000000000000500, 0.5500000000000000400, 1.519999999999999600 ) ) ;
#4060 = CARTESIAN_POINT ( 'NONE',  ( -3.400000000000000400, 0.05000000000000000300, -1.390710678118659600 ) ) ;
#4061 = VECTOR ( 'NONE', #4089, 1000.000000000000000 ) ;
#4062 = ORIENTED_EDGE ( 'NONE', *, *, #638, .T. ) ;
#4063 = AXIS2_PLACEMENT_3D ( 'NONE', #1260, #2349, #1214 ) ;
#4064 = DIRECTION ( 'NONE',  ( 0.0000000000000000000, 0.0000000000000000000, -1.000000000000000000 ) ) ;
#4065 = VECTOR ( 'NONE', #3991, 1000.000000000000000 ) ;
#4066 = PLANE ( 'NONE',  #3521 ) ;
#4067 = LINE ( 'NONE', #3553, #1083 ) ;
#4068 = ORIENTED_EDGE ( 'NONE', *, *, #566, .T. ) ;
#4069 = DIRECTION ( 'NONE',  ( -0.7071067811865388000, -0.0000000000000000000, -0.7071067811865561200 ) ) ;
#4070 = LINE ( 'NONE', #1147, #2844 ) ;
#4071 = VERTEX_POINT ( 'NONE', #3201 ) ;
#4072 = ORIENTED_EDGE ( 'NONE', *, *, #647, .T. ) ;
#4073 = DIRECTION ( 'NONE',  ( 0.7071067811865562300, 0.0000000000000000000, -0.7071067811865388000 ) ) ;
#4074 = AXIS2_PLACEMENT_3D ( 'NONE', #4144, #20, #2257 ) ;
#4075 = VERTEX_POINT ( 'NONE', #4692 ) ;
#4076 = VERTEX_POINT ( 'NONE', #1334 ) ;
#4077 = CARTESIAN_POINT ( 'NONE',  ( -3.600000000000000500, 0.0000000000000000000, 1.770000000000000200 ) ) ;
#4078 = DIRECTION ( 'NONE',  ( -0.0000000000000000000, -1.000000000000000000, -0.0000000000000000000 ) ) ;
#4079 = DIRECTION ( 'NONE',  ( -0.0000000000000000000, -1.000000000000000000, -0.0000000000000000000 ) ) ;
#4080 = EDGE_CURVE ( 'NONE', #4279, #1786, #1779, .T. ) ;
#4081 = VERTEX_POINT ( 'NONE', #558 ) ;
#4082 = ORIENTED_EDGE ( 'NONE', *, *, #4742, .F. ) ;
#4083 = LINE ( 'NONE', #4020, #2798 ) ;
#4084 = DIRECTION ( 'NONE',  ( 0.0000000000000000000, 0.0000000000000000000, -1.000000000000000000 ) ) ;
#4085 = DIRECTION ( 'NONE',  ( 0.0000000000000000000, 1.000000000000000000, 0.0000000000000000000 ) ) ;
#4086 = VECTOR ( 'NONE', #2233, 1000.000000000000000 ) ;
#4087 = VECTOR ( 'NONE', #4700, 1000.000000000000000 ) ;
#4088 = EDGE_CURVE ( 'NONE', #1948, #144, #2997, .T. ) ;
#4089 = DIRECTION ( 'NONE',  ( -0.7071067811865485700, 0.0000000000000000000, 0.7071067811865465700 ) ) ;
#4090 = DIRECTION ( 'NONE',  ( -0.7071067811865382500, 0.0000000000000000000, 0.7071067811865569000 ) ) ;
#4091 = ORIENTED_EDGE ( 'NONE', *, *, #4609, .T. ) ;
#4092 = ORIENTED_EDGE ( 'NONE', *, *, #2453, .F. ) ;
#4093 = ORIENTED_EDGE ( 'NONE', *, *, #3694, .F. ) ;
#4094 = VECTOR ( 'NONE', #2119, 1000.000000000000100 ) ;
#4095 = CARTESIAN_POINT ( 'NONE',  ( -3.600000000000001000, 0.04999999999999995400, 1.019999999999998200 ) ) ;
#4096 = AXIS2_PLACEMENT_3D ( 'NONE', #3589, #4367, #963 ) ;
#4097 = ORIENTED_EDGE ( 'NONE', *, *, #381, .T. ) ;
#4098 = CARTESIAN_POINT ( 'NONE',  ( 3.600000000000001000, 0.0000000000000000000, 0.7699999999999994600 ) ) ;
#4099 = ORIENTED_EDGE ( 'NONE', *, *, #3570, .T. ) ;
#4100 = VECTOR ( 'NONE', #4200, 999.9999999999998900 ) ;
#4101 = VERTEX_POINT ( 'NONE', #3164 ) ;
#4102 = CARTESIAN_POINT ( 'NONE',  ( -3.599999999999999600, 1.000000000000000000, 1.519999999999999600 ) ) ;
#4103 = ORIENTED_EDGE ( 'NONE', *, *, #704, .T. ) ;
#4104 = CARTESIAN_POINT ( 'NONE',  ( 3.600000000000000500, -0.6047401740571388700, -1.519999999999999600 ) ) ;
#4105 = EDGE_CURVE ( 'NONE', #3314, #614, #1021, .T. ) ;
#4106 = ORIENTED_EDGE ( 'NONE', *, *, #310, .T. ) ;
#4107 = PLANE ( 'NONE',  #3435 ) ;
#4108 = DIRECTION ( 'NONE',  ( -1.000000000000000000, 0.0000000000000000000, 1.355252715606881300E-016 ) ) ;
#4109 = EDGE_CURVE ( 'NONE', #1096, #2690, #1371, .T. ) ;
#4110 = CARTESIAN_POINT ( 'NONE',  ( 4.336808689942017700E-016, 1.300000000000000700, 2.600000000000000100 ) ) ;
#4111 = ORIENTED_EDGE ( 'NONE', *, *, #2332, .T. ) ;
#4112 =( NAMED_UNIT ( * ) PLANE_ANGLE_UNIT ( ) SI_UNIT ( $, .RADIAN. ) );
#4113 = DIRECTION ( 'NONE',  ( -0.7071067811865388000, 0.0000000000000000000, 0.7071067811865561200 ) ) ;
#4114 = ORIENTED_EDGE ( 'NONE', *, *, #4646, .T. ) ;
#4115 = CARTESIAN_POINT ( 'NONE',  ( 2.400000000000000400, 0.0000000000000000000, -0.7699999999999994600 ) ) ;
#4116 = PLANE ( 'NONE',  #3232 ) ;
#4117 = LINE ( 'NONE', #4340, #359 ) ;
#4118 = EDGE_CURVE ( 'NONE', #3559, #3953, #4590, .T. ) ;
#4119 = CARTESIAN_POINT ( 'NONE',  ( -2.309999999999952500, 1.000000000000000000, -2.310000000000012900 ) ) ;
#4120 = CARTESIAN_POINT ( 'NONE',  ( -2.400000000000000400, 0.0000000000000000000, 0.7700000000000011300 ) ) ;
#4121 = LINE ( 'NONE', #2721, #4408 ) ;
#4122 = VECTOR ( 'NONE', #1877, 1000.000000000000000 ) ;
#4123 = CARTESIAN_POINT ( 'NONE',  ( 4.336808689942017700E-016, 1.000000000000000000, 2.600000000000000100 ) ) ;
#4124 = LINE ( 'NONE', #2362, #3880 ) ;
#4125 = AXIS2_PLACEMENT_3D ( 'NONE', #361, #1814, #1876 ) ;
#4126 = LINE ( 'NONE', #3980, #3165 ) ;
#4127 = VERTEX_POINT ( 'NONE', #3216 ) ;
#4128 = CARTESIAN_POINT ( 'NONE',  ( 3.564644660940673200, 0.05000000000000002400, 1.555355339059327500 ) ) ;
#4129 = DIRECTION ( 'NONE',  ( 0.0000000000000000000, 0.0000000000000000000, 1.000000000000000000 ) ) ;
#4130 = LINE ( 'NONE', #2609, #1729 ) ;
#4131 = DIRECTION ( 'NONE',  ( 0.7071067811865383600, 0.0000000000000000000, -0.7071067811865567900 ) ) ;
#4132 = VECTOR ( 'NONE', #3660, 1000.000000000000000 ) ;
#4133 = VERTEX_POINT ( 'NONE', #2448 ) ;
#4134 = CARTESIAN_POINT ( 'NONE',  ( 2.309999999999952500, 1.000000000000000000, 2.310000000000012900 ) ) ;
#4135 = DIRECTION ( 'NONE',  ( 0.0000000000000000000, 0.0000000000000000000, -1.000000000000000000 ) ) ;
#4136 = AXIS2_PLACEMENT_3D ( 'NONE', #146, #783, #2771 ) ;
#4137 = LINE ( 'NONE', #3931, #1430 ) ;
#4138 = ADVANCED_FACE ( 'NONE', ( #967 ), #616, .F. ) ;
#4139 = CARTESIAN_POINT ( 'NONE',  ( -3.600000000000001000, -0.6047401740571388700, -1.019999999999998200 ) ) ;
#4140 = ORIENTED_EDGE ( 'NONE', *, *, #2256, .T. ) ;
#4141 = ORIENTED_EDGE ( 'NONE', *, *, #3254, .T. ) ;
#4142 = DIRECTION ( 'NONE',  ( -0.7071067811865569000, 0.0000000000000000000, 0.7071067811865382500 ) ) ;
#4143 = EDGE_CURVE ( 'NONE', #1863, #828, #3348, .T. ) ;
#4144 = CARTESIAN_POINT ( 'NONE',  ( 3.600000000000000500, -0.6047401740571388700, 1.519999999999999600 ) ) ;
#4145 = ORIENTED_EDGE ( 'NONE', *, *, #2660, .F. ) ;
#4146 = VECTOR ( 'NONE', #162, 1000.000000000000000 ) ;
#4147 = FILL_AREA_STYLE_COLOUR ( '', #1291 ) ;
#4148 = CARTESIAN_POINT ( 'NONE',  ( -2.400000000000000400, 0.05000000000000000300, 0.7700000000000011300 ) ) ;
#4149 = EDGE_CURVE ( 'NONE', #1911, #560, #2772, .T. ) ;
#4150 = FILL_AREA_STYLE_COLOUR ( '', #990 ) ;
#4151 = DIRECTION ( 'NONE',  ( -0.0000000000000000000, 1.000000000000000000, -0.0000000000000000000 ) ) ;
#4152 = VECTOR ( 'NONE', #3098, 1000.000000000000000 ) ;
#4153 = ORIENTED_EDGE ( 'NONE', *, *, #4088, .T. ) ;
#4154 =( LENGTH_UNIT ( ) NAMED_UNIT ( * ) SI_UNIT ( .MILLI., .METRE. ) );
#4155 = COLOUR_RGB ( '',0.7921568627450980000, 0.8196078431372548800, 0.9333333333333333500 ) ;
#4156 = ORIENTED_EDGE ( 'NONE', *, *, #2984, .F. ) ;
#4157 = ORIENTED_EDGE ( 'NONE', *, *, #336, .F. ) ;
#4158 = ORIENTED_EDGE ( 'NONE', *, *, #1495, .F. ) ;
#4159 = EDGE_LOOP ( 'NONE', ( #1450, #1034, #1031, #1253 ) ) ;
#4160 = CARTESIAN_POINT ( 'NONE',  ( -3.400000000000000400, 0.05000000000000000300, -1.149289321881339600 ) ) ;
#4161 = CARTESIAN_POINT ( 'NONE',  ( 3.600000000000001000, 0.0000000000000000000, -0.7699999999999994600 ) ) ;
#4162 = ORIENTED_EDGE ( 'NONE', *, *, #2607, .F. ) ;
#4163 = LINE ( 'NONE', #3219, #4566 ) ;
#4164 = EDGE_CURVE ( 'NONE', #73, #912, #3058, .T. ) ;
#4165 = ADVANCED_FACE ( 'NONE', ( #2067 ), #2501, .F. ) ;
#4166 = CARTESIAN_POINT ( 'NONE',  ( -3.400000000000000400, 0.05000000000000000300, -1.149289321881339600 ) ) ;
#4167 = CARTESIAN_POINT ( 'NONE',  ( 2.100000000000000100, 0.0000000000000000000, 0.7699999999999994600 ) ) ;
#4168 = ORIENTED_EDGE ( 'NONE', *, *, #3349, .T. ) ;
#4169 = ORIENTED_EDGE ( 'NONE', *, *, #2804, .F. ) ;
#4170 = DIRECTION ( 'NONE',  ( -1.000000000000000000, 0.0000000000000000000, 1.204669080539449300E-016 ) ) ;
#4171 = AXIS2_PLACEMENT_3D ( 'NONE', #2439, #178, #3176 ) ;
#4172 = DIRECTION ( 'NONE',  ( -0.7071067811865383600, 0.0000000000000000000, 0.7071067811865567900 ) ) ;
#4173 = ADVANCED_FACE ( 'NONE', ( #1082 ), #2859, .F. ) ;
#4174 = DIRECTION ( 'NONE',  ( -0.7071067811865388000, 0.0000000000000000000, 0.7071067811865561200 ) ) ;
#4175 = ORIENTED_EDGE ( 'NONE', *, *, #1232, .F. ) ;
#4176 = LINE ( 'NONE', #1085, #4760 ) ;
#4177 = CARTESIAN_POINT ( 'NONE',  ( 3.600000000000001000, 0.05000000000000000300, 1.019999999999997600 ) ) ;
#4178 = EDGE_CURVE ( 'NONE', #1223, #3489, #4828, .T. ) ;
#4179 = LINE ( 'NONE', #503, #4762 ) ;
#4180 = VECTOR ( 'NONE', #4414, 1000.000000000000000 ) ;
#4181 = DIRECTION ( 'NONE',  ( 0.7071067811865562300, -0.0000000000000000000, 0.7071067811865388000 ) ) ;
#4182 = FACE_OUTER_BOUND ( 'NONE', #322, .T. ) ;
#4183 = EDGE_CURVE ( 'NONE', #1401, #3189, #4240, .T. ) ;
#4184 = DIRECTION ( 'NONE',  ( 0.7071067811865383600, 0.0000000000000000000, 0.7071067811865567900 ) ) ;
#4185 = VECTOR ( 'NONE', #3647, 1000.000000000000000 ) ;
#4186 = ADVANCED_FACE ( 'NONE', ( #1722 ), #4755, .F. ) ;
#4187 = ORIENTED_EDGE ( 'NONE', *, *, #4587, .T. ) ;
#4188 = LINE ( 'NONE', #759, #3768 ) ;
#4189 = VERTEX_POINT ( 'NONE', #4672 ) ;
#4190 = AXIS2_PLACEMENT_3D ( 'NONE', #2001, #1236, #1987 ) ;
#4191 = ADVANCED_FACE ( 'NONE', ( #2716 ), #624, .T. ) ;
#4192 = CARTESIAN_POINT ( 'NONE',  ( 3.200000000000000200, 1.300000000000000700, -1.999999999999998700 ) ) ;
#4193 = AXIS2_PLACEMENT_3D ( 'NONE', #3333, #3315, #4084 ) ;
#4194 = LINE ( 'NONE', #1516, #3955 ) ;
#4195 = VERTEX_POINT ( 'NONE', #2132 ) ;
#4197 = VERTEX_POINT ( 'NONE', #687 ) ;
#4196 = DIRECTION ( 'NONE',  ( 0.7071067811865569000, 0.0000000000000000000, -0.7071067811865382500 ) ) ;
#4198 = CARTESIAN_POINT ( 'NONE',  ( 3.599999999999999600, 1.300000000000000700, 1.519999999999999600 ) ) ;
#4199 = VERTEX_POINT ( 'NONE', #670 ) ;
#4200 = DIRECTION ( 'NONE',  ( 0.7071067811865567900, 0.0000000000000000000, 0.7071067811865383600 ) ) ;
#4201 = AXIS2_PLACEMENT_3D ( 'NONE', #1235, #3840, #1201 ) ;
#4202 = ORIENTED_EDGE ( 'NONE', *, *, #540, .F. ) ;
#4203 = VERTEX_POINT ( 'NONE', #3233 ) ;
#4204 = VECTOR ( 'NONE', #768, 999.9999999999998900 ) ;
#4205 = EDGE_CURVE ( 'NONE', #99, #4464, #4355, .T. ) ;
#4206 = VECTOR ( 'NONE', #1429, 1000.000000000000000 ) ;
#4207 = DIRECTION ( 'NONE',  ( 0.0000000000000000000, 0.0000000000000000000, 1.000000000000000000 ) ) ;
#4208 = VECTOR ( 'NONE', #3079, 1000.000000000000000 ) ;
#4209 = VECTOR ( 'NONE', #1795, 1000.000000000000000 ) ;
#4210 = ORIENTED_EDGE ( 'NONE', *, *, #226, .F. ) ;
#4211 = EDGE_CURVE ( 'NONE', #2699, #1509, #4706, .T. ) ;
#4212 = DIRECTION ( 'NONE',  ( 1.000000000000000000, -0.0000000000000000000, -1.204669080539449300E-016 ) ) ;
#4213 = ORIENTED_EDGE ( 'NONE', *, *, #4865, .F. ) ;
#4214 = ORIENTED_EDGE ( 'NONE', *, *, #3897, .F. ) ;
#4215 = ADVANCED_FACE ( 'NONE', ( #2421 ), #1072, .F. ) ;
#4216 = FACE_OUTER_BOUND ( 'NONE', #2234, .T. ) ;
#4217 = CARTESIAN_POINT ( 'NONE',  ( 3.400000000000000400, 0.5500000000000000400, -1.149289321881338900 ) ) ;
#4218 = EDGE_LOOP ( 'NONE', ( #1052, #4603, #1121, #3448, #2226, #3830, #4679, #1728, #2221, #280 ) ) ;
#4219 = CARTESIAN_POINT ( 'NONE',  ( -3.600000000000001000, 0.0000000000000000000, -1.019999999999998200 ) ) ;
#4220 = ORIENTED_EDGE ( 'NONE', *, *, #17, .T. ) ;
#4221 = VECTOR ( 'NONE', #2636, 1000.000000000000000 ) ;
#4222 = ORIENTED_EDGE ( 'NONE', *, *, #1637, .T. ) ;
#4223 = ORIENTED_EDGE ( 'NONE', *, *, #1019, .F. ) ;
#4224 =( NAMED_UNIT ( * ) SI_UNIT ( $, .STERADIAN. ) SOLID_ANGLE_UNIT ( ) );
#4225 =( GEOMETRIC_REPRESENTATION_CONTEXT ( 3 ) GLOBAL_UNCERTAINTY_ASSIGNED_CONTEXT ( ( #530 ) ) GLOBAL_UNIT_ASSIGNED_CONTEXT ( ( #2971, #4112, #1851 ) ) REPRESENTATION_CONTEXT ( 'NONE', 'WORKASPACE' ) );
#4226 = CARTESIAN_POINT ( 'NONE',  ( 3.600000000000001000, -1.802775637731995000, -0.7699999999999994600 ) ) ;
#4227 = AXIS2_PLACEMENT_3D ( 'NONE', #4705, #3584, #2078 ) ;
#4228 = DIRECTION ( 'NONE',  ( 0.7071067811865388000, 0.0000000000000000000, -0.7071067811865562300 ) ) ;
#4229 = VERTEX_POINT ( 'NONE', #1040 ) ;
#4230 = CARTESIAN_POINT ( 'NONE',  ( -3.450000000000000200, 1.300000000000000700, -1.370000000000004500 ) ) ;
#4231 = DIRECTION ( 'NONE',  ( 0.0000000000000000000, 1.000000000000000000, 0.0000000000000000000 ) ) ;
#4232 = AXIS2_PLACEMENT_3D ( 'NONE', #2126, #2897, #2460 ) ;
#4233 = LINE ( 'NONE', #2877, #419 ) ;
#4234 = ADVANCED_FACE ( 'NONE', ( #1365 ), #2583, .F. ) ;
#4235 = DIRECTION ( 'NONE',  ( 0.7071067811865388000, -0.0000000000000000000, 0.7071067811865561200 ) ) ;
#4236 = FACE_OUTER_BOUND ( 'NONE', #4592, .T. ) ;
#4237 = LINE ( 'NONE', #3692, #2832 ) ;
#4238 = EDGE_CURVE ( 'NONE', #2854, #4499, #2829, .T. ) ;
#4239 = PLANE ( 'NONE',  #3719 ) ;
#4240 = LINE ( 'NONE', #4023, #3709 ) ;
#4241 = DIRECTION ( 'NONE',  ( -0.7071067811865567900, 0.0000000000000000000, -0.7071067811865383600 ) ) ;
#4242 = VECTOR ( 'NONE', #3927, 1000.000000000000000 ) ;
#4243 = ORIENTED_EDGE ( 'NONE', *, *, #4497, .F. ) ;
#4244 = CARTESIAN_POINT ( 'NONE',  ( 3.564644660940673200, 0.05000000000000000300, -1.555355339059327500 ) ) ;
#4245 = VERTEX_POINT ( 'NONE', #1808 ) ;
#4246 = CARTESIAN_POINT ( 'NONE',  ( 3.600000000000000500, 0.0000000000000000000, -1.519999999999999600 ) ) ;
#4247 = EDGE_LOOP ( 'NONE', ( #1345, #3026, #2531, #3717 ) ) ;
#4248 = ORIENTED_EDGE ( 'NONE', *, *, #3085, .T. ) ;
#4249 = DIRECTION ( 'NONE',  ( 0.0000000000000000000, -1.000000000000000000, 0.0000000000000000000 ) ) ;
#4250 = EDGE_CURVE ( 'NONE', #1568, #3269, #423, .T. ) ;
#4251 = FACE_OUTER_BOUND ( 'NONE', #3655, .T. ) ;
#4252 = ORIENTED_EDGE ( 'NONE', *, *, #2757, .T. ) ;
#4253 = CARTESIAN_POINT ( 'NONE',  ( 3.400000000000000400, 0.5500000000000000400, -1.390710678118658700 ) ) ;
#4254 = PRESENTATION_LAYER_ASSIGNMENT (  '', '', ( #3207 ) ) ;
#4255 = VERTEX_POINT ( 'NONE', #1826 ) ;
#4256 = DIRECTION ( 'NONE',  ( -0.0000000000000000000, -1.000000000000000000, -0.0000000000000000000 ) ) ;
#4257 = ADVANCED_FACE ( 'NONE', ( #604 ), #4769, .F. ) ;
#4258 = CIRCLE ( 'NONE', #196, 0.2000000000000000900 ) ;
#4259 = CARTESIAN_POINT ( 'NONE',  ( -3.400000000000000400, 0.5500000000000000400, -1.390710678118659600 ) ) ;
#4260 = DIRECTION ( 'NONE',  ( -1.000000000000000000, 0.0000000000000000000, -0.0000000000000000000 ) ) ;
#4261 = DIRECTION ( 'NONE',  ( -0.0000000000000000000, 0.0000000000000000000, -1.000000000000000000 ) ) ;
#4262 = VECTOR ( 'NONE', #3250, 1000.000000000000000 ) ;
#4263 = LINE ( 'NONE', #4720, #1047 ) ;
#4264 = DIRECTION ( 'NONE',  ( 0.0000000000000000000, 0.0000000000000000000, -1.000000000000000000 ) ) ;
#4265 = ORIENTED_EDGE ( 'NONE', *, *, #4577, .F. ) ;
#4266 = EDGE_CURVE ( 'NONE', #3268, #1784, #3705, .T. ) ;
#4267 = DIRECTION ( 'NONE',  ( 0.0000000000000000000, 1.000000000000000000, 0.0000000000000000000 ) ) ;
#4268 = PLANE ( 'NONE',  #1676 ) ;
#4269 = DIRECTION ( 'NONE',  ( 0.7071067811865567900, 0.0000000000000000000, -0.7071067811865383600 ) ) ;
#4270 = FACE_OUTER_BOUND ( 'NONE', #3961, .T. ) ;
#4271 = ORIENTED_EDGE ( 'NONE', *, *, #410, .F. ) ;
#4272 = ORIENTED_EDGE ( 'NONE', *, *, #4337, .T. ) ;
#4273 = ORIENTED_EDGE ( 'NONE', *, *, #1730, .F. ) ;
#4274 = EDGE_LOOP ( 'NONE', ( #4428, #3561, #426, #1964 ) ) ;
#4275 = EDGE_LOOP ( 'NONE', ( #3871, #2084, #2754, #1451 ) ) ;
#4276 = VECTOR ( 'NONE', #1289, 1000.000000000000000 ) ;
#4277 = EDGE_CURVE ( 'NONE', #557, #1050, #1472, .T. ) ;
#4278 = CARTESIAN_POINT ( 'NONE',  ( 3.200000000000000200, 1.149999999999999900, -1.999999999999998700 ) ) ;
#4279 = VERTEX_POINT ( 'NONE', #1382 ) ;
#4280 = CARTESIAN_POINT ( 'NONE',  ( -3.199999999999998000, 1.149999999999999900, 2.400000000000000400 ) ) ;
#4281 = ORIENTED_EDGE ( 'NONE', *, *, #1343, .T. ) ;
#4282 = CARTESIAN_POINT ( 'NONE',  ( 3.450000000000000200, 0.5500000000000000400, 1.169999999999993900 ) ) ;
#4283 = CARTESIAN_POINT ( 'NONE',  ( -2.999999999999997800, 1.300000000000000700, 2.200000000000000200 ) ) ;
#4284 = VERTEX_POINT ( 'NONE', #4410 ) ;
#4285 = AXIS2_PLACEMENT_3D ( 'NONE', #2215, #691, #1074 ) ;
#4286 = ADVANCED_FACE ( 'NONE', ( #4182 ), #657, .F. ) ;
#4287 = DIRECTION ( 'NONE',  ( 0.7071067811865567900, 0.0000000000000000000, -0.7071067811865383600 ) ) ;
#4288 = DIRECTION ( 'NONE',  ( -0.0000000000000000000, -1.000000000000000000, -0.0000000000000000000 ) ) ;
#4289 = VERTEX_POINT ( 'NONE', #2530 ) ;
#4290 = STYLED_ITEM ( 'NONE', ( #2476 ), #4026 ) ;
#4291 = AXIS2_PLACEMENT_3D ( 'NONE', #4610, #2019, #3821 ) ;
#4292 = CARTESIAN_POINT ( 'NONE',  ( -1.039999999999953000, 1.000000000000000000, 1.039999999999980300 ) ) ;
#4293 = LINE ( 'NONE', #165, #4 ) ;
#4294 = CARTESIAN_POINT ( 'NONE',  ( -3.600000000000001000, 0.05000000000000000300, 1.019999999999998200 ) ) ;
#4295 = LINE ( 'NONE', #1694, #1943 ) ;
#4296 = DIRECTION ( 'NONE',  ( 0.0000000000000000000, 0.0000000000000000000, -1.000000000000000000 ) ) ;
#4297 = LINE ( 'NONE', #3023, #2541 ) ;
#4298 = CARTESIAN_POINT ( 'NONE',  ( -3.600000000000000500, 0.05000000000000000300, 1.770000000000000200 ) ) ;
#4299 = DIRECTION ( 'NONE',  ( 0.0000000000000000000, 0.0000000000000000000, 1.000000000000000000 ) ) ;
#4300 = LINE ( 'NONE', #2072, #2366 ) ;
#4301 = VERTEX_POINT ( 'NONE', #2902 ) ;
#4302 = DIRECTION ( 'NONE',  ( 0.0000000000000000000, 1.000000000000000000, 0.0000000000000000000 ) ) ;
#4303 = LINE ( 'NONE', #2579, #252 ) ;
#4304 = EDGE_CURVE ( 'NONE', #575, #1875, #539, .T. ) ;
#4305 = FACE_OUTER_BOUND ( 'NONE', #2037, .T. ) ;
#4306 = ORIENTED_EDGE ( 'NONE', *, *, #403, .F. ) ;
#4307 = FACE_OUTER_BOUND ( 'NONE', #1262, .T. ) ;
#4308 = CARTESIAN_POINT ( 'NONE',  ( 3.600000000000001000, 0.5500000000000000400, -1.019999999999997600 ) ) ;
#4309 = DIRECTION ( 'NONE',  ( -0.0000000000000000000, -1.000000000000000000, -0.0000000000000000000 ) ) ;
#4310 = ADVANCED_FACE ( 'NONE', ( #3163 ), #324, .F. ) ;
#4311 = ORIENTED_EDGE ( 'NONE', *, *, #3337, .T. ) ;
#4312 = DIRECTION ( 'NONE',  ( -0.7071067811865562300, 0.0000000000000000000, 0.7071067811865388000 ) ) ;
#4313 = CARTESIAN_POINT ( 'NONE',  ( 3.600000000000001000, 0.05000000000000000300, -0.7699999999999994600 ) ) ;
#4314 = AXIS2_PLACEMENT_3D ( 'NONE', #114, #2704, #3453 ) ;
#4315 = ORIENTED_EDGE ( 'NONE', *, *, #2728, .T. ) ;
#4316 = ORIENTED_EDGE ( 'NONE', *, *, #1595, .T. ) ;
#4317 = EDGE_CURVE ( 'NONE', #3244, #2847, #1714, .T. ) ;
#4318 = CARTESIAN_POINT ( 'NONE',  ( 3.450000000000000200, 0.5500000000000000400, 1.370000000000003700 ) ) ;
#4319 = ORIENTED_EDGE ( 'NONE', *, *, #3321, .F. ) ;
#4320 = PLANE ( 'NONE',  #3527 ) ;
#4321 = FILL_AREA_STYLE_COLOUR ( '', #1215 ) ;
#4322 = VECTOR ( 'NONE', #4332, 1000.000000000000000 ) ;
#4323 =( GEOMETRIC_REPRESENTATION_CONTEXT ( 3 ) GLOBAL_UNCERTAINTY_ASSIGNED_CONTEXT ( ( #4768 ) ) GLOBAL_UNIT_ASSIGNED_CONTEXT ( ( #3398, #1163, #3781 ) ) REPRESENTATION_CONTEXT ( 'NONE', 'WORKASPACE' ) );
#4324 = LINE ( 'NONE', #3388, #1915 ) ;
#4325 = VECTOR ( 'NONE', #1976, 1000.000000000000000 ) ;
#4326 = FACE_OUTER_BOUND ( 'NONE', #2987, .T. ) ;
#4327 = CARTESIAN_POINT ( 'NONE',  ( 3.600000000000000500, 0.5500000000000000400, -1.519999999999999600 ) ) ;
#4328 = EDGE_CURVE ( 'NONE', #83, #1821, #957, .T. ) ;
#4329 = ORIENTED_EDGE ( 'NONE', *, *, #435, .T. ) ;
#4330 = ORIENTED_EDGE ( 'NONE', *, *, #2099, .T. ) ;
#4331 = VERTEX_POINT ( 'NONE', #721 ) ;
#4332 = DIRECTION ( 'NONE',  ( 0.0000000000000000000, 0.0000000000000000000, 1.000000000000000000 ) ) ;
#4333 = VECTOR ( 'NONE', #2102, 1000.000000000000000 ) ;
#4334 = DIRECTION ( 'NONE',  ( 0.0000000000000000000, -0.0000000000000000000, 1.000000000000000000 ) ) ;
#4335 = CARTESIAN_POINT ( 'NONE',  ( 3.600000000000000500, 1.000000000000000000, 2.599999999999999600 ) ) ;
#4336 = ORIENTED_EDGE ( 'NONE', *, *, #2486, .F. ) ;
#4337 = EDGE_CURVE ( 'NONE', #2918, #4824, #2183, .T. ) ;
#4338 = PLANE ( 'NONE',  #4349 ) ;
#4339 = ADVANCED_FACE ( 'NONE', ( #1835 ), #3766, .F. ) ;
#4340 = CARTESIAN_POINT ( 'NONE',  ( 3.450000000000000200, 0.5500000000000000400, 1.370000000000003700 ) ) ;
#4341 = CARTESIAN_POINT ( 'NONE',  ( -3.450000000000000200, 0.5500000000000000400, 1.169999999999994800 ) ) ;
#4342 = VECTOR ( 'NONE', #1525, 1000.000000000000000 ) ;
#4343 = EDGE_LOOP ( 'NONE', ( #4306, #4623, #2800, #4739 ) ) ;
#4344 = EDGE_CURVE ( 'NONE', #4279, #1039, #2304, .T. ) ;
#4345 = EDGE_LOOP ( 'NONE', ( #4365, #3865, #3929, #1095 ) ) ;
#4346 = CARTESIAN_POINT ( 'NONE',  ( -2.700000000000000200, 0.05000000000000000300, 1.769999999999999400 ) ) ;
#4347 = DIRECTION ( 'NONE',  ( -0.0000000000000000000, -1.000000000000000000, -0.0000000000000000000 ) ) ;
#4348 = VERTEX_POINT ( 'NONE', #1869 ) ;
#4349 = AXIS2_PLACEMENT_3D ( 'NONE', #1766, #2136, #1747 ) ;
#4350 = DIRECTION ( 'NONE',  ( 0.0000000000000000000, 1.000000000000000000, 0.0000000000000000000 ) ) ;
#4351 = ORIENTED_EDGE ( 'NONE', *, *, #4455, .T. ) ;
#4352 = CARTESIAN_POINT ( 'NONE',  ( -2.700000000000000200, 0.05000000000000000300, 1.769999999999999400 ) ) ;
#4353 = CARTESIAN_POINT ( 'NONE',  ( 3.564644660940673200, 0.5500000000000000400, -1.555355339059327500 ) ) ;
#4354 = VECTOR ( 'NONE', #3187, 1000.000000000000000 ) ;
#4355 = LINE ( 'NONE', #3276, #2712 ) ;
#4356 = FACE_OUTER_BOUND ( 'NONE', #3746, .T. ) ;
#4357 = DIRECTION ( 'NONE',  ( -0.0000000000000000000, -1.000000000000000000, -0.0000000000000000000 ) ) ;
#4358 = ADVANCED_FACE ( 'NONE', ( #4647 ), #4116, .F. ) ;
#4359 = CARTESIAN_POINT ( 'NONE',  ( -3.400000000000000400, 0.5500000000000000400, 1.390710678118659600 ) ) ;
#4360 = VECTOR ( 'NONE', #3587, 999.9999999999998900 ) ;
#4361 = VECTOR ( 'NONE', #4683, 1000.000000000000000 ) ;
#4362 = CARTESIAN_POINT ( 'NONE',  ( -3.450000000000000200, -0.6047401740571388700, 1.370000000000004500 ) ) ;
#4363 = EDGE_CURVE ( 'NONE', #1866, #760, #715, .T. ) ;
#4364 = ORIENTED_EDGE ( 'NONE', *, *, #490, .F. ) ;
#4365 = ORIENTED_EDGE ( 'NONE', *, *, #2332, .F. ) ;
#4366 = VECTOR ( 'NONE', #1176, 999.9999999999998900 ) ;
#4367 = DIRECTION ( 'NONE',  ( -0.0000000000000000000, -1.000000000000000000, -0.0000000000000000000 ) ) ;
#4368 = DIRECTION ( 'NONE',  ( 0.0000000000000000000, 0.0000000000000000000, -1.000000000000000000 ) ) ;
#4369 = VERTEX_POINT ( 'NONE', #3332 ) ;
#4370 = DIRECTION ( 'NONE',  ( -0.0000000000000000000, -0.0000000000000000000, -1.000000000000000000 ) ) ;
#4371 = EDGE_CURVE ( 'NONE', #3439, #1283, #4586, .T. ) ;
#4372 = VERTEX_POINT ( 'NONE', #3312 ) ;
#4373 = DIRECTION ( 'NONE',  ( 0.0000000000000000000, -1.000000000000000000, 0.0000000000000000000 ) ) ;
#4374 = ORIENTED_EDGE ( 'NONE', *, *, #4836, .F. ) ;
#4375 = CARTESIAN_POINT ( 'NONE',  ( -3.564644660940673200, 0.5500000000000000400, 1.555355339059328400 ) ) ;
#4376 = VECTOR ( 'NONE', #1057, 1000.000000000000000 ) ;
#4377 = DIRECTION ( 'NONE',  ( 0.0000000000000000000, 0.0000000000000000000, 1.000000000000000000 ) ) ;
#4378 = DIRECTION ( 'NONE',  ( 0.0000000000000000000, 1.000000000000000000, 0.0000000000000000000 ) ) ;
#4379 = DIRECTION ( 'NONE',  ( 1.000000000000000000, 0.0000000000000000000, 0.0000000000000000000 ) ) ;
#4380 = VECTOR ( 'NONE', #4370, 1000.000000000000000 ) ;
#4381 = LINE ( 'NONE', #3814, #1331 ) ;
#4382 = ORIENTED_EDGE ( 'NONE', *, *, #394, .T. ) ;
#4383 = AXIS2_PLACEMENT_3D ( 'NONE', #4825, #1799, #4419 ) ;
#4384 = FACE_OUTER_BOUND ( 'NONE', #660, .T. ) ;
#4385 = ORIENTED_EDGE ( 'NONE', *, *, #1070, .T. ) ;
#4386 = ORIENTED_EDGE ( 'NONE', *, *, #3214, .F. ) ;
#4387 = EDGE_LOOP ( 'NONE', ( #4329, #574, #2217, #261 ) ) ;
#4388 = ORIENTED_EDGE ( 'NONE', *, *, #4794, .T. ) ;
#4389 = DIRECTION ( 'NONE',  ( 1.000000000000000000, 0.0000000000000000000, -1.445602896647340100E-016 ) ) ;
#4390 = ORIENTED_EDGE ( 'NONE', *, *, #1464, .F. ) ;
#4391 = EDGE_CURVE ( 'NONE', #1227, #1573, #4822, .T. ) ;
#4392 = FACE_OUTER_BOUND ( 'NONE', #4014, .T. ) ;
#4393 = CARTESIAN_POINT ( 'NONE',  ( -2.400000000000000400, -1.802775637731995000, -1.769999999999996000 ) ) ;
#4394 = ORIENTED_EDGE ( 'NONE', *, *, #1249, .F. ) ;
#4395 = DIRECTION ( 'NONE',  ( 0.0000000000000000000, 0.0000000000000000000, -1.000000000000000000 ) ) ;
#4396 = ORIENTED_EDGE ( 'NONE', *, *, #3449, .F. ) ;
#4397 = ORIENTED_EDGE ( 'NONE', *, *, #3410, .T. ) ;
#4398 = EDGE_CURVE ( 'NONE', #982, #1932, #362, .T. ) ;
#4399 = CARTESIAN_POINT ( 'NONE',  ( -3.564644660940673200, 0.05000000000000000300, -1.555355339059328400 ) ) ;
#4400 = CARTESIAN_POINT ( 'NONE',  ( -3.450000000000000200, 0.0000000000000000000, -1.370000000000004500 ) ) ;
#4401 = CARTESIAN_POINT ( 'NONE',  ( -3.600000000000001000, -0.6047401740571388700, 1.019999999999998200 ) ) ;
#4402 = ORIENTED_EDGE ( 'NONE', *, *, #3502, .T. ) ;
#4403 = MECHANICAL_DESIGN_GEOMETRIC_PRESENTATION_REPRESENTATION (  '', ( #3619 ), #611 ) ;
#4404 = EDGE_CURVE ( 'NONE', #810, #1086, #1420, .T. ) ;
#4405 = CARTESIAN_POINT ( 'NONE',  ( 3.600000000000001000, -0.6047401740571388700, -1.019999999999997600 ) ) ;
#4406 = VERTEX_POINT ( 'NONE', #2976 ) ;
#4407 = DIRECTION ( 'NONE',  ( 0.0000000000000000000, -1.000000000000000000, 0.0000000000000000000 ) ) ;
#4408 = VECTOR ( 'NONE', #833, 1000.000000000000000 ) ;
#4409 = AXIS2_PLACEMENT_3D ( 'NONE', #4335, #1351, #231 ) ;
#4410 = CARTESIAN_POINT ( 'NONE',  ( -3.600000000000001000, 0.05000000000000000300, 0.7700000000000011300 ) ) ;
#4411 = LINE ( 'NONE', #1427, #2599 ) ;
#4412 = DIRECTION ( 'NONE',  ( -0.0000000000000000000, 1.000000000000000000, -0.0000000000000000000 ) ) ;
#4413 = MECHANICAL_DESIGN_GEOMETRIC_PRESENTATION_REPRESENTATION (  '', ( #3207 ), #4323 ) ;
#4414 = DIRECTION ( 'NONE',  ( -0.0000000000000000000, 1.000000000000000000, -0.0000000000000000000 ) ) ;
#4415 = DIRECTION ( 'NONE',  ( -0.0000000000000000000, 1.000000000000000000, -0.0000000000000000000 ) ) ;
#4416 = LINE ( 'NONE', #3831, #3053 ) ;
#4417 = VECTOR ( 'NONE', #3796, 1000.000000000000000 ) ;
#4418 = ORIENTED_EDGE ( 'NONE', *, *, #50, .F. ) ;
#4419 = DIRECTION ( 'NONE',  ( 0.7071067811865485700, 0.0000000000000000000, -0.7071067811865465700 ) ) ;
#4420 = EDGE_CURVE ( 'NONE', #1250, #2397, #2483, .T. ) ;
#4421 = PRESENTATION_STYLE_ASSIGNMENT (( #1582 ) ) ;
#4422 = VERTEX_POINT ( 'NONE', #4490 ) ;
#4423 = VECTOR ( 'NONE', #494, 1000.000000000000000 ) ;
#4424 = EDGE_LOOP ( 'NONE', ( #3800, #3662, #1090, #1620 ) ) ;
#4425 = DIRECTION ( 'NONE',  ( -0.0000000000000000000, -1.000000000000000000, -0.0000000000000000000 ) ) ;
#4426 = CARTESIAN_POINT ( 'NONE',  ( -2.400000000000000400, 0.05000000000000000300, 1.470000000000000400 ) ) ;
#4427 = EDGE_CURVE ( 'NONE', #548, #4038, #4531, .T. ) ;
#4428 = ORIENTED_EDGE ( 'NONE', *, *, #3057, .F. ) ;
#4429 = DIRECTION ( 'NONE',  ( 0.0000000000000000000, 0.0000000000000000000, -1.000000000000000000 ) ) ;
#4430 = ORIENTED_EDGE ( 'NONE', *, *, #119, .F. ) ;
#4431 = CARTESIAN_POINT ( 'NONE',  ( -3.564644660940673200, 0.5500000000000000400, -1.555355339059328400 ) ) ;
#4432 = DIRECTION ( 'NONE',  ( 0.7071067811865382500, 0.0000000000000000000, -0.7071067811865569000 ) ) ;
#4433 = DIRECTION ( 'NONE',  ( 0.7071067811865388000, 0.0000000000000000000, 0.7071067811865562300 ) ) ;
#4434 = ORIENTED_EDGE ( 'NONE', *, *, #4487, .F. ) ;
#4435 = EDGE_CURVE ( 'NONE', #4534, #458, #4057, .T. ) ;
#4436 = ORIENTED_EDGE ( 'NONE', *, *, #4713, .F. ) ;
#4437 = LINE ( 'NONE', #3635, #323 ) ;
#4438 = DIRECTION ( 'NONE',  ( -0.0000000000000000000, -1.000000000000000000, -0.0000000000000000000 ) ) ;
#4439 = DIRECTION ( 'NONE',  ( -0.7071067811865382500, 0.0000000000000000000, 0.7071067811865569000 ) ) ;
#4440 = LINE ( 'NONE', #375, #1933 ) ;
#4441 = FACE_OUTER_BOUND ( 'NONE', #2387, .T. ) ;
#4442 = DIRECTION ( 'NONE',  ( 0.0000000000000000000, 0.0000000000000000000, -1.000000000000000000 ) ) ;
#4443 = AXIS2_PLACEMENT_3D ( 'NONE', #305, #2920, #1042 ) ;
#4444 = ORIENTED_EDGE ( 'NONE', *, *, #900, .T. ) ;
#4445 = CARTESIAN_POINT ( 'NONE',  ( 3.564644660940673700, -0.6047401740571388700, 0.9846446609406696000 ) ) ;
#4446 = EDGE_LOOP ( 'NONE', ( #3568, #2342, #3296, #3963, #1357, #2495, #755, #515 ) ) ;
#4447 = ORIENTED_EDGE ( 'NONE', *, *, #204, .F. ) ;
#4448 = ORIENTED_EDGE ( 'NONE', *, *, #4487, .T. ) ;
#4449 = CARTESIAN_POINT ( 'NONE',  ( 3.400000000000000400, 0.5500000000000000400, 1.149289321881338900 ) ) ;
#4450 = VERTEX_POINT ( 'NONE', #2627 ) ;
#4451 = VECTOR ( 'NONE', #1710, 1000.000000000000000 ) ;
#4452 = ORIENTED_EDGE ( 'NONE', *, *, #1686, .F. ) ;
#4453 = DIRECTION ( 'NONE',  ( 1.000000000000000000, 0.0000000000000000000, 0.0000000000000000000 ) ) ;
#4454 = VECTOR ( 'NONE', #3758, 1000.000000000000000 ) ;
#4455 = EDGE_CURVE ( 'NONE', #308, #3261, #3282, .T. ) ;
#4456 = ORIENTED_EDGE ( 'NONE', *, *, #941, .F. ) ;
#4457 = DIRECTION ( 'NONE',  ( 0.0000000000000000000, 0.0000000000000000000, 1.000000000000000000 ) ) ;
#4458 = DIRECTION ( 'NONE',  ( 1.000000000000000000, 0.0000000000000000000, 0.0000000000000000000 ) ) ;
#4459 = DIRECTION ( 'NONE',  ( 0.0000000000000000000, 0.0000000000000000000, -1.000000000000000000 ) ) ;
#4460 = EDGE_CURVE ( 'NONE', #41, #1233, #4297, .T. ) ;
#4461 = CARTESIAN_POINT ( 'NONE',  ( 2.100000000000000100, 0.0000000000000000000, 1.769999999999999400 ) ) ;
#4462 = CARTESIAN_POINT ( 'NONE',  ( -3.600000000000001000, 0.05000000000000000300, -0.7699999999999959100 ) ) ;
#4463 = VERTEX_POINT ( 'NONE', #3753 ) ;
#4464 = VERTEX_POINT ( 'NONE', #3066 ) ;
#4465 = SURFACE_STYLE_FILL_AREA ( #765 ) ;
#4466 = DIRECTION ( 'NONE',  ( 0.0000000000000000000, 0.0000000000000000000, 1.000000000000000000 ) ) ;
#4467 = DIRECTION ( 'NONE',  ( 0.7071067811865569000, 0.0000000000000000000, 0.7071067811865382500 ) ) ;
#4468 = LINE ( 'NONE', #2729, #239 ) ;
#4469 = AXIS2_PLACEMENT_3D ( 'NONE', #4139, #3364, #1885 ) ;
#4470 = VECTOR ( 'NONE', #1122, 1000.000000000000000 ) ;
#4471 = DIRECTION ( 'NONE',  ( -0.0000000000000000000, 1.000000000000000000, -0.0000000000000000000 ) ) ;
#4472 = VECTOR ( 'NONE', #3741, 1000.000000000000000 ) ;
#4473 = CARTESIAN_POINT ( 'NONE',  ( 3.600000000000000500, 0.5500000000000000400, -1.519999999999999600 ) ) ;
#4474 = VECTOR ( 'NONE', #482, 999.9999999999998900 ) ;
#4475 = DIRECTION ( 'NONE',  ( -0.0000000000000000000, 1.000000000000000000, -0.0000000000000000000 ) ) ;
#4476 = AXIS2_PLACEMENT_3D ( 'NONE', #2041, #3020, #3498 ) ;
#4477 = VECTOR ( 'NONE', #3902, 1000.000000000000000 ) ;
#4478 = VERTEX_POINT ( 'NONE', #1583 ) ;
#4479 = DIRECTION ( 'NONE',  ( 0.7071067811865569000, 0.0000000000000000000, 0.7071067811865382500 ) ) ;
#4480 = VERTEX_POINT ( 'NONE', #3042 ) ;
#4481 = CYLINDRICAL_SURFACE ( 'NONE', #1514, 0.2000000000000000900 ) ;
#4482 = ORIENTED_EDGE ( 'NONE', *, *, #3674, .F. ) ;
#4483 = ORIENTED_EDGE ( 'NONE', *, *, #132, .F. ) ;
#4484 = DIRECTION ( 'NONE',  ( 0.0000000000000000000, 0.0000000000000000000, 1.000000000000000000 ) ) ;
#4485 = ORIENTED_EDGE ( 'NONE', *, *, #3479, .F. ) ;
#4486 = CARTESIAN_POINT ( 'NONE',  ( 2.100000000000000100, 0.0000000000000000000, 1.769999999999999400 ) ) ;
#4487 = EDGE_CURVE ( 'NONE', #3779, #4450, #3467, .T. ) ;
#4488 = ORIENTED_EDGE ( 'NONE', *, *, #4577, .T. ) ;
#4489 = ORIENTED_EDGE ( 'NONE', *, *, #3509, .F. ) ;
#4490 = CARTESIAN_POINT ( 'NONE',  ( 3.199999999999998800, 1.149999999999999900, -2.400000000000000400 ) ) ;
#4491 = CARTESIAN_POINT ( 'NONE',  ( 3.450000000000000200, 1.000000000000000000, 1.169999999999994800 ) ) ;
#4492 = FACE_OUTER_BOUND ( 'NONE', #3376, .T. ) ;
#4493 = PRODUCT_DEFINITION_CONTEXT ( 'detailed design', #2259, 'design' ) ;
#4494 = VECTOR ( 'NONE', #4415, 1000.000000000000000 ) ;
#4495 = DIRECTION ( 'NONE',  ( -0.0000000000000000000, -1.000000000000000000, -0.0000000000000000000 ) ) ;
#4496 = DIRECTION ( 'NONE',  ( 0.0000000000000000000, 0.0000000000000000000, 1.000000000000000000 ) ) ;
#4497 = EDGE_CURVE ( 'NONE', #1275, #4845, #3643, .T. ) ;
#4498 = VECTOR ( 'NONE', #4751, 1000.000000000000000 ) ;
#4499 = VERTEX_POINT ( 'NONE', #421 ) ;
#4500 = ADVANCED_FACE ( 'NONE', ( #4236 ), #788, .F. ) ;
#4501 = CARTESIAN_POINT ( 'NONE',  ( 3.600000000000000500, -0.6047401740571388700, -1.519999999999999600 ) ) ;
#4502 = VECTOR ( 'NONE', #1519, 999.9999999999998900 ) ;
#4503 = DIRECTION ( 'NONE',  ( -0.0000000000000000000, -1.000000000000000000, -0.0000000000000000000 ) ) ;
#4504 = ORIENTED_EDGE ( 'NONE', *, *, #3158, .T. ) ;
#4505 = PLANE ( 'NONE',  #549 ) ;
#4506 = EDGE_LOOP ( 'NONE', ( #2934, #2551, #2393, #929 ) ) ;
#4507 = AXIS2_PLACEMENT_3D ( 'NONE', #2611, #4034, #2195 ) ;
#4508 = ORIENTED_EDGE ( 'NONE', *, *, #1910, .T. ) ;
#4509 = ORIENTED_EDGE ( 'NONE', *, *, #3440, .F. ) ;
#4510 = VECTOR ( 'NONE', #742, 1000.000000000000100 ) ;
#4511 = DIRECTION ( 'NONE',  ( -0.7071067811865388000, 0.0000000000000000000, 0.7071067811865561200 ) ) ;
#4512 = ORIENTED_EDGE ( 'NONE', *, *, #3182, .F. ) ;
#4513 = DIRECTION ( 'NONE',  ( -0.7071067811865567900, 0.0000000000000000000, -0.7071067811865383600 ) ) ;
#4514 = ORIENTED_EDGE ( 'NONE', *, *, #3769, .T. ) ;
#4515 = DIRECTION ( 'NONE',  ( 0.0000000000000000000, 0.0000000000000000000, 1.000000000000000000 ) ) ;
#4516 = CARTESIAN_POINT ( 'NONE',  ( -3.600000000000001000, 0.5500000000000000400, 1.019999999999998200 ) ) ;
#4517 = EDGE_CURVE ( 'NONE', #2980, #2379, #2656, .T. ) ;
#4518 = DIRECTION ( 'NONE',  ( 1.000000000000000000, 0.0000000000000000000, -1.355252715606881300E-016 ) ) ;
#4519 = ORIENTED_EDGE ( 'NONE', *, *, #3509, .T. ) ;
#4520 = FILL_AREA_STYLE ('',( #4150 ) ) ;
#4521 = DIRECTION ( 'NONE',  ( -0.0000000000000000000, -1.000000000000000000, -0.0000000000000000000 ) ) ;
#4522 = LINE ( 'NONE', #1623, #3759 ) ;
#4523 = EDGE_CURVE ( 'NONE', #1428, #4127, #2059, .T. ) ;
#4524 = DIRECTION ( 'NONE',  ( 0.7071067811865388000, 0.0000000000000000000, 0.7071067811865561200 ) ) ;
#4525 = ORIENTED_EDGE ( 'NONE', *, *, #2422, .F. ) ;
#4526 = ADVANCED_FACE ( 'NONE', ( #3407 ), #2703, .F. ) ;
#4527 = FACE_OUTER_BOUND ( 'NONE', #493, .T. ) ;
#4528 = ADVANCED_FACE ( 'NONE', ( #1591 ), #4554, .T. ) ;
#4529 = CARTESIAN_POINT ( 'NONE',  ( 3.600000000000001000, 0.05000000000000000300, -1.019999999999998200 ) ) ;
#4530 = CARTESIAN_POINT ( 'NONE',  ( -3.400000000000000400, 0.5500000000000000400, 1.390710678118659600 ) ) ;
#4531 = LINE ( 'NONE', #374, #2239 ) ;
#4532 = PRESENTATION_LAYER_ASSIGNMENT (  '', '', ( #737 ) ) ;
#4533 = VECTOR ( 'NONE', #4716, 1000.000000000000000 ) ;
#4534 = VERTEX_POINT ( 'NONE', #3783 ) ;
#4535 = DIRECTION ( 'NONE',  ( 0.0000000000000000000, 1.000000000000000000, 0.0000000000000000000 ) ) ;
#4536 = CARTESIAN_POINT ( 'NONE',  ( 3.199999999999998800, 1.000000000000000000, -2.400000000000000400 ) ) ;
#4537 = CYLINDRICAL_SURFACE ( 'NONE', #578, 0.2000000000000000900 ) ;
#4538 = ORIENTED_EDGE ( 'NONE', *, *, #1391, .T. ) ;
#4539 = ORIENTED_EDGE ( 'NONE', *, *, #888, .T. ) ;
#4540 = DIRECTION ( 'NONE',  ( -0.7071067811865567900, 0.0000000000000000000, -0.7071067811865383600 ) ) ;
#4541 = CARTESIAN_POINT ( 'NONE',  ( 3.600000000000000500, 0.05000000000000000300, 1.519999999999999600 ) ) ;
#4542 = EDGE_LOOP ( 'NONE', ( #1431, #379, #4866, #2521, #3632 ) ) ;
#4543 = EDGE_CURVE ( 'NONE', #1963, #4331, #4416, .T. ) ;
#4544 = ORIENTED_EDGE ( 'NONE', *, *, #2881, .F. ) ;
#4545 = ORIENTED_EDGE ( 'NONE', *, *, #958, .T. ) ;
#4546 = DIRECTION ( 'NONE',  ( 0.0000000000000000000, -0.0000000000000000000, 1.000000000000000000 ) ) ;
#4547 = ADVANCED_FACE ( 'NONE', ( #1076 ), #3452, .F. ) ;
#4548 = ORIENTED_EDGE ( 'NONE', *, *, #2590, .T. ) ;
#4549 = VECTOR ( 'NONE', #1103, 1000.000000000000000 ) ;
#4550 = PLANE ( 'NONE',  #194 ) ;
#4551 = EDGE_CURVE ( 'NONE', #1096, #3268, #4121, .T. ) ;
#4552 = CARTESIAN_POINT ( 'NONE',  ( 3.600000000000000500, 0.5500000000000000400, 1.519999999999999600 ) ) ;
#4553 = LINE ( 'NONE', #4872, #2567 ) ;
#4554 = PLANE ( 'NONE',  #1546 ) ;
#4555 = ADVANCED_FACE ( 'NONE', ( #1071 ), #44, .F. ) ;
#4556 = VECTOR ( 'NONE', #821, 1000.000000000000000 ) ;
#4557 = ORIENTED_EDGE ( 'NONE', *, *, #218, .F. ) ;
#4558 = CARTESIAN_POINT ( 'NONE',  ( 3.600000000000000500, 0.05000000000000000300, -1.519999999999999600 ) ) ;
#4559 = VECTOR ( 'NONE', #4174, 1000.000000000000100 ) ;
#4560 = ORIENTED_EDGE ( 'NONE', *, *, #1477, .F. ) ;
#4561 = AXIS2_PLACEMENT_3D ( 'NONE', #546, #2826, #4269 ) ;
#4562 = EDGE_LOOP ( 'NONE', ( #2779, #3912, #489, #2214 ) ) ;
#4563 = ORIENTED_EDGE ( 'NONE', *, *, #4178, .T. ) ;
#4564 = CARTESIAN_POINT ( 'NONE',  ( -2.400000000000000400, 0.05000000000000000300, 0.7700000000000011300 ) ) ;
#4565 = DIRECTION ( 'NONE',  ( 0.0000000000000000000, 0.0000000000000000000, -1.000000000000000000 ) ) ;
#4566 = VECTOR ( 'NONE', #2083, 1000.000000000000000 ) ;
#4567 = EDGE_CURVE ( 'NONE', #3547, #754, #4815, .T. ) ;
#4568 = ORIENTED_EDGE ( 'NONE', *, *, #1413, .T. ) ;
#4569 = DIRECTION ( 'NONE',  ( -0.0000000000000000000, -1.000000000000000000, -0.0000000000000000000 ) ) ;
#4570 = VECTOR ( 'NONE', #2983, 1000.000000000000100 ) ;
#4571 = ORIENTED_EDGE ( 'NONE', *, *, #1858, .T. ) ;
#4572 = DIRECTION ( 'NONE',  ( 0.7071067811865383600, 0.0000000000000000000, -0.7071067811865567900 ) ) ;
#4573 = ORIENTED_EDGE ( 'NONE', *, *, #555, .F. ) ;
#4574 = DIRECTION ( 'NONE',  ( -0.7071067811865567900, 0.0000000000000000000, 0.7071067811865383600 ) ) ;
#4575 = CARTESIAN_POINT ( 'NONE',  ( 3.600000000000000500, -0.6047401740571388700, 1.519999999999999600 ) ) ;
#4576 = ORIENTED_EDGE ( 'NONE', *, *, #1526, .F. ) ;
#4577 = EDGE_CURVE ( 'NONE', #2642, #4255, #2419, .T. ) ;
#4578 = ADVANCED_FACE ( 'NONE', ( #1418 ), #3083, .F. ) ;
#4579 = PLANE ( 'NONE',  #3028 ) ;
#4580 = DIRECTION ( 'NONE',  ( 0.0000000000000000000, 0.0000000000000000000, 1.000000000000000000 ) ) ;
#4581 = EDGE_CURVE ( 'NONE', #3690, #1168, #2054, .T. ) ;
#4582 = CIRCLE ( 'NONE', #3558, 0.2000000000000000900 ) ;
#4583 = CIRCLE ( 'NONE', #2374, 0.2000000000000000900 ) ;
#4584 = DIRECTION ( 'NONE',  ( 0.0000000000000000000, 1.000000000000000000, -0.0000000000000000000 ) ) ;
#4585 = DIRECTION ( 'NONE',  ( -0.7071067811865382500, 0.0000000000000000000, -0.7071067811865569000 ) ) ;
#4586 = LINE ( 'NONE', #4839, #3822 ) ;
#4587 = EDGE_CURVE ( 'NONE', #3030, #4464, #2537, .T. ) ;
#4588 = DIRECTION ( 'NONE',  ( 0.7071067811865569000, 0.0000000000000000000, 0.7071067811865382500 ) ) ;
#4589 = VECTOR ( 'NONE', #4044, 1000.000000000000000 ) ;
#4590 = LINE ( 'NONE', #3934, #2891 ) ;
#4591 = LINE ( 'NONE', #2474, #1422 ) ;
#4592 = EDGE_LOOP ( 'NONE', ( #2403, #1465, #4103, #4793 ) ) ;
#4593 = PLANE ( 'NONE',  #4201 ) ;
#4594 = PLANE ( 'NONE',  #3550 ) ;
#4595 = ORIENTED_EDGE ( 'NONE', *, *, #447, .T. ) ;
#4596 = MECHANICAL_DESIGN_GEOMETRIC_PRESENTATION_REPRESENTATION (  '', ( #3265 ), #3777 ) ;
#4597 = LINE ( 'NONE', #3344, #2310 ) ;
#4598 = VERTEX_POINT ( 'NONE', #4244 ) ;
#4599 = ORIENTED_EDGE ( 'NONE', *, *, #3158, .F. ) ;
#4600 = CARTESIAN_POINT ( 'NONE',  ( -3.600000000000000500, 0.05000000000000000300, 1.770000000000000200 ) ) ;
#4601 = DIRECTION ( 'NONE',  ( 1.204669080539449300E-016, -0.0000000000000000000, 1.000000000000000000 ) ) ;
#4602 = ADVANCED_FACE ( 'NONE', ( #2827 ), #3484, .F. ) ;
#4603 = ORIENTED_EDGE ( 'NONE', *, *, #1441, .F. ) ;
#4604 = EDGE_CURVE ( 'NONE', #3724, #1682, #4293, .T. ) ;
#4605 = DIRECTION ( 'NONE',  ( 1.000000000000000000, 0.0000000000000000000, 0.0000000000000000000 ) ) ;
#4606 = ORIENTED_EDGE ( 'NONE', *, *, #1700, .F. ) ;
#4607 = ORIENTED_EDGE ( 'NONE', *, *, #1322, .F. ) ;
#4608 = CARTESIAN_POINT ( 'NONE',  ( -3.600000000000001000, -0.0000000000000000000, -0.7699999999999959100 ) ) ;
#4609 = EDGE_CURVE ( 'NONE', #3198, #882, #775, .T. ) ;
#4610 = CARTESIAN_POINT ( 'NONE',  ( -3.599999999999999600, 1.000000000000000000, 2.600000000000000500 ) ) ;
#4611 = DIRECTION ( 'NONE',  ( -0.0000000000000000000, 1.000000000000000000, -0.0000000000000000000 ) ) ;
#4612 = LINE ( 'NONE', #3698, #3613 ) ;
#4613 = VECTOR ( 'NONE', #1639, 1000.000000000000000 ) ;
#4614 = CARTESIAN_POINT ( 'NONE',  ( -3.450000000000000200, 0.5500000000000000400, 1.370000000000004500 ) ) ;
#4615 = ORIENTED_EDGE ( 'NONE', *, *, #477, .F. ) ;
#4616 = VERTEX_POINT ( 'NONE', #3499 ) ;
#4617 = EDGE_CURVE ( 'NONE', #4372, #2024, #4699, .T. ) ;
#4618 = CARTESIAN_POINT ( 'NONE',  ( 3.564644660940673200, 0.5500000000000000400, 1.555355339059327500 ) ) ;
#4619 = LINE ( 'NONE', #1442, #3622 ) ;
#4620 = PLANE ( 'NONE',  #1536 ) ;
#4621 = ORIENTED_EDGE ( 'NONE', *, *, #1793, .T. ) ;
#4622 = CARTESIAN_POINT ( 'NONE',  ( 3.600000000000001000, 0.5500000000000000400, -1.019999999999997600 ) ) ;
#4623 = ORIENTED_EDGE ( 'NONE', *, *, #1879, .T. ) ;
#4624 = ORIENTED_EDGE ( 'NONE', *, *, #2323, .F. ) ;
#4625 = PLANE ( 'NONE',  #2964 ) ;
#4626 = VERTEX_POINT ( 'NONE', #2009 ) ;
#4627 = LINE ( 'NONE', #4558, #2694 ) ;
#4628 = AXIS2_PLACEMENT_3D ( 'NONE', #1828, #2589, #2250 ) ;
#4629 = EDGE_LOOP ( 'NONE', ( #1267, #1205, #4780, #2163 ) ) ;
#4630 = ADVANCED_FACE ( 'NONE', ( #3699 ), #4684, .F. ) ;
#4631 = CARTESIAN_POINT ( 'NONE',  ( -3.564644660940673200, 0.5500000000000000400, 1.555355339059328400 ) ) ;
#4632 = EDGE_LOOP ( 'NONE', ( #254, #2013, #3799, #619 ) ) ;
#4633 = CARTESIAN_POINT ( 'NONE',  ( -2.999999999999999100, 10.36659513557903800, -1.999999999999999100 ) ) ;
#4634 = CARTESIAN_POINT ( 'NONE',  ( 2.999999999999998700, 1.300000000000000700, -2.200000000000000200 ) ) ;
#4635 = CARTESIAN_POINT ( 'NONE',  ( -3.450000000000000200, -0.6047401740571388700, 1.370000000000004500 ) ) ;
#4636 = ORIENTED_EDGE ( 'NONE', *, *, #3551, .T. ) ;
#4637 = DIRECTION ( 'NONE',  ( 1.000000000000000000, -0.0000000000000000000, -0.0000000000000000000 ) ) ;
#4638 = CARTESIAN_POINT ( 'NONE',  ( -3.564644660940673700, 0.05000000000000002400, -0.9846446609406704900 ) ) ;
#4639 = DIRECTION ( 'NONE',  ( -0.0000000000000000000, 1.000000000000000000, 0.0000000000000000000 ) ) ;
#4640 = EDGE_CURVE ( 'NONE', #4598, #3725, #1886, .T. ) ;
#4641 = PRESENTATION_STYLE_ASSIGNMENT (( #1590 ) ) ;
#4642 = CARTESIAN_POINT ( 'NONE',  ( 3.600000000000001000, 0.5500000000000000400, 1.019999999999997600 ) ) ;
#4643 = SURFACE_SIDE_STYLE ('',( #2211 ) ) ;
#4644 = VECTOR ( 'NONE', #2209, 999.9999999999998900 ) ;
#4645 = VECTOR ( 'NONE', #1952, 1000.000000000000000 ) ;
#4646 = EDGE_CURVE ( 'NONE', #2142, #3935, #4582, .T. ) ;
#4647 = FACE_OUTER_BOUND ( 'NONE', #4424, .T. ) ;
#4648 = CARTESIAN_POINT ( 'NONE',  ( -3.199999999999999300, 1.300000000000000700, -1.999999999999997800 ) ) ;
#4649 = LINE ( 'NONE', #460, #541 ) ;
#4650 = ORIENTED_EDGE ( 'NONE', *, *, #526, .F. ) ;
#4651 = ADVANCED_FACE ( 'NONE', ( #1527 ), #898, .F. ) ;
#4652 = CARTESIAN_POINT ( 'NONE',  ( 3.600000000000001000, -1.802775637731995000, 0.7699999999999994600 ) ) ;
#4653 = LINE ( 'NONE', #1837, #427 ) ;
#4654 = DIRECTION ( 'NONE',  ( 0.7071067811865567900, 0.0000000000000000000, 0.7071067811865383600 ) ) ;
#4655 = LINE ( 'NONE', #1081, #4132 ) ;
#4656 = EDGE_LOOP ( 'NONE', ( #3988, #4840, #2431, #1150, #3535, #1662, #3110, #4222, #3336, #4153 ) ) ;
#4657 = EDGE_CURVE ( 'NONE', #1573, #3690, #2300, .T. ) ;
#4658 = FACE_OUTER_BOUND ( 'NONE', #415, .T. ) ;
#4659 = CARTESIAN_POINT ( 'NONE',  ( -3.399999999999999500, 1.149999999999999900, -2.199999999999998000 ) ) ;
#4660 = ORIENTED_EDGE ( 'NONE', *, *, #86, .F. ) ;
#4661 = CARTESIAN_POINT ( 'NONE',  ( -3.399999999999999500, 1.300000000000000700, -2.599999999999999600 ) ) ;
#4662 = AXIS2_PLACEMENT_3D ( 'NONE', #4853, #685, #2581 ) ;
#4663 = ORIENTED_EDGE ( 'NONE', *, *, #816, .F. ) ;
#4664 = DIRECTION ( 'NONE',  ( -0.0000000000000000000, 1.000000000000000000, -0.0000000000000000000 ) ) ;
#4665 = ORIENTED_EDGE ( 'NONE', *, *, #745, .T. ) ;
#4666 = CARTESIAN_POINT ( 'NONE',  ( 3.600000000000000500, 0.05000000000000000300, -1.519999999999999600 ) ) ;
#4667 = FACE_OUTER_BOUND ( 'NONE', #1827, .T. ) ;
#4668 = EDGE_CURVE ( 'NONE', #3736, #3354, #4179, .T. ) ;
#4669 = DIRECTION ( 'NONE',  ( -0.7071067811865383600, 0.0000000000000000000, 0.7071067811865567900 ) ) ;
#4670 = LINE ( 'NONE', #12, #681 ) ;
#4671 = LINE ( 'NONE', #801, #1803 ) ;
#4672 = CARTESIAN_POINT ( 'NONE',  ( 3.564644660940673700, 0.05000000000000000300, 0.9846446609406696000 ) ) ;
#4673 = ORIENTED_EDGE ( 'NONE', *, *, #3551, .F. ) ;
#4674 = EDGE_CURVE ( 'NONE', #1217, #1812, #1297, .T. ) ;
#4675 = ADVANCED_FACE ( 'NONE', ( #829 ), #111, .F. ) ;
#4676 = DIRECTION ( 'NONE',  ( 0.0000000000000000000, 0.0000000000000000000, 1.000000000000000000 ) ) ;
#4677 = VECTOR ( 'NONE', #4867, 1000.000000000000000 ) ;
#4678 = EDGE_LOOP ( 'NONE', ( #2452, #1982, #150, #1629 ) ) ;
#4679 = ORIENTED_EDGE ( 'NONE', *, *, #719, .F. ) ;
#4680 = ORIENTED_EDGE ( 'NONE', *, *, #1055, .F. ) ;
#4681 = LINE ( 'NONE', #2055, #1570 ) ;
#4682 = EDGE_CURVE ( 'NONE', #4534, #3736, #3403, .T. ) ;
#4683 = DIRECTION ( 'NONE',  ( -0.0000000000000000000, -1.000000000000000000, -0.0000000000000000000 ) ) ;
#4684 = PLANE ( 'NONE',  #4816 ) ;
#4685 = VERTEX_POINT ( 'NONE', #1679 ) ;
#4686 = CYLINDRICAL_SURFACE ( 'NONE', #4314, 0.2000000000000000900 ) ;
#4687 = PLANE ( 'NONE',  #4691 ) ;
#4688 = ORIENTED_EDGE ( 'NONE', *, *, #1224, .T. ) ;
#4689 = ORIENTED_EDGE ( 'NONE', *, *, #1186, .F. ) ;
#4690 = CARTESIAN_POINT ( 'NONE',  ( 3.000000000000000000, 1.149999999999999900, -2.000000000000000000 ) ) ;
#4691 = AXIS2_PLACEMENT_3D ( 'NONE', #573, #4669, #4654 ) ;
#4692 = CARTESIAN_POINT ( 'NONE',  ( -3.399999999999999500, 1.000000000000000000, -2.199999999999998000 ) ) ;
#4693 = DIRECTION ( 'NONE',  ( -0.7071067811865567900, 0.0000000000000000000, 0.7071067811865383600 ) ) ;
#4694 = CARTESIAN_POINT ( 'NONE',  ( 3.600000000000000500, 1.000000000000000000, 2.599999999999999600 ) ) ;
#4695 = CARTESIAN_POINT ( 'NONE',  ( -3.600000000000001000, 0.0000000000000000000, -0.7699999999999959100 ) ) ;
#4696 = EDGE_LOOP ( 'NONE', ( #1924, #2557, #473, #2727 ) ) ;
#4697 = DIRECTION ( 'NONE',  ( 0.0000000000000000000, 0.0000000000000000000, 1.000000000000000000 ) ) ;
#4698 = ADVANCED_FACE ( 'NONE', ( #3160 ), #1184, .F. ) ;
#4699 = LINE ( 'NONE', #3892, #1712 ) ;
#4700 = DIRECTION ( 'NONE',  ( 0.0000000000000000000, 0.0000000000000000000, -1.000000000000000000 ) ) ;
#4701 = CARTESIAN_POINT ( 'NONE',  ( -2.400000000000000400, 0.0000000000000000000, 0.7700000000000011300 ) ) ;
#4702 = FACE_OUTER_BOUND ( 'NONE', #2608, .T. ) ;
#4703 = DIRECTION ( 'NONE',  ( -0.7071067811865567900, 0.0000000000000000000, -0.7071067811865383600 ) ) ;
#4704 = EDGE_CURVE ( 'NONE', #2020, #2517, #295, .T. ) ;
#4705 = CARTESIAN_POINT ( 'NONE',  ( -3.600000000000001000, -1.802775637731995000, -0.7699999999999959100 ) ) ;
#4706 = LINE ( 'NONE', #262, #64 ) ;
#4707 = CARTESIAN_POINT ( 'NONE',  ( -3.450000000000000200, 0.5500000000000000400, -1.370000000000004500 ) ) ;
#4708 = DIRECTION ( 'NONE',  ( 0.0000000000000000000, 0.0000000000000000000, 1.000000000000000000 ) ) ;
#4709 = LINE ( 'NONE', #3423, #4472 ) ;
#4710 = ORIENTED_EDGE ( 'NONE', *, *, #1434, .F. ) ;
#4711 = DIRECTION ( 'NONE',  ( -0.0000000000000000000, -1.000000000000000000, -0.0000000000000000000 ) ) ;
#4712 = VECTOR ( 'NONE', #3154, 1000.000000000000000 ) ;
#4713 = EDGE_CURVE ( 'NONE', #3261, #3037, #1831, .T. ) ;
#4714 = ORIENTED_EDGE ( 'NONE', *, *, #1016, .T. ) ;
#4715 = ORIENTED_EDGE ( 'NONE', *, *, #4836, .T. ) ;
#4716 = DIRECTION ( 'NONE',  ( -0.0000000000000000000, 1.000000000000000000, -0.0000000000000000000 ) ) ;
#4717 = DIRECTION ( 'NONE',  ( 0.0000000000000000000, 0.0000000000000000000, -1.000000000000000000 ) ) ;
#4718 = CARTESIAN_POINT ( 'NONE',  ( -2.400000000000000400, 0.05000000000000000300, 0.7700000000000011300 ) ) ;
#4719 = EDGE_LOOP ( 'NONE', ( #2464, #3529, #1407, #1854 ) ) ;
#4720 = CARTESIAN_POINT ( 'NONE',  ( -2.999999999999997800, 1.300000000000000700, 2.200000000000000200 ) ) ;
#4721 = SURFACE_STYLE_USAGE ( .BOTH. , #3195 ) ;
#4722 = DIRECTION ( 'NONE',  ( -0.0000000000000000000, -1.000000000000000000, -0.0000000000000000000 ) ) ;
#4723 = AXIS2_PLACEMENT_3D ( 'NONE', #1579, #2926, #3817 ) ;
#4724 = ORIENTED_EDGE ( 'NONE', *, *, #3218, .F. ) ;
#4725 = VERTEX_POINT ( 'NONE', #1822 ) ;
#4726 = CARTESIAN_POINT ( 'NONE',  ( 3.600000000000001000, 0.05000000000000000300, 0.7699999999999994600 ) ) ;
#4727 = CARTESIAN_POINT ( 'NONE',  ( -3.199999999999999300, 1.000000000000000000, -2.399999999999999500 ) ) ;
#4728 = VERTEX_POINT ( 'NONE', #2110 ) ;
#4729 = ADVANCED_FACE ( 'NONE', ( #173 ), #992, .F. ) ;
#4730 = ORIENTED_EDGE ( 'NONE', *, *, #1504, .T. ) ;
#4731 = VECTOR ( 'NONE', #4000, 1000.000000000000000 ) ;
#4732 = AXIS2_PLACEMENT_3D ( 'NONE', #2967, #2604, #1847 ) ;
#4733 = VECTOR ( 'NONE', #720, 1000.000000000000000 ) ;
#4734 = CARTESIAN_POINT ( 'NONE',  ( 3.564644660940673200, 0.5500000000000000400, -1.555355339059327500 ) ) ;
#4735 = LINE ( 'NONE', #2890, #4262 ) ;
#4736 = CARTESIAN_POINT ( 'NONE',  ( -3.450000000000000200, 1.000000000000000000, 0.0000000000000000000 ) ) ;
#4737 = CARTESIAN_POINT ( 'NONE',  ( -2.999999999999999100, 1.149999999999999900, 2.000000000000000000 ) ) ;
#4738 = AXIS2_PLACEMENT_3D ( 'NONE', #256, #648, #635 ) ;
#4739 = ORIENTED_EDGE ( 'NONE', *, *, #603, .T. ) ;
#4740 = DIRECTION ( 'NONE',  ( -0.7071067811865567900, 0.0000000000000000000, 0.7071067811865383600 ) ) ;
#4741 = ORIENTED_EDGE ( 'NONE', *, *, #1787, .T. ) ;
#4742 = EDGE_CURVE ( 'NONE', #810, #3029, #3105, .T. ) ;
#4743 = CARTESIAN_POINT ( 'NONE',  ( 2.400000000000000400, 0.05000000000000000300, 0.7699999999999994600 ) ) ;
#4744 = DIRECTION ( 'NONE',  ( 0.0000000000000000000, 0.0000000000000000000, 1.000000000000000000 ) ) ;
#4745 = PLANE ( 'NONE',  #92 ) ;
#4746 = ORIENTED_EDGE ( 'NONE', *, *, #559, .T. ) ;
#4747 = LINE ( 'NONE', #1540, #2044 ) ;
#4748 = ORIENTED_EDGE ( 'NONE', *, *, #1818, .T. ) ;
#4749 = ORIENTED_EDGE ( 'NONE', *, *, #3471, .T. ) ;
#4750 = ADVANCED_FACE ( 'NONE', ( #3819 ), #317, .F. ) ;
#4751 = DIRECTION ( 'NONE',  ( 0.0000000000000000000, 0.0000000000000000000, -1.000000000000000000 ) ) ;
#4752 = CARTESIAN_POINT ( 'NONE',  ( 4.336808689942017700E-016, 0.0000000000000000000, 2.600000000000000100 ) ) ;
#4753 = CARTESIAN_POINT ( 'NONE',  ( 3.600000000000001000, 0.05000000000000000300, -0.7699999999999994600 ) ) ;
#4754 = AXIS2_PLACEMENT_3D ( 'NONE', #2263, #26, #3007 ) ;
#4755 = PLANE ( 'NONE',  #707 ) ;
#4756 = ORIENTED_EDGE ( 'NONE', *, *, #4776, .F. ) ;
#4757 = CARTESIAN_POINT ( 'NONE',  ( 4.336808689942017700E-016, 1.300000000000000700, 2.600000000000000100 ) ) ;
#4758 = DIRECTION ( 'NONE',  ( 0.0000000000000000000, -0.0000000000000000000, -1.000000000000000000 ) ) ;
#4759 = PLANE ( 'NONE',  #2556 ) ;
#4760 = VECTOR ( 'NONE', #1481, 1000.000000000000000 ) ;
#4761 = LINE ( 'NONE', #2711, #1843 ) ;
#4762 = VECTOR ( 'NONE', #1269, 1000.000000000000000 ) ;
#4763 = LINE ( 'NONE', #3338, #3224 ) ;
#4764 = LINE ( 'NONE', #1488, #1476 ) ;
#4765 = VECTOR ( 'NONE', #3874, 1000.000000000000000 ) ;
#4766 = EDGE_CURVE ( 'NONE', #1517, #575, #892, .T. ) ;
#4767 = EDGE_LOOP ( 'NONE', ( #3211, #2730, #4434, #4838, #3215, #1479, #2685, #349, #636, #615 ) ) ;
#4768 = UNCERTAINTY_MEASURE_WITH_UNIT (LENGTH_MEASURE( 1.000000000000000100E-005 ), #3398, 'distance_accuracy_value', 'NONE');
#4769 = PLANE ( 'NONE',  #1298 ) ;
#4770 = LINE ( 'NONE', #3812, #1896 ) ;
#4771 = CARTESIAN_POINT ( 'NONE',  ( 3.600000000000001000, 0.05000000000000000300, 1.019999999999997600 ) ) ;
#4772 = VECTOR ( 'NONE', #2840, 1000.000000000000000 ) ;
#4773 = CARTESIAN_POINT ( 'NONE',  ( -3.400000000000000400, 0.05000000000000000300, -1.390710678118659600 ) ) ;
#4774 = ORIENTED_EDGE ( 'NONE', *, *, #3305, .F. ) ;
#4775 = DIRECTION ( 'NONE',  ( -0.0000000000000000000, 0.0000000000000000000, 1.000000000000000000 ) ) ;
#4776 = EDGE_CURVE ( 'NONE', #3625, #2848, #3939, .T. ) ;
#4777 = VECTOR ( 'NONE', #1022, 1000.000000000000000 ) ;
#4778 = VERTEX_POINT ( 'NONE', #2853 ) ;
#4779 = CARTESIAN_POINT ( 'NONE',  ( 3.450000000000000200, 0.5500000000000000400, -1.169999999999993900 ) ) ;
#4780 = ORIENTED_EDGE ( 'NONE', *, *, #4704, .F. ) ;
#4781 = AXIS2_PLACEMENT_3D ( 'NONE', #4431, #4024, #4819 ) ;
#4782 = DIRECTION ( 'NONE',  ( -0.0000000000000000000, 1.000000000000000000, -0.0000000000000000000 ) ) ;
#4783 = VERTEX_POINT ( 'NONE', #1436 ) ;
#4784 = CARTESIAN_POINT ( 'NONE',  ( -3.600000000000000500, 0.05000000000000000300, -1.769999999999996000 ) ) ;
#4785 = CARTESIAN_POINT ( 'NONE',  ( -3.600000000000000500, 0.0000000000000000000, 1.770000000000000200 ) ) ;
#4786 = DIRECTION ( 'NONE',  ( -0.7071067811865562300, 0.0000000000000000000, 0.7071067811865389100 ) ) ;
#4787 = LINE ( 'NONE', #3334, #2328 ) ;
#4788 = FACE_OUTER_BOUND ( 'NONE', #3755, .T. ) ;
#4789 = ORIENTED_EDGE ( 'NONE', *, *, #1132, .F. ) ;
#4790 = CYLINDRICAL_SURFACE ( 'NONE', #4285, 0.2000000000000000900 ) ;
#4791 = EDGE_LOOP ( 'NONE', ( #461, #2286, #4792, #4265 ) ) ;
#4792 = ORIENTED_EDGE ( 'NONE', *, *, #2006, .T. ) ;
#4793 = ORIENTED_EDGE ( 'NONE', *, *, #4391, .T. ) ;
#4794 = EDGE_CURVE ( 'NONE', #3383, #1786, #2124, .T. ) ;
#4795 = EDGE_LOOP ( 'NONE', ( #1408, #1433, #3258, #2143 ) ) ;
#4796 = LINE ( 'NONE', #3930, #3084 ) ;
#4797 = CARTESIAN_POINT ( 'NONE',  ( 0.0000000000000000000, 0.05000000000000000300, 0.0000000000000000000 ) ) ;
#4798 = DIRECTION ( 'NONE',  ( -1.000000000000000000, 0.0000000000000000000, 0.0000000000000000000 ) ) ;
#4799 = ORIENTED_EDGE ( 'NONE', *, *, #4674, .T. ) ;
#4800 = VECTOR ( 'NONE', #2768, 1000.000000000000000 ) ;
#4801 = ORIENTED_EDGE ( 'NONE', *, *, #2804, .T. ) ;
#4802 = EDGE_CURVE ( 'NONE', #3489, #3488, #2938, .T. ) ;
#4803 = DIRECTION ( 'NONE',  ( -0.7071067811865567900, -0.0000000000000000000, 0.7071067811865383600 ) ) ;
#4804 = CARTESIAN_POINT ( 'NONE',  ( -3.400000000000000400, 0.05000000000000000300, 1.149289321881339600 ) ) ;
#4805 = ORIENTED_EDGE ( 'NONE', *, *, #1768, .F. ) ;
#4806 = CARTESIAN_POINT ( 'NONE',  ( 0.0000000000000000000, 0.0000000000000000000, 0.0000000000000000000 ) ) ;
#4807 = ORIENTED_EDGE ( 'NONE', *, *, #345, .T. ) ;
#4808 = CARTESIAN_POINT ( 'NONE',  ( -2.400000000000000400, 0.0000000000000000000, 1.470000000000000400 ) ) ;
#4809 = ORIENTED_EDGE ( 'NONE', *, *, #135, .T. ) ;
#4810 = DIRECTION ( 'NONE',  ( 1.000000000000000000, 0.0000000000000000000, 0.0000000000000000000 ) ) ;
#4811 = AXIS2_PLACEMENT_3D ( 'NONE', #3434, #1213, #2756 ) ;
#4812 = EDGE_CURVE ( 'NONE', #642, #548, #2179, .T. ) ;
#4813 = ORIENTED_EDGE ( 'NONE', *, *, #1504, .F. ) ;
#4814 = CARTESIAN_POINT ( 'NONE',  ( 3.564644660940673700, 0.05000000000000002400, -0.9846446609406696000 ) ) ;
#4815 = LINE ( 'NONE', #1978, #3763 ) ;
#4816 = AXIS2_PLACEMENT_3D ( 'NONE', #4635, #2389, #533 ) ;
#4817 = CARTESIAN_POINT ( 'NONE',  ( -2.400000000000000400, 0.0000000000000000000, -1.769999999999996000 ) ) ;
#4818 = LINE ( 'NONE', #4773, #536 ) ;
#4819 = DIRECTION ( 'NONE',  ( -0.7071067811865567900, 0.0000000000000000000, -0.7071067811865383600 ) ) ;
#4820 = AXIS2_PLACEMENT_3D ( 'NONE', #3108, #519, #1643 ) ;
#4821 = CARTESIAN_POINT ( 'NONE',  ( 3.600000000000001000, -0.6047401740571388700, -1.019999999999997600 ) ) ;
#4822 = LINE ( 'NONE', #1902, #3585 ) ;
#4823 = FACE_OUTER_BOUND ( 'NONE', #2336, .T. ) ;
#4824 = VERTEX_POINT ( 'NONE', #3225 ) ;
#4825 = CARTESIAN_POINT ( 'NONE',  ( -2.400000000000000400, 0.05000000000000000300, 1.470000000000000400 ) ) ;
#4826 = CARTESIAN_POINT ( 'NONE',  ( -3.564644660940673200, -0.6047401740571388700, -1.555355339059328400 ) ) ;
#4827 = AXIS2_PLACEMENT_3D ( 'NONE', #3194, #4373, #1770 ) ;
#4828 = LINE ( 'NONE', #2822, #1246 ) ;
#4829 = LINE ( 'NONE', #117, #4772 ) ;
#4830 = VERTEX_POINT ( 'NONE', #1325 ) ;
#4831 = UNCERTAINTY_MEASURE_WITH_UNIT (LENGTH_MEASURE( 1.000000000000000100E-005 ), #3121, 'distance_accuracy_value', 'NONE');
#4832 = CARTESIAN_POINT ( 'NONE',  ( 0.0000000000000000000, 0.0000000000000000000, 0.0000000000000000000 ) ) ;
#4833 = EDGE_LOOP ( 'NONE', ( #3805, #3301, #853, #1985, #4220, #2203, #1627, #4364, #2813, #2456 ) ) ;
#4834 = DIRECTION ( 'NONE',  ( -0.0000000000000000000, -1.000000000000000000, -0.0000000000000000000 ) ) ;
#4835 = VECTOR ( 'NONE', #2481, 1000.000000000000000 ) ;
#4836 = EDGE_CURVE ( 'NONE', #1568, #2440, #2002, .T. ) ;
#4837 = EDGE_LOOP ( 'NONE', ( #275, #279, #3424, #1938 ) ) ;
#4838 = ORIENTED_EDGE ( 'NONE', *, *, #209, .F. ) ;
#4839 = CARTESIAN_POINT ( 'NONE',  ( 4.336808689942017700E-016, 1.300000000000000700, 2.399999999999999900 ) ) ;
#4840 = ORIENTED_EDGE ( 'NONE', *, *, #1468, .F. ) ;
#4841 = DIRECTION ( 'NONE',  ( 0.0000000000000000000, 0.0000000000000000000, 1.000000000000000000 ) ) ;
#4842 = EDGE_LOOP ( 'NONE', ( #4316, #2437, #517, #1329 ) ) ;
#4843 = EDGE_CURVE ( 'NONE', #828, #3905, #2993, .T. ) ;
#4844 = ORIENTED_EDGE ( 'NONE', *, *, #1700, .T. ) ;
#4845 = VERTEX_POINT ( 'NONE', #4059 ) ;
#4846 = VECTOR ( 'NONE', #718, 1000.000000000000000 ) ;
#4847 = DIRECTION ( 'NONE',  ( -0.7071067811865388000, 0.0000000000000000000, -0.7071067811865561200 ) ) ;
#4848 = CARTESIAN_POINT ( 'NONE',  ( 3.600000000000001000, 0.0000000000000000000, 1.019999999999997600 ) ) ;
#4849 = EDGE_CURVE ( 'NONE', #1168, #4331, #1646, .T. ) ;
#4850 = APPLICATION_PROTOCOL_DEFINITION ( 'draft international standard', 'automotive_design', 1998, #2259 ) ;
#4851 = CARTESIAN_POINT ( 'NONE',  ( 4.336808689942017700E-016, 0.0000000000000000000, -2.600000000000000100 ) ) ;
#4852 = AXIS2_PLACEMENT_3D ( 'NONE', #4752, #2883, #2166 ) ;
#4853 = CARTESIAN_POINT ( 'NONE',  ( -3.600000000000000500, 0.5500000000000000400, -1.520000000000000500 ) ) ;
#4854 = DIRECTION ( 'NONE',  ( 0.0000000000000000000, -1.000000000000000000, 0.0000000000000000000 ) ) ;
#4855 = FACE_OUTER_BOUND ( 'NONE', #464, .T. ) ;
#4856 = ORIENTED_EDGE ( 'NONE', *, *, #3833, .F. ) ;
#4857 = CARTESIAN_POINT ( 'NONE',  ( -3.400000000000000400, 0.5500000000000000400, 1.390710678118659600 ) ) ;
#4858 = LINE ( 'NONE', #47, #1753 ) ;
#4859 = EDGE_CURVE ( 'NONE', #4331, #3899, #2652, .T. ) ;
#4860 = ORIENTED_EDGE ( 'NONE', *, *, #119, .T. ) ;
#4861 = DIRECTION ( 'NONE',  ( -0.0000000000000000000, 1.000000000000000000, -0.0000000000000000000 ) ) ;
#4862 = VERTEX_POINT ( 'NONE', #3945 ) ;
#4863 = LINE ( 'NONE', #4161, #4221 ) ;
#4864 = ORIENTED_EDGE ( 'NONE', *, *, #4051, .T. ) ;
#4865 = EDGE_CURVE ( 'NONE', #1632, #1866, #113, .T. ) ;
#4866 = ORIENTED_EDGE ( 'NONE', *, *, #3122, .T. ) ;
#4867 = DIRECTION ( 'NONE',  ( -0.0000000000000000000, 1.000000000000000000, -0.0000000000000000000 ) ) ;
#4868 = CARTESIAN_POINT ( 'NONE',  ( -3.599999999999999600, 0.0000000000000000000, 2.600000000000000500 ) ) ;
#4869 = CARTESIAN_POINT ( 'NONE',  ( 3.600000000000000500, 0.0000000000000000000, -2.600000000000000500 ) ) ;
#4870 = EDGE_CURVE ( 'NONE', #828, #3712, #4176, .T. ) ;
#4871 = CARTESIAN_POINT ( 'NONE',  ( 3.600000000000000500, -0.6047401740571388700, 1.519999999999999600 ) ) ;
#4872 = CARTESIAN_POINT ( 'NONE',  ( -3.450000000000000200, 0.5500000000000000400, 1.370000000000004500 ) ) ;
#4873 = EDGE_LOOP ( 'NONE', ( #3152, #1817, #3720, #4663 ) ) ;
ENDSEC;
END-ISO-10303-21;
