ISO-10303-21;
HEADER;
FILE_DESCRIPTION( ( 'STEP AP214' ), ' ' );
FILE_NAME( 'C:/Users/KMIROS~1/AppData/Local/Temp/psolqas0947227796.stp', '2017-10-30T08:47:22', ( '' ), ( '' ), ' ', 'PARTsolutions', ' ' );
FILE_SCHEMA( ( 'AUTOMOTIVE_DESIGN { 1 0 10303 214 1 1 1 1 }' ) );
ENDSEC;
DATA;
#1 = PRODUCT_DEFINITION_CONTEXT( '', #9, 'design' );
#2 = APPLICATION_PROTOCOL_DEFINITION( 'international standard', 'automotive_design', 2001, #9 );
#3 = PRODUCT_CATEGORY_RELATIONSHIP( 'NONE', 'NONE', #10, #11 );
#4 = SHAPE_DEFINITION_REPRESENTATION( #12, #13 );
#5 =  ( GEOMETRIC_REPRESENTATION_CONTEXT( 3 )GLOBAL_UNCERTAINTY_ASSIGNED_CONTEXT( ( #16 ) )GLOBAL_UNIT_ASSIGNED_CONTEXT( ( #18, #19, #20 ) )REPRESENTATION_CONTEXT( 'NONE', 'WORKSPACE' ) );
#9 = APPLICATION_CONTEXT( 'core data for automotive mechanical design processes' );
#10 = PRODUCT_CATEGORY( 'part', 'NONE' );
#11 = PRODUCT_RELATED_PRODUCT_CATEGORY( 'detail', ' ', ( #22 ) );
#12 = PRODUCT_DEFINITION_SHAPE( 'NONE', 'NONE', #23 );
#13 = ADVANCED_BREP_SHAPE_REPRESENTATION( '1', ( #24, #25 ), #5 );
#16 = UNCERTAINTY_MEASURE_WITH_UNIT( LENGTH_MEASURE( 1.00000000000000E-006 ), #18, '', '' );
#18 =  ( CONVERSION_BASED_UNIT( 'METRE', #28 )LENGTH_UNIT(  )NAMED_UNIT( #31 ) );
#19 =  ( NAMED_UNIT( #33 )PLANE_ANGLE_UNIT(  )SI_UNIT( $, .RADIAN. ) );
#20 =  ( NAMED_UNIT( #33 )SI_UNIT( $, .STERADIAN. )SOLID_ANGLE_UNIT(  ) );
#22 = PRODUCT( '1', '1', 'PART-1-DESC', ( #39 ) );
#23 = PRODUCT_DEFINITION( 'NONE', 'NONE', #40, #1 );
#24 = MANIFOLD_SOLID_BREP( '1', #41 );
#25 = AXIS2_PLACEMENT_3D( '', #42, #43, #44 );
#28 = LENGTH_MEASURE_WITH_UNIT( LENGTH_MEASURE( 1.00000000000000 ), #45 );
#31 = DIMENSIONAL_EXPONENTS( 1.00000000000000, 0.000000000000000, 0.000000000000000, 0.000000000000000, 0.000000000000000, 0.000000000000000, 0.000000000000000 );
#33 = DIMENSIONAL_EXPONENTS( 0.000000000000000, 0.000000000000000, 0.000000000000000, 0.000000000000000, 0.000000000000000, 0.000000000000000, 0.000000000000000 );
#39 = PRODUCT_CONTEXT( '', #9, 'mechanical' );
#40 = PRODUCT_DEFINITION_FORMATION_WITH_SPECIFIED_SOURCE( ' ', 'NONE', #22, .NOT_KNOWN. );
#41 = CLOSED_SHELL( '', ( #46, #47, #48, #49, #50, #51, #52, #53, #54, #55, #56, #57, #58, #59, #60, #61, #62, #63, #64, #65, #66, #67, #68, #69, #70, #71, #72, #73, #74, #75, #76, #77, #78, #79, #80, #81, #82, #83, #84, #85, #86, #87, #88, #89, #90, #91, #92, #93, #94, #95, #96, #97, #98, #99, #100, #101, #102, #103, #104, #105, #106, #107, #108, #109, #110, #111, #112, #113, #114, #115, #116, #117, #118, #119, #120, #121, #122, #123, #124, #125, #126, #127, #128, #129, #130, #131, #132, #133, #134, #135, #136, #137, #138, #139, #140, #141, #142, #143, #144, #145, #146, #147, #148, #149, #150, #151, #152, #153, #154, #155, #156, #157, #158, #159, #160, #161, #162, #163, #164, #165, #166, #167, #168, #169, #170, #171, #172, #173, #174, #175, #176, #177, #178, #179, #180, #181, #182, #183, #184, #185, #186, #187, #188, #189, #190, #191, #192, #193, #194, #195, #196, #197, #198, #199, #200, #201, #202, #203, #204, #205, #206, #207, #208, #209, #210, #211, #212, #213, #214, #215, #216, #217, #218, #219, #220, #221, #222, #223, #224, #225, #226, #227, #228, #229, #230, #231, #232, #233, #234, #235, #236, #237, #238, #239, #240, #241, #242, #243, #244, #245, #246, #247, #248, #249, #250, #251, #252, #253, #254, #255, #256, #257, #258, #259, #260, #261, #262, #263, #264, #265, #266, #267, #268, #269, #270, #271, #272, #273, #274, #275, #276, #277, #278, #279, #280, #281, #282, #283, #284, #285, #286, #287, #288, #289, #290, #291, #292, #293, #294, #295, #296, #297, #298, #299, #300, #301, #302, #303, #304, #305, #306, #307, #308, #309, #310, #311, #312, #313, #314, #315, #316, #317, #318, #319, #320, #321, #322, #323, #324, #325, #326, #327, #328, #329, #330, #331, #332, #333, #334, #335, #336, #337, #338, #339, #340, #341, #342, #343, #344, #345, #346, #347, #348, #349, #350, #351, #352, #353, #354, #355, #356, #357, #358, #359, #360, #361, #362, #363, #364, #365, #366, #367, #368, #369, #370, #371, #372, #373, #374, #375, #376, #377, #378, #379, #380, #381, #382, #383, #384, #385, #386, #387, #388, #389, #390, #391, #392, #393, #394, #395, #396, #397, #398, #399, #400, #401, #402, #403, #404, #405, #406, #407, #408, #409, #410, #411, #412, #413, #414, #415, #416, #417 ) );
#42 = CARTESIAN_POINT( '', ( 0.000000000000000, 0.000000000000000, 0.000000000000000 ) );
#43 = DIRECTION( '', ( 0.000000000000000, 0.000000000000000, 1.00000000000000 ) );
#44 = DIRECTION( '', ( 1.00000000000000, 0.000000000000000, 0.000000000000000 ) );
#45 =  ( LENGTH_UNIT(  )NAMED_UNIT( #31 )SI_UNIT( $, .METRE. ) );
#46 = ADVANCED_FACE( '', ( #419 ), #420, .F. );
#47 = ADVANCED_FACE( '', ( #421 ), #422, .F. );
#48 = ADVANCED_FACE( '', ( #423 ), #424, .F. );
#49 = ADVANCED_FACE( '', ( #425 ), #426, .T. );
#50 = ADVANCED_FACE( '', ( #427 ), #428, .T. );
#51 = ADVANCED_FACE( '', ( #429 ), #430, .F. );
#52 = ADVANCED_FACE( '', ( #431 ), #432, .T. );
#53 = ADVANCED_FACE( '', ( #433 ), #434, .T. );
#54 = ADVANCED_FACE( '', ( #435 ), #436, .T. );
#55 = ADVANCED_FACE( '', ( #437 ), #438, .F. );
#56 = ADVANCED_FACE( '', ( #439 ), #440, .F. );
#57 = ADVANCED_FACE( '', ( #441 ), #442, .F. );
#58 = ADVANCED_FACE( '', ( #443 ), #444, .F. );
#59 = ADVANCED_FACE( '', ( #445 ), #446, .F. );
#60 = ADVANCED_FACE( '', ( #447 ), #448, .T. );
#61 = ADVANCED_FACE( '', ( #449 ), #450, .T. );
#62 = ADVANCED_FACE( '', ( #451 ), #452, .T. );
#63 = ADVANCED_FACE( '', ( #453 ), #454, .T. );
#64 = ADVANCED_FACE( '', ( #455 ), #456, .F. );
#65 = ADVANCED_FACE( '', ( #457 ), #458, .F. );
#66 = ADVANCED_FACE( '', ( #459 ), #460, .T. );
#67 = ADVANCED_FACE( '', ( #461 ), #462, .F. );
#68 = ADVANCED_FACE( '', ( #463 ), #464, .F. );
#69 = ADVANCED_FACE( '', ( #465, #466, #467 ), #468, .T. );
#70 = ADVANCED_FACE( '', ( #469 ), #470, .F. );
#71 = ADVANCED_FACE( '', ( #471 ), #472, .F. );
#72 = ADVANCED_FACE( '', ( #473 ), #474, .T. );
#73 = ADVANCED_FACE( '', ( #475 ), #476, .T. );
#74 = ADVANCED_FACE( '', ( #477 ), #478, .F. );
#75 = ADVANCED_FACE( '', ( #479 ), #480, .T. );
#76 = ADVANCED_FACE( '', ( #481 ), #482, .F. );
#77 = ADVANCED_FACE( '', ( #483 ), #484, .T. );
#78 = ADVANCED_FACE( '', ( #485 ), #486, .T. );
#79 = ADVANCED_FACE( '', ( #487 ), #488, .T. );
#80 = ADVANCED_FACE( '', ( #489 ), #490, .T. );
#81 = ADVANCED_FACE( '', ( #491 ), #492, .T. );
#82 = ADVANCED_FACE( '', ( #493 ), #494, .T. );
#83 = ADVANCED_FACE( '', ( #495 ), #496, .F. );
#84 = ADVANCED_FACE( '', ( #497 ), #498, .F. );
#85 = ADVANCED_FACE( '', ( #499 ), #500, .F. );
#86 = ADVANCED_FACE( '', ( #501 ), #502, .F. );
#87 = ADVANCED_FACE( '', ( #503 ), #504, .F. );
#88 = ADVANCED_FACE( '', ( #505 ), #506, .F. );
#89 = ADVANCED_FACE( '', ( #507 ), #508, .F. );
#90 = ADVANCED_FACE( '', ( #509 ), #510, .T. );
#91 = ADVANCED_FACE( '', ( #511 ), #512, .F. );
#92 = ADVANCED_FACE( '', ( #513 ), #514, .F. );
#93 = ADVANCED_FACE( '', ( #515 ), #516, .T. );
#94 = ADVANCED_FACE( '', ( #517 ), #518, .T. );
#95 = ADVANCED_FACE( '', ( #519 ), #520, .T. );
#96 = ADVANCED_FACE( '', ( #521 ), #522, .F. );
#97 = ADVANCED_FACE( '', ( #523 ), #524, .F. );
#98 = ADVANCED_FACE( '', ( #525 ), #526, .F. );
#99 = ADVANCED_FACE( '', ( #527 ), #528, .T. );
#100 = ADVANCED_FACE( '', ( #529 ), #530, .F. );
#101 = ADVANCED_FACE( '', ( #531 ), #532, .T. );
#102 = ADVANCED_FACE( '', ( #533 ), #534, .T. );
#103 = ADVANCED_FACE( '', ( #535 ), #536, .T. );
#104 = ADVANCED_FACE( '', ( #537 ), #538, .F. );
#105 = ADVANCED_FACE( '', ( #539 ), #540, .F. );
#106 = ADVANCED_FACE( '', ( #541 ), #542, .T. );
#107 = ADVANCED_FACE( '', ( #543 ), #544, .T. );
#108 = ADVANCED_FACE( '', ( #545 ), #546, .T. );
#109 = ADVANCED_FACE( '', ( #547 ), #548, .F. );
#110 = ADVANCED_FACE( '', ( #549 ), #550, .T. );
#111 = ADVANCED_FACE( '', ( #551 ), #552, .T. );
#112 = ADVANCED_FACE( '', ( #553 ), #554, .T. );
#113 = ADVANCED_FACE( '', ( #555 ), #556, .T. );
#114 = ADVANCED_FACE( '', ( #557 ), #558, .T. );
#115 = ADVANCED_FACE( '', ( #559 ), #560, .T. );
#116 = ADVANCED_FACE( '', ( #561 ), #562, .T. );
#117 = ADVANCED_FACE( '', ( #563 ), #564, .F. );
#118 = ADVANCED_FACE( '', ( #565 ), #566, .T. );
#119 = ADVANCED_FACE( '', ( #567 ), #568, .T. );
#120 = ADVANCED_FACE( '', ( #569 ), #570, .T. );
#121 = ADVANCED_FACE( '', ( #571 ), #572, .F. );
#122 = ADVANCED_FACE( '', ( #573 ), #574, .T. );
#123 = ADVANCED_FACE( '', ( #575 ), #576, .T. );
#124 = ADVANCED_FACE( '', ( #577 ), #578, .T. );
#125 = ADVANCED_FACE( '', ( #579 ), #580, .T. );
#126 = ADVANCED_FACE( '', ( #581, #582 ), #583, .F. );
#127 = ADVANCED_FACE( '', ( #584 ), #585, .F. );
#128 = ADVANCED_FACE( '', ( #586 ), #587, .F. );
#129 = ADVANCED_FACE( '', ( #588 ), #589, .T. );
#130 = ADVANCED_FACE( '', ( #590 ), #591, .F. );
#131 = ADVANCED_FACE( '', ( #592 ), #593, .F. );
#132 = ADVANCED_FACE( '', ( #594 ), #595, .T. );
#133 = ADVANCED_FACE( '', ( #596 ), #597, .F. );
#134 = ADVANCED_FACE( '', ( #598 ), #599, .T. );
#135 = ADVANCED_FACE( '', ( #600 ), #601, .T. );
#136 = ADVANCED_FACE( '', ( #602 ), #603, .T. );
#137 = ADVANCED_FACE( '', ( #604 ), #605, .T. );
#138 = ADVANCED_FACE( '', ( #606 ), #607, .T. );
#139 = ADVANCED_FACE( '', ( #608 ), #609, .T. );
#140 = ADVANCED_FACE( '', ( #610 ), #611, .T. );
#141 = ADVANCED_FACE( '', ( #612 ), #613, .T. );
#142 = ADVANCED_FACE( '', ( #614 ), #615, .T. );
#143 = ADVANCED_FACE( '', ( #616 ), #617, .T. );
#144 = ADVANCED_FACE( '', ( #618, #619 ), #620, .T. );
#145 = ADVANCED_FACE( '', ( #621 ), #622, .T. );
#146 = ADVANCED_FACE( '', ( #623 ), #624, .T. );
#147 = ADVANCED_FACE( '', ( #625 ), #626, .T. );
#148 = ADVANCED_FACE( '', ( #627 ), #628, .F. );
#149 = ADVANCED_FACE( '', ( #629 ), #630, .T. );
#150 = ADVANCED_FACE( '', ( #631 ), #632, .T. );
#151 = ADVANCED_FACE( '', ( #633 ), #634, .T. );
#152 = ADVANCED_FACE( '', ( #635 ), #636, .T. );
#153 = ADVANCED_FACE( '', ( #637 ), #638, .F. );
#154 = ADVANCED_FACE( '', ( #639 ), #640, .T. );
#155 = ADVANCED_FACE( '', ( #641 ), #642, .T. );
#156 = ADVANCED_FACE( '', ( #643 ), #644, .F. );
#157 = ADVANCED_FACE( '', ( #645 ), #646, .F. );
#158 = ADVANCED_FACE( '', ( #647 ), #648, .F. );
#159 = ADVANCED_FACE( '', ( #649 ), #650, .F. );
#160 = ADVANCED_FACE( '', ( #651 ), #652, .T. );
#161 = ADVANCED_FACE( '', ( #653 ), #654, .F. );
#162 = ADVANCED_FACE( '', ( #655 ), #656, .F. );
#163 = ADVANCED_FACE( '', ( #657 ), #658, .F. );
#164 = ADVANCED_FACE( '', ( #659 ), #660, .F. );
#165 = ADVANCED_FACE( '', ( #661 ), #662, .F. );
#166 = ADVANCED_FACE( '', ( #663 ), #664, .T. );
#167 = ADVANCED_FACE( '', ( #665 ), #666, .T. );
#168 = ADVANCED_FACE( '', ( #667 ), #668, .T. );
#169 = ADVANCED_FACE( '', ( #669 ), #670, .T. );
#170 = ADVANCED_FACE( '', ( #671 ), #672, .T. );
#171 = ADVANCED_FACE( '', ( #673 ), #674, .T. );
#172 = ADVANCED_FACE( '', ( #675 ), #676, .F. );
#173 = ADVANCED_FACE( '', ( #677 ), #678, .T. );
#174 = ADVANCED_FACE( '', ( #679 ), #680, .T. );
#175 = ADVANCED_FACE( '', ( #681 ), #682, .T. );
#176 = ADVANCED_FACE( '', ( #683 ), #684, .T. );
#177 = ADVANCED_FACE( '', ( #685 ), #686, .T. );
#178 = ADVANCED_FACE( '', ( #687 ), #688, .F. );
#179 = ADVANCED_FACE( '', ( #689 ), #690, .T. );
#180 = ADVANCED_FACE( '', ( #691 ), #692, .T. );
#181 = ADVANCED_FACE( '', ( #693 ), #694, .T. );
#182 = ADVANCED_FACE( '', ( #695 ), #696, .T. );
#183 = ADVANCED_FACE( '', ( #697 ), #698, .F. );
#184 = ADVANCED_FACE( '', ( #699 ), #700, .F. );
#185 = ADVANCED_FACE( '', ( #701 ), #702, .F. );
#186 = ADVANCED_FACE( '', ( #703 ), #704, .T. );
#187 = ADVANCED_FACE( '', ( #705 ), #706, .T. );
#188 = ADVANCED_FACE( '', ( #707 ), #708, .T. );
#189 = ADVANCED_FACE( '', ( #709, #710 ), #711, .F. );
#190 = ADVANCED_FACE( '', ( #712 ), #713, .F. );
#191 = ADVANCED_FACE( '', ( #714 ), #715, .F. );
#192 = ADVANCED_FACE( '', ( #716 ), #717, .F. );
#193 = ADVANCED_FACE( '', ( #718 ), #719, .F. );
#194 = ADVANCED_FACE( '', ( #720 ), #721, .F. );
#195 = ADVANCED_FACE( '', ( #722 ), #723, .T. );
#196 = ADVANCED_FACE( '', ( #724 ), #725, .T. );
#197 = ADVANCED_FACE( '', ( #726 ), #727, .T. );
#198 = ADVANCED_FACE( '', ( #728 ), #729, .T. );
#199 = ADVANCED_FACE( '', ( #730 ), #731, .T. );
#200 = ADVANCED_FACE( '', ( #732 ), #733, .T. );
#201 = ADVANCED_FACE( '', ( #734 ), #735, .T. );
#202 = ADVANCED_FACE( '', ( #736 ), #737, .T. );
#203 = ADVANCED_FACE( '', ( #738 ), #739, .T. );
#204 = ADVANCED_FACE( '', ( #740 ), #741, .T. );
#205 = ADVANCED_FACE( '', ( #742 ), #743, .T. );
#206 = ADVANCED_FACE( '', ( #744 ), #745, .T. );
#207 = ADVANCED_FACE( '', ( #746 ), #747, .T. );
#208 = ADVANCED_FACE( '', ( #748 ), #749, .T. );
#209 = ADVANCED_FACE( '', ( #750 ), #751, .F. );
#210 = ADVANCED_FACE( '', ( #752 ), #753, .T. );
#211 = ADVANCED_FACE( '', ( #754 ), #755, .F. );
#212 = ADVANCED_FACE( '', ( #756 ), #757, .T. );
#213 = ADVANCED_FACE( '', ( #758 ), #759, .T. );
#214 = ADVANCED_FACE( '', ( #760 ), #761, .T. );
#215 = ADVANCED_FACE( '', ( #762 ), #763, .T. );
#216 = ADVANCED_FACE( '', ( #764 ), #765, .T. );
#217 = ADVANCED_FACE( '', ( #766 ), #767, .F. );
#218 = ADVANCED_FACE( '', ( #768 ), #769, .T. );
#219 = ADVANCED_FACE( '', ( #770 ), #771, .F. );
#220 = ADVANCED_FACE( '', ( #772 ), #773, .T. );
#221 = ADVANCED_FACE( '', ( #774 ), #775, .T. );
#222 = ADVANCED_FACE( '', ( #776 ), #777, .F. );
#223 = ADVANCED_FACE( '', ( #778 ), #779, .T. );
#224 = ADVANCED_FACE( '', ( #780 ), #781, .T. );
#225 = ADVANCED_FACE( '', ( #782 ), #783, .F. );
#226 = ADVANCED_FACE( '', ( #784, #785 ), #786, .F. );
#227 = ADVANCED_FACE( '', ( #787 ), #788, .F. );
#228 = ADVANCED_FACE( '', ( #789 ), #790, .F. );
#229 = ADVANCED_FACE( '', ( #791 ), #792, .T. );
#230 = ADVANCED_FACE( '', ( #793 ), #794, .T. );
#231 = ADVANCED_FACE( '', ( #795 ), #796, .T. );
#232 = ADVANCED_FACE( '', ( #797 ), #798, .T. );
#233 = ADVANCED_FACE( '', ( #799 ), #800, .F. );
#234 = ADVANCED_FACE( '', ( #801 ), #802, .T. );
#235 = ADVANCED_FACE( '', ( #803 ), #804, .T. );
#236 = ADVANCED_FACE( '', ( #805 ), #806, .F. );
#237 = ADVANCED_FACE( '', ( #807, #808 ), #809, .T. );
#238 = ADVANCED_FACE( '', ( #810 ), #811, .T. );
#239 = ADVANCED_FACE( '', ( #812, #813, #814 ), #815, .T. );
#240 = ADVANCED_FACE( '', ( #816 ), #817, .T. );
#241 = ADVANCED_FACE( '', ( #818 ), #819, .F. );
#242 = ADVANCED_FACE( '', ( #820 ), #821, .T. );
#243 = ADVANCED_FACE( '', ( #822 ), #823, .T. );
#244 = ADVANCED_FACE( '', ( #824 ), #825, .T. );
#245 = ADVANCED_FACE( '', ( #826, #827 ), #828, .T. );
#246 = ADVANCED_FACE( '', ( #829 ), #830, .T. );
#247 = ADVANCED_FACE( '', ( #831 ), #832, .T. );
#248 = ADVANCED_FACE( '', ( #833 ), #834, .T. );
#249 = ADVANCED_FACE( '', ( #835 ), #836, .F. );
#250 = ADVANCED_FACE( '', ( #837 ), #838, .T. );
#251 = ADVANCED_FACE( '', ( #839 ), #840, .T. );
#252 = ADVANCED_FACE( '', ( #841 ), #842, .F. );
#253 = ADVANCED_FACE( '', ( #843 ), #844, .T. );
#254 = ADVANCED_FACE( '', ( #845 ), #846, .F. );
#255 = ADVANCED_FACE( '', ( #847 ), #848, .F. );
#256 = ADVANCED_FACE( '', ( #849 ), #850, .F. );
#257 = ADVANCED_FACE( '', ( #851 ), #852, .T. );
#258 = ADVANCED_FACE( '', ( #853 ), #854, .F. );
#259 = ADVANCED_FACE( '', ( #855 ), #856, .T. );
#260 = ADVANCED_FACE( '', ( #857 ), #858, .T. );
#261 = ADVANCED_FACE( '', ( #859 ), #860, .T. );
#262 = ADVANCED_FACE( '', ( #861, #862 ), #863, .T. );
#263 = ADVANCED_FACE( '', ( #864 ), #865, .T. );
#264 = ADVANCED_FACE( '', ( #866, #867 ), #868, .F. );
#265 = ADVANCED_FACE( '', ( #869, #870 ), #871, .T. );
#266 = ADVANCED_FACE( '', ( #872, #873 ), #874, .T. );
#267 = ADVANCED_FACE( '', ( #875 ), #876, .F. );
#268 = ADVANCED_FACE( '', ( #877 ), #878, .T. );
#269 = ADVANCED_FACE( '', ( #879 ), #880, .T. );
#270 = ADVANCED_FACE( '', ( #881 ), #882, .F. );
#271 = ADVANCED_FACE( '', ( #883 ), #884, .T. );
#272 = ADVANCED_FACE( '', ( #885 ), #886, .T. );
#273 = ADVANCED_FACE( '', ( #887 ), #888, .F. );
#274 = ADVANCED_FACE( '', ( #889 ), #890, .T. );
#275 = ADVANCED_FACE( '', ( #891 ), #892, .T. );
#276 = ADVANCED_FACE( '', ( #893 ), #894, .F. );
#277 = ADVANCED_FACE( '', ( #895 ), #896, .T. );
#278 = ADVANCED_FACE( '', ( #897 ), #898, .F. );
#279 = ADVANCED_FACE( '', ( #899 ), #900, .F. );
#280 = ADVANCED_FACE( '', ( #901 ), #902, .T. );
#281 = ADVANCED_FACE( '', ( #903 ), #904, .T. );
#282 = ADVANCED_FACE( '', ( #905 ), #906, .T. );
#283 = ADVANCED_FACE( '', ( #907 ), #908, .T. );
#284 = ADVANCED_FACE( '', ( #909 ), #910, .T. );
#285 = ADVANCED_FACE( '', ( #911 ), #912, .T. );
#286 = ADVANCED_FACE( '', ( #913 ), #914, .T. );
#287 = ADVANCED_FACE( '', ( #915 ), #916, .F. );
#288 = ADVANCED_FACE( '', ( #917 ), #918, .F. );
#289 = ADVANCED_FACE( '', ( #919 ), #920, .T. );
#290 = ADVANCED_FACE( '', ( #921 ), #922, .F. );
#291 = ADVANCED_FACE( '', ( #923 ), #924, .T. );
#292 = ADVANCED_FACE( '', ( #925 ), #926, .T. );
#293 = ADVANCED_FACE( '', ( #927 ), #928, .F. );
#294 = ADVANCED_FACE( '', ( #929 ), #930, .T. );
#295 = ADVANCED_FACE( '', ( #931 ), #932, .T. );
#296 = ADVANCED_FACE( '', ( #933 ), #934, .F. );
#297 = ADVANCED_FACE( '', ( #935 ), #936, .T. );
#298 = ADVANCED_FACE( '', ( #937 ), #938, .T. );
#299 = ADVANCED_FACE( '', ( #939 ), #940, .F. );
#300 = ADVANCED_FACE( '', ( #941 ), #942, .F. );
#301 = ADVANCED_FACE( '', ( #943 ), #944, .F. );
#302 = ADVANCED_FACE( '', ( #945 ), #946, .F. );
#303 = ADVANCED_FACE( '', ( #947 ), #948, .T. );
#304 = ADVANCED_FACE( '', ( #949 ), #950, .T. );
#305 = ADVANCED_FACE( '', ( #951 ), #952, .F. );
#306 = ADVANCED_FACE( '', ( #953 ), #954, .F. );
#307 = ADVANCED_FACE( '', ( #955 ), #956, .F. );
#308 = ADVANCED_FACE( '', ( #957 ), #958, .F. );
#309 = ADVANCED_FACE( '', ( #959 ), #960, .T. );
#310 = ADVANCED_FACE( '', ( #961, #962 ), #963, .T. );
#311 = ADVANCED_FACE( '', ( #964 ), #965, .T. );
#312 = ADVANCED_FACE( '', ( #966 ), #967, .T. );
#313 = ADVANCED_FACE( '', ( #968 ), #969, .F. );
#314 = ADVANCED_FACE( '', ( #970 ), #971, .T. );
#315 = ADVANCED_FACE( '', ( #972 ), #973, .F. );
#316 = ADVANCED_FACE( '', ( #974 ), #975, .F. );
#317 = ADVANCED_FACE( '', ( #976 ), #977, .F. );
#318 = ADVANCED_FACE( '', ( #978 ), #979, .F. );
#319 = ADVANCED_FACE( '', ( #980 ), #981, .F. );
#320 = ADVANCED_FACE( '', ( #982 ), #983, .T. );
#321 = ADVANCED_FACE( '', ( #984 ), #985, .T. );
#322 = ADVANCED_FACE( '', ( #986 ), #987, .T. );
#323 = ADVANCED_FACE( '', ( #988 ), #989, .T. );
#324 = ADVANCED_FACE( '', ( #990 ), #991, .T. );
#325 = ADVANCED_FACE( '', ( #992 ), #993, .T. );
#326 = ADVANCED_FACE( '', ( #994 ), #995, .T. );
#327 = ADVANCED_FACE( '', ( #996 ), #997, .F. );
#328 = ADVANCED_FACE( '', ( #998 ), #999, .T. );
#329 = ADVANCED_FACE( '', ( #1000 ), #1001, .T. );
#330 = ADVANCED_FACE( '', ( #1002 ), #1003, .T. );
#331 = ADVANCED_FACE( '', ( #1004 ), #1005, .T. );
#332 = ADVANCED_FACE( '', ( #1006 ), #1007, .T. );
#333 = ADVANCED_FACE( '', ( #1008 ), #1009, .T. );
#334 = ADVANCED_FACE( '', ( #1010 ), #1011, .T. );
#335 = ADVANCED_FACE( '', ( #1012 ), #1013, .F. );
#336 = ADVANCED_FACE( '', ( #1014 ), #1015, .T. );
#337 = ADVANCED_FACE( '', ( #1016 ), #1017, .F. );
#338 = ADVANCED_FACE( '', ( #1018 ), #1019, .T. );
#339 = ADVANCED_FACE( '', ( #1020 ), #1021, .F. );
#340 = ADVANCED_FACE( '', ( #1022 ), #1023, .F. );
#341 = ADVANCED_FACE( '', ( #1024 ), #1025, .T. );
#342 = ADVANCED_FACE( '', ( #1026 ), #1027, .T. );
#343 = ADVANCED_FACE( '', ( #1028 ), #1029, .T. );
#344 = ADVANCED_FACE( '', ( #1030 ), #1031, .T. );
#345 = ADVANCED_FACE( '', ( #1032, #1033 ), #1034, .F. );
#346 = ADVANCED_FACE( '', ( #1035 ), #1036, .T. );
#347 = ADVANCED_FACE( '', ( #1037 ), #1038, .T. );
#348 = ADVANCED_FACE( '', ( #1039 ), #1040, .T. );
#349 = ADVANCED_FACE( '', ( #1041 ), #1042, .T. );
#350 = ADVANCED_FACE( '', ( #1043 ), #1044, .T. );
#351 = ADVANCED_FACE( '', ( #1045 ), #1046, .T. );
#352 = ADVANCED_FACE( '', ( #1047 ), #1048, .F. );
#353 = ADVANCED_FACE( '', ( #1049 ), #1050, .F. );
#354 = ADVANCED_FACE( '', ( #1051 ), #1052, .T. );
#355 = ADVANCED_FACE( '', ( #1053 ), #1054, .T. );
#356 = ADVANCED_FACE( '', ( #1055, #1056 ), #1057, .T. );
#357 = ADVANCED_FACE( '', ( #1058, #1059 ), #1060, .F. );
#358 = ADVANCED_FACE( '', ( #1061, #1062 ), #1063, .T. );
#359 = ADVANCED_FACE( '', ( #1064, #1065 ), #1066, .T. );
#360 = ADVANCED_FACE( '', ( #1067, #1068 ), #1069, .F. );
#361 = ADVANCED_FACE( '', ( #1070 ), #1071, .F. );
#362 = ADVANCED_FACE( '', ( #1072, #1073 ), #1074, .T. );
#363 = ADVANCED_FACE( '', ( #1075, #1076 ), #1077, .F. );
#364 = ADVANCED_FACE( '', ( #1078 ), #1079, .T. );
#365 = ADVANCED_FACE( '', ( #1080, #1081 ), #1082, .F. );
#366 = ADVANCED_FACE( '', ( #1083 ), #1084, .T. );
#367 = ADVANCED_FACE( '', ( #1085 ), #1086, .T. );
#368 = ADVANCED_FACE( '', ( #1087 ), #1088, .T. );
#369 = ADVANCED_FACE( '', ( #1089 ), #1090, .F. );
#370 = ADVANCED_FACE( '', ( #1091 ), #1092, .T. );
#371 = ADVANCED_FACE( '', ( #1093 ), #1094, .T. );
#372 = ADVANCED_FACE( '', ( #1095 ), #1096, .T. );
#373 = ADVANCED_FACE( '', ( #1097, #1098 ), #1099, .F. );
#374 = ADVANCED_FACE( '', ( #1100 ), #1101, .F. );
#375 = ADVANCED_FACE( '', ( #1102 ), #1103, .F. );
#376 = ADVANCED_FACE( '', ( #1104 ), #1105, .F. );
#377 = ADVANCED_FACE( '', ( #1106 ), #1107, .T. );
#378 = ADVANCED_FACE( '', ( #1108 ), #1109, .F. );
#379 = ADVANCED_FACE( '', ( #1110 ), #1111, .T. );
#380 = ADVANCED_FACE( '', ( #1112 ), #1113, .F. );
#381 = ADVANCED_FACE( '', ( #1114 ), #1115, .F. );
#382 = ADVANCED_FACE( '', ( #1116 ), #1117, .F. );
#383 = ADVANCED_FACE( '', ( #1118 ), #1119, .F. );
#384 = ADVANCED_FACE( '', ( #1120 ), #1121, .F. );
#385 = ADVANCED_FACE( '', ( #1122 ), #1123, .T. );
#386 = ADVANCED_FACE( '', ( #1124 ), #1125, .F. );
#387 = ADVANCED_FACE( '', ( #1126 ), #1127, .T. );
#388 = ADVANCED_FACE( '', ( #1128 ), #1129, .F. );
#389 = ADVANCED_FACE( '', ( #1130 ), #1131, .T. );
#390 = ADVANCED_FACE( '', ( #1132 ), #1133, .T. );
#391 = ADVANCED_FACE( '', ( #1134 ), #1135, .T. );
#392 = ADVANCED_FACE( '', ( #1136, #1137 ), #1138, .F. );
#393 = ADVANCED_FACE( '', ( #1139 ), #1140, .F. );
#394 = ADVANCED_FACE( '', ( #1141 ), #1142, .F. );
#395 = ADVANCED_FACE( '', ( #1143 ), #1144, .T. );
#396 = ADVANCED_FACE( '', ( #1145 ), #1146, .F. );
#397 = ADVANCED_FACE( '', ( #1147 ), #1148, .F. );
#398 = ADVANCED_FACE( '', ( #1149 ), #1150, .T. );
#399 = ADVANCED_FACE( '', ( #1151, #1152 ), #1153, .T. );
#400 = ADVANCED_FACE( '', ( #1154 ), #1155, .F. );
#401 = ADVANCED_FACE( '', ( #1156 ), #1157, .T. );
#402 = ADVANCED_FACE( '', ( #1158 ), #1159, .T. );
#403 = ADVANCED_FACE( '', ( #1160 ), #1161, .F. );
#404 = ADVANCED_FACE( '', ( #1162 ), #1163, .T. );
#405 = ADVANCED_FACE( '', ( #1164, #1165, #1166 ), #1167, .T. );
#406 = ADVANCED_FACE( '', ( #1168 ), #1169, .T. );
#407 = ADVANCED_FACE( '', ( #1170 ), #1171, .T. );
#408 = ADVANCED_FACE( '', ( #1172 ), #1173, .F. );
#409 = ADVANCED_FACE( '', ( #1174 ), #1175, .F. );
#410 = ADVANCED_FACE( '', ( #1176 ), #1177, .F. );
#411 = ADVANCED_FACE( '', ( #1178 ), #1179, .T. );
#412 = ADVANCED_FACE( '', ( #1180 ), #1181, .T. );
#413 = ADVANCED_FACE( '', ( #1182 ), #1183, .T. );
#414 = ADVANCED_FACE( '', ( #1184 ), #1185, .T. );
#415 = ADVANCED_FACE( '', ( #1186, #1187 ), #1188, .T. );
#416 = ADVANCED_FACE( '', ( #1189 ), #1190, .F. );
#417 = ADVANCED_FACE( '', ( #1191 ), #1192, .T. );
#419 = FACE_OUTER_BOUND( '', #1193, .T. );
#420 = CYLINDRICAL_SURFACE( '', #1194, 0.000500000000000032 );
#421 = FACE_OUTER_BOUND( '', #1195, .T. );
#422 = PLANE( '', #1196 );
#423 = FACE_OUTER_BOUND( '', #1197, .T. );
#424 = CYLINDRICAL_SURFACE( '', #1198, 0.000500000000000032 );
#425 = FACE_OUTER_BOUND( '', #1199, .T. );
#426 = CYLINDRICAL_SURFACE( '', #1200, 0.00289890965303524 );
#427 = FACE_OUTER_BOUND( '', #1201, .T. );
#428 = PLANE( '', #1202 );
#429 = FACE_OUTER_BOUND( '', #1203, .T. );
#430 = PLANE( '', #1204 );
#431 = FACE_OUTER_BOUND( '', #1205, .T. );
#432 = PLANE( '', #1206 );
#433 = FACE_OUTER_BOUND( '', #1207, .T. );
#434 = PLANE( '', #1208 );
#435 = FACE_OUTER_BOUND( '', #1209, .T. );
#436 = PLANE( '', #1210 );
#437 = FACE_OUTER_BOUND( '', #1211, .T. );
#438 = CYLINDRICAL_SURFACE( '', #1212, 0.000199999999999987 );
#439 = FACE_OUTER_BOUND( '', #1213, .T. );
#440 = PLANE( '', #1214 );
#441 = FACE_OUTER_BOUND( '', #1215, .T. );
#442 = PLANE( '', #1216 );
#443 = FACE_OUTER_BOUND( '', #1217, .T. );
#444 = CYLINDRICAL_SURFACE( '', #1218, 0.000199999999999987 );
#445 = FACE_OUTER_BOUND( '', #1219, .T. );
#446 = PLANE( '', #1220 );
#447 = FACE_OUTER_BOUND( '', #1221, .T. );
#448 = CYLINDRICAL_SURFACE( '', #1222, 0.000599999999999886 );
#449 = FACE_OUTER_BOUND( '', #1223, .T. );
#450 = PLANE( '', #1224 );
#451 = FACE_OUTER_BOUND( '', #1225, .T. );
#452 = PLANE( '', #1226 );
#453 = FACE_OUTER_BOUND( '', #1227, .T. );
#454 = CYLINDRICAL_SURFACE( '', #1228, 0.000150000000000010 );
#455 = FACE_OUTER_BOUND( '', #1229, .T. );
#456 = PLANE( '', #1230 );
#457 = FACE_OUTER_BOUND( '', #1231, .T. );
#458 = CYLINDRICAL_SURFACE( '', #1232, 5.00000000000032E-005 );
#459 = FACE_OUTER_BOUND( '', #1233, .T. );
#460 = CYLINDRICAL_SURFACE( '', #1234, 0.000300000000000070 );
#461 = FACE_OUTER_BOUND( '', #1235, .T. );
#462 = PLANE( '', #1236 );
#463 = FACE_OUTER_BOUND( '', #1237, .T. );
#464 = PLANE( '', #1238 );
#465 = FACE_OUTER_BOUND( '', #1239, .T. );
#466 = FACE_BOUND( '', #1240, .T. );
#467 = FACE_BOUND( '', #1241, .T. );
#468 = PLANE( '', #1242 );
#469 = FACE_OUTER_BOUND( '', #1243, .T. );
#470 = PLANE( '', #1244 );
#471 = FACE_OUTER_BOUND( '', #1245, .T. );
#472 = PLANE( '', #1246 );
#473 = FACE_OUTER_BOUND( '', #1247, .T. );
#474 = PLANE( '', #1248 );
#475 = FACE_OUTER_BOUND( '', #1249, .T. );
#476 = PLANE( '', #1250 );
#477 = FACE_OUTER_BOUND( '', #1251, .T. );
#478 = PLANE( '', #1252 );
#479 = FACE_OUTER_BOUND( '', #1253, .T. );
#480 = PLANE( '', #1254 );
#481 = FACE_OUTER_BOUND( '', #1255, .T. );
#482 = PLANE( '', #1256 );
#483 = FACE_OUTER_BOUND( '', #1257, .T. );
#484 = CYLINDRICAL_SURFACE( '', #1258, 0.000300000000000070 );
#485 = FACE_OUTER_BOUND( '', #1259, .T. );
#486 = PLANE( '', #1260 );
#487 = FACE_OUTER_BOUND( '', #1261, .T. );
#488 = PLANE( '', #1262 );
#489 = FACE_OUTER_BOUND( '', #1263, .T. );
#490 = CYLINDRICAL_SURFACE( '', #1264, 0.000300000000000070 );
#491 = FACE_OUTER_BOUND( '', #1265, .T. );
#492 = PLANE( '', #1266 );
#493 = FACE_OUTER_BOUND( '', #1267, .T. );
#494 = PLANE( '', #1268 );
#495 = FACE_OUTER_BOUND( '', #1269, .T. );
#496 = PLANE( '', #1270 );
#497 = FACE_OUTER_BOUND( '', #1271, .T. );
#498 = PLANE( '', #1272 );
#499 = FACE_OUTER_BOUND( '', #1273, .T. );
#500 = PLANE( '', #1274 );
#501 = FACE_OUTER_BOUND( '', #1275, .T. );
#502 = PLANE( '', #1276 );
#503 = FACE_OUTER_BOUND( '', #1277, .T. );
#504 = PLANE( '', #1278 );
#505 = FACE_OUTER_BOUND( '', #1279, .T. );
#506 = PLANE( '', #1280 );
#507 = FACE_OUTER_BOUND( '', #1281, .T. );
#508 = PLANE( '', #1282 );
#509 = FACE_OUTER_BOUND( '', #1283, .T. );
#510 = CYLINDRICAL_SURFACE( '', #1284, 0.000300000000000070 );
#511 = FACE_OUTER_BOUND( '', #1285, .T. );
#512 = PLANE( '', #1286 );
#513 = FACE_OUTER_BOUND( '', #1287, .T. );
#514 = CYLINDRICAL_SURFACE( '', #1288, 5.00000000000032E-005 );
#515 = FACE_OUTER_BOUND( '', #1289, .T. );
#516 = CYLINDRICAL_SURFACE( '', #1290, 0.000300000000000070 );
#517 = FACE_OUTER_BOUND( '', #1291, .T. );
#518 = PLANE( '', #1292 );
#519 = FACE_OUTER_BOUND( '', #1293, .T. );
#520 = PLANE( '', #1294 );
#521 = FACE_OUTER_BOUND( '', #1295, .T. );
#522 = PLANE( '', #1296 );
#523 = FACE_OUTER_BOUND( '', #1297, .T. );
#524 = PLANE( '', #1298 );
#525 = FACE_OUTER_BOUND( '', #1299, .T. );
#526 = CYLINDRICAL_SURFACE( '', #1300, 0.000150000000000010 );
#527 = FACE_OUTER_BOUND( '', #1301, .T. );
#528 = PLANE( '', #1302 );
#529 = FACE_OUTER_BOUND( '', #1303, .T. );
#530 = PLANE( '', #1304 );
#531 = FACE_OUTER_BOUND( '', #1305, .T. );
#532 = PLANE( '', #1306 );
#533 = FACE_OUTER_BOUND( '', #1307, .T. );
#534 = CYLINDRICAL_SURFACE( '', #1308, 0.000500000000000032 );
#535 = FACE_OUTER_BOUND( '', #1309, .T. );
#536 = PLANE( '', #1310 );
#537 = FACE_OUTER_BOUND( '', #1311, .T. );
#538 = CYLINDRICAL_SURFACE( '', #1312, 5.00000000000032E-005 );
#539 = FACE_OUTER_BOUND( '', #1313, .T. );
#540 = PLANE( '', #1314 );
#541 = FACE_OUTER_BOUND( '', #1315, .T. );
#542 = PLANE( '', #1316 );
#543 = FACE_OUTER_BOUND( '', #1317, .T. );
#544 = PLANE( '', #1318 );
#545 = FACE_OUTER_BOUND( '', #1319, .T. );
#546 = PLANE( '', #1320 );
#547 = FACE_OUTER_BOUND( '', #1321, .T. );
#548 = PLANE( '', #1322 );
#549 = FACE_OUTER_BOUND( '', #1323, .T. );
#550 = PLANE( '', #1324 );
#551 = FACE_OUTER_BOUND( '', #1325, .T. );
#552 = CYLINDRICAL_SURFACE( '', #1326, 0.000500000000000032 );
#553 = FACE_OUTER_BOUND( '', #1327, .T. );
#554 = PLANE( '', #1328 );
#555 = FACE_OUTER_BOUND( '', #1329, .T. );
#556 = PLANE( '', #1330 );
#557 = FACE_OUTER_BOUND( '', #1331, .T. );
#558 = CYLINDRICAL_SURFACE( '', #1332, 0.000550000000000086 );
#559 = FACE_OUTER_BOUND( '', #1333, .T. );
#560 = PLANE( '', #1334 );
#561 = FACE_OUTER_BOUND( '', #1335, .T. );
#562 = PLANE( '', #1336 );
#563 = FACE_OUTER_BOUND( '', #1337, .T. );
#564 = PLANE( '', #1338 );
#565 = FACE_OUTER_BOUND( '', #1339, .T. );
#566 = CYLINDRICAL_SURFACE( '', #1340, 0.000599999999999886 );
#567 = FACE_OUTER_BOUND( '', #1341, .T. );
#568 = PLANE( '', #1342 );
#569 = FACE_OUTER_BOUND( '', #1343, .T. );
#570 = PLANE( '', #1344 );
#571 = FACE_OUTER_BOUND( '', #1345, .T. );
#572 = CYLINDRICAL_SURFACE( '', #1346, 0.000199999999999987 );
#573 = FACE_OUTER_BOUND( '', #1347, .T. );
#574 = PLANE( '', #1348 );
#575 = FACE_OUTER_BOUND( '', #1349, .T. );
#576 = PLANE( '', #1350 );
#577 = FACE_OUTER_BOUND( '', #1351, .T. );
#578 = PLANE( '', #1352 );
#579 = FACE_OUTER_BOUND( '', #1353, .T. );
#580 = PLANE( '', #1354 );
#581 = FACE_OUTER_BOUND( '', #1355, .T. );
#582 = FACE_OUTER_BOUND( '', #1356, .T. );
#583 = TOROIDAL_SURFACE( '', #1357, 0.000723681767541368, 0.000249999999999991 );
#584 = FACE_OUTER_BOUND( '', #1358, .T. );
#585 = PLANE( '', #1359 );
#586 = FACE_OUTER_BOUND( '', #1360, .T. );
#587 = PLANE( '', #1361 );
#588 = FACE_OUTER_BOUND( '', #1362, .T. );
#589 = CYLINDRICAL_SURFACE( '', #1363, 0.000249999999999991 );
#590 = FACE_OUTER_BOUND( '', #1364, .T. );
#591 = PLANE( '', #1365 );
#592 = FACE_OUTER_BOUND( '', #1366, .T. );
#593 = PLANE( '', #1367 );
#594 = FACE_OUTER_BOUND( '', #1368, .T. );
#595 = PLANE( '', #1369 );
#596 = FACE_OUTER_BOUND( '', #1370, .T. );
#597 = PLANE( '', #1371 );
#598 = FACE_OUTER_BOUND( '', #1372, .T. );
#599 = PLANE( '', #1373 );
#600 = FACE_OUTER_BOUND( '', #1374, .T. );
#601 = CYLINDRICAL_SURFACE( '', #1375, 0.000150000000000010 );
#602 = FACE_OUTER_BOUND( '', #1376, .T. );
#603 = CYLINDRICAL_SURFACE( '', #1377, 0.000150000000000010 );
#604 = FACE_OUTER_BOUND( '', #1378, .T. );
#605 = PLANE( '', #1379 );
#606 = FACE_OUTER_BOUND( '', #1380, .T. );
#607 = PLANE( '', #1381 );
#608 = FACE_OUTER_BOUND( '', #1382, .T. );
#609 = PLANE( '', #1383 );
#610 = FACE_OUTER_BOUND( '', #1384, .T. );
#611 = PLANE( '', #1385 );
#612 = FACE_OUTER_BOUND( '', #1386, .T. );
#613 = PLANE( '', #1387 );
#614 = FACE_OUTER_BOUND( '', #1388, .T. );
#615 = PLANE( '', #1389 );
#616 = FACE_OUTER_BOUND( '', #1390, .T. );
#617 = CYLINDRICAL_SURFACE( '', #1391, 0.000150000000000010 );
#618 = FACE_OUTER_BOUND( '', #1392, .T. );
#619 = FACE_BOUND( '', #1393, .T. );
#620 = PLANE( '', #1394 );
#621 = FACE_OUTER_BOUND( '', #1395, .T. );
#622 = PLANE( '', #1396 );
#623 = FACE_OUTER_BOUND( '', #1397, .T. );
#624 = PLANE( '', #1398 );
#625 = FACE_OUTER_BOUND( '', #1399, .T. );
#626 = PLANE( '', #1400 );
#627 = FACE_OUTER_BOUND( '', #1401, .T. );
#628 = PLANE( '', #1402 );
#629 = FACE_OUTER_BOUND( '', #1403, .T. );
#630 = PLANE( '', #1404 );
#631 = FACE_OUTER_BOUND( '', #1405, .T. );
#632 = CYLINDRICAL_SURFACE( '', #1406, 0.000550000000000086 );
#633 = FACE_OUTER_BOUND( '', #1407, .T. );
#634 = PLANE( '', #1408 );
#635 = FACE_OUTER_BOUND( '', #1409, .T. );
#636 = PLANE( '', #1410 );
#637 = FACE_OUTER_BOUND( '', #1411, .T. );
#638 = CYLINDRICAL_SURFACE( '', #1412, 0.000199999999999987 );
#639 = FACE_OUTER_BOUND( '', #1413, .T. );
#640 = PLANE( '', #1414 );
#641 = FACE_OUTER_BOUND( '', #1415, .T. );
#642 = PLANE( '', #1416 );
#643 = FACE_OUTER_BOUND( '', #1417, .T. );
#644 = PLANE( '', #1418 );
#645 = FACE_OUTER_BOUND( '', #1419, .T. );
#646 = PLANE( '', #1420 );
#647 = FACE_OUTER_BOUND( '', #1421, .T. );
#648 = PLANE( '', #1422 );
#649 = FACE_OUTER_BOUND( '', #1423, .T. );
#650 = PLANE( '', #1424 );
#651 = FACE_OUTER_BOUND( '', #1425, .T. );
#652 = CYLINDRICAL_SURFACE( '', #1426, 0.000150000000000010 );
#653 = FACE_OUTER_BOUND( '', #1427, .T. );
#654 = PLANE( '', #1428 );
#655 = FACE_OUTER_BOUND( '', #1429, .T. );
#656 = PLANE( '', #1430 );
#657 = FACE_OUTER_BOUND( '', #1431, .T. );
#658 = CYLINDRICAL_SURFACE( '', #1432, 0.000150000000000010 );
#659 = FACE_OUTER_BOUND( '', #1433, .T. );
#660 = PLANE( '', #1434 );
#661 = FACE_OUTER_BOUND( '', #1435, .T. );
#662 = PLANE( '', #1436 );
#663 = FACE_OUTER_BOUND( '', #1437, .T. );
#664 = CYLINDRICAL_SURFACE( '', #1438, 0.000150000000000010 );
#665 = FACE_OUTER_BOUND( '', #1439, .T. );
#666 = CYLINDRICAL_SURFACE( '', #1440, 0.000150000000000010 );
#667 = FACE_OUTER_BOUND( '', #1441, .T. );
#668 = PLANE( '', #1442 );
#669 = FACE_OUTER_BOUND( '', #1443, .T. );
#670 = PLANE( '', #1444 );
#671 = FACE_OUTER_BOUND( '', #1445, .T. );
#672 = PLANE( '', #1446 );
#673 = FACE_OUTER_BOUND( '', #1447, .T. );
#674 = PLANE( '', #1448 );
#675 = FACE_OUTER_BOUND( '', #1449, .T. );
#676 = PLANE( '', #1450 );
#677 = FACE_OUTER_BOUND( '', #1451, .T. );
#678 = PLANE( '', #1452 );
#679 = FACE_OUTER_BOUND( '', #1453, .T. );
#680 = PLANE( '', #1454 );
#681 = FACE_OUTER_BOUND( '', #1455, .T. );
#682 = PLANE( '', #1456 );
#683 = FACE_OUTER_BOUND( '', #1457, .T. );
#684 = PLANE( '', #1458 );
#685 = FACE_OUTER_BOUND( '', #1459, .T. );
#686 = PLANE( '', #1460 );
#687 = FACE_OUTER_BOUND( '', #1461, .T. );
#688 = PLANE( '', #1462 );
#689 = FACE_OUTER_BOUND( '', #1463, .T. );
#690 = CYLINDRICAL_SURFACE( '', #1464, 0.000599999999999886 );
#691 = FACE_OUTER_BOUND( '', #1465, .T. );
#692 = PLANE( '', #1466 );
#693 = FACE_OUTER_BOUND( '', #1467, .T. );
#694 = PLANE( '', #1468 );
#695 = FACE_OUTER_BOUND( '', #1469, .T. );
#696 = PLANE( '', #1470 );
#697 = FACE_OUTER_BOUND( '', #1471, .T. );
#698 = CYLINDRICAL_SURFACE( '', #1472, 0.000199999999999987 );
#699 = FACE_OUTER_BOUND( '', #1473, .T. );
#700 = CYLINDRICAL_SURFACE( '', #1474, 0.00279999999999896 );
#701 = FACE_OUTER_BOUND( '', #1475, .T. );
#702 = PLANE( '', #1476 );
#703 = FACE_OUTER_BOUND( '', #1477, .T. );
#704 = CYLINDRICAL_SURFACE( '', #1478, 0.000300000000000070 );
#705 = FACE_OUTER_BOUND( '', #1479, .T. );
#706 = PLANE( '', #1480 );
#707 = FACE_OUTER_BOUND( '', #1481, .T. );
#708 = CYLINDRICAL_SURFACE( '', #1482, 0.000150000000000010 );
#709 = FACE_OUTER_BOUND( '', #1483, .T. );
#710 = FACE_OUTER_BOUND( '', #1484, .T. );
#711 = CYLINDRICAL_SURFACE( '', #1485, 0.00150000000000010 );
#712 = FACE_OUTER_BOUND( '', #1486, .T. );
#713 = CYLINDRICAL_SURFACE( '', #1487, 5.00000000000032E-005 );
#714 = FACE_OUTER_BOUND( '', #1488, .T. );
#715 = CYLINDRICAL_SURFACE( '', #1489, 5.00000000000032E-005 );
#716 = FACE_OUTER_BOUND( '', #1490, .T. );
#717 = PLANE( '', #1491 );
#718 = FACE_OUTER_BOUND( '', #1492, .T. );
#719 = CYLINDRICAL_SURFACE( '', #1493, 5.00000000000032E-005 );
#720 = FACE_OUTER_BOUND( '', #1494, .T. );
#721 = CYLINDRICAL_SURFACE( '', #1495, 5.00000000000032E-005 );
#722 = FACE_OUTER_BOUND( '', #1496, .T. );
#723 = PLANE( '', #1497 );
#724 = FACE_OUTER_BOUND( '', #1498, .T. );
#725 = PLANE( '', #1499 );
#726 = FACE_OUTER_BOUND( '', #1500, .T. );
#727 = PLANE( '', #1501 );
#728 = FACE_OUTER_BOUND( '', #1502, .T. );
#729 = PLANE( '', #1503 );
#730 = FACE_OUTER_BOUND( '', #1504, .T. );
#731 = PLANE( '', #1505 );
#732 = FACE_OUTER_BOUND( '', #1506, .T. );
#733 = PLANE( '', #1507 );
#734 = FACE_OUTER_BOUND( '', #1508, .T. );
#735 = PLANE( '', #1509 );
#736 = FACE_OUTER_BOUND( '', #1510, .T. );
#737 = PLANE( '', #1511 );
#738 = FACE_OUTER_BOUND( '', #1512, .T. );
#739 = PLANE( '', #1513 );
#740 = FACE_OUTER_BOUND( '', #1514, .T. );
#741 = PLANE( '', #1515 );
#742 = FACE_OUTER_BOUND( '', #1516, .T. );
#743 = PLANE( '', #1517 );
#744 = FACE_OUTER_BOUND( '', #1518, .T. );
#745 = PLANE( '', #1519 );
#746 = FACE_OUTER_BOUND( '', #1520, .T. );
#747 = PLANE( '', #1521 );
#748 = FACE_OUTER_BOUND( '', #1522, .T. );
#749 = PLANE( '', #1523 );
#750 = FACE_OUTER_BOUND( '', #1524, .T. );
#751 = PLANE( '', #1525 );
#752 = FACE_OUTER_BOUND( '', #1526, .T. );
#753 = PLANE( '', #1527 );
#754 = FACE_OUTER_BOUND( '', #1528, .T. );
#755 = PLANE( '', #1529 );
#756 = FACE_OUTER_BOUND( '', #1530, .T. );
#757 = PLANE( '', #1531 );
#758 = FACE_OUTER_BOUND( '', #1532, .T. );
#759 = PLANE( '', #1533 );
#760 = FACE_OUTER_BOUND( '', #1534, .T. );
#761 = PLANE( '', #1535 );
#762 = FACE_OUTER_BOUND( '', #1536, .T. );
#763 = PLANE( '', #1537 );
#764 = FACE_OUTER_BOUND( '', #1538, .T. );
#765 = CYLINDRICAL_SURFACE( '', #1539, 0.000849999999999902 );
#766 = FACE_OUTER_BOUND( '', #1540, .T. );
#767 = PLANE( '', #1541 );
#768 = FACE_OUTER_BOUND( '', #1542, .T. );
#769 = PLANE( '', #1543 );
#770 = FACE_OUTER_BOUND( '', #1544, .T. );
#771 = PLANE( '', #1545 );
#772 = FACE_OUTER_BOUND( '', #1546, .T. );
#773 = PLANE( '', #1547 );
#774 = FACE_OUTER_BOUND( '', #1548, .T. );
#775 = PLANE( '', #1549 );
#776 = FACE_OUTER_BOUND( '', #1550, .T. );
#777 = CYLINDRICAL_SURFACE( '', #1551, 0.000150000000000010 );
#778 = FACE_OUTER_BOUND( '', #1552, .T. );
#779 = PLANE( '', #1553 );
#780 = FACE_OUTER_BOUND( '', #1554, .T. );
#781 = CONICAL_SURFACE( '', #1555, 0.00296660254037970, 0.261799387799100 );
#782 = FACE_OUTER_BOUND( '', #1556, .T. );
#783 = PLANE( '', #1557 );
#784 = FACE_BOUND( '', #1558, .T. );
#785 = FACE_OUTER_BOUND( '', #1559, .T. );
#786 = CONICAL_SURFACE( '', #1560, 0.00121667470476383, 0.575958653158020 );
#787 = FACE_OUTER_BOUND( '', #1561, .T. );
#788 = PLANE( '', #1562 );
#789 = FACE_OUTER_BOUND( '', #1563, .T. );
#790 = PLANE( '', #1564 );
#791 = FACE_OUTER_BOUND( '', #1565, .T. );
#792 = PLANE( '', #1566 );
#793 = FACE_OUTER_BOUND( '', #1567, .T. );
#794 = PLANE( '', #1568 );
#795 = FACE_OUTER_BOUND( '', #1569, .T. );
#796 = CYLINDRICAL_SURFACE( '', #1570, 0.000550000000000086 );
#797 = FACE_OUTER_BOUND( '', #1571, .T. );
#798 = CYLINDRICAL_SURFACE( '', #1572, 0.000300000000000070 );
#799 = FACE_OUTER_BOUND( '', #1573, .T. );
#800 = PLANE( '', #1574 );
#801 = FACE_OUTER_BOUND( '', #1575, .T. );
#802 = PLANE( '', #1576 );
#803 = FACE_OUTER_BOUND( '', #1577, .T. );
#804 = PLANE( '', #1578 );
#805 = FACE_OUTER_BOUND( '', #1579, .T. );
#806 = PLANE( '', #1580 );
#807 = FACE_OUTER_BOUND( '', #1581, .T. );
#808 = FACE_BOUND( '', #1582, .T. );
#809 = PLANE( '', #1583 );
#810 = FACE_OUTER_BOUND( '', #1584, .T. );
#811 = PLANE( '', #1585 );
#812 = FACE_OUTER_BOUND( '', #1586, .T. );
#813 = FACE_BOUND( '', #1587, .T. );
#814 = FACE_BOUND( '', #1588, .T. );
#815 = PLANE( '', #1589 );
#816 = FACE_OUTER_BOUND( '', #1590, .T. );
#817 = PLANE( '', #1591 );
#818 = FACE_OUTER_BOUND( '', #1592, .T. );
#819 = PLANE( '', #1593 );
#820 = FACE_OUTER_BOUND( '', #1594, .T. );
#821 = PLANE( '', #1595 );
#822 = FACE_OUTER_BOUND( '', #1596, .T. );
#823 = PLANE( '', #1597 );
#824 = FACE_OUTER_BOUND( '', #1598, .T. );
#825 = CYLINDRICAL_SURFACE( '', #1599, 0.000150000000000010 );
#826 = FACE_OUTER_BOUND( '', #1600, .T. );
#827 = FACE_OUTER_BOUND( '', #1601, .T. );
#828 = TOROIDAL_SURFACE( '', #1602, 0.00165000000000000, 0.000100000000000006 );
#829 = FACE_OUTER_BOUND( '', #1603, .T. );
#830 = PLANE( '', #1604 );
#831 = FACE_OUTER_BOUND( '', #1605, .T. );
#832 = PLANE( '', #1606 );
#833 = FACE_OUTER_BOUND( '', #1607, .T. );
#834 = PLANE( '', #1608 );
#835 = FACE_OUTER_BOUND( '', #1609, .T. );
#836 = PLANE( '', #1610 );
#837 = FACE_OUTER_BOUND( '', #1611, .T. );
#838 = PLANE( '', #1612 );
#839 = FACE_OUTER_BOUND( '', #1613, .T. );
#840 = PLANE( '', #1614 );
#841 = FACE_OUTER_BOUND( '', #1615, .T. );
#842 = CYLINDRICAL_SURFACE( '', #1616, 0.000199999999999987 );
#843 = FACE_OUTER_BOUND( '', #1617, .T. );
#844 = PLANE( '', #1618 );
#845 = FACE_OUTER_BOUND( '', #1619, .T. );
#846 = PLANE( '', #1620 );
#847 = FACE_OUTER_BOUND( '', #1621, .T. );
#848 = PLANE( '', #1622 );
#849 = FACE_OUTER_BOUND( '', #1623, .T. );
#850 = PLANE( '', #1624 );
#851 = FACE_OUTER_BOUND( '', #1625, .T. );
#852 = PLANE( '', #1626 );
#853 = FACE_OUTER_BOUND( '', #1627, .T. );
#854 = CYLINDRICAL_SURFACE( '', #1628, 0.000150000000000010 );
#855 = FACE_OUTER_BOUND( '', #1629, .T. );
#856 = PLANE( '', #1630 );
#857 = FACE_OUTER_BOUND( '', #1631, .T. );
#858 = PLANE( '', #1632 );
#859 = FACE_OUTER_BOUND( '', #1633, .T. );
#860 = PLANE( '', #1634 );
#861 = FACE_BOUND( '', #1635, .T. );
#862 = FACE_OUTER_BOUND( '', #1636, .T. );
#863 = CONICAL_SURFACE( '', #1637, 0.00224745893313131, 1.10495049614488 );
#864 = FACE_OUTER_BOUND( '', #1638, .T. );
#865 = PLANE( '', #1639 );
#866 = FACE_OUTER_BOUND( '', #1640, .T. );
#867 = FACE_BOUND( '', #1641, .T. );
#868 = CONICAL_SURFACE( '', #1642, 0.00215762320060654, 1.10495049614488 );
#869 = FACE_OUTER_BOUND( '', #1643, .T. );
#870 = FACE_BOUND( '', #1644, .T. );
#871 = CONICAL_SURFACE( '', #1645, 0.00167499999999990, 0.628318530717840 );
#872 = FACE_OUTER_BOUND( '', #1646, .T. );
#873 = FACE_BOUND( '', #1647, .T. );
#874 = CONICAL_SURFACE( '', #1648, 0.00138250000000006, 0.0200777388211486 );
#875 = FACE_OUTER_BOUND( '', #1649, .T. );
#876 = PLANE( '', #1650 );
#877 = FACE_OUTER_BOUND( '', #1651, .T. );
#878 = PLANE( '', #1652 );
#879 = FACE_OUTER_BOUND( '', #1653, .T. );
#880 = PLANE( '', #1654 );
#881 = FACE_OUTER_BOUND( '', #1655, .T. );
#882 = PLANE( '', #1656 );
#883 = FACE_OUTER_BOUND( '', #1657, .T. );
#884 = PLANE( '', #1658 );
#885 = FACE_OUTER_BOUND( '', #1659, .T. );
#886 = PLANE( '', #1660 );
#887 = FACE_OUTER_BOUND( '', #1661, .T. );
#888 = PLANE( '', #1662 );
#889 = FACE_OUTER_BOUND( '', #1663, .T. );
#890 = PLANE( '', #1664 );
#891 = FACE_OUTER_BOUND( '', #1665, .T. );
#892 = PLANE( '', #1666 );
#893 = FACE_OUTER_BOUND( '', #1667, .T. );
#894 = PLANE( '', #1668 );
#895 = FACE_OUTER_BOUND( '', #1669, .T. );
#896 = PLANE( '', #1670 );
#897 = FACE_OUTER_BOUND( '', #1671, .T. );
#898 = PLANE( '', #1672 );
#899 = FACE_OUTER_BOUND( '', #1673, .T. );
#900 = PLANE( '', #1674 );
#901 = FACE_OUTER_BOUND( '', #1675, .T. );
#902 = PLANE( '', #1676 );
#903 = FACE_OUTER_BOUND( '', #1677, .T. );
#904 = PLANE( '', #1678 );
#905 = FACE_OUTER_BOUND( '', #1679, .T. );
#906 = PLANE( '', #1680 );
#907 = FACE_OUTER_BOUND( '', #1681, .T. );
#908 = PLANE( '', #1682 );
#909 = FACE_OUTER_BOUND( '', #1683, .T. );
#910 = PLANE( '', #1684 );
#911 = FACE_OUTER_BOUND( '', #1685, .T. );
#912 = PLANE( '', #1686 );
#913 = FACE_OUTER_BOUND( '', #1687, .T. );
#914 = PLANE( '', #1688 );
#915 = FACE_OUTER_BOUND( '', #1689, .T. );
#916 = PLANE( '', #1690 );
#917 = FACE_OUTER_BOUND( '', #1691, .T. );
#918 = PLANE( '', #1692 );
#919 = FACE_OUTER_BOUND( '', #1693, .T. );
#920 = CYLINDRICAL_SURFACE( '', #1694, 0.000150000000000010 );
#921 = FACE_OUTER_BOUND( '', #1695, .T. );
#922 = PLANE( '', #1696 );
#923 = FACE_OUTER_BOUND( '', #1697, .T. );
#924 = CONICAL_SURFACE( '', #1698, 0.00296660254037970, 0.261799387799100 );
#925 = FACE_OUTER_BOUND( '', #1699, .T. );
#926 = PLANE( '', #1700 );
#927 = FACE_OUTER_BOUND( '', #1701, .T. );
#928 = PLANE( '', #1702 );
#929 = FACE_OUTER_BOUND( '', #1703, .T. );
#930 = CYLINDRICAL_SURFACE( '', #1704, 0.000850000000000156 );
#931 = FACE_OUTER_BOUND( '', #1705, .T. );
#932 = PLANE( '', #1706 );
#933 = FACE_OUTER_BOUND( '', #1707, .T. );
#934 = PLANE( '', #1708 );
#935 = FACE_OUTER_BOUND( '', #1709, .T. );
#936 = CYLINDRICAL_SURFACE( '', #1710, 0.000550000000000086 );
#937 = FACE_OUTER_BOUND( '', #1711, .T. );
#938 = PLANE( '', #1712 );
#939 = FACE_OUTER_BOUND( '', #1713, .T. );
#940 = PLANE( '', #1714 );
#941 = FACE_OUTER_BOUND( '', #1715, .T. );
#942 = PLANE( '', #1716 );
#943 = FACE_OUTER_BOUND( '', #1717, .T. );
#944 = PLANE( '', #1718 );
#945 = FACE_OUTER_BOUND( '', #1719, .T. );
#946 = PLANE( '', #1720 );
#947 = FACE_OUTER_BOUND( '', #1721, .T. );
#948 = PLANE( '', #1722 );
#949 = FACE_OUTER_BOUND( '', #1723, .T. );
#950 = CYLINDRICAL_SURFACE( '', #1724, 0.000249999999999991 );
#951 = FACE_OUTER_BOUND( '', #1725, .T. );
#952 = PLANE( '', #1726 );
#953 = FACE_OUTER_BOUND( '', #1727, .T. );
#954 = PLANE( '', #1728 );
#955 = FACE_OUTER_BOUND( '', #1729, .T. );
#956 = PLANE( '', #1730 );
#957 = FACE_OUTER_BOUND( '', #1731, .T. );
#958 = PLANE( '', #1732 );
#959 = FACE_OUTER_BOUND( '', #1733, .T. );
#960 = CYLINDRICAL_SURFACE( '', #1734, 0.000599999999999886 );
#961 = FACE_OUTER_BOUND( '', #1735, .T. );
#962 = FACE_BOUND( '', #1736, .T. );
#963 = PLANE( '', #1737 );
#964 = FACE_OUTER_BOUND( '', #1738, .T. );
#965 = CYLINDRICAL_SURFACE( '', #1739, 0.000500000000000032 );
#966 = FACE_OUTER_BOUND( '', #1740, .T. );
#967 = PLANE( '', #1741 );
#968 = FACE_OUTER_BOUND( '', #1742, .T. );
#969 = PLANE( '', #1743 );
#970 = FACE_OUTER_BOUND( '', #1744, .T. );
#971 = CYLINDRICAL_SURFACE( '', #1745, 0.000150000000000010 );
#972 = FACE_OUTER_BOUND( '', #1746, .T. );
#973 = PLANE( '', #1747 );
#974 = FACE_OUTER_BOUND( '', #1748, .T. );
#975 = PLANE( '', #1749 );
#976 = FACE_OUTER_BOUND( '', #1750, .T. );
#977 = PLANE( '', #1751 );
#978 = FACE_OUTER_BOUND( '', #1752, .T. );
#979 = PLANE( '', #1753 );
#980 = FACE_OUTER_BOUND( '', #1754, .T. );
#981 = PLANE( '', #1755 );
#982 = FACE_OUTER_BOUND( '', #1756, .T. );
#983 = PLANE( '', #1757 );
#984 = FACE_OUTER_BOUND( '', #1758, .T. );
#985 = PLANE( '', #1759 );
#986 = FACE_OUTER_BOUND( '', #1760, .T. );
#987 = PLANE( '', #1761 );
#988 = FACE_OUTER_BOUND( '', #1762, .T. );
#989 = PLANE( '', #1763 );
#990 = FACE_OUTER_BOUND( '', #1764, .T. );
#991 = PLANE( '', #1765 );
#992 = FACE_OUTER_BOUND( '', #1766, .T. );
#993 = PLANE( '', #1767 );
#994 = FACE_OUTER_BOUND( '', #1768, .T. );
#995 = PLANE( '', #1769 );
#996 = FACE_OUTER_BOUND( '', #1770, .T. );
#997 = PLANE( '', #1771 );
#998 = FACE_OUTER_BOUND( '', #1772, .T. );
#999 = PLANE( '', #1773 );
#1000 = FACE_OUTER_BOUND( '', #1774, .T. );
#1001 = PLANE( '', #1775 );
#1002 = FACE_OUTER_BOUND( '', #1776, .T. );
#1003 = PLANE( '', #1777 );
#1004 = FACE_OUTER_BOUND( '', #1778, .T. );
#1005 = PLANE( '', #1779 );
#1006 = FACE_OUTER_BOUND( '', #1780, .T. );
#1007 = PLANE( '', #1781 );
#1008 = FACE_OUTER_BOUND( '', #1782, .T. );
#1009 = PLANE( '', #1783 );
#1010 = FACE_OUTER_BOUND( '', #1784, .T. );
#1011 = PLANE( '', #1785 );
#1012 = FACE_OUTER_BOUND( '', #1786, .T. );
#1013 = CYLINDRICAL_SURFACE( '', #1787, 0.000150000000000010 );
#1014 = FACE_OUTER_BOUND( '', #1788, .T. );
#1015 = PLANE( '', #1789 );
#1016 = FACE_OUTER_BOUND( '', #1790, .T. );
#1017 = CYLINDRICAL_SURFACE( '', #1791, 5.00000000000032E-005 );
#1018 = FACE_OUTER_BOUND( '', #1792, .T. );
#1019 = PLANE( '', #1793 );
#1020 = FACE_OUTER_BOUND( '', #1794, .T. );
#1021 = CYLINDRICAL_SURFACE( '', #1795, 0.000150000000000010 );
#1022 = FACE_OUTER_BOUND( '', #1796, .T. );
#1023 = PLANE( '', #1797 );
#1024 = FACE_OUTER_BOUND( '', #1798, .T. );
#1025 = CYLINDRICAL_SURFACE( '', #1799, 0.000249999999999991 );
#1026 = FACE_OUTER_BOUND( '', #1800, .T. );
#1027 = CYLINDRICAL_SURFACE( '', #1801, 0.000150000000000010 );
#1028 = FACE_OUTER_BOUND( '', #1802, .T. );
#1029 = PLANE( '', #1803 );
#1030 = FACE_OUTER_BOUND( '', #1804, .T. );
#1031 = PLANE( '', #1805 );
#1032 = FACE_OUTER_BOUND( '', #1806, .T. );
#1033 = FACE_BOUND( '', #1807, .T. );
#1034 = PLANE( '', #1808 );
#1035 = FACE_OUTER_BOUND( '', #1809, .T. );
#1036 = PLANE( '', #1810 );
#1037 = FACE_OUTER_BOUND( '', #1811, .T. );
#1038 = PLANE( '', #1812 );
#1039 = FACE_OUTER_BOUND( '', #1813, .T. );
#1040 = PLANE( '', #1814 );
#1041 = FACE_OUTER_BOUND( '', #1815, .T. );
#1042 = CYLINDRICAL_SURFACE( '', #1816, 0.000249999999999991 );
#1043 = FACE_OUTER_BOUND( '', #1817, .T. );
#1044 = CYLINDRICAL_SURFACE( '', #1818, 0.000500000000000032 );
#1045 = FACE_OUTER_BOUND( '', #1819, .T. );
#1046 = PLANE( '', #1820 );
#1047 = FACE_OUTER_BOUND( '', #1821, .T. );
#1048 = PLANE( '', #1822 );
#1049 = FACE_OUTER_BOUND( '', #1823, .T. );
#1050 = PLANE( '', #1824 );
#1051 = FACE_OUTER_BOUND( '', #1825, .T. );
#1052 = PLANE( '', #1826 );
#1053 = FACE_OUTER_BOUND( '', #1827, .T. );
#1054 = PLANE( '', #1828 );
#1055 = FACE_OUTER_BOUND( '', #1829, .T. );
#1056 = FACE_BOUND( '', #1830, .T. );
#1057 = PLANE( '', #1831 );
#1058 = FACE_OUTER_BOUND( '', #1832, .T. );
#1059 = FACE_OUTER_BOUND( '', #1833, .T. );
#1060 = CYLINDRICAL_SURFACE( '', #1834, 0.000399999999999924 );
#1061 = FACE_OUTER_BOUND( '', #1835, .T. );
#1062 = FACE_BOUND( '', #1836, .T. );
#1063 = PLANE( '', #1837 );
#1064 = FACE_OUTER_BOUND( '', #1838, .T. );
#1065 = FACE_BOUND( '', #1839, .T. );
#1066 = PLANE( '', #1840 );
#1067 = FACE_OUTER_BOUND( '', #1841, .T. );
#1068 = FACE_OUTER_BOUND( '', #1842, .T. );
#1069 = CYLINDRICAL_SURFACE( '', #1843, 0.000399999999999924 );
#1070 = FACE_OUTER_BOUND( '', #1844, .T. );
#1071 = PLANE( '', #1845 );
#1072 = FACE_OUTER_BOUND( '', #1846, .T. );
#1073 = FACE_BOUND( '', #1847, .T. );
#1074 = PLANE( '', #1848 );
#1075 = FACE_OUTER_BOUND( '', #1849, .T. );
#1076 = FACE_OUTER_BOUND( '', #1850, .T. );
#1077 = CYLINDRICAL_SURFACE( '', #1851, 0.000399999999999924 );
#1078 = FACE_OUTER_BOUND( '', #1852, .T. );
#1079 = PLANE( '', #1853 );
#1080 = FACE_OUTER_BOUND( '', #1854, .T. );
#1081 = FACE_BOUND( '', #1855, .T. );
#1082 = PLANE( '', #1856 );
#1083 = FACE_OUTER_BOUND( '', #1857, .T. );
#1084 = PLANE( '', #1858 );
#1085 = FACE_OUTER_BOUND( '', #1859, .T. );
#1086 = PLANE( '', #1860 );
#1087 = FACE_OUTER_BOUND( '', #1861, .T. );
#1088 = PLANE( '', #1862 );
#1089 = FACE_OUTER_BOUND( '', #1863, .T. );
#1090 = PLANE( '', #1864 );
#1091 = FACE_OUTER_BOUND( '', #1865, .T. );
#1092 = PLANE( '', #1866 );
#1093 = FACE_OUTER_BOUND( '', #1867, .T. );
#1094 = PLANE( '', #1868 );
#1095 = FACE_OUTER_BOUND( '', #1869, .T. );
#1096 = PLANE( '', #1870 );
#1097 = FACE_OUTER_BOUND( '', #1871, .T. );
#1098 = FACE_OUTER_BOUND( '', #1872, .T. );
#1099 = CYLINDRICAL_SURFACE( '', #1873, 0.000399999999999924 );
#1100 = FACE_OUTER_BOUND( '', #1874, .T. );
#1101 = PLANE( '', #1875 );
#1102 = FACE_OUTER_BOUND( '', #1876, .T. );
#1103 = PLANE( '', #1877 );
#1104 = FACE_OUTER_BOUND( '', #1878, .T. );
#1105 = PLANE( '', #1879 );
#1106 = FACE_OUTER_BOUND( '', #1880, .T. );
#1107 = PLANE( '', #1881 );
#1108 = FACE_OUTER_BOUND( '', #1882, .T. );
#1109 = PLANE( '', #1883 );
#1110 = FACE_OUTER_BOUND( '', #1884, .T. );
#1111 = PLANE( '', #1885 );
#1112 = FACE_OUTER_BOUND( '', #1886, .T. );
#1113 = PLANE( '', #1887 );
#1114 = FACE_OUTER_BOUND( '', #1888, .T. );
#1115 = PLANE( '', #1889 );
#1116 = FACE_OUTER_BOUND( '', #1890, .T. );
#1117 = PLANE( '', #1891 );
#1118 = FACE_OUTER_BOUND( '', #1892, .T. );
#1119 = PLANE( '', #1893 );
#1120 = FACE_OUTER_BOUND( '', #1894, .T. );
#1121 = PLANE( '', #1895 );
#1122 = FACE_OUTER_BOUND( '', #1896, .T. );
#1123 = PLANE( '', #1897 );
#1124 = FACE_OUTER_BOUND( '', #1898, .T. );
#1125 = CYLINDRICAL_SURFACE( '', #1899, 5.00000000000032E-005 );
#1126 = FACE_OUTER_BOUND( '', #1900, .T. );
#1127 = PLANE( '', #1901 );
#1128 = FACE_OUTER_BOUND( '', #1902, .T. );
#1129 = CYLINDRICAL_SURFACE( '', #1903, 5.00000000000032E-005 );
#1130 = FACE_OUTER_BOUND( '', #1904, .T. );
#1131 = PLANE( '', #1905 );
#1132 = FACE_OUTER_BOUND( '', #1906, .T. );
#1133 = PLANE( '', #1907 );
#1134 = FACE_OUTER_BOUND( '', #1908, .T. );
#1135 = PLANE( '', #1909 );
#1136 = FACE_OUTER_BOUND( '', #1910, .T. );
#1137 = FACE_OUTER_BOUND( '', #1911, .T. );
#1138 = CYLINDRICAL_SURFACE( '', #1912, 0.000750000000000048 );
#1139 = FACE_OUTER_BOUND( '', #1913, .T. );
#1140 = CYLINDRICAL_SURFACE( '', #1914, 5.00000000000032E-005 );
#1141 = FACE_OUTER_BOUND( '', #1915, .T. );
#1142 = CYLINDRICAL_SURFACE( '', #1916, 0.00279999999999896 );
#1143 = FACE_OUTER_BOUND( '', #1917, .T. );
#1144 = PLANE( '', #1918 );
#1145 = FACE_OUTER_BOUND( '', #1919, .T. );
#1146 = CYLINDRICAL_SURFACE( '', #1920, 0.000150000000000010 );
#1147 = FACE_OUTER_BOUND( '', #1921, .T. );
#1148 = CYLINDRICAL_SURFACE( '', #1922, 5.00000000000032E-005 );
#1149 = FACE_OUTER_BOUND( '', #1923, .T. );
#1150 = PLANE( '', #1924 );
#1151 = FACE_BOUND( '', #1925, .T. );
#1152 = FACE_OUTER_BOUND( '', #1926, .T. );
#1153 = CONICAL_SURFACE( '', #1927, 0.000441085328380792, 0.698131700797600 );
#1154 = FACE_OUTER_BOUND( '', #1928, .T. );
#1155 = PLANE( '', #1929 );
#1156 = FACE_OUTER_BOUND( '', #1930, .T. );
#1157 = CYLINDRICAL_SURFACE( '', #1931, 0.000300000000000070 );
#1158 = FACE_OUTER_BOUND( '', #1932, .T. );
#1159 = PLANE( '', #1933 );
#1160 = FACE_OUTER_BOUND( '', #1934, .T. );
#1161 = PLANE( '', #1935 );
#1162 = FACE_OUTER_BOUND( '', #1936, .T. );
#1163 = PLANE( '', #1937 );
#1164 = FACE_OUTER_BOUND( '', #1938, .T. );
#1165 = FACE_BOUND( '', #1939, .T. );
#1166 = FACE_BOUND( '', #1940, .T. );
#1167 = PLANE( '', #1941 );
#1168 = FACE_OUTER_BOUND( '', #1942, .T. );
#1169 = PLANE( '', #1943 );
#1170 = FACE_OUTER_BOUND( '', #1944, .T. );
#1171 = PLANE( '', #1945 );
#1172 = FACE_OUTER_BOUND( '', #1946, .T. );
#1173 = PLANE( '', #1947 );
#1174 = FACE_OUTER_BOUND( '', #1948, .T. );
#1175 = PLANE( '', #1949 );
#1176 = FACE_OUTER_BOUND( '', #1950, .T. );
#1177 = PLANE( '', #1951 );
#1178 = FACE_OUTER_BOUND( '', #1952, .T. );
#1179 = PLANE( '', #1953 );
#1180 = FACE_OUTER_BOUND( '', #1954, .T. );
#1181 = PLANE( '', #1955 );
#1182 = FACE_OUTER_BOUND( '', #1956, .T. );
#1183 = PLANE( '', #1957 );
#1184 = FACE_OUTER_BOUND( '', #1958, .T. );
#1185 = PLANE( '', #1959 );
#1186 = FACE_OUTER_BOUND( '', #1960, .T. );
#1187 = FACE_OUTER_BOUND( '', #1961, .T. );
#1188 = TOROIDAL_SURFACE( '', #1962, 0.00279999999999896, 0.000199999999999987 );
#1189 = FACE_OUTER_BOUND( '', #1963, .T. );
#1190 = CYLINDRICAL_SURFACE( '', #1964, 0.000150000000000010 );
#1191 = FACE_OUTER_BOUND( '', #1965, .T. );
#1192 = CYLINDRICAL_SURFACE( '', #1966, 0.00289890965303524 );
#1193 = EDGE_LOOP( '', ( #1967, #1968, #1969, #1970, #1971, #1972, #1973, #1974, #1975 ) );
#1194 = AXIS2_PLACEMENT_3D( '', #1976, #1977, #1978 );
#1195 = EDGE_LOOP( '', ( #1979, #1980, #1981, #1982, #1983 ) );
#1196 = AXIS2_PLACEMENT_3D( '', #1984, #1985, #1986 );
#1197 = EDGE_LOOP( '', ( #1987, #1988, #1989, #1990, #1991, #1992, #1993, #1994, #1995 ) );
#1198 = AXIS2_PLACEMENT_3D( '', #1996, #1997, #1998 );
#1199 = EDGE_LOOP( '', ( #1999, #2000, #2001, #2002, #2003, #2004 ) );
#1200 = AXIS2_PLACEMENT_3D( '', #2005, #2006, #2007 );
#1201 = EDGE_LOOP( '', ( #2008, #2009, #2010, #2011, #2012 ) );
#1202 = AXIS2_PLACEMENT_3D( '', #2013, #2014, #2015 );
#1203 = EDGE_LOOP( '', ( #2016, #2017, #2018, #2019 ) );
#1204 = AXIS2_PLACEMENT_3D( '', #2020, #2021, #2022 );
#1205 = EDGE_LOOP( '', ( #2023, #2024, #2025, #2026 ) );
#1206 = AXIS2_PLACEMENT_3D( '', #2027, #2028, #2029 );
#1207 = EDGE_LOOP( '', ( #2030, #2031, #2032, #2033, #2034, #2035, #2036, #2037, #2038, #2039, #2040, #2041, #2042, #2043, #2044, #2045, #2046, #2047, #2048, #2049, #2050, #2051, #2052, #2053, #2054, #2055, #2056, #2057, #2058, #2059, #2060, #2061, #2062, #2063, #2064, #2065, #2066, #2067, #2068, #2069 ) );
#1208 = AXIS2_PLACEMENT_3D( '', #2070, #2071, #2072 );
#1209 = EDGE_LOOP( '', ( #2073, #2074, #2075, #2076 ) );
#1210 = AXIS2_PLACEMENT_3D( '', #2077, #2078, #2079 );
#1211 = EDGE_LOOP( '', ( #2080, #2081, #2082, #2083 ) );
#1212 = AXIS2_PLACEMENT_3D( '', #2084, #2085, #2086 );
#1213 = EDGE_LOOP( '', ( #2087, #2088, #2089, #2090, #2091 ) );
#1214 = AXIS2_PLACEMENT_3D( '', #2092, #2093, #2094 );
#1215 = EDGE_LOOP( '', ( #2095, #2096, #2097, #2098 ) );
#1216 = AXIS2_PLACEMENT_3D( '', #2099, #2100, #2101 );
#1217 = EDGE_LOOP( '', ( #2102, #2103, #2104, #2105 ) );
#1218 = AXIS2_PLACEMENT_3D( '', #2106, #2107, #2108 );
#1219 = EDGE_LOOP( '', ( #2109, #2110, #2111, #2112 ) );
#1220 = AXIS2_PLACEMENT_3D( '', #2113, #2114, #2115 );
#1221 = EDGE_LOOP( '', ( #2116, #2117, #2118, #2119 ) );
#1222 = AXIS2_PLACEMENT_3D( '', #2120, #2121, #2122 );
#1223 = EDGE_LOOP( '', ( #2123, #2124, #2125 ) );
#1224 = AXIS2_PLACEMENT_3D( '', #2126, #2127, #2128 );
#1225 = EDGE_LOOP( '', ( #2129, #2130, #2131, #2132, #2133, #2134, #2135, #2136 ) );
#1226 = AXIS2_PLACEMENT_3D( '', #2137, #2138, #2139 );
#1227 = EDGE_LOOP( '', ( #2140, #2141, #2142, #2143, #2144 ) );
#1228 = AXIS2_PLACEMENT_3D( '', #2145, #2146, #2147 );
#1229 = EDGE_LOOP( '', ( #2148, #2149, #2150, #2151 ) );
#1230 = AXIS2_PLACEMENT_3D( '', #2152, #2153, #2154 );
#1231 = EDGE_LOOP( '', ( #2155, #2156, #2157, #2158 ) );
#1232 = AXIS2_PLACEMENT_3D( '', #2159, #2160, #2161 );
#1233 = EDGE_LOOP( '', ( #2162, #2163, #2164, #2165 ) );
#1234 = AXIS2_PLACEMENT_3D( '', #2166, #2167, #2168 );
#1235 = EDGE_LOOP( '', ( #2169, #2170, #2171, #2172 ) );
#1236 = AXIS2_PLACEMENT_3D( '', #2173, #2174, #2175 );
#1237 = EDGE_LOOP( '', ( #2176, #2177, #2178, #2179 ) );
#1238 = AXIS2_PLACEMENT_3D( '', #2180, #2181, #2182 );
#1239 = EDGE_LOOP( '', ( #2183, #2184, #2185, #2186, #2187, #2188, #2189, #2190, #2191, #2192, #2193, #2194, #2195, #2196 ) );
#1240 = EDGE_LOOP( '', ( #2197, #2198, #2199, #2200 ) );
#1241 = EDGE_LOOP( '', ( #2201, #2202, #2203, #2204 ) );
#1242 = AXIS2_PLACEMENT_3D( '', #2205, #2206, #2207 );
#1243 = EDGE_LOOP( '', ( #2208, #2209, #2210, #2211 ) );
#1244 = AXIS2_PLACEMENT_3D( '', #2212, #2213, #2214 );
#1245 = EDGE_LOOP( '', ( #2215, #2216, #2217, #2218 ) );
#1246 = AXIS2_PLACEMENT_3D( '', #2219, #2220, #2221 );
#1247 = EDGE_LOOP( '', ( #2222, #2223, #2224, #2225, #2226, #2227, #2228, #2229, #2230, #2231, #2232, #2233 ) );
#1248 = AXIS2_PLACEMENT_3D( '', #2234, #2235, #2236 );
#1249 = EDGE_LOOP( '', ( #2237, #2238, #2239, #2240, #2241, #2242, #2243, #2244, #2245, #2246, #2247, #2248 ) );
#1250 = AXIS2_PLACEMENT_3D( '', #2249, #2250, #2251 );
#1251 = EDGE_LOOP( '', ( #2252, #2253, #2254, #2255 ) );
#1252 = AXIS2_PLACEMENT_3D( '', #2256, #2257, #2258 );
#1253 = EDGE_LOOP( '', ( #2259, #2260, #2261, #2262, #2263, #2264, #2265, #2266, #2267, #2268, #2269, #2270 ) );
#1254 = AXIS2_PLACEMENT_3D( '', #2271, #2272, #2273 );
#1255 = EDGE_LOOP( '', ( #2274, #2275, #2276 ) );
#1256 = AXIS2_PLACEMENT_3D( '', #2277, #2278, #2279 );
#1257 = EDGE_LOOP( '', ( #2280, #2281, #2282, #2283 ) );
#1258 = AXIS2_PLACEMENT_3D( '', #2284, #2285, #2286 );
#1259 = EDGE_LOOP( '', ( #2287, #2288, #2289, #2290 ) );
#1260 = AXIS2_PLACEMENT_3D( '', #2291, #2292, #2293 );
#1261 = EDGE_LOOP( '', ( #2294, #2295, #2296, #2297 ) );
#1262 = AXIS2_PLACEMENT_3D( '', #2298, #2299, #2300 );
#1263 = EDGE_LOOP( '', ( #2301, #2302, #2303, #2304 ) );
#1264 = AXIS2_PLACEMENT_3D( '', #2305, #2306, #2307 );
#1265 = EDGE_LOOP( '', ( #2308, #2309, #2310, #2311 ) );
#1266 = AXIS2_PLACEMENT_3D( '', #2312, #2313, #2314 );
#1267 = EDGE_LOOP( '', ( #2315, #2316, #2317, #2318 ) );
#1268 = AXIS2_PLACEMENT_3D( '', #2319, #2320, #2321 );
#1269 = EDGE_LOOP( '', ( #2322, #2323, #2324, #2325 ) );
#1270 = AXIS2_PLACEMENT_3D( '', #2326, #2327, #2328 );
#1271 = EDGE_LOOP( '', ( #2329, #2330, #2331, #2332 ) );
#1272 = AXIS2_PLACEMENT_3D( '', #2333, #2334, #2335 );
#1273 = EDGE_LOOP( '', ( #2336, #2337, #2338, #2339 ) );
#1274 = AXIS2_PLACEMENT_3D( '', #2340, #2341, #2342 );
#1275 = EDGE_LOOP( '', ( #2343, #2344, #2345, #2346 ) );
#1276 = AXIS2_PLACEMENT_3D( '', #2347, #2348, #2349 );
#1277 = EDGE_LOOP( '', ( #2350, #2351, #2352, #2353 ) );
#1278 = AXIS2_PLACEMENT_3D( '', #2354, #2355, #2356 );
#1279 = EDGE_LOOP( '', ( #2357, #2358, #2359, #2360 ) );
#1280 = AXIS2_PLACEMENT_3D( '', #2361, #2362, #2363 );
#1281 = EDGE_LOOP( '', ( #2364, #2365, #2366, #2367 ) );
#1282 = AXIS2_PLACEMENT_3D( '', #2368, #2369, #2370 );
#1283 = EDGE_LOOP( '', ( #2371, #2372, #2373, #2374 ) );
#1284 = AXIS2_PLACEMENT_3D( '', #2375, #2376, #2377 );
#1285 = EDGE_LOOP( '', ( #2378, #2379, #2380, #2381 ) );
#1286 = AXIS2_PLACEMENT_3D( '', #2382, #2383, #2384 );
#1287 = EDGE_LOOP( '', ( #2385, #2386, #2387, #2388 ) );
#1288 = AXIS2_PLACEMENT_3D( '', #2389, #2390, #2391 );
#1289 = EDGE_LOOP( '', ( #2392, #2393, #2394, #2395 ) );
#1290 = AXIS2_PLACEMENT_3D( '', #2396, #2397, #2398 );
#1291 = EDGE_LOOP( '', ( #2399 ) );
#1292 = AXIS2_PLACEMENT_3D( '', #2400, #2401, #2402 );
#1293 = EDGE_LOOP( '', ( #2403, #2404, #2405, #2406 ) );
#1294 = AXIS2_PLACEMENT_3D( '', #2407, #2408, #2409 );
#1295 = EDGE_LOOP( '', ( #2410, #2411, #2412, #2413 ) );
#1296 = AXIS2_PLACEMENT_3D( '', #2414, #2415, #2416 );
#1297 = EDGE_LOOP( '', ( #2417, #2418, #2419, #2420, #2421 ) );
#1298 = AXIS2_PLACEMENT_3D( '', #2422, #2423, #2424 );
#1299 = EDGE_LOOP( '', ( #2425, #2426, #2427, #2428 ) );
#1300 = AXIS2_PLACEMENT_3D( '', #2429, #2430, #2431 );
#1301 = EDGE_LOOP( '', ( #2432, #2433, #2434, #2435, #2436 ) );
#1302 = AXIS2_PLACEMENT_3D( '', #2437, #2438, #2439 );
#1303 = EDGE_LOOP( '', ( #2440 ) );
#1304 = AXIS2_PLACEMENT_3D( '', #2441, #2442, #2443 );
#1305 = EDGE_LOOP( '', ( #2444, #2445, #2446, #2447 ) );
#1306 = AXIS2_PLACEMENT_3D( '', #2448, #2449, #2450 );
#1307 = EDGE_LOOP( '', ( #2451, #2452, #2453, #2454 ) );
#1308 = AXIS2_PLACEMENT_3D( '', #2455, #2456, #2457 );
#1309 = EDGE_LOOP( '', ( #2458, #2459, #2460, #2461 ) );
#1310 = AXIS2_PLACEMENT_3D( '', #2462, #2463, #2464 );
#1311 = EDGE_LOOP( '', ( #2465, #2466, #2467, #2468, #2469 ) );
#1312 = AXIS2_PLACEMENT_3D( '', #2470, #2471, #2472 );
#1313 = EDGE_LOOP( '', ( #2473, #2474, #2475, #2476 ) );
#1314 = AXIS2_PLACEMENT_3D( '', #2477, #2478, #2479 );
#1315 = EDGE_LOOP( '', ( #2480, #2481, #2482, #2483 ) );
#1316 = AXIS2_PLACEMENT_3D( '', #2484, #2485, #2486 );
#1317 = EDGE_LOOP( '', ( #2487, #2488, #2489, #2490 ) );
#1318 = AXIS2_PLACEMENT_3D( '', #2491, #2492, #2493 );
#1319 = EDGE_LOOP( '', ( #2494, #2495, #2496, #2497, #2498 ) );
#1320 = AXIS2_PLACEMENT_3D( '', #2499, #2500, #2501 );
#1321 = EDGE_LOOP( '', ( #2502, #2503, #2504, #2505 ) );
#1322 = AXIS2_PLACEMENT_3D( '', #2506, #2507, #2508 );
#1323 = EDGE_LOOP( '', ( #2509, #2510, #2511, #2512 ) );
#1324 = AXIS2_PLACEMENT_3D( '', #2513, #2514, #2515 );
#1325 = EDGE_LOOP( '', ( #2516, #2517, #2518, #2519 ) );
#1326 = AXIS2_PLACEMENT_3D( '', #2520, #2521, #2522 );
#1327 = EDGE_LOOP( '', ( #2523, #2524, #2525, #2526 ) );
#1328 = AXIS2_PLACEMENT_3D( '', #2527, #2528, #2529 );
#1329 = EDGE_LOOP( '', ( #2530, #2531, #2532, #2533 ) );
#1330 = AXIS2_PLACEMENT_3D( '', #2534, #2535, #2536 );
#1331 = EDGE_LOOP( '', ( #2537, #2538, #2539, #2540 ) );
#1332 = AXIS2_PLACEMENT_3D( '', #2541, #2542, #2543 );
#1333 = EDGE_LOOP( '', ( #2544, #2545, #2546, #2547 ) );
#1334 = AXIS2_PLACEMENT_3D( '', #2548, #2549, #2550 );
#1335 = EDGE_LOOP( '', ( #2551, #2552, #2553 ) );
#1336 = AXIS2_PLACEMENT_3D( '', #2554, #2555, #2556 );
#1337 = EDGE_LOOP( '', ( #2557, #2558, #2559, #2560 ) );
#1338 = AXIS2_PLACEMENT_3D( '', #2561, #2562, #2563 );
#1339 = EDGE_LOOP( '', ( #2564, #2565, #2566, #2567 ) );
#1340 = AXIS2_PLACEMENT_3D( '', #2568, #2569, #2570 );
#1341 = EDGE_LOOP( '', ( #2571, #2572, #2573, #2574 ) );
#1342 = AXIS2_PLACEMENT_3D( '', #2575, #2576, #2577 );
#1343 = EDGE_LOOP( '', ( #2578, #2579, #2580, #2581, #2582, #2583, #2584 ) );
#1344 = AXIS2_PLACEMENT_3D( '', #2585, #2586, #2587 );
#1345 = EDGE_LOOP( '', ( #2588, #2589, #2590, #2591, #2592, #2593 ) );
#1346 = AXIS2_PLACEMENT_3D( '', #2594, #2595, #2596 );
#1347 = EDGE_LOOP( '', ( #2597, #2598, #2599, #2600, #2601 ) );
#1348 = AXIS2_PLACEMENT_3D( '', #2602, #2603, #2604 );
#1349 = EDGE_LOOP( '', ( #2605, #2606, #2607, #2608, #2609 ) );
#1350 = AXIS2_PLACEMENT_3D( '', #2610, #2611, #2612 );
#1351 = EDGE_LOOP( '', ( #2613, #2614, #2615, #2616, #2617, #2618, #2619 ) );
#1352 = AXIS2_PLACEMENT_3D( '', #2620, #2621, #2622 );
#1353 = EDGE_LOOP( '', ( #2623, #2624, #2625, #2626 ) );
#1354 = AXIS2_PLACEMENT_3D( '', #2627, #2628, #2629 );
#1355 = EDGE_LOOP( '', ( #2630 ) );
#1356 = EDGE_LOOP( '', ( #2631 ) );
#1357 = AXIS2_PLACEMENT_3D( '', #2632, #2633, #2634 );
#1358 = EDGE_LOOP( '', ( #2635, #2636, #2637, #2638 ) );
#1359 = AXIS2_PLACEMENT_3D( '', #2639, #2640, #2641 );
#1360 = EDGE_LOOP( '', ( #2642, #2643, #2644, #2645, #2646, #2647, #2648, #2649, #2650 ) );
#1361 = AXIS2_PLACEMENT_3D( '', #2651, #2652, #2653 );
#1362 = EDGE_LOOP( '', ( #2654, #2655, #2656, #2657, #2658, #2659, #2660 ) );
#1363 = AXIS2_PLACEMENT_3D( '', #2661, #2662, #2663 );
#1364 = EDGE_LOOP( '', ( #2664, #2665, #2666, #2667, #2668 ) );
#1365 = AXIS2_PLACEMENT_3D( '', #2669, #2670, #2671 );
#1366 = EDGE_LOOP( '', ( #2672, #2673, #2674 ) );
#1367 = AXIS2_PLACEMENT_3D( '', #2675, #2676, #2677 );
#1368 = EDGE_LOOP( '', ( #2678, #2679, #2680, #2681 ) );
#1369 = AXIS2_PLACEMENT_3D( '', #2682, #2683, #2684 );
#1370 = EDGE_LOOP( '', ( #2685, #2686, #2687, #2688, #2689, #2690, #2691, #2692, #2693, #2694, #2695, #2696, #2697, #2698, #2699, #2700 ) );
#1371 = AXIS2_PLACEMENT_3D( '', #2701, #2702, #2703 );
#1372 = EDGE_LOOP( '', ( #2704, #2705, #2706, #2707 ) );
#1373 = AXIS2_PLACEMENT_3D( '', #2708, #2709, #2710 );
#1374 = EDGE_LOOP( '', ( #2711, #2712, #2713, #2714 ) );
#1375 = AXIS2_PLACEMENT_3D( '', #2715, #2716, #2717 );
#1376 = EDGE_LOOP( '', ( #2718, #2719, #2720, #2721 ) );
#1377 = AXIS2_PLACEMENT_3D( '', #2722, #2723, #2724 );
#1378 = EDGE_LOOP( '', ( #2725, #2726, #2727 ) );
#1379 = AXIS2_PLACEMENT_3D( '', #2728, #2729, #2730 );
#1380 = EDGE_LOOP( '', ( #2731, #2732, #2733, #2734 ) );
#1381 = AXIS2_PLACEMENT_3D( '', #2735, #2736, #2737 );
#1382 = EDGE_LOOP( '', ( #2738, #2739, #2740, #2741 ) );
#1383 = AXIS2_PLACEMENT_3D( '', #2742, #2743, #2744 );
#1384 = EDGE_LOOP( '', ( #2745, #2746, #2747, #2748 ) );
#1385 = AXIS2_PLACEMENT_3D( '', #2749, #2750, #2751 );
#1386 = EDGE_LOOP( '', ( #2752, #2753, #2754, #2755 ) );
#1387 = AXIS2_PLACEMENT_3D( '', #2756, #2757, #2758 );
#1388 = EDGE_LOOP( '', ( #2759, #2760, #2761, #2762 ) );
#1389 = AXIS2_PLACEMENT_3D( '', #2763, #2764, #2765 );
#1390 = EDGE_LOOP( '', ( #2766, #2767, #2768, #2769 ) );
#1391 = AXIS2_PLACEMENT_3D( '', #2770, #2771, #2772 );
#1392 = EDGE_LOOP( '', ( #2773, #2774, #2775, #2776, #2777, #2778, #2779, #2780, #2781, #2782, #2783, #2784, #2785, #2786, #2787, #2788, #2789, #2790, #2791, #2792, #2793, #2794, #2795, #2796, #2797, #2798, #2799, #2800, #2801, #2802, #2803, #2804, #2805, #2806, #2807, #2808, #2809, #2810, #2811, #2812 ) );
#1393 = EDGE_LOOP( '', ( #2813 ) );
#1394 = AXIS2_PLACEMENT_3D( '', #2814, #2815, #2816 );
#1395 = EDGE_LOOP( '', ( #2817, #2818, #2819, #2820 ) );
#1396 = AXIS2_PLACEMENT_3D( '', #2821, #2822, #2823 );
#1397 = EDGE_LOOP( '', ( #2824, #2825, #2826, #2827 ) );
#1398 = AXIS2_PLACEMENT_3D( '', #2828, #2829, #2830 );
#1399 = EDGE_LOOP( '', ( #2831, #2832, #2833, #2834 ) );
#1400 = AXIS2_PLACEMENT_3D( '', #2835, #2836, #2837 );
#1401 = EDGE_LOOP( '', ( #2838, #2839, #2840, #2841 ) );
#1402 = AXIS2_PLACEMENT_3D( '', #2842, #2843, #2844 );
#1403 = EDGE_LOOP( '', ( #2845, #2846, #2847, #2848, #2849, #2850, #2851 ) );
#1404 = AXIS2_PLACEMENT_3D( '', #2852, #2853, #2854 );
#1405 = EDGE_LOOP( '', ( #2855, #2856, #2857, #2858 ) );
#1406 = AXIS2_PLACEMENT_3D( '', #2859, #2860, #2861 );
#1407 = EDGE_LOOP( '', ( #2862, #2863, #2864, #2865 ) );
#1408 = AXIS2_PLACEMENT_3D( '', #2866, #2867, #2868 );
#1409 = EDGE_LOOP( '', ( #2869, #2870, #2871, #2872, #2873, #2874, #2875 ) );
#1410 = AXIS2_PLACEMENT_3D( '', #2876, #2877, #2878 );
#1411 = EDGE_LOOP( '', ( #2879, #2880, #2881, #2882, #2883, #2884 ) );
#1412 = AXIS2_PLACEMENT_3D( '', #2885, #2886, #2887 );
#1413 = EDGE_LOOP( '', ( #2888, #2889, #2890, #2891, #2892, #2893, #2894 ) );
#1414 = AXIS2_PLACEMENT_3D( '', #2895, #2896, #2897 );
#1415 = EDGE_LOOP( '', ( #2898 ) );
#1416 = AXIS2_PLACEMENT_3D( '', #2899, #2900, #2901 );
#1417 = EDGE_LOOP( '', ( #2902, #2903, #2904, #2905, #2906, #2907, #2908, #2909, #2910 ) );
#1418 = AXIS2_PLACEMENT_3D( '', #2911, #2912, #2913 );
#1419 = EDGE_LOOP( '', ( #2914, #2915, #2916, #2917 ) );
#1420 = AXIS2_PLACEMENT_3D( '', #2918, #2919, #2920 );
#1421 = EDGE_LOOP( '', ( #2921, #2922, #2923, #2924, #2925, #2926, #2927, #2928, #2929 ) );
#1422 = AXIS2_PLACEMENT_3D( '', #2930, #2931, #2932 );
#1423 = EDGE_LOOP( '', ( #2933, #2934, #2935, #2936 ) );
#1424 = AXIS2_PLACEMENT_3D( '', #2937, #2938, #2939 );
#1425 = EDGE_LOOP( '', ( #2940, #2941, #2942, #2943, #2944 ) );
#1426 = AXIS2_PLACEMENT_3D( '', #2945, #2946, #2947 );
#1427 = EDGE_LOOP( '', ( #2948, #2949, #2950, #2951, #2952, #2953, #2954, #2955, #2956 ) );
#1428 = AXIS2_PLACEMENT_3D( '', #2957, #2958, #2959 );
#1429 = EDGE_LOOP( '', ( #2960, #2961, #2962, #2963 ) );
#1430 = AXIS2_PLACEMENT_3D( '', #2964, #2965, #2966 );
#1431 = EDGE_LOOP( '', ( #2967, #2968, #2969, #2970 ) );
#1432 = AXIS2_PLACEMENT_3D( '', #2971, #2972, #2973 );
#1433 = EDGE_LOOP( '', ( #2974, #2975, #2976, #2977, #2978, #2979, #2980, #2981, #2982 ) );
#1434 = AXIS2_PLACEMENT_3D( '', #2983, #2984, #2985 );
#1435 = EDGE_LOOP( '', ( #2986, #2987, #2988, #2989 ) );
#1436 = AXIS2_PLACEMENT_3D( '', #2990, #2991, #2992 );
#1437 = EDGE_LOOP( '', ( #2993, #2994, #2995, #2996, #2997 ) );
#1438 = AXIS2_PLACEMENT_3D( '', #2998, #2999, #3000 );
#1439 = EDGE_LOOP( '', ( #3001, #3002, #3003, #3004, #3005 ) );
#1440 = AXIS2_PLACEMENT_3D( '', #3006, #3007, #3008 );
#1441 = EDGE_LOOP( '', ( #3009, #3010, #3011, #3012 ) );
#1442 = AXIS2_PLACEMENT_3D( '', #3013, #3014, #3015 );
#1443 = EDGE_LOOP( '', ( #3016, #3017, #3018, #3019, #3020, #3021, #3022 ) );
#1444 = AXIS2_PLACEMENT_3D( '', #3023, #3024, #3025 );
#1445 = EDGE_LOOP( '', ( #3026, #3027, #3028, #3029 ) );
#1446 = AXIS2_PLACEMENT_3D( '', #3030, #3031, #3032 );
#1447 = EDGE_LOOP( '', ( #3033, #3034, #3035, #3036, #3037, #3038, #3039, #3040, #3041, #3042, #3043, #3044, #3045, #3046, #3047, #3048, #3049, #3050 ) );
#1448 = AXIS2_PLACEMENT_3D( '', #3051, #3052, #3053 );
#1449 = EDGE_LOOP( '', ( #3054, #3055, #3056, #3057, #3058, #3059, #3060, #3061 ) );
#1450 = AXIS2_PLACEMENT_3D( '', #3062, #3063, #3064 );
#1451 = EDGE_LOOP( '', ( #3065, #3066, #3067, #3068, #3069, #3070, #3071, #3072, #3073, #3074 ) );
#1452 = AXIS2_PLACEMENT_3D( '', #3075, #3076, #3077 );
#1453 = EDGE_LOOP( '', ( #3078, #3079, #3080, #3081, #3082, #3083, #3084, #3085, #3086, #3087 ) );
#1454 = AXIS2_PLACEMENT_3D( '', #3088, #3089, #3090 );
#1455 = EDGE_LOOP( '', ( #3091, #3092, #3093, #3094 ) );
#1456 = AXIS2_PLACEMENT_3D( '', #3095, #3096, #3097 );
#1457 = EDGE_LOOP( '', ( #3098, #3099, #3100, #3101, #3102 ) );
#1458 = AXIS2_PLACEMENT_3D( '', #3103, #3104, #3105 );
#1459 = EDGE_LOOP( '', ( #3106, #3107, #3108, #3109, #3110, #3111, #3112 ) );
#1460 = AXIS2_PLACEMENT_3D( '', #3113, #3114, #3115 );
#1461 = EDGE_LOOP( '', ( #3116, #3117, #3118, #3119 ) );
#1462 = AXIS2_PLACEMENT_3D( '', #3120, #3121, #3122 );
#1463 = EDGE_LOOP( '', ( #3123, #3124, #3125, #3126 ) );
#1464 = AXIS2_PLACEMENT_3D( '', #3127, #3128, #3129 );
#1465 = EDGE_LOOP( '', ( #3130, #3131, #3132, #3133 ) );
#1466 = AXIS2_PLACEMENT_3D( '', #3134, #3135, #3136 );
#1467 = EDGE_LOOP( '', ( #3137, #3138, #3139, #3140 ) );
#1468 = AXIS2_PLACEMENT_3D( '', #3141, #3142, #3143 );
#1469 = EDGE_LOOP( '', ( #3144, #3145, #3146, #3147 ) );
#1470 = AXIS2_PLACEMENT_3D( '', #3148, #3149, #3150 );
#1471 = EDGE_LOOP( '', ( #3151, #3152, #3153, #3154 ) );
#1472 = AXIS2_PLACEMENT_3D( '', #3155, #3156, #3157 );
#1473 = EDGE_LOOP( '', ( #3158, #3159, #3160, #3161 ) );
#1474 = AXIS2_PLACEMENT_3D( '', #3162, #3163, #3164 );
#1475 = EDGE_LOOP( '', ( #3165, #3166, #3167, #3168 ) );
#1476 = AXIS2_PLACEMENT_3D( '', #3169, #3170, #3171 );
#1477 = EDGE_LOOP( '', ( #3172, #3173, #3174, #3175 ) );
#1478 = AXIS2_PLACEMENT_3D( '', #3176, #3177, #3178 );
#1479 = EDGE_LOOP( '', ( #3179, #3180, #3181, #3182 ) );
#1480 = AXIS2_PLACEMENT_3D( '', #3183, #3184, #3185 );
#1481 = EDGE_LOOP( '', ( #3186, #3187, #3188, #3189 ) );
#1482 = AXIS2_PLACEMENT_3D( '', #3190, #3191, #3192 );
#1483 = EDGE_LOOP( '', ( #3193 ) );
#1484 = EDGE_LOOP( '', ( #3194, #3195, #3196, #3197, #3198, #3199, #3200, #3201 ) );
#1485 = AXIS2_PLACEMENT_3D( '', #3202, #3203, #3204 );
#1486 = EDGE_LOOP( '', ( #3205, #3206, #3207, #3208 ) );
#1487 = AXIS2_PLACEMENT_3D( '', #3209, #3210, #3211 );
#1488 = EDGE_LOOP( '', ( #3212, #3213, #3214, #3215 ) );
#1489 = AXIS2_PLACEMENT_3D( '', #3216, #3217, #3218 );
#1490 = EDGE_LOOP( '', ( #3219, #3220, #3221, #3222 ) );
#1491 = AXIS2_PLACEMENT_3D( '', #3223, #3224, #3225 );
#1492 = EDGE_LOOP( '', ( #3226, #3227, #3228, #3229 ) );
#1493 = AXIS2_PLACEMENT_3D( '', #3230, #3231, #3232 );
#1494 = EDGE_LOOP( '', ( #3233, #3234, #3235, #3236 ) );
#1495 = AXIS2_PLACEMENT_3D( '', #3237, #3238, #3239 );
#1496 = EDGE_LOOP( '', ( #3240, #3241, #3242, #3243, #3244, #3245, #3246, #3247, #3248, #3249, #3250, #3251 ) );
#1497 = AXIS2_PLACEMENT_3D( '', #3252, #3253, #3254 );
#1498 = EDGE_LOOP( '', ( #3255, #3256, #3257, #3258 ) );
#1499 = AXIS2_PLACEMENT_3D( '', #3259, #3260, #3261 );
#1500 = EDGE_LOOP( '', ( #3262, #3263, #3264, #3265 ) );
#1501 = AXIS2_PLACEMENT_3D( '', #3266, #3267, #3268 );
#1502 = EDGE_LOOP( '', ( #3269, #3270, #3271, #3272 ) );
#1503 = AXIS2_PLACEMENT_3D( '', #3273, #3274, #3275 );
#1504 = EDGE_LOOP( '', ( #3276, #3277, #3278, #3279 ) );
#1505 = AXIS2_PLACEMENT_3D( '', #3280, #3281, #3282 );
#1506 = EDGE_LOOP( '', ( #3283, #3284, #3285, #3286 ) );
#1507 = AXIS2_PLACEMENT_3D( '', #3287, #3288, #3289 );
#1508 = EDGE_LOOP( '', ( #3290, #3291, #3292, #3293, #3294 ) );
#1509 = AXIS2_PLACEMENT_3D( '', #3295, #3296, #3297 );
#1510 = EDGE_LOOP( '', ( #3298, #3299, #3300, #3301 ) );
#1511 = AXIS2_PLACEMENT_3D( '', #3302, #3303, #3304 );
#1512 = EDGE_LOOP( '', ( #3305, #3306, #3307, #3308, #3309 ) );
#1513 = AXIS2_PLACEMENT_3D( '', #3310, #3311, #3312 );
#1514 = EDGE_LOOP( '', ( #3313, #3314, #3315, #3316 ) );
#1515 = AXIS2_PLACEMENT_3D( '', #3317, #3318, #3319 );
#1516 = EDGE_LOOP( '', ( #3320, #3321, #3322, #3323, #3324, #3325, #3326, #3327, #3328, #3329 ) );
#1517 = AXIS2_PLACEMENT_3D( '', #3330, #3331, #3332 );
#1518 = EDGE_LOOP( '', ( #3333, #3334, #3335, #3336 ) );
#1519 = AXIS2_PLACEMENT_3D( '', #3337, #3338, #3339 );
#1520 = EDGE_LOOP( '', ( #3340, #3341, #3342, #3343, #3344 ) );
#1521 = AXIS2_PLACEMENT_3D( '', #3345, #3346, #3347 );
#1522 = EDGE_LOOP( '', ( #3348, #3349, #3350, #3351, #3352, #3353, #3354, #3355, #3356, #3357, #3358, #3359, #3360, #3361, #3362, #3363, #3364, #3365 ) );
#1523 = AXIS2_PLACEMENT_3D( '', #3366, #3367, #3368 );
#1524 = EDGE_LOOP( '', ( #3369, #3370, #3371, #3372, #3373, #3374, #3375, #3376 ) );
#1525 = AXIS2_PLACEMENT_3D( '', #3377, #3378, #3379 );
#1526 = EDGE_LOOP( '', ( #3380, #3381, #3382, #3383, #3384, #3385, #3386, #3387, #3388, #3389 ) );
#1527 = AXIS2_PLACEMENT_3D( '', #3390, #3391, #3392 );
#1528 = EDGE_LOOP( '', ( #3393, #3394, #3395, #3396 ) );
#1529 = AXIS2_PLACEMENT_3D( '', #3397, #3398, #3399 );
#1530 = EDGE_LOOP( '', ( #3400, #3401, #3402, #3403 ) );
#1531 = AXIS2_PLACEMENT_3D( '', #3404, #3405, #3406 );
#1532 = EDGE_LOOP( '', ( #3407, #3408, #3409, #3410 ) );
#1533 = AXIS2_PLACEMENT_3D( '', #3411, #3412, #3413 );
#1534 = EDGE_LOOP( '', ( #3414, #3415, #3416, #3417 ) );
#1535 = AXIS2_PLACEMENT_3D( '', #3418, #3419, #3420 );
#1536 = EDGE_LOOP( '', ( #3421, #3422, #3423, #3424 ) );
#1537 = AXIS2_PLACEMENT_3D( '', #3425, #3426, #3427 );
#1538 = EDGE_LOOP( '', ( #3428, #3429, #3430, #3431 ) );
#1539 = AXIS2_PLACEMENT_3D( '', #3432, #3433, #3434 );
#1540 = EDGE_LOOP( '', ( #3435, #3436, #3437, #3438 ) );
#1541 = AXIS2_PLACEMENT_3D( '', #3439, #3440, #3441 );
#1542 = EDGE_LOOP( '', ( #3442, #3443, #3444, #3445 ) );
#1543 = AXIS2_PLACEMENT_3D( '', #3446, #3447, #3448 );
#1544 = EDGE_LOOP( '', ( #3449, #3450, #3451, #3452 ) );
#1545 = AXIS2_PLACEMENT_3D( '', #3453, #3454, #3455 );
#1546 = EDGE_LOOP( '', ( #3456, #3457, #3458, #3459 ) );
#1547 = AXIS2_PLACEMENT_3D( '', #3460, #3461, #3462 );
#1548 = EDGE_LOOP( '', ( #3463, #3464, #3465, #3466 ) );
#1549 = AXIS2_PLACEMENT_3D( '', #3467, #3468, #3469 );
#1550 = EDGE_LOOP( '', ( #3470, #3471, #3472, #3473 ) );
#1551 = AXIS2_PLACEMENT_3D( '', #3474, #3475, #3476 );
#1552 = EDGE_LOOP( '', ( #3477, #3478, #3479, #3480 ) );
#1553 = AXIS2_PLACEMENT_3D( '', #3481, #3482, #3483 );
#1554 = EDGE_LOOP( '', ( #3484, #3485, #3486, #3487 ) );
#1555 = AXIS2_PLACEMENT_3D( '', #3488, #3489, #3490 );
#1556 = EDGE_LOOP( '', ( #3491, #3492, #3493, #3494 ) );
#1557 = AXIS2_PLACEMENT_3D( '', #3495, #3496, #3497 );
#1558 = EDGE_LOOP( '', ( #3498 ) );
#1559 = EDGE_LOOP( '', ( #3499 ) );
#1560 = AXIS2_PLACEMENT_3D( '', #3500, #3501, #3502 );
#1561 = EDGE_LOOP( '', ( #3503, #3504, #3505, #3506 ) );
#1562 = AXIS2_PLACEMENT_3D( '', #3507, #3508, #3509 );
#1563 = EDGE_LOOP( '', ( #3510, #3511, #3512, #3513, #3514 ) );
#1564 = AXIS2_PLACEMENT_3D( '', #3515, #3516, #3517 );
#1565 = EDGE_LOOP( '', ( #3518, #3519, #3520, #3521 ) );
#1566 = AXIS2_PLACEMENT_3D( '', #3522, #3523, #3524 );
#1567 = EDGE_LOOP( '', ( #3525, #3526, #3527, #3528 ) );
#1568 = AXIS2_PLACEMENT_3D( '', #3529, #3530, #3531 );
#1569 = EDGE_LOOP( '', ( #3532, #3533, #3534, #3535 ) );
#1570 = AXIS2_PLACEMENT_3D( '', #3536, #3537, #3538 );
#1571 = EDGE_LOOP( '', ( #3539, #3540, #3541, #3542 ) );
#1572 = AXIS2_PLACEMENT_3D( '', #3543, #3544, #3545 );
#1573 = EDGE_LOOP( '', ( #3546, #3547, #3548, #3549 ) );
#1574 = AXIS2_PLACEMENT_3D( '', #3550, #3551, #3552 );
#1575 = EDGE_LOOP( '', ( #3553, #3554, #3555, #3556 ) );
#1576 = AXIS2_PLACEMENT_3D( '', #3557, #3558, #3559 );
#1577 = EDGE_LOOP( '', ( #3560, #3561, #3562, #3563 ) );
#1578 = AXIS2_PLACEMENT_3D( '', #3564, #3565, #3566 );
#1579 = EDGE_LOOP( '', ( #3567, #3568, #3569, #3570, #3571, #3572, #3573, #3574 ) );
#1580 = AXIS2_PLACEMENT_3D( '', #3575, #3576, #3577 );
#1581 = EDGE_LOOP( '', ( #3578, #3579, #3580, #3581, #3582, #3583, #3584, #3585, #3586, #3587, #3588, #3589, #3590, #3591, #3592, #3593, #3594, #3595, #3596, #3597, #3598, #3599, #3600, #3601, #3602, #3603, #3604, #3605, #3606, #3607, #3608, #3609, #3610, #3611, #3612, #3613, #3614, #3615, #3616, #3617, #3618, #3619, #3620, #3621 ) );
#1582 = EDGE_LOOP( '', ( #3622 ) );
#1583 = AXIS2_PLACEMENT_3D( '', #3623, #3624, #3625 );
#1584 = EDGE_LOOP( '', ( #3626, #3627, #3628, #3629 ) );
#1585 = AXIS2_PLACEMENT_3D( '', #3630, #3631, #3632 );
#1586 = EDGE_LOOP( '', ( #3633, #3634, #3635, #3636, #3637, #3638, #3639, #3640, #3641, #3642, #3643, #3644, #3645, #3646, #3647, #3648, #3649, #3650, #3651, #3652, #3653, #3654, #3655, #3656, #3657, #3658, #3659, #3660, #3661, #3662, #3663, #3664, #3665, #3666 ) );
#1587 = EDGE_LOOP( '', ( #3667, #3668, #3669, #3670, #3671, #3672, #3673, #3674, #3675, #3676, #3677, #3678, #3679, #3680, #3681, #3682 ) );
#1588 = EDGE_LOOP( '', ( #3683, #3684, #3685, #3686, #3687, #3688, #3689, #3690, #3691, #3692, #3693, #3694, #3695, #3696, #3697, #3698 ) );
#1589 = AXIS2_PLACEMENT_3D( '', #3699, #3700, #3701 );
#1590 = EDGE_LOOP( '', ( #3702, #3703, #3704, #3705, #3706 ) );
#1591 = AXIS2_PLACEMENT_3D( '', #3707, #3708, #3709 );
#1592 = EDGE_LOOP( '', ( #3710, #3711, #3712, #3713 ) );
#1593 = AXIS2_PLACEMENT_3D( '', #3714, #3715, #3716 );
#1594 = EDGE_LOOP( '', ( #3717, #3718, #3719, #3720 ) );
#1595 = AXIS2_PLACEMENT_3D( '', #3721, #3722, #3723 );
#1596 = EDGE_LOOP( '', ( #3724, #3725, #3726, #3727 ) );
#1597 = AXIS2_PLACEMENT_3D( '', #3728, #3729, #3730 );
#1598 = EDGE_LOOP( '', ( #3731, #3732, #3733, #3734 ) );
#1599 = AXIS2_PLACEMENT_3D( '', #3735, #3736, #3737 );
#1600 = EDGE_LOOP( '', ( #3738 ) );
#1601 = EDGE_LOOP( '', ( #3739 ) );
#1602 = AXIS2_PLACEMENT_3D( '', #3740, #3741, #3742 );
#1603 = EDGE_LOOP( '', ( #3743, #3744, #3745, #3746 ) );
#1604 = AXIS2_PLACEMENT_3D( '', #3747, #3748, #3749 );
#1605 = EDGE_LOOP( '', ( #3750, #3751, #3752, #3753 ) );
#1606 = AXIS2_PLACEMENT_3D( '', #3754, #3755, #3756 );
#1607 = EDGE_LOOP( '', ( #3757, #3758, #3759, #3760 ) );
#1608 = AXIS2_PLACEMENT_3D( '', #3761, #3762, #3763 );
#1609 = EDGE_LOOP( '', ( #3764, #3765, #3766, #3767 ) );
#1610 = AXIS2_PLACEMENT_3D( '', #3768, #3769, #3770 );
#1611 = EDGE_LOOP( '', ( #3771, #3772, #3773, #3774, #3775, #3776, #3777, #3778, #3779, #3780 ) );
#1612 = AXIS2_PLACEMENT_3D( '', #3781, #3782, #3783 );
#1613 = EDGE_LOOP( '', ( #3784, #3785, #3786, #3787 ) );
#1614 = AXIS2_PLACEMENT_3D( '', #3788, #3789, #3790 );
#1615 = EDGE_LOOP( '', ( #3791, #3792, #3793, #3794 ) );
#1616 = AXIS2_PLACEMENT_3D( '', #3795, #3796, #3797 );
#1617 = EDGE_LOOP( '', ( #3798, #3799, #3800, #3801 ) );
#1618 = AXIS2_PLACEMENT_3D( '', #3802, #3803, #3804 );
#1619 = EDGE_LOOP( '', ( #3805, #3806, #3807, #3808, #3809, #3810, #3811, #3812 ) );
#1620 = AXIS2_PLACEMENT_3D( '', #3813, #3814, #3815 );
#1621 = EDGE_LOOP( '', ( #3816 ) );
#1622 = AXIS2_PLACEMENT_3D( '', #3817, #3818, #3819 );
#1623 = EDGE_LOOP( '', ( #3820, #3821, #3822, #3823 ) );
#1624 = AXIS2_PLACEMENT_3D( '', #3824, #3825, #3826 );
#1625 = EDGE_LOOP( '', ( #3827, #3828, #3829, #3830 ) );
#1626 = AXIS2_PLACEMENT_3D( '', #3831, #3832, #3833 );
#1627 = EDGE_LOOP( '', ( #3834, #3835, #3836, #3837 ) );
#1628 = AXIS2_PLACEMENT_3D( '', #3838, #3839, #3840 );
#1629 = EDGE_LOOP( '', ( #3841, #3842, #3843, #3844 ) );
#1630 = AXIS2_PLACEMENT_3D( '', #3845, #3846, #3847 );
#1631 = EDGE_LOOP( '', ( #3848, #3849, #3850, #3851 ) );
#1632 = AXIS2_PLACEMENT_3D( '', #3852, #3853, #3854 );
#1633 = EDGE_LOOP( '', ( #3855, #3856, #3857, #3858, #3859 ) );
#1634 = AXIS2_PLACEMENT_3D( '', #3860, #3861, #3862 );
#1635 = EDGE_LOOP( '', ( #3863 ) );
#1636 = EDGE_LOOP( '', ( #3864 ) );
#1637 = AXIS2_PLACEMENT_3D( '', #3865, #3866, #3867 );
#1638 = EDGE_LOOP( '', ( #3868, #3869, #3870 ) );
#1639 = AXIS2_PLACEMENT_3D( '', #3871, #3872, #3873 );
#1640 = EDGE_LOOP( '', ( #3874 ) );
#1641 = EDGE_LOOP( '', ( #3875 ) );
#1642 = AXIS2_PLACEMENT_3D( '', #3876, #3877, #3878 );
#1643 = EDGE_LOOP( '', ( #3879 ) );
#1644 = EDGE_LOOP( '', ( #3880 ) );
#1645 = AXIS2_PLACEMENT_3D( '', #3881, #3882, #3883 );
#1646 = EDGE_LOOP( '', ( #3884 ) );
#1647 = EDGE_LOOP( '', ( #3885 ) );
#1648 = AXIS2_PLACEMENT_3D( '', #3886, #3887, #3888 );
#1649 = EDGE_LOOP( '', ( #3889, #3890, #3891, #3892 ) );
#1650 = AXIS2_PLACEMENT_3D( '', #3893, #3894, #3895 );
#1651 = EDGE_LOOP( '', ( #3896 ) );
#1652 = AXIS2_PLACEMENT_3D( '', #3897, #3898, #3899 );
#1653 = EDGE_LOOP( '', ( #3900, #3901, #3902, #3903, #3904 ) );
#1654 = AXIS2_PLACEMENT_3D( '', #3905, #3906, #3907 );
#1655 = EDGE_LOOP( '', ( #3908, #3909, #3910, #3911 ) );
#1656 = AXIS2_PLACEMENT_3D( '', #3912, #3913, #3914 );
#1657 = EDGE_LOOP( '', ( #3915, #3916, #3917, #3918 ) );
#1658 = AXIS2_PLACEMENT_3D( '', #3919, #3920, #3921 );
#1659 = EDGE_LOOP( '', ( #3922, #3923, #3924, #3925 ) );
#1660 = AXIS2_PLACEMENT_3D( '', #3926, #3927, #3928 );
#1661 = EDGE_LOOP( '', ( #3929, #3930, #3931, #3932, #3933, #3934, #3935, #3936, #3937, #3938, #3939, #3940, #3941, #3942, #3943, #3944, #3945, #3946, #3947, #3948, #3949, #3950, #3951, #3952, #3953, #3954, #3955, #3956, #3957, #3958, #3959, #3960, #3961, #3962, #3963, #3964, #3965, #3966, #3967, #3968 ) );
#1662 = AXIS2_PLACEMENT_3D( '', #3969, #3970, #3971 );
#1663 = EDGE_LOOP( '', ( #3972, #3973, #3974, #3975 ) );
#1664 = AXIS2_PLACEMENT_3D( '', #3976, #3977, #3978 );
#1665 = EDGE_LOOP( '', ( #3979, #3980, #3981, #3982 ) );
#1666 = AXIS2_PLACEMENT_3D( '', #3983, #3984, #3985 );
#1667 = EDGE_LOOP( '', ( #3986, #3987, #3988, #3989 ) );
#1668 = AXIS2_PLACEMENT_3D( '', #3990, #3991, #3992 );
#1669 = EDGE_LOOP( '', ( #3993, #3994, #3995, #3996 ) );
#1670 = AXIS2_PLACEMENT_3D( '', #3997, #3998, #3999 );
#1671 = EDGE_LOOP( '', ( #4000, #4001, #4002, #4003 ) );
#1672 = AXIS2_PLACEMENT_3D( '', #4004, #4005, #4006 );
#1673 = EDGE_LOOP( '', ( #4007, #4008, #4009, #4010 ) );
#1674 = AXIS2_PLACEMENT_3D( '', #4011, #4012, #4013 );
#1675 = EDGE_LOOP( '', ( #4014, #4015, #4016 ) );
#1676 = AXIS2_PLACEMENT_3D( '', #4017, #4018, #4019 );
#1677 = EDGE_LOOP( '', ( #4020, #4021, #4022, #4023 ) );
#1678 = AXIS2_PLACEMENT_3D( '', #4024, #4025, #4026 );
#1679 = EDGE_LOOP( '', ( #4027, #4028, #4029, #4030 ) );
#1680 = AXIS2_PLACEMENT_3D( '', #4031, #4032, #4033 );
#1681 = EDGE_LOOP( '', ( #4034, #4035, #4036, #4037 ) );
#1682 = AXIS2_PLACEMENT_3D( '', #4038, #4039, #4040 );
#1683 = EDGE_LOOP( '', ( #4041, #4042, #4043, #4044 ) );
#1684 = AXIS2_PLACEMENT_3D( '', #4045, #4046, #4047 );
#1685 = EDGE_LOOP( '', ( #4048, #4049, #4050, #4051 ) );
#1686 = AXIS2_PLACEMENT_3D( '', #4052, #4053, #4054 );
#1687 = EDGE_LOOP( '', ( #4055, #4056, #4057, #4058, #4059 ) );
#1688 = AXIS2_PLACEMENT_3D( '', #4060, #4061, #4062 );
#1689 = EDGE_LOOP( '', ( #4063, #4064, #4065, #4066 ) );
#1690 = AXIS2_PLACEMENT_3D( '', #4067, #4068, #4069 );
#1691 = EDGE_LOOP( '', ( #4070, #4071, #4072, #4073 ) );
#1692 = AXIS2_PLACEMENT_3D( '', #4074, #4075, #4076 );
#1693 = EDGE_LOOP( '', ( #4077, #4078, #4079, #4080 ) );
#1694 = AXIS2_PLACEMENT_3D( '', #4081, #4082, #4083 );
#1695 = EDGE_LOOP( '', ( #4084, #4085, #4086, #4087 ) );
#1696 = AXIS2_PLACEMENT_3D( '', #4088, #4089, #4090 );
#1697 = EDGE_LOOP( '', ( #4091, #4092, #4093, #4094 ) );
#1698 = AXIS2_PLACEMENT_3D( '', #4095, #4096, #4097 );
#1699 = EDGE_LOOP( '', ( #4098, #4099, #4100, #4101, #4102, #4103, #4104, #4105, #4106 ) );
#1700 = AXIS2_PLACEMENT_3D( '', #4107, #4108, #4109 );
#1701 = EDGE_LOOP( '', ( #4110, #4111, #4112, #4113, #4114, #4115, #4116, #4117, #4118 ) );
#1702 = AXIS2_PLACEMENT_3D( '', #4119, #4120, #4121 );
#1703 = EDGE_LOOP( '', ( #4122, #4123, #4124, #4125 ) );
#1704 = AXIS2_PLACEMENT_3D( '', #4126, #4127, #4128 );
#1705 = EDGE_LOOP( '', ( #4129, #4130, #4131, #4132, #4133 ) );
#1706 = AXIS2_PLACEMENT_3D( '', #4134, #4135, #4136 );
#1707 = EDGE_LOOP( '', ( #4137, #4138, #4139 ) );
#1708 = AXIS2_PLACEMENT_3D( '', #4140, #4141, #4142 );
#1709 = EDGE_LOOP( '', ( #4143, #4144, #4145, #4146 ) );
#1710 = AXIS2_PLACEMENT_3D( '', #4147, #4148, #4149 );
#1711 = EDGE_LOOP( '', ( #4150, #4151, #4152, #4153 ) );
#1712 = AXIS2_PLACEMENT_3D( '', #4154, #4155, #4156 );
#1713 = EDGE_LOOP( '', ( #4157, #4158, #4159, #4160, #4161, #4162, #4163, #4164 ) );
#1714 = AXIS2_PLACEMENT_3D( '', #4165, #4166, #4167 );
#1715 = EDGE_LOOP( '', ( #4168, #4169, #4170, #4171 ) );
#1716 = AXIS2_PLACEMENT_3D( '', #4172, #4173, #4174 );
#1717 = EDGE_LOOP( '', ( #4175, #4176, #4177, #4178 ) );
#1718 = AXIS2_PLACEMENT_3D( '', #4179, #4180, #4181 );
#1719 = EDGE_LOOP( '', ( #4182, #4183, #4184, #4185, #4186 ) );
#1720 = AXIS2_PLACEMENT_3D( '', #4187, #4188, #4189 );
#1721 = EDGE_LOOP( '', ( #4190, #4191, #4192, #4193, #4194 ) );
#1722 = AXIS2_PLACEMENT_3D( '', #4195, #4196, #4197 );
#1723 = EDGE_LOOP( '', ( #4198, #4199, #4200, #4201, #4202, #4203, #4204 ) );
#1724 = AXIS2_PLACEMENT_3D( '', #4205, #4206, #4207 );
#1725 = EDGE_LOOP( '', ( #4208, #4209, #4210, #4211 ) );
#1726 = AXIS2_PLACEMENT_3D( '', #4212, #4213, #4214 );
#1727 = EDGE_LOOP( '', ( #4215, #4216, #4217, #4218 ) );
#1728 = AXIS2_PLACEMENT_3D( '', #4219, #4220, #4221 );
#1729 = EDGE_LOOP( '', ( #4222, #4223, #4224, #4225 ) );
#1730 = AXIS2_PLACEMENT_3D( '', #4226, #4227, #4228 );
#1731 = EDGE_LOOP( '', ( #4229, #4230, #4231, #4232, #4233 ) );
#1732 = AXIS2_PLACEMENT_3D( '', #4234, #4235, #4236 );
#1733 = EDGE_LOOP( '', ( #4237, #4238, #4239, #4240 ) );
#1734 = AXIS2_PLACEMENT_3D( '', #4241, #4242, #4243 );
#1735 = EDGE_LOOP( '', ( #4244, #4245, #4246, #4247, #4248, #4249, #4250, #4251, #4252, #4253, #4254, #4255, #4256, #4257, #4258, #4259, #4260, #4261, #4262, #4263 ) );
#1736 = EDGE_LOOP( '', ( #4264 ) );
#1737 = AXIS2_PLACEMENT_3D( '', #4265, #4266, #4267 );
#1738 = EDGE_LOOP( '', ( #4268, #4269, #4270, #4271 ) );
#1739 = AXIS2_PLACEMENT_3D( '', #4272, #4273, #4274 );
#1740 = EDGE_LOOP( '', ( #4275, #4276, #4277, #4278 ) );
#1741 = AXIS2_PLACEMENT_3D( '', #4279, #4280, #4281 );
#1742 = EDGE_LOOP( '', ( #4282, #4283, #4284, #4285, #4286, #4287, #4288, #4289 ) );
#1743 = AXIS2_PLACEMENT_3D( '', #4290, #4291, #4292 );
#1744 = EDGE_LOOP( '', ( #4293, #4294, #4295, #4296 ) );
#1745 = AXIS2_PLACEMENT_3D( '', #4297, #4298, #4299 );
#1746 = EDGE_LOOP( '', ( #4300, #4301, #4302, #4303, #4304, #4305, #4306, #4307 ) );
#1747 = AXIS2_PLACEMENT_3D( '', #4308, #4309, #4310 );
#1748 = EDGE_LOOP( '', ( #4311, #4312, #4313, #4314, #4315, #4316, #4317, #4318 ) );
#1749 = AXIS2_PLACEMENT_3D( '', #4319, #4320, #4321 );
#1750 = EDGE_LOOP( '', ( #4322, #4323, #4324, #4325 ) );
#1751 = AXIS2_PLACEMENT_3D( '', #4326, #4327, #4328 );
#1752 = EDGE_LOOP( '', ( #4329, #4330, #4331, #4332 ) );
#1753 = AXIS2_PLACEMENT_3D( '', #4333, #4334, #4335 );
#1754 = EDGE_LOOP( '', ( #4336, #4337, #4338, #4339, #4340, #4341, #4342, #4343 ) );
#1755 = AXIS2_PLACEMENT_3D( '', #4344, #4345, #4346 );
#1756 = EDGE_LOOP( '', ( #4347, #4348, #4349, #4350 ) );
#1757 = AXIS2_PLACEMENT_3D( '', #4351, #4352, #4353 );
#1758 = EDGE_LOOP( '', ( #4354, #4355, #4356, #4357 ) );
#1759 = AXIS2_PLACEMENT_3D( '', #4358, #4359, #4360 );
#1760 = EDGE_LOOP( '', ( #4361, #4362, #4363, #4364, #4365 ) );
#1761 = AXIS2_PLACEMENT_3D( '', #4366, #4367, #4368 );
#1762 = EDGE_LOOP( '', ( #4369, #4370, #4371 ) );
#1763 = AXIS2_PLACEMENT_3D( '', #4372, #4373, #4374 );
#1764 = EDGE_LOOP( '', ( #4375, #4376, #4377, #4378 ) );
#1765 = AXIS2_PLACEMENT_3D( '', #4379, #4380, #4381 );
#1766 = EDGE_LOOP( '', ( #4382, #4383, #4384, #4385 ) );
#1767 = AXIS2_PLACEMENT_3D( '', #4386, #4387, #4388 );
#1768 = EDGE_LOOP( '', ( #4389, #4390, #4391, #4392 ) );
#1769 = AXIS2_PLACEMENT_3D( '', #4393, #4394, #4395 );
#1770 = EDGE_LOOP( '', ( #4396, #4397, #4398, #4399, #4400 ) );
#1771 = AXIS2_PLACEMENT_3D( '', #4401, #4402, #4403 );
#1772 = EDGE_LOOP( '', ( #4404, #4405, #4406, #4407 ) );
#1773 = AXIS2_PLACEMENT_3D( '', #4408, #4409, #4410 );
#1774 = EDGE_LOOP( '', ( #4411, #4412, #4413, #4414, #4415, #4416, #4417, #4418, #4419, #4420, #4421, #4422 ) );
#1775 = AXIS2_PLACEMENT_3D( '', #4423, #4424, #4425 );
#1776 = EDGE_LOOP( '', ( #4426, #4427, #4428, #4429, #4430, #4431, #4432, #4433, #4434, #4435, #4436, #4437 ) );
#1777 = AXIS2_PLACEMENT_3D( '', #4438, #4439, #4440 );
#1778 = EDGE_LOOP( '', ( #4441, #4442, #4443, #4444 ) );
#1779 = AXIS2_PLACEMENT_3D( '', #4445, #4446, #4447 );
#1780 = EDGE_LOOP( '', ( #4448, #4449, #4450, #4451, #4452, #4453, #4454, #4455, #4456, #4457, #4458, #4459 ) );
#1781 = AXIS2_PLACEMENT_3D( '', #4460, #4461, #4462 );
#1782 = EDGE_LOOP( '', ( #4463, #4464, #4465, #4466 ) );
#1783 = AXIS2_PLACEMENT_3D( '', #4467, #4468, #4469 );
#1784 = EDGE_LOOP( '', ( #4470, #4471, #4472, #4473 ) );
#1785 = AXIS2_PLACEMENT_3D( '', #4474, #4475, #4476 );
#1786 = EDGE_LOOP( '', ( #4477, #4478, #4479, #4480 ) );
#1787 = AXIS2_PLACEMENT_3D( '', #4481, #4482, #4483 );
#1788 = EDGE_LOOP( '', ( #4484, #4485, #4486 ) );
#1789 = AXIS2_PLACEMENT_3D( '', #4487, #4488, #4489 );
#1790 = EDGE_LOOP( '', ( #4490, #4491, #4492, #4493, #4494 ) );
#1791 = AXIS2_PLACEMENT_3D( '', #4495, #4496, #4497 );
#1792 = EDGE_LOOP( '', ( #4498, #4499, #4500 ) );
#1793 = AXIS2_PLACEMENT_3D( '', #4501, #4502, #4503 );
#1794 = EDGE_LOOP( '', ( #4504, #4505, #4506, #4507 ) );
#1795 = AXIS2_PLACEMENT_3D( '', #4508, #4509, #4510 );
#1796 = EDGE_LOOP( '', ( #4511, #4512, #4513, #4514 ) );
#1797 = AXIS2_PLACEMENT_3D( '', #4515, #4516, #4517 );
#1798 = EDGE_LOOP( '', ( #4518, #4519, #4520, #4521, #4522, #4523, #4524 ) );
#1799 = AXIS2_PLACEMENT_3D( '', #4525, #4526, #4527 );
#1800 = EDGE_LOOP( '', ( #4528, #4529, #4530, #4531 ) );
#1801 = AXIS2_PLACEMENT_3D( '', #4532, #4533, #4534 );
#1802 = EDGE_LOOP( '', ( #4535, #4536, #4537, #4538 ) );
#1803 = AXIS2_PLACEMENT_3D( '', #4539, #4540, #4541 );
#1804 = EDGE_LOOP( '', ( #4542, #4543, #4544, #4545 ) );
#1805 = AXIS2_PLACEMENT_3D( '', #4546, #4547, #4548 );
#1806 = EDGE_LOOP( '', ( #4549 ) );
#1807 = EDGE_LOOP( '', ( #4550, #4551, #4552, #4553, #4554, #4555, #4556, #4557, #4558, #4559, #4560, #4561, #4562, #4563, #4564, #4565, #4566, #4567, #4568, #4569, #4570, #4571, #4572, #4573, #4574, #4575, #4576, #4577, #4578, #4579, #4580, #4581, #4582, #4583 ) );
#1808 = AXIS2_PLACEMENT_3D( '', #4584, #4585, #4586 );
#1809 = EDGE_LOOP( '', ( #4587, #4588, #4589, #4590, #4591, #4592, #4593, #4594, #4595, #4596 ) );
#1810 = AXIS2_PLACEMENT_3D( '', #4597, #4598, #4599 );
#1811 = EDGE_LOOP( '', ( #4600, #4601, #4602, #4603 ) );
#1812 = AXIS2_PLACEMENT_3D( '', #4604, #4605, #4606 );
#1813 = EDGE_LOOP( '', ( #4607, #4608, #4609, #4610 ) );
#1814 = AXIS2_PLACEMENT_3D( '', #4611, #4612, #4613 );
#1815 = EDGE_LOOP( '', ( #4614, #4615, #4616, #4617, #4618, #4619, #4620 ) );
#1816 = AXIS2_PLACEMENT_3D( '', #4621, #4622, #4623 );
#1817 = EDGE_LOOP( '', ( #4624, #4625, #4626, #4627 ) );
#1818 = AXIS2_PLACEMENT_3D( '', #4628, #4629, #4630 );
#1819 = EDGE_LOOP( '', ( #4631, #4632, #4633, #4634 ) );
#1820 = AXIS2_PLACEMENT_3D( '', #4635, #4636, #4637 );
#1821 = EDGE_LOOP( '', ( #4638, #4639, #4640, #4641 ) );
#1822 = AXIS2_PLACEMENT_3D( '', #4642, #4643, #4644 );
#1823 = EDGE_LOOP( '', ( #4645, #4646, #4647, #4648, #4649 ) );
#1824 = AXIS2_PLACEMENT_3D( '', #4650, #4651, #4652 );
#1825 = EDGE_LOOP( '', ( #4653, #4654, #4655, #4656 ) );
#1826 = AXIS2_PLACEMENT_3D( '', #4657, #4658, #4659 );
#1827 = EDGE_LOOP( '', ( #4660, #4661, #4662, #4663, #4664, #4665, #4666, #4667 ) );
#1828 = AXIS2_PLACEMENT_3D( '', #4668, #4669, #4670 );
#1829 = EDGE_LOOP( '', ( #4671, #4672, #4673, #4674 ) );
#1830 = EDGE_LOOP( '', ( #4675 ) );
#1831 = AXIS2_PLACEMENT_3D( '', #4676, #4677, #4678 );
#1832 = EDGE_LOOP( '', ( #4679 ) );
#1833 = EDGE_LOOP( '', ( #4680 ) );
#1834 = AXIS2_PLACEMENT_3D( '', #4681, #4682, #4683 );
#1835 = EDGE_LOOP( '', ( #4684, #4685, #4686, #4687 ) );
#1836 = EDGE_LOOP( '', ( #4688 ) );
#1837 = AXIS2_PLACEMENT_3D( '', #4689, #4690, #4691 );
#1838 = EDGE_LOOP( '', ( #4692, #4693, #4694, #4695 ) );
#1839 = EDGE_LOOP( '', ( #4696 ) );
#1840 = AXIS2_PLACEMENT_3D( '', #4697, #4698, #4699 );
#1841 = EDGE_LOOP( '', ( #4700 ) );
#1842 = EDGE_LOOP( '', ( #4701 ) );
#1843 = AXIS2_PLACEMENT_3D( '', #4702, #4703, #4704 );
#1844 = EDGE_LOOP( '', ( #4705, #4706, #4707, #4708 ) );
#1845 = AXIS2_PLACEMENT_3D( '', #4709, #4710, #4711 );
#1846 = EDGE_LOOP( '', ( #4712, #4713, #4714, #4715 ) );
#1847 = EDGE_LOOP( '', ( #4716 ) );
#1848 = AXIS2_PLACEMENT_3D( '', #4717, #4718, #4719 );
#1849 = EDGE_LOOP( '', ( #4720 ) );
#1850 = EDGE_LOOP( '', ( #4721 ) );
#1851 = AXIS2_PLACEMENT_3D( '', #4722, #4723, #4724 );
#1852 = EDGE_LOOP( '', ( #4725, #4726, #4727, #4728 ) );
#1853 = AXIS2_PLACEMENT_3D( '', #4729, #4730, #4731 );
#1854 = EDGE_LOOP( '', ( #4732, #4733, #4734, #4735, #4736, #4737, #4738, #4739, #4740, #4741, #4742, #4743, #4744, #4745, #4746, #4747, #4748, #4749, #4750, #4751, #4752, #4753, #4754, #4755, #4756, #4757, #4758, #4759, #4760, #4761, #4762, #4763, #4764, #4765, #4766, #4767, #4768, #4769, #4770, #4771 ) );
#1855 = EDGE_LOOP( '', ( #4772 ) );
#1856 = AXIS2_PLACEMENT_3D( '', #4773, #4774, #4775 );
#1857 = EDGE_LOOP( '', ( #4776, #4777, #4778, #4779 ) );
#1858 = AXIS2_PLACEMENT_3D( '', #4780, #4781, #4782 );
#1859 = EDGE_LOOP( '', ( #4783, #4784, #4785, #4786 ) );
#1860 = AXIS2_PLACEMENT_3D( '', #4787, #4788, #4789 );
#1861 = EDGE_LOOP( '', ( #4790, #4791, #4792, #4793, #4794, #4795, #4796 ) );
#1862 = AXIS2_PLACEMENT_3D( '', #4797, #4798, #4799 );
#1863 = EDGE_LOOP( '', ( #4800, #4801, #4802, #4803 ) );
#1864 = AXIS2_PLACEMENT_3D( '', #4804, #4805, #4806 );
#1865 = EDGE_LOOP( '', ( #4807, #4808, #4809, #4810 ) );
#1866 = AXIS2_PLACEMENT_3D( '', #4811, #4812, #4813 );
#1867 = EDGE_LOOP( '', ( #4814, #4815, #4816, #4817 ) );
#1868 = AXIS2_PLACEMENT_3D( '', #4818, #4819, #4820 );
#1869 = EDGE_LOOP( '', ( #4821, #4822, #4823, #4824 ) );
#1870 = AXIS2_PLACEMENT_3D( '', #4825, #4826, #4827 );
#1871 = EDGE_LOOP( '', ( #4828 ) );
#1872 = EDGE_LOOP( '', ( #4829 ) );
#1873 = AXIS2_PLACEMENT_3D( '', #4830, #4831, #4832 );
#1874 = EDGE_LOOP( '', ( #4833, #4834, #4835, #4836, #4837 ) );
#1875 = AXIS2_PLACEMENT_3D( '', #4838, #4839, #4840 );
#1876 = EDGE_LOOP( '', ( #4841 ) );
#1877 = AXIS2_PLACEMENT_3D( '', #4842, #4843, #4844 );
#1878 = EDGE_LOOP( '', ( #4845, #4846, #4847, #4848, #4849 ) );
#1879 = AXIS2_PLACEMENT_3D( '', #4850, #4851, #4852 );
#1880 = EDGE_LOOP( '', ( #4853, #4854, #4855, #4856 ) );
#1881 = AXIS2_PLACEMENT_3D( '', #4857, #4858, #4859 );
#1882 = EDGE_LOOP( '', ( #4860, #4861, #4862 ) );
#1883 = AXIS2_PLACEMENT_3D( '', #4863, #4864, #4865 );
#1884 = EDGE_LOOP( '', ( #4866, #4867, #4868, #4869, #4870 ) );
#1885 = AXIS2_PLACEMENT_3D( '', #4871, #4872, #4873 );
#1886 = EDGE_LOOP( '', ( #4874, #4875, #4876, #4877 ) );
#1887 = AXIS2_PLACEMENT_3D( '', #4878, #4879, #4880 );
#1888 = EDGE_LOOP( '', ( #4881, #4882, #4883, #4884 ) );
#1889 = AXIS2_PLACEMENT_3D( '', #4885, #4886, #4887 );
#1890 = EDGE_LOOP( '', ( #4888, #4889, #4890, #4891 ) );
#1891 = AXIS2_PLACEMENT_3D( '', #4892, #4893, #4894 );
#1892 = EDGE_LOOP( '', ( #4895, #4896, #4897, #4898 ) );
#1893 = AXIS2_PLACEMENT_3D( '', #4899, #4900, #4901 );
#1894 = EDGE_LOOP( '', ( #4902, #4903, #4904, #4905 ) );
#1895 = AXIS2_PLACEMENT_3D( '', #4906, #4907, #4908 );
#1896 = EDGE_LOOP( '', ( #4909, #4910, #4911, #4912 ) );
#1897 = AXIS2_PLACEMENT_3D( '', #4913, #4914, #4915 );
#1898 = EDGE_LOOP( '', ( #4916, #4917, #4918, #4919 ) );
#1899 = AXIS2_PLACEMENT_3D( '', #4920, #4921, #4922 );
#1900 = EDGE_LOOP( '', ( #4923, #4924, #4925, #4926 ) );
#1901 = AXIS2_PLACEMENT_3D( '', #4927, #4928, #4929 );
#1902 = EDGE_LOOP( '', ( #4930, #4931, #4932, #4933 ) );
#1903 = AXIS2_PLACEMENT_3D( '', #4934, #4935, #4936 );
#1904 = EDGE_LOOP( '', ( #4937, #4938, #4939, #4940 ) );
#1905 = AXIS2_PLACEMENT_3D( '', #4941, #4942, #4943 );
#1906 = EDGE_LOOP( '', ( #4944, #4945, #4946, #4947 ) );
#1907 = AXIS2_PLACEMENT_3D( '', #4948, #4949, #4950 );
#1908 = EDGE_LOOP( '', ( #4951, #4952, #4953, #4954, #4955 ) );
#1909 = AXIS2_PLACEMENT_3D( '', #4956, #4957, #4958 );
#1910 = EDGE_LOOP( '', ( #4959 ) );
#1911 = EDGE_LOOP( '', ( #4960 ) );
#1912 = AXIS2_PLACEMENT_3D( '', #4961, #4962, #4963 );
#1913 = EDGE_LOOP( '', ( #4964, #4965, #4966, #4967, #4968 ) );
#1914 = AXIS2_PLACEMENT_3D( '', #4969, #4970, #4971 );
#1915 = EDGE_LOOP( '', ( #4972, #4973, #4974, #4975 ) );
#1916 = AXIS2_PLACEMENT_3D( '', #4976, #4977, #4978 );
#1917 = EDGE_LOOP( '', ( #4979, #4980, #4981, #4982, #4983, #4984, #4985, #4986, #4987 ) );
#1918 = AXIS2_PLACEMENT_3D( '', #4988, #4989, #4990 );
#1919 = EDGE_LOOP( '', ( #4991, #4992, #4993, #4994 ) );
#1920 = AXIS2_PLACEMENT_3D( '', #4995, #4996, #4997 );
#1921 = EDGE_LOOP( '', ( #4998, #4999, #5000, #5001, #5002 ) );
#1922 = AXIS2_PLACEMENT_3D( '', #5003, #5004, #5005 );
#1923 = EDGE_LOOP( '', ( #5006, #5007, #5008, #5009 ) );
#1924 = AXIS2_PLACEMENT_3D( '', #5010, #5011, #5012 );
#1925 = EDGE_LOOP( '', ( #5013 ) );
#1926 = EDGE_LOOP( '', ( #5014 ) );
#1927 = AXIS2_PLACEMENT_3D( '', #5015, #5016, #5017 );
#1928 = EDGE_LOOP( '', ( #5018, #5019, #5020, #5021 ) );
#1929 = AXIS2_PLACEMENT_3D( '', #5022, #5023, #5024 );
#1930 = EDGE_LOOP( '', ( #5025, #5026, #5027, #5028 ) );
#1931 = AXIS2_PLACEMENT_3D( '', #5029, #5030, #5031 );
#1932 = EDGE_LOOP( '', ( #5032, #5033, #5034, #5035, #5036, #5037, #5038, #5039, #5040, #5041, #5042, #5043 ) );
#1933 = AXIS2_PLACEMENT_3D( '', #5044, #5045, #5046 );
#1934 = EDGE_LOOP( '', ( #5047, #5048, #5049, #5050 ) );
#1935 = AXIS2_PLACEMENT_3D( '', #5051, #5052, #5053 );
#1936 = EDGE_LOOP( '', ( #5054, #5055, #5056, #5057 ) );
#1937 = AXIS2_PLACEMENT_3D( '', #5058, #5059, #5060 );
#1938 = EDGE_LOOP( '', ( #5061, #5062, #5063, #5064, #5065, #5066, #5067, #5068, #5069, #5070, #5071, #5072, #5073, #5074 ) );
#1939 = EDGE_LOOP( '', ( #5075, #5076, #5077, #5078 ) );
#1940 = EDGE_LOOP( '', ( #5079, #5080, #5081, #5082 ) );
#1941 = AXIS2_PLACEMENT_3D( '', #5083, #5084, #5085 );
#1942 = EDGE_LOOP( '', ( #5086, #5087, #5088, #5089 ) );
#1943 = AXIS2_PLACEMENT_3D( '', #5090, #5091, #5092 );
#1944 = EDGE_LOOP( '', ( #5093, #5094, #5095, #5096 ) );
#1945 = AXIS2_PLACEMENT_3D( '', #5097, #5098, #5099 );
#1946 = EDGE_LOOP( '', ( #5100, #5101, #5102, #5103, #5104 ) );
#1947 = AXIS2_PLACEMENT_3D( '', #5105, #5106, #5107 );
#1948 = EDGE_LOOP( '', ( #5108, #5109, #5110, #5111, #5112, #5113, #5114, #5115, #5116, #5117, #5118, #5119, #5120, #5121, #5122, #5123 ) );
#1949 = AXIS2_PLACEMENT_3D( '', #5124, #5125, #5126 );
#1950 = EDGE_LOOP( '', ( #5127, #5128, #5129, #5130 ) );
#1951 = AXIS2_PLACEMENT_3D( '', #5131, #5132, #5133 );
#1952 = EDGE_LOOP( '', ( #5134, #5135, #5136, #5137 ) );
#1953 = AXIS2_PLACEMENT_3D( '', #5138, #5139, #5140 );
#1954 = EDGE_LOOP( '', ( #5141, #5142, #5143, #5144 ) );
#1955 = AXIS2_PLACEMENT_3D( '', #5145, #5146, #5147 );
#1956 = EDGE_LOOP( '', ( #5148, #5149, #5150, #5151 ) );
#1957 = AXIS2_PLACEMENT_3D( '', #5152, #5153, #5154 );
#1958 = EDGE_LOOP( '', ( #5155, #5156, #5157, #5158 ) );
#1959 = AXIS2_PLACEMENT_3D( '', #5159, #5160, #5161 );
#1960 = EDGE_LOOP( '', ( #5162 ) );
#1961 = EDGE_LOOP( '', ( #5163 ) );
#1962 = AXIS2_PLACEMENT_3D( '', #5164, #5165, #5166 );
#1963 = EDGE_LOOP( '', ( #5167, #5168, #5169, #5170 ) );
#1964 = AXIS2_PLACEMENT_3D( '', #5171, #5172, #5173 );
#1965 = EDGE_LOOP( '', ( #5174, #5175, #5176, #5177, #5178, #5179 ) );
#1966 = AXIS2_PLACEMENT_3D( '', #5180, #5181, #5182 );
#1967 = ORIENTED_EDGE( '', *, *, #5183, .T. );
#1968 = ORIENTED_EDGE( '', *, *, #5184, .F. );
#1969 = ORIENTED_EDGE( '', *, *, #5185, .F. );
#1970 = ORIENTED_EDGE( '', *, *, #5186, .F. );
#1971 = ORIENTED_EDGE( '', *, *, #5187, .T. );
#1972 = ORIENTED_EDGE( '', *, *, #5188, .T. );
#1973 = ORIENTED_EDGE( '', *, *, #5189, .T. );
#1974 = ORIENTED_EDGE( '', *, *, #5190, .F. );
#1975 = ORIENTED_EDGE( '', *, *, #5191, .F. );
#1976 = CARTESIAN_POINT( '', ( 0.000000000000000, -0.000624570358072686, -0.00279999999999896 ) );
#1977 = DIRECTION( '', ( -0.000000000000000, -0.000000000000000, 1.00000000000000 ) );
#1978 = DIRECTION( '', ( -1.00000000000000, 0.000000000000000, 0.000000000000000 ) );
#1979 = ORIENTED_EDGE( '', *, *, #5187, .F. );
#1980 = ORIENTED_EDGE( '', *, *, #5192, .F. );
#1981 = ORIENTED_EDGE( '', *, *, #5190, .T. );
#1982 = ORIENTED_EDGE( '', *, *, #5189, .F. );
#1983 = ORIENTED_EDGE( '', *, *, #5188, .F. );
#1984 = CARTESIAN_POINT( '', ( 0.000000000000000, -0.000124999999999957, 0.000000000000000 ) );
#1985 = DIRECTION( '', ( 0.000000000000000, 1.00000000000000, 0.000000000000000 ) );
#1986 = DIRECTION( '', ( 1.00000000000000, 0.000000000000000, -0.000000000000000 ) );
#1987 = ORIENTED_EDGE( '', *, *, #5193, .T. );
#1988 = ORIENTED_EDGE( '', *, *, #5194, .F. );
#1989 = ORIENTED_EDGE( '', *, *, #5195, .F. );
#1990 = ORIENTED_EDGE( '', *, *, #5196, .F. );
#1991 = ORIENTED_EDGE( '', *, *, #5197, .T. );
#1992 = ORIENTED_EDGE( '', *, *, #5198, .T. );
#1993 = ORIENTED_EDGE( '', *, *, #5199, .T. );
#1994 = ORIENTED_EDGE( '', *, *, #5200, .F. );
#1995 = ORIENTED_EDGE( '', *, *, #5201, .F. );
#1996 = CARTESIAN_POINT( '', ( 0.000000000000000, -0.000624570358072686, 0.00279999999999896 ) );
#1997 = DIRECTION( '', ( -0.000000000000000, 0.000000000000000, -1.00000000000000 ) );
#1998 = DIRECTION( '', ( 1.00000000000000, 0.000000000000000, 0.000000000000000 ) );
#1999 = ORIENTED_EDGE( '', *, *, #5202, .T. );
#2000 = ORIENTED_EDGE( '', *, *, #5203, .T. );
#2001 = ORIENTED_EDGE( '', *, *, #5204, .F. );
#2002 = ORIENTED_EDGE( '', *, *, #5205, .T. );
#2003 = ORIENTED_EDGE( '', *, *, #5206, .F. );
#2004 = ORIENTED_EDGE( '', *, *, #5207, .T. );
#2005 = CARTESIAN_POINT( '', ( 0.000000000000000, 0.000764999999999988, 0.000000000000000 ) );
#2006 = DIRECTION( '', ( 0.000000000000000, -1.00000000000000, -0.000000000000000 ) );
#2007 = DIRECTION( '', ( 1.00000000000000, 0.000000000000000, 0.000000000000000 ) );
#2008 = ORIENTED_EDGE( '', *, *, #5208, .T. );
#2009 = ORIENTED_EDGE( '', *, *, #5209, .F. );
#2010 = ORIENTED_EDGE( '', *, *, #5210, .F. );
#2011 = ORIENTED_EDGE( '', *, *, #5211, .F. );
#2012 = ORIENTED_EDGE( '', *, *, #5212, .T. );
#2013 = CARTESIAN_POINT( '', ( -0.000219996188337147, 0.000196466594272934, 0.00279999999999896 ) );
#2014 = DIRECTION( '', ( -0.258819045102493, 0.965925826289076, 0.000000000000000 ) );
#2015 = DIRECTION( '', ( 0.000000000000000, 0.000000000000000, 1.00000000000000 ) );
#2016 = ORIENTED_EDGE( '', *, *, #5213, .F. );
#2017 = ORIENTED_EDGE( '', *, *, #5214, .T. );
#2018 = ORIENTED_EDGE( '', *, *, #5215, .T. );
#2019 = ORIENTED_EDGE( '', *, *, #5216, .F. );
#2020 = CARTESIAN_POINT( '', ( 0.00209999999999998, 0.000135000000000019, 0.00319999999999990 ) );
#2021 = DIRECTION( '', ( -1.00000000000000, 0.000000000000000, 0.000000000000000 ) );
#2022 = DIRECTION( '', ( 0.000000000000000, 0.000000000000000, 1.00000000000000 ) );
#2023 = ORIENTED_EDGE( '', *, *, #5217, .T. );
#2024 = ORIENTED_EDGE( '', *, *, #5218, .F. );
#2025 = ORIENTED_EDGE( '', *, *, #5219, .F. );
#2026 = ORIENTED_EDGE( '', *, *, #5220, .T. );
#2027 = CARTESIAN_POINT( '', ( 9.57446843385694E-005, -0.000935000000000070, -0.000235624998807912 ) );
#2028 = DIRECTION( '', ( -0.344685622802713, 0.000000000000000, -0.938718179984337 ) );
#2029 = DIRECTION( '', ( -0.938718179984337, 0.000000000000000, 0.344685622802713 ) );
#2030 = ORIENTED_EDGE( '', *, *, #5221, .T. );
#2031 = ORIENTED_EDGE( '', *, *, #5222, .T. );
#2032 = ORIENTED_EDGE( '', *, *, #5223, .T. );
#2033 = ORIENTED_EDGE( '', *, *, #5224, .T. );
#2034 = ORIENTED_EDGE( '', *, *, #5225, .T. );
#2035 = ORIENTED_EDGE( '', *, *, #5226, .T. );
#2036 = ORIENTED_EDGE( '', *, *, #5227, .T. );
#2037 = ORIENTED_EDGE( '', *, *, #5228, .F. );
#2038 = ORIENTED_EDGE( '', *, *, #5229, .T. );
#2039 = ORIENTED_EDGE( '', *, *, #5230, .T. );
#2040 = ORIENTED_EDGE( '', *, *, #5231, .F. );
#2041 = ORIENTED_EDGE( '', *, *, #5232, .F. );
#2042 = ORIENTED_EDGE( '', *, *, #5233, .F. );
#2043 = ORIENTED_EDGE( '', *, *, #5234, .F. );
#2044 = ORIENTED_EDGE( '', *, *, #5235, .F. );
#2045 = ORIENTED_EDGE( '', *, *, #5236, .T. );
#2046 = ORIENTED_EDGE( '', *, *, #5237, .F. );
#2047 = ORIENTED_EDGE( '', *, *, #5238, .F. );
#2048 = ORIENTED_EDGE( '', *, *, #5239, .F. );
#2049 = ORIENTED_EDGE( '', *, *, #5240, .F. );
#2050 = ORIENTED_EDGE( '', *, *, #5241, .F. );
#2051 = ORIENTED_EDGE( '', *, *, #5242, .T. );
#2052 = ORIENTED_EDGE( '', *, *, #5243, .T. );
#2053 = ORIENTED_EDGE( '', *, *, #5184, .T. );
#2054 = ORIENTED_EDGE( '', *, *, #5244, .T. );
#2055 = ORIENTED_EDGE( '', *, *, #5245, .T. );
#2056 = ORIENTED_EDGE( '', *, *, #5246, .T. );
#2057 = ORIENTED_EDGE( '', *, *, #5247, .T. );
#2058 = ORIENTED_EDGE( '', *, *, #5248, .T. );
#2059 = ORIENTED_EDGE( '', *, *, #5249, .T. );
#2060 = ORIENTED_EDGE( '', *, *, #5250, .T. );
#2061 = ORIENTED_EDGE( '', *, *, #5251, .T. );
#2062 = ORIENTED_EDGE( '', *, *, #5252, .T. );
#2063 = ORIENTED_EDGE( '', *, *, #5253, .T. );
#2064 = ORIENTED_EDGE( '', *, *, #5254, .T. );
#2065 = ORIENTED_EDGE( '', *, *, #5255, .T. );
#2066 = ORIENTED_EDGE( '', *, *, #5256, .T. );
#2067 = ORIENTED_EDGE( '', *, *, #5257, .T. );
#2068 = ORIENTED_EDGE( '', *, *, #5258, .T. );
#2069 = ORIENTED_EDGE( '', *, *, #5259, .T. );
#2070 = CARTESIAN_POINT( '', ( 0.000000000000000, 0.00409353981634062, -0.00300000000000070 ) );
#2071 = DIRECTION( '', ( 0.000000000000000, 0.000000000000000, -1.00000000000000 ) );
#2072 = DIRECTION( '', ( 0.000000000000000, -1.00000000000000, 0.000000000000000 ) );
#2073 = ORIENTED_EDGE( '', *, *, #5260, .T. );
#2074 = ORIENTED_EDGE( '', *, *, #5261, .F. );
#2075 = ORIENTED_EDGE( '', *, *, #5262, .F. );
#2076 = ORIENTED_EDGE( '', *, *, #5263, .T. );
#2077 = CARTESIAN_POINT( '', ( -0.00129999999999988, 0.00131500000000007, -0.00310000000000030 ) );
#2078 = DIRECTION( '', ( -0.707106781186548, 0.000000000000000, -0.707106781186548 ) );
#2079 = DIRECTION( '', ( -0.707106781186548, 0.000000000000000, 0.707106781186548 ) );
#2080 = ORIENTED_EDGE( '', *, *, #5264, .T. );
#2081 = ORIENTED_EDGE( '', *, *, #5256, .F. );
#2082 = ORIENTED_EDGE( '', *, *, #5265, .F. );
#2083 = ORIENTED_EDGE( '', *, *, #5266, .F. );
#2084 = CARTESIAN_POINT( '', ( -0.00184999999999997, -3.50001836602496E-005, -0.00279999999999896 ) );
#2085 = DIRECTION( '', ( -0.000000000000000, -0.000000000000000, 1.00000000000000 ) );
#2086 = DIRECTION( '', ( 1.00000000000000, 0.000000000000000, 0.000000000000000 ) );
#2087 = ORIENTED_EDGE( '', *, *, #5267, .T. );
#2088 = ORIENTED_EDGE( '', *, *, #5268, .T. );
#2089 = ORIENTED_EDGE( '', *, *, #5269, .F. );
#2090 = ORIENTED_EDGE( '', *, *, #5270, .F. );
#2091 = ORIENTED_EDGE( '', *, *, #5271, .F. );
#2092 = CARTESIAN_POINT( '', ( -0.000849999999999902, -0.00113500000000003, 0.00254999999999996 ) );
#2093 = DIRECTION( '', ( 0.000000000000000, 0.000000000000000, 1.00000000000000 ) );
#2094 = DIRECTION( '', ( 1.00000000000000, -0.000000000000000, 0.000000000000000 ) );
#2095 = ORIENTED_EDGE( '', *, *, #5272, .T. );
#2096 = ORIENTED_EDGE( '', *, *, #5273, .F. );
#2097 = ORIENTED_EDGE( '', *, *, #5274, .F. );
#2098 = ORIENTED_EDGE( '', *, *, #5275, .T. );
#2099 = CARTESIAN_POINT( '', ( 0.00204999999999993, 0.000739999816339800, 0.00279999999999896 ) );
#2100 = DIRECTION( '', ( 0.000000000000000, -1.00000000000000, 0.000000000000000 ) );
#2101 = DIRECTION( '', ( 0.000000000000000, 0.000000000000000, -1.00000000000000 ) );
#2102 = ORIENTED_EDGE( '', *, *, #5276, .T. );
#2103 = ORIENTED_EDGE( '', *, *, #5277, .F. );
#2104 = ORIENTED_EDGE( '', *, *, #5278, .F. );
#2105 = ORIENTED_EDGE( '', *, *, #5279, .F. );
#2106 = CARTESIAN_POINT( '', ( 0.00184999999999997, -3.50001836602496E-005, 0.00279999999999896 ) );
#2107 = DIRECTION( '', ( -0.000000000000000, -0.000000000000000, -1.00000000000000 ) );
#2108 = DIRECTION( '', ( -1.00000000000000, 0.000000000000000, 0.000000000000000 ) );
#2109 = ORIENTED_EDGE( '', *, *, #5280, .T. );
#2110 = ORIENTED_EDGE( '', *, *, #5253, .F. );
#2111 = ORIENTED_EDGE( '', *, *, #5281, .F. );
#2112 = ORIENTED_EDGE( '', *, *, #5282, .T. );
#2113 = CARTESIAN_POINT( '', ( -0.00204999999999993, 0.000739999816339800, -0.00279999999999896 ) );
#2114 = DIRECTION( '', ( 0.000000000000000, -1.00000000000000, 0.000000000000000 ) );
#2115 = DIRECTION( '', ( 0.000000000000000, 0.000000000000000, -1.00000000000000 ) );
#2116 = ORIENTED_EDGE( '', *, *, #5283, .T. );
#2117 = ORIENTED_EDGE( '', *, *, #5284, .F. );
#2118 = ORIENTED_EDGE( '', *, *, #5285, .F. );
#2119 = ORIENTED_EDGE( '', *, *, #5286, .T. );
#2120 = CARTESIAN_POINT( '', ( 0.00249999999999991, -0.000334999999999930, 0.00139999999999999 ) );
#2121 = DIRECTION( '', ( -0.000000000000000, -0.000000000000000, 1.00000000000000 ) );
#2122 = DIRECTION( '', ( 1.00000000000000, 0.000000000000000, 0.000000000000000 ) );
#2123 = ORIENTED_EDGE( '', *, *, #5287, .F. );
#2124 = ORIENTED_EDGE( '', *, *, #5288, .F. );
#2125 = ORIENTED_EDGE( '', *, *, #5289, .F. );
#2126 = CARTESIAN_POINT( '', ( -0.00204999999999993, 0.00131500000000007, -0.00279999999999896 ) );
#2127 = DIRECTION( '', ( -1.00000000000000, 0.000000000000000, 0.000000000000000 ) );
#2128 = DIRECTION( '', ( 0.000000000000000, 0.000000000000000, 1.00000000000000 ) );
#2129 = ORIENTED_EDGE( '', *, *, #5290, .T. );
#2130 = ORIENTED_EDGE( '', *, *, #5239, .T. );
#2131 = ORIENTED_EDGE( '', *, *, #5291, .F. );
#2132 = ORIENTED_EDGE( '', *, *, #5292, .F. );
#2133 = ORIENTED_EDGE( '', *, *, #5293, .T. );
#2134 = ORIENTED_EDGE( '', *, *, #5294, .T. );
#2135 = ORIENTED_EDGE( '', *, *, #5295, .F. );
#2136 = ORIENTED_EDGE( '', *, *, #5296, .T. );
#2137 = CARTESIAN_POINT( '', ( 0.00269999999999936, 0.000744224644647810, -0.00279999999999896 ) );
#2138 = DIRECTION( '', ( 1.00000000000000, 0.000000000000000, 0.000000000000000 ) );
#2139 = DIRECTION( '', ( 0.000000000000000, 1.00000000000000, -0.000000000000000 ) );
#2140 = ORIENTED_EDGE( '', *, *, #5297, .F. );
#2141 = ORIENTED_EDGE( '', *, *, #5298, .F. );
#2142 = ORIENTED_EDGE( '', *, *, #5299, .F. );
#2143 = ORIENTED_EDGE( '', *, *, #5300, .T. );
#2144 = ORIENTED_EDGE( '', *, *, #5301, .F. );
#2145 = CARTESIAN_POINT( '', ( 0.00305000000000050, 0.00126550001222504, 0.00190000000000002 ) );
#2146 = DIRECTION( '', ( -0.000000000000000, 1.00000000000000, -0.000000000000000 ) );
#2147 = DIRECTION( '', ( 0.000000000000000, 0.000000000000000, 1.00000000000000 ) );
#2148 = ORIENTED_EDGE( '', *, *, #5302, .F. );
#2149 = ORIENTED_EDGE( '', *, *, #5303, .F. );
#2150 = ORIENTED_EDGE( '', *, *, #5304, .T. );
#2151 = ORIENTED_EDGE( '', *, *, #5305, .T. );
#2152 = CARTESIAN_POINT( '', ( -0.00395620812302132, -0.000861605050861382, -0.00235999999999996 ) );
#2153 = DIRECTION( '', ( 0.965925826289076, -0.258819045102493, 0.000000000000000 ) );
#2154 = DIRECTION( '', ( 0.000000000000000, 0.000000000000000, -1.00000000000000 ) );
#2155 = ORIENTED_EDGE( '', *, *, #5304, .F. );
#2156 = ORIENTED_EDGE( '', *, *, #5306, .F. );
#2157 = ORIENTED_EDGE( '', *, *, #5307, .T. );
#2158 = ORIENTED_EDGE( '', *, *, #5308, .F. );
#2159 = CARTESIAN_POINT( '', ( -0.00400450441433558, -0.000848664098606178, -0.00235999999999996 ) );
#2160 = DIRECTION( '', ( -0.000000000000000, -0.000000000000000, 1.00000000000000 ) );
#2161 = DIRECTION( '', ( -1.00000000000000, 0.000000000000000, 0.000000000000000 ) );
#2162 = ORIENTED_EDGE( '', *, *, #5309, .T. );
#2163 = ORIENTED_EDGE( '', *, *, #5310, .F. );
#2164 = ORIENTED_EDGE( '', *, *, #5302, .T. );
#2165 = ORIENTED_EDGE( '', *, *, #5311, .T. );
#2166 = CARTESIAN_POINT( '', ( -0.00346165000000086, -0.000175000000000011, -0.00235999999999996 ) );
#2167 = DIRECTION( '', ( -0.000000000000000, -0.000000000000000, 1.00000000000000 ) );
#2168 = DIRECTION( '', ( -1.00000000000000, 0.000000000000000, 0.000000000000000 ) );
#2169 = ORIENTED_EDGE( '', *, *, #5312, .T. );
#2170 = ORIENTED_EDGE( '', *, *, #5313, .T. );
#2171 = ORIENTED_EDGE( '', *, *, #5314, .F. );
#2172 = ORIENTED_EDGE( '', *, *, #5315, .F. );
#2173 = CARTESIAN_POINT( '', ( -0.00395620812302132, -0.000861605050861382, -0.00235999999999996 ) );
#2174 = DIRECTION( '', ( 0.965925826289076, -0.258819045102493, 0.000000000000000 ) );
#2175 = DIRECTION( '', ( 0.000000000000000, 0.000000000000000, -1.00000000000000 ) );
#2176 = ORIENTED_EDGE( '', *, *, #5316, .F. );
#2177 = ORIENTED_EDGE( '', *, *, #5317, .T. );
#2178 = ORIENTED_EDGE( '', *, *, #5318, .F. );
#2179 = ORIENTED_EDGE( '', *, *, #5319, .F. );
#2180 = CARTESIAN_POINT( '', ( 0.000000000000000, -0.000125000000000008, 0.000000000000000 ) );
#2181 = DIRECTION( '', ( 0.000000000000000, 1.00000000000000, 0.000000000000000 ) );
#2182 = DIRECTION( '', ( 1.00000000000000, 0.000000000000000, -0.000000000000000 ) );
#2183 = ORIENTED_EDGE( '', *, *, #5320, .T. );
#2184 = ORIENTED_EDGE( '', *, *, #5321, .T. );
#2185 = ORIENTED_EDGE( '', *, *, #5322, .T. );
#2186 = ORIENTED_EDGE( '', *, *, #5323, .F. );
#2187 = ORIENTED_EDGE( '', *, *, #5324, .T. );
#2188 = ORIENTED_EDGE( '', *, *, #5325, .T. );
#2189 = ORIENTED_EDGE( '', *, *, #5326, .F. );
#2190 = ORIENTED_EDGE( '', *, *, #5327, .F. );
#2191 = ORIENTED_EDGE( '', *, *, #5328, .T. );
#2192 = ORIENTED_EDGE( '', *, *, #5329, .T. );
#2193 = ORIENTED_EDGE( '', *, *, #5267, .F. );
#2194 = ORIENTED_EDGE( '', *, *, #5330, .F. );
#2195 = ORIENTED_EDGE( '', *, *, #5331, .F. );
#2196 = ORIENTED_EDGE( '', *, *, #5332, .T. );
#2197 = ORIENTED_EDGE( '', *, *, #5333, .F. );
#2198 = ORIENTED_EDGE( '', *, *, #5334, .F. );
#2199 = ORIENTED_EDGE( '', *, *, #5335, .T. );
#2200 = ORIENTED_EDGE( '', *, *, #5319, .T. );
#2201 = ORIENTED_EDGE( '', *, *, #5336, .T. );
#2202 = ORIENTED_EDGE( '', *, *, #5337, .F. );
#2203 = ORIENTED_EDGE( '', *, *, #5338, .F. );
#2204 = ORIENTED_EDGE( '', *, *, #5339, .T. );
#2205 = CARTESIAN_POINT( '', ( -0.00310000000000030, 0.000764999999999988, 0.00279999999999896 ) );
#2206 = DIRECTION( '', ( -1.00000000000000, 0.000000000000000, 0.000000000000000 ) );
#2207 = DIRECTION( '', ( 0.000000000000000, 0.000000000000000, 1.00000000000000 ) );
#2208 = ORIENTED_EDGE( '', *, *, #5340, .F. );
#2209 = ORIENTED_EDGE( '', *, *, #5341, .T. );
#2210 = ORIENTED_EDGE( '', *, *, #5342, .F. );
#2211 = ORIENTED_EDGE( '', *, *, #5343, .T. );
#2212 = CARTESIAN_POINT( '', ( 0.000000000000000, -0.000125000000000008, 0.000000000000000 ) );
#2213 = DIRECTION( '', ( 0.000000000000000, 1.00000000000000, 0.000000000000000 ) );
#2214 = DIRECTION( '', ( 1.00000000000000, 0.000000000000000, -0.000000000000000 ) );
#2215 = ORIENTED_EDGE( '', *, *, #5344, .F. );
#2216 = ORIENTED_EDGE( '', *, *, #5345, .T. );
#2217 = ORIENTED_EDGE( '', *, *, #5346, .F. );
#2218 = ORIENTED_EDGE( '', *, *, #5336, .F. );
#2219 = CARTESIAN_POINT( '', ( 0.000000000000000, -0.000125000000000008, 0.000000000000000 ) );
#2220 = DIRECTION( '', ( 0.000000000000000, 1.00000000000000, 0.000000000000000 ) );
#2221 = DIRECTION( '', ( 1.00000000000000, 0.000000000000000, -0.000000000000000 ) );
#2222 = ORIENTED_EDGE( '', *, *, #5346, .T. );
#2223 = ORIENTED_EDGE( '', *, *, #5347, .T. );
#2224 = ORIENTED_EDGE( '', *, *, #5348, .T. );
#2225 = ORIENTED_EDGE( '', *, *, #5349, .T. );
#2226 = ORIENTED_EDGE( '', *, *, #5350, .T. );
#2227 = ORIENTED_EDGE( '', *, *, #5351, .T. );
#2228 = ORIENTED_EDGE( '', *, *, #5352, .T. );
#2229 = ORIENTED_EDGE( '', *, *, #5306, .T. );
#2230 = ORIENTED_EDGE( '', *, *, #5303, .T. );
#2231 = ORIENTED_EDGE( '', *, *, #5310, .T. );
#2232 = ORIENTED_EDGE( '', *, *, #5353, .F. );
#2233 = ORIENTED_EDGE( '', *, *, #5337, .T. );
#2234 = CARTESIAN_POINT( '', ( 0.00346165000000086, -0.000125000000000008, -0.00235999999999996 ) );
#2235 = DIRECTION( '', ( 0.000000000000000, 0.000000000000000, -1.00000000000000 ) );
#2236 = DIRECTION( '', ( 0.000000000000000, -1.00000000000000, 0.000000000000000 ) );
#2237 = ORIENTED_EDGE( '', *, *, #5354, .F. );
#2238 = ORIENTED_EDGE( '', *, *, #5311, .F. );
#2239 = ORIENTED_EDGE( '', *, *, #5305, .F. );
#2240 = ORIENTED_EDGE( '', *, *, #5308, .T. );
#2241 = ORIENTED_EDGE( '', *, *, #5355, .F. );
#2242 = ORIENTED_EDGE( '', *, *, #5356, .F. );
#2243 = ORIENTED_EDGE( '', *, *, #5357, .F. );
#2244 = ORIENTED_EDGE( '', *, *, #5358, .F. );
#2245 = ORIENTED_EDGE( '', *, *, #5359, .F. );
#2246 = ORIENTED_EDGE( '', *, *, #5360, .T. );
#2247 = ORIENTED_EDGE( '', *, *, #5344, .T. );
#2248 = ORIENTED_EDGE( '', *, *, #5339, .F. );
#2249 = CARTESIAN_POINT( '', ( -0.00346165000000086, -0.000125000000000008, -0.00165999999999996 ) );
#2250 = DIRECTION( '', ( 0.000000000000000, 0.000000000000000, 1.00000000000000 ) );
#2251 = DIRECTION( '', ( 1.00000000000000, -0.000000000000000, 0.000000000000000 ) );
#2252 = ORIENTED_EDGE( '', *, *, #5361, .F. );
#2253 = ORIENTED_EDGE( '', *, *, #5362, .F. );
#2254 = ORIENTED_EDGE( '', *, *, #5363, .F. );
#2255 = ORIENTED_EDGE( '', *, *, #5364, .T. );
#2256 = CARTESIAN_POINT( '', ( 0.000000000000000, -0.000125000000000008, 0.000000000000000 ) );
#2257 = DIRECTION( '', ( 0.000000000000000, 1.00000000000000, 0.000000000000000 ) );
#2258 = DIRECTION( '', ( 1.00000000000000, 0.000000000000000, -0.000000000000000 ) );
#2259 = ORIENTED_EDGE( '', *, *, #5363, .T. );
#2260 = ORIENTED_EDGE( '', *, *, #5365, .T. );
#2261 = ORIENTED_EDGE( '', *, *, #5366, .T. );
#2262 = ORIENTED_EDGE( '', *, *, #5367, .T. );
#2263 = ORIENTED_EDGE( '', *, *, #5368, .T. );
#2264 = ORIENTED_EDGE( '', *, *, #5369, .T. );
#2265 = ORIENTED_EDGE( '', *, *, #5370, .T. );
#2266 = ORIENTED_EDGE( '', *, *, #5371, .T. );
#2267 = ORIENTED_EDGE( '', *, *, #5372, .T. );
#2268 = ORIENTED_EDGE( '', *, *, #5373, .T. );
#2269 = ORIENTED_EDGE( '', *, *, #5374, .F. );
#2270 = ORIENTED_EDGE( '', *, *, #5375, .T. );
#2271 = CARTESIAN_POINT( '', ( -0.00346165000000086, -0.000125000000000008, 0.00235999999999996 ) );
#2272 = DIRECTION( '', ( 0.000000000000000, 0.000000000000000, 1.00000000000000 ) );
#2273 = DIRECTION( '', ( 1.00000000000000, -0.000000000000000, 0.000000000000000 ) );
#2274 = ORIENTED_EDGE( '', *, *, #5376, .F. );
#2275 = ORIENTED_EDGE( '', *, *, #5377, .F. );
#2276 = ORIENTED_EDGE( '', *, *, #5378, .T. );
#2277 = CARTESIAN_POINT( '', ( 0.00179999999999991, -0.000204615242270653, 0.00279999999999896 ) );
#2278 = DIRECTION( '', ( 0.000000000000000, 0.965925826289076, 0.258819045102493 ) );
#2279 = DIRECTION( '', ( 1.00000000000000, 0.000000000000000, -0.000000000000000 ) );
#2280 = ORIENTED_EDGE( '', *, *, #5379, .T. );
#2281 = ORIENTED_EDGE( '', *, *, #5367, .F. );
#2282 = ORIENTED_EDGE( '', *, *, #5380, .F. );
#2283 = ORIENTED_EDGE( '', *, *, #5381, .T. );
#2284 = CARTESIAN_POINT( '', ( 0.00400450441433558, -0.000848664098606178, -0.00235999999999996 ) );
#2285 = DIRECTION( '', ( -0.000000000000000, 0.000000000000000, -1.00000000000000 ) );
#2286 = DIRECTION( '', ( 1.00000000000000, 0.000000000000000, 0.000000000000000 ) );
#2287 = ORIENTED_EDGE( '', *, *, #5382, .T. );
#2288 = ORIENTED_EDGE( '', *, *, #5368, .F. );
#2289 = ORIENTED_EDGE( '', *, *, #5379, .F. );
#2290 = ORIENTED_EDGE( '', *, *, #5383, .T. );
#2291 = CARTESIAN_POINT( '', ( 0.00397835769151102, -0.00114752250803371, -0.00235999999999996 ) );
#2292 = DIRECTION( '', ( -0.0871557427476639, -0.996194698091745, 0.000000000000000 ) );
#2293 = DIRECTION( '', ( -0.996194698091745, 0.0871557427476640, 0.000000000000000 ) );
#2294 = ORIENTED_EDGE( '', *, *, #5380, .T. );
#2295 = ORIENTED_EDGE( '', *, *, #5366, .F. );
#2296 = ORIENTED_EDGE( '', *, *, #5384, .F. );
#2297 = ORIENTED_EDGE( '', *, *, #5385, .T. );
#2298 = CARTESIAN_POINT( '', ( 0.00350994629131512, -0.000162059047744883, -0.00235999999999996 ) );
#2299 = DIRECTION( '', ( -0.965925826289076, -0.258819045102493, 0.000000000000000 ) );
#2300 = DIRECTION( '', ( -0.258819045102493, 0.965925826289076, 0.000000000000000 ) );
#2301 = ORIENTED_EDGE( '', *, *, #5386, .F. );
#2302 = ORIENTED_EDGE( '', *, *, #5387, .T. );
#2303 = ORIENTED_EDGE( '', *, *, #5388, .T. );
#2304 = ORIENTED_EDGE( '', *, *, #5389, .F. );
#2305 = CARTESIAN_POINT( '', ( 0.00400450441433558, -0.000848664098606178, -0.00235999999999996 ) );
#2306 = DIRECTION( '', ( -0.000000000000000, 0.000000000000000, -1.00000000000000 ) );
#2307 = DIRECTION( '', ( 1.00000000000000, 0.000000000000000, 0.000000000000000 ) );
#2308 = ORIENTED_EDGE( '', *, *, #5388, .F. );
#2309 = ORIENTED_EDGE( '', *, *, #5390, .T. );
#2310 = ORIENTED_EDGE( '', *, *, #5391, .T. );
#2311 = ORIENTED_EDGE( '', *, *, #5392, .F. );
#2312 = CARTESIAN_POINT( '', ( 0.00397835769151102, -0.00114752250803371, -0.00235999999999996 ) );
#2313 = DIRECTION( '', ( -0.0871557427476639, -0.996194698091745, 0.000000000000000 ) );
#2314 = DIRECTION( '', ( -0.996194698091745, 0.0871557427476640, 0.000000000000000 ) );
#2315 = ORIENTED_EDGE( '', *, *, #5393, .F. );
#2316 = ORIENTED_EDGE( '', *, *, #5394, .T. );
#2317 = ORIENTED_EDGE( '', *, *, #5386, .T. );
#2318 = ORIENTED_EDGE( '', *, *, #5395, .F. );
#2319 = CARTESIAN_POINT( '', ( 0.00350994629131512, -0.000162059047744883, -0.00235999999999996 ) );
#2320 = DIRECTION( '', ( -0.965925826289076, -0.258819045102493, 0.000000000000000 ) );
#2321 = DIRECTION( '', ( -0.258819045102493, 0.965925826289076, 0.000000000000000 ) );
#2322 = ORIENTED_EDGE( '', *, *, #5396, .F. );
#2323 = ORIENTED_EDGE( '', *, *, #5351, .F. );
#2324 = ORIENTED_EDGE( '', *, *, #5397, .T. );
#2325 = ORIENTED_EDGE( '', *, *, #5356, .T. );
#2326 = CARTESIAN_POINT( '', ( -0.00497822999999964, -0.00123499999999989, -0.00235999999999996 ) );
#2327 = DIRECTION( '', ( 0.996194698091745, 0.0871557427476640, 0.000000000000000 ) );
#2328 = DIRECTION( '', ( 0.000000000000000, 0.000000000000000, -1.00000000000000 ) );
#2329 = ORIENTED_EDGE( '', *, *, #5397, .F. );
#2330 = ORIENTED_EDGE( '', *, *, #5350, .F. );
#2331 = ORIENTED_EDGE( '', *, *, #5398, .T. );
#2332 = ORIENTED_EDGE( '', *, *, #5357, .T. );
#2333 = CARTESIAN_POINT( '', ( -0.00397835769151102, -0.00114752250803371, -0.00235999999999996 ) );
#2334 = DIRECTION( '', ( -0.0871557427476640, 0.996194698091745, 0.000000000000000 ) );
#2335 = DIRECTION( '', ( 0.000000000000000, 0.000000000000000, 1.00000000000000 ) );
#2336 = ORIENTED_EDGE( '', *, *, #5307, .F. );
#2337 = ORIENTED_EDGE( '', *, *, #5352, .F. );
#2338 = ORIENTED_EDGE( '', *, *, #5396, .T. );
#2339 = ORIENTED_EDGE( '', *, *, #5355, .T. );
#2340 = CARTESIAN_POINT( '', ( -0.00500001893568762, -0.000985951325476946, -0.00235999999999996 ) );
#2341 = DIRECTION( '', ( 0.0871557427476640, -0.996194698091745, 0.000000000000000 ) );
#2342 = DIRECTION( '', ( 0.000000000000000, 0.000000000000000, -1.00000000000000 ) );
#2343 = ORIENTED_EDGE( '', *, *, #5399, .T. );
#2344 = ORIENTED_EDGE( '', *, *, #5400, .T. );
#2345 = ORIENTED_EDGE( '', *, *, #5401, .F. );
#2346 = ORIENTED_EDGE( '', *, *, #5402, .F. );
#2347 = CARTESIAN_POINT( '', ( -0.00497822999999964, -0.00123499999999989, -0.00235999999999996 ) );
#2348 = DIRECTION( '', ( 0.996194698091745, 0.0871557427476640, 0.000000000000000 ) );
#2349 = DIRECTION( '', ( 0.000000000000000, 0.000000000000000, -1.00000000000000 ) );
#2350 = ORIENTED_EDGE( '', *, *, #5403, .T. );
#2351 = ORIENTED_EDGE( '', *, *, #5404, .T. );
#2352 = ORIENTED_EDGE( '', *, *, #5399, .F. );
#2353 = ORIENTED_EDGE( '', *, *, #5405, .F. );
#2354 = CARTESIAN_POINT( '', ( -0.00397835769151102, -0.00114752250803371, -0.00235999999999996 ) );
#2355 = DIRECTION( '', ( -0.0871557427476640, 0.996194698091745, 0.000000000000000 ) );
#2356 = DIRECTION( '', ( 0.000000000000000, 0.000000000000000, 1.00000000000000 ) );
#2357 = ORIENTED_EDGE( '', *, *, #5401, .T. );
#2358 = ORIENTED_EDGE( '', *, *, #5406, .T. );
#2359 = ORIENTED_EDGE( '', *, *, #5407, .F. );
#2360 = ORIENTED_EDGE( '', *, *, #5408, .F. );
#2361 = CARTESIAN_POINT( '', ( -0.00500001893568762, -0.000985951325476946, -0.00235999999999996 ) );
#2362 = DIRECTION( '', ( 0.0871557427476640, -0.996194698091745, 0.000000000000000 ) );
#2363 = DIRECTION( '', ( 0.000000000000000, 0.000000000000000, -1.00000000000000 ) );
#2364 = ORIENTED_EDGE( '', *, *, #5409, .T. );
#2365 = ORIENTED_EDGE( '', *, *, #5410, .T. );
#2366 = ORIENTED_EDGE( '', *, *, #5411, .F. );
#2367 = ORIENTED_EDGE( '', *, *, #5412, .F. );
#2368 = CARTESIAN_POINT( '', ( -0.00350994629131512, -0.000162059047744883, -0.00235999999999996 ) );
#2369 = DIRECTION( '', ( -0.965925826289076, 0.258819045102493, 0.000000000000000 ) );
#2370 = DIRECTION( '', ( 0.000000000000000, 0.000000000000000, 1.00000000000000 ) );
#2371 = ORIENTED_EDGE( '', *, *, #5411, .T. );
#2372 = ORIENTED_EDGE( '', *, *, #5413, .T. );
#2373 = ORIENTED_EDGE( '', *, *, #5403, .F. );
#2374 = ORIENTED_EDGE( '', *, *, #5414, .F. );
#2375 = CARTESIAN_POINT( '', ( -0.00400450441433558, -0.000848664098606178, -0.00235999999999996 ) );
#2376 = DIRECTION( '', ( -0.000000000000000, -0.000000000000000, 1.00000000000000 ) );
#2377 = DIRECTION( '', ( -1.00000000000000, 0.000000000000000, 0.000000000000000 ) );
#2378 = ORIENTED_EDGE( '', *, *, #5415, .F. );
#2379 = ORIENTED_EDGE( '', *, *, #5348, .F. );
#2380 = ORIENTED_EDGE( '', *, *, #5416, .T. );
#2381 = ORIENTED_EDGE( '', *, *, #5359, .T. );
#2382 = CARTESIAN_POINT( '', ( -0.00350994629131512, -0.000162059047744883, -0.00235999999999996 ) );
#2383 = DIRECTION( '', ( -0.965925826289076, 0.258819045102493, 0.000000000000000 ) );
#2384 = DIRECTION( '', ( 0.000000000000000, 0.000000000000000, 1.00000000000000 ) );
#2385 = ORIENTED_EDGE( '', *, *, #5416, .F. );
#2386 = ORIENTED_EDGE( '', *, *, #5347, .F. );
#2387 = ORIENTED_EDGE( '', *, *, #5345, .F. );
#2388 = ORIENTED_EDGE( '', *, *, #5360, .F. );
#2389 = CARTESIAN_POINT( '', ( -0.00346165000000086, -0.000175000000000011, -0.00235999999999996 ) );
#2390 = DIRECTION( '', ( -0.000000000000000, -0.000000000000000, 1.00000000000000 ) );
#2391 = DIRECTION( '', ( -1.00000000000000, 0.000000000000000, 0.000000000000000 ) );
#2392 = ORIENTED_EDGE( '', *, *, #5398, .F. );
#2393 = ORIENTED_EDGE( '', *, *, #5349, .F. );
#2394 = ORIENTED_EDGE( '', *, *, #5415, .T. );
#2395 = ORIENTED_EDGE( '', *, *, #5358, .T. );
#2396 = CARTESIAN_POINT( '', ( -0.00400450441433558, -0.000848664098606178, -0.00235999999999996 ) );
#2397 = DIRECTION( '', ( -0.000000000000000, -0.000000000000000, 1.00000000000000 ) );
#2398 = DIRECTION( '', ( -1.00000000000000, 0.000000000000000, 0.000000000000000 ) );
#2399 = ORIENTED_EDGE( '', *, *, #5417, .T. );
#2400 = CARTESIAN_POINT( '', ( 0.00139999999999999, -0.000675000000000094, -0.00195000000000007 ) );
#2401 = DIRECTION( '', ( 0.000000000000000, -1.00000000000000, 0.000000000000000 ) );
#2402 = DIRECTION( '', ( 0.000000000000000, 0.000000000000000, -1.00000000000000 ) );
#2403 = ORIENTED_EDGE( '', *, *, #5418, .T. );
#2404 = ORIENTED_EDGE( '', *, *, #5419, .T. );
#2405 = ORIENTED_EDGE( '', *, *, #5420, .T. );
#2406 = ORIENTED_EDGE( '', *, *, #5421, .F. );
#2407 = CARTESIAN_POINT( '', ( 0.000000000000000, 0.00409353981634062, 0.00279999999999896 ) );
#2408 = DIRECTION( '', ( 0.000000000000000, 0.000000000000000, -1.00000000000000 ) );
#2409 = DIRECTION( '', ( 0.000000000000000, -1.00000000000000, 0.000000000000000 ) );
#2410 = ORIENTED_EDGE( '', *, *, #5422, .T. );
#2411 = ORIENTED_EDGE( '', *, *, #5423, .F. );
#2412 = ORIENTED_EDGE( '', *, *, #5424, .T. );
#2413 = ORIENTED_EDGE( '', *, *, #5425, .T. );
#2414 = CARTESIAN_POINT( '', ( -0.00319999999999990, 0.000135000000000019, 0.00204999999999993 ) );
#2415 = DIRECTION( '', ( 0.000000000000000, 0.000000000000000, -1.00000000000000 ) );
#2416 = DIRECTION( '', ( 0.000000000000000, -1.00000000000000, 0.000000000000000 ) );
#2417 = ORIENTED_EDGE( '', *, *, #5326, .T. );
#2418 = ORIENTED_EDGE( '', *, *, #5426, .T. );
#2419 = ORIENTED_EDGE( '', *, *, #5427, .F. );
#2420 = ORIENTED_EDGE( '', *, *, #5428, .F. );
#2421 = ORIENTED_EDGE( '', *, *, #5429, .F. );
#2422 = CARTESIAN_POINT( '', ( -0.000849999999999902, -0.00113500000000003, -0.00139999999999999 ) );
#2423 = DIRECTION( '', ( 0.000000000000000, 0.000000000000000, 1.00000000000000 ) );
#2424 = DIRECTION( '', ( 1.00000000000000, -0.000000000000000, 0.000000000000000 ) );
#2425 = ORIENTED_EDGE( '', *, *, #5430, .F. );
#2426 = ORIENTED_EDGE( '', *, *, #5230, .F. );
#2427 = ORIENTED_EDGE( '', *, *, #5431, .F. );
#2428 = ORIENTED_EDGE( '', *, *, #5432, .F. );
#2429 = CARTESIAN_POINT( '', ( 0.00184999999999997, -8.50001836602528E-005, -0.00279999999999896 ) );
#2430 = DIRECTION( '', ( -0.000000000000000, -0.000000000000000, 1.00000000000000 ) );
#2431 = DIRECTION( '', ( -1.00000000000000, 0.000000000000000, 0.000000000000000 ) );
#2432 = ORIENTED_EDGE( '', *, *, #5288, .T. );
#2433 = ORIENTED_EDGE( '', *, *, #5433, .F. );
#2434 = ORIENTED_EDGE( '', *, *, #5260, .F. );
#2435 = ORIENTED_EDGE( '', *, *, #5434, .T. );
#2436 = ORIENTED_EDGE( '', *, *, #5435, .T. );
#2437 = CARTESIAN_POINT( '', ( -0.00159999999999995, 0.00131500000000007, -0.00279999999999896 ) );
#2438 = DIRECTION( '', ( 0.000000000000000, 0.000000000000000, -1.00000000000000 ) );
#2439 = DIRECTION( '', ( 0.000000000000000, -1.00000000000000, 0.000000000000000 ) );
#2440 = ORIENTED_EDGE( '', *, *, #5436, .F. );
#2441 = CARTESIAN_POINT( '', ( -0.00139999999999999, -0.000675000000000094, -0.00195000000000007 ) );
#2442 = DIRECTION( '', ( 0.000000000000000, 1.00000000000000, 0.000000000000000 ) );
#2443 = DIRECTION( '', ( 1.00000000000000, 0.000000000000000, -0.000000000000000 ) );
#2444 = ORIENTED_EDGE( '', *, *, #5437, .T. );
#2445 = ORIENTED_EDGE( '', *, *, #5438, .T. );
#2446 = ORIENTED_EDGE( '', *, *, #5439, .F. );
#2447 = ORIENTED_EDGE( '', *, *, #5440, .F. );
#2448 = CARTESIAN_POINT( '', ( -0.00184999999999997, 0.000739999816339800, 0.00279999999999896 ) );
#2449 = DIRECTION( '', ( 1.00000000000000, 0.000000000000000, 0.000000000000000 ) );
#2450 = DIRECTION( '', ( 0.000000000000000, 1.00000000000000, -0.000000000000000 ) );
#2451 = ORIENTED_EDGE( '', *, *, #5441, .T. );
#2452 = ORIENTED_EDGE( '', *, *, #5245, .F. );
#2453 = ORIENTED_EDGE( '', *, *, #5442, .F. );
#2454 = ORIENTED_EDGE( '', *, *, #5443, .T. );
#2455 = CARTESIAN_POINT( '', ( -0.00184999999999997, -8.50001836602528E-005, -0.00279999999999896 ) );
#2456 = DIRECTION( '', ( -0.000000000000000, -0.000000000000000, 1.00000000000000 ) );
#2457 = DIRECTION( '', ( -1.00000000000000, 0.000000000000000, 0.000000000000000 ) );
#2458 = ORIENTED_EDGE( '', *, *, #5444, .T. );
#2459 = ORIENTED_EDGE( '', *, *, #5445, .F. );
#2460 = ORIENTED_EDGE( '', *, *, #5446, .F. );
#2461 = ORIENTED_EDGE( '', *, *, #5447, .T. );
#2462 = CARTESIAN_POINT( '', ( -0.000244680851697922, -0.000935000000000070, 0.000201875001192091 ) );
#2463 = DIRECTION( '', ( 0.000000000000000, 0.000000000000000, -1.00000000000000 ) );
#2464 = DIRECTION( '', ( 0.000000000000000, -1.00000000000000, 0.000000000000000 ) );
#2465 = ORIENTED_EDGE( '', *, *, #5448, .F. );
#2466 = ORIENTED_EDGE( '', *, *, #5449, .F. );
#2467 = ORIENTED_EDGE( '', *, *, #5450, .T. );
#2468 = ORIENTED_EDGE( '', *, *, #5451, .T. );
#2469 = ORIENTED_EDGE( '', *, *, #5452, .T. );
#2470 = CARTESIAN_POINT( '', ( -0.00269999999999936, 0.00126500000000002, -0.00274999999999916 ) );
#2471 = DIRECTION( '', ( 1.00000000000000, -0.000000000000000, -0.000000000000000 ) );
#2472 = DIRECTION( '', ( 0.000000000000000, -1.00000000000000, 0.000000000000000 ) );
#2473 = ORIENTED_EDGE( '', *, *, #5453, .T. );
#2474 = ORIENTED_EDGE( '', *, *, #5454, .F. );
#2475 = ORIENTED_EDGE( '', *, *, #5455, .F. );
#2476 = ORIENTED_EDGE( '', *, *, #5237, .T. );
#2477 = CARTESIAN_POINT( '', ( 0.00209999999999998, 0.000135000000000019, -0.00279999999999896 ) );
#2478 = DIRECTION( '', ( -1.00000000000000, 0.000000000000000, 0.000000000000000 ) );
#2479 = DIRECTION( '', ( 0.000000000000000, 0.000000000000000, 1.00000000000000 ) );
#2480 = ORIENTED_EDGE( '', *, *, #5456, .T. );
#2481 = ORIENTED_EDGE( '', *, *, #5457, .F. );
#2482 = ORIENTED_EDGE( '', *, *, #5458, .F. );
#2483 = ORIENTED_EDGE( '', *, *, #5459, .T. );
#2484 = CARTESIAN_POINT( '', ( 0.00129999999999988, 0.00131500000000007, 0.00310000000000030 ) );
#2485 = DIRECTION( '', ( 0.707106781186548, 0.000000000000000, 0.707106781186548 ) );
#2486 = DIRECTION( '', ( 0.000000000000000, -1.00000000000000, 0.000000000000000 ) );
#2487 = ORIENTED_EDGE( '', *, *, #5460, .T. );
#2488 = ORIENTED_EDGE( '', *, *, #5461, .F. );
#2489 = ORIENTED_EDGE( '', *, *, #5462, .F. );
#2490 = ORIENTED_EDGE( '', *, *, #5463, .T. );
#2491 = CARTESIAN_POINT( '', ( -0.000414893627166636, -0.000935000000000070, 0.000201875001192091 ) );
#2492 = DIRECTION( '', ( -0.774397611000872, 0.000000000000000, 0.632699249308977 ) );
#2493 = DIRECTION( '', ( 0.000000000000000, 1.00000000000000, 0.000000000000000 ) );
#2494 = ORIENTED_EDGE( '', *, *, #5464, .T. );
#2495 = ORIENTED_EDGE( '', *, *, #5465, .T. );
#2496 = ORIENTED_EDGE( '', *, *, #5466, .F. );
#2497 = ORIENTED_EDGE( '', *, *, #5467, .F. );
#2498 = ORIENTED_EDGE( '', *, *, #5468, .F. );
#2499 = CARTESIAN_POINT( '', ( 0.00204999999999993, 0.00131500000000007, -0.00279999999999896 ) );
#2500 = DIRECTION( '', ( 0.000000000000000, 0.000000000000000, -1.00000000000000 ) );
#2501 = DIRECTION( '', ( 0.000000000000000, -1.00000000000000, 0.000000000000000 ) );
#2502 = ORIENTED_EDGE( '', *, *, #5469, .T. );
#2503 = ORIENTED_EDGE( '', *, *, #5470, .F. );
#2504 = ORIENTED_EDGE( '', *, *, #5471, .F. );
#2505 = ORIENTED_EDGE( '', *, *, #5472, .T. );
#2506 = CARTESIAN_POINT( '', ( 0.000849999999999902, -0.00113500000000003, 0.00254999999999996 ) );
#2507 = DIRECTION( '', ( -1.00000000000000, 0.000000000000000, 0.000000000000000 ) );
#2508 = DIRECTION( '', ( 0.000000000000000, 0.000000000000000, 1.00000000000000 ) );
#2509 = ORIENTED_EDGE( '', *, *, #5473, .T. );
#2510 = ORIENTED_EDGE( '', *, *, #5474, .F. );
#2511 = ORIENTED_EDGE( '', *, *, #5217, .F. );
#2512 = ORIENTED_EDGE( '', *, *, #5475, .T. );
#2513 = CARTESIAN_POINT( '', ( 0.000180851057171813, -0.000935000000000070, -0.000266874998807990 ) );
#2514 = DIRECTION( '', ( 0.000000000000000, 0.000000000000000, -1.00000000000000 ) );
#2515 = DIRECTION( '', ( 0.000000000000000, -1.00000000000000, 0.000000000000000 ) );
#2516 = ORIENTED_EDGE( '', *, *, #5476, .T. );
#2517 = ORIENTED_EDGE( '', *, *, #5242, .F. );
#2518 = ORIENTED_EDGE( '', *, *, #5477, .F. );
#2519 = ORIENTED_EDGE( '', *, *, #5478, .T. );
#2520 = CARTESIAN_POINT( '', ( 0.00184999999999997, -8.50001836602528E-005, -0.00279999999999896 ) );
#2521 = DIRECTION( '', ( -0.000000000000000, -0.000000000000000, 1.00000000000000 ) );
#2522 = DIRECTION( '', ( -1.00000000000000, 0.000000000000000, 0.000000000000000 ) );
#2523 = ORIENTED_EDGE( '', *, *, #5479, .T. );
#2524 = ORIENTED_EDGE( '', *, *, #5480, .F. );
#2525 = ORIENTED_EDGE( '', *, *, #5481, .F. );
#2526 = ORIENTED_EDGE( '', *, *, #5482, .T. );
#2527 = CARTESIAN_POINT( '', ( -1.06382975354782E-005, -0.000935000000000070, 0.000186250001192090 ) );
#2528 = DIRECTION( '', ( 0.699624798706729, 0.000000000000000, 0.714510420522030 ) );
#2529 = DIRECTION( '', ( 0.000000000000000, -1.00000000000000, 0.000000000000000 ) );
#2530 = ORIENTED_EDGE( '', *, *, #5483, .T. );
#2531 = ORIENTED_EDGE( '', *, *, #5484, .F. );
#2532 = ORIENTED_EDGE( '', *, *, #5485, .F. );
#2533 = ORIENTED_EDGE( '', *, *, #5486, .T. );
#2534 = CARTESIAN_POINT( '', ( 5.31914904713656E-005, -0.000935000000000070, 2.99999993294470E-005 ) );
#2535 = DIRECTION( '', ( 0.946649920699984, 0.000000000000000, -0.322263754770395 ) );
#2536 = DIRECTION( '', ( 0.000000000000000, -1.00000000000000, 0.000000000000000 ) );
#2537 = ORIENTED_EDGE( '', *, *, #5487, .T. );
#2538 = ORIENTED_EDGE( '', *, *, #5246, .F. );
#2539 = ORIENTED_EDGE( '', *, *, #5441, .F. );
#2540 = ORIENTED_EDGE( '', *, *, #5488, .T. );
#2541 = CARTESIAN_POINT( '', ( -0.00184999999999997, -3.50001836602496E-005, -0.00279999999999896 ) );
#2542 = DIRECTION( '', ( -0.000000000000000, -0.000000000000000, 1.00000000000000 ) );
#2543 = DIRECTION( '', ( 1.00000000000000, 0.000000000000000, 0.000000000000000 ) );
#2544 = ORIENTED_EDGE( '', *, *, #5489, .T. );
#2545 = ORIENTED_EDGE( '', *, *, #5490, .F. );
#2546 = ORIENTED_EDGE( '', *, *, #5491, .F. );
#2547 = ORIENTED_EDGE( '', *, *, #5492, .T. );
#2548 = CARTESIAN_POINT( '', ( -0.000180851057171813, -0.000935000000000070, -0.000282499998807864 ) );
#2549 = DIRECTION( '', ( 0.281841662235304, 0.000000000000000, -0.959460930642015 ) );
#2550 = DIRECTION( '', ( 0.000000000000000, -1.00000000000000, 0.000000000000000 ) );
#2551 = ORIENTED_EDGE( '', *, *, #5493, .T. );
#2552 = ORIENTED_EDGE( '', *, *, #5494, .F. );
#2553 = ORIENTED_EDGE( '', *, *, #5495, .T. );
#2554 = CARTESIAN_POINT( '', ( -0.00269999999999936, 0.00131500000000007, -0.00274999999999916 ) );
#2555 = DIRECTION( '', ( 1.00000000000000, 0.000000000000000, 0.000000000000000 ) );
#2556 = DIRECTION( '', ( 0.000000000000000, 1.00000000000000, -0.000000000000000 ) );
#2557 = ORIENTED_EDGE( '', *, *, #5496, .T. );
#2558 = ORIENTED_EDGE( '', *, *, #5497, .F. );
#2559 = ORIENTED_EDGE( '', *, *, #5498, .F. );
#2560 = ORIENTED_EDGE( '', *, *, #5499, .T. );
#2561 = CARTESIAN_POINT( '', ( 0.00310000000000030, 0.00131500000000007, -0.000899999999999956 ) );
#2562 = DIRECTION( '', ( 0.000000000000000, 0.000000000000000, 1.00000000000000 ) );
#2563 = DIRECTION( '', ( 1.00000000000000, -0.000000000000000, 0.000000000000000 ) );
#2564 = ORIENTED_EDGE( '', *, *, #5500, .T. );
#2565 = ORIENTED_EDGE( '', *, *, #5501, .F. );
#2566 = ORIENTED_EDGE( '', *, *, #5502, .F. );
#2567 = ORIENTED_EDGE( '', *, *, #5503, .T. );
#2568 = CARTESIAN_POINT( '', ( 0.00249999999999991, -0.000334999999999930, -0.00254999999999996 ) );
#2569 = DIRECTION( '', ( -0.000000000000000, -0.000000000000000, 1.00000000000000 ) );
#2570 = DIRECTION( '', ( 1.00000000000000, 0.000000000000000, 0.000000000000000 ) );
#2571 = ORIENTED_EDGE( '', *, *, #5504, .T. );
#2572 = ORIENTED_EDGE( '', *, *, #5505, .F. );
#2573 = ORIENTED_EDGE( '', *, *, #5473, .F. );
#2574 = ORIENTED_EDGE( '', *, *, #5506, .T. );
#2575 = CARTESIAN_POINT( '', ( 0.000244680851697922, -0.000935000000000070, -0.000266874998807990 ) );
#2576 = DIRECTION( '', ( 0.281841680406296, 0.000000000000000, -0.959460925304285 ) );
#2577 = DIRECTION( '', ( 0.000000000000000, -1.00000000000000, 0.000000000000000 ) );
#2578 = ORIENTED_EDGE( '', *, *, #5507, .T. );
#2579 = ORIENTED_EDGE( '', *, *, #5508, .T. );
#2580 = ORIENTED_EDGE( '', *, *, #5509, .T. );
#2581 = ORIENTED_EDGE( '', *, *, #5510, .F. );
#2582 = ORIENTED_EDGE( '', *, *, #5511, .F. );
#2583 = ORIENTED_EDGE( '', *, *, #5512, .T. );
#2584 = ORIENTED_EDGE( '', *, *, #5513, .F. );
#2585 = CARTESIAN_POINT( '', ( 0.00100397510322840, -0.000118680000000003, 0.00310000000000030 ) );
#2586 = DIRECTION( '', ( -0.836516303737824, -0.482962913144514, -0.258819045102507 ) );
#2587 = DIRECTION( '', ( -0.499999999999977, 0.866025403784452, -1.43673431542150E-017 ) );
#2588 = ORIENTED_EDGE( '', *, *, #5514, .F. );
#2589 = ORIENTED_EDGE( '', *, *, #5510, .T. );
#2590 = ORIENTED_EDGE( '', *, *, #5515, .T. );
#2591 = ORIENTED_EDGE( '', *, *, #5516, .F. );
#2592 = ORIENTED_EDGE( '', *, *, #5517, .F. );
#2593 = ORIENTED_EDGE( '', *, *, #5518, .F. );
#2594 = CARTESIAN_POINT( '', ( 0.000877278423207996, 0.000261534602404222, 0.00300000000000070 ) );
#2595 = DIRECTION( '', ( -1.00000000000000, 0.000000000000000, -0.000000000000000 ) );
#2596 = DIRECTION( '', ( 0.000000000000000, 0.000000000000000, -1.00000000000000 ) );
#2597 = ORIENTED_EDGE( '', *, *, #5519, .F. );
#2598 = ORIENTED_EDGE( '', *, *, #5520, .T. );
#2599 = ORIENTED_EDGE( '', *, *, #5521, .F. );
#2600 = ORIENTED_EDGE( '', *, *, #5512, .F. );
#2601 = ORIENTED_EDGE( '', *, *, #5522, .T. );
#2602 = CARTESIAN_POINT( '', ( 0.00181117714323461, -0.000229889057603617, 0.00279999999999896 ) );
#2603 = DIRECTION( '', ( 0.258819045102493, 0.965925826289076, 0.000000000000000 ) );
#2604 = DIRECTION( '', ( 0.000000000000000, 0.000000000000000, -1.00000000000000 ) );
#2605 = ORIENTED_EDGE( '', *, *, #5523, .T. );
#2606 = ORIENTED_EDGE( '', *, *, #5524, .F. );
#2607 = ORIENTED_EDGE( '', *, *, #5525, .F. );
#2608 = ORIENTED_EDGE( '', *, *, #5526, .T. );
#2609 = ORIENTED_EDGE( '', *, *, #5292, .T. );
#2610 = CARTESIAN_POINT( '', ( 0.00310000000000030, 0.00131500000000007, -0.00279999999999896 ) );
#2611 = DIRECTION( '', ( 0.000000000000000, 0.000000000000000, -1.00000000000000 ) );
#2612 = DIRECTION( '', ( 0.000000000000000, -1.00000000000000, 0.000000000000000 ) );
#2613 = ORIENTED_EDGE( '', *, *, #5527, .F. );
#2614 = ORIENTED_EDGE( '', *, *, #5528, .F. );
#2615 = ORIENTED_EDGE( '', *, *, #5529, .F. );
#2616 = ORIENTED_EDGE( '', *, *, #5530, .T. );
#2617 = ORIENTED_EDGE( '', *, *, #5531, .T. );
#2618 = ORIENTED_EDGE( '', *, *, #5532, .F. );
#2619 = ORIENTED_EDGE( '', *, *, #5533, .F. );
#2620 = CARTESIAN_POINT( '', ( 0.00179999999999991, 0.000764999999999988, 0.00279999999999896 ) );
#2621 = DIRECTION( '', ( 1.00000000000000, 0.000000000000000, 0.000000000000000 ) );
#2622 = DIRECTION( '', ( 0.000000000000000, 1.00000000000000, -0.000000000000000 ) );
#2623 = ORIENTED_EDGE( '', *, *, #5534, .T. );
#2624 = ORIENTED_EDGE( '', *, *, #5535, .T. );
#2625 = ORIENTED_EDGE( '', *, *, #5437, .F. );
#2626 = ORIENTED_EDGE( '', *, *, #5536, .F. );
#2627 = CARTESIAN_POINT( '', ( -0.00204999999999993, 0.000739999816339800, 0.00279999999999896 ) );
#2628 = DIRECTION( '', ( 0.000000000000000, 1.00000000000000, 0.000000000000000 ) );
#2629 = DIRECTION( '', ( 1.00000000000000, 0.000000000000000, -0.000000000000000 ) );
#2630 = ORIENTED_EDGE( '', *, *, #5537, .T. );
#2631 = ORIENTED_EDGE( '', *, *, #5538, .T. );
#2632 = CARTESIAN_POINT( '', ( 0.000000000000000, 0.00170140563223933, 0.000000000000000 ) );
#2633 = DIRECTION( '', ( 0.000000000000000, 1.00000000000000, 0.000000000000000 ) );
#2634 = DIRECTION( '', ( 0.000000000000000, 0.000000000000000, 1.00000000000000 ) );
#2635 = ORIENTED_EDGE( '', *, *, #5539, .T. );
#2636 = ORIENTED_EDGE( '', *, *, #5540, .F. );
#2637 = ORIENTED_EDGE( '', *, *, #5541, .F. );
#2638 = ORIENTED_EDGE( '', *, *, #5542, .T. );
#2639 = CARTESIAN_POINT( '', ( -0.00300000000000070, 0.00131500000000007, -0.00279999999999896 ) );
#2640 = DIRECTION( '', ( 1.00000000000000, 0.000000000000000, 0.000000000000000 ) );
#2641 = DIRECTION( '', ( 0.000000000000000, 1.00000000000000, -0.000000000000000 ) );
#2642 = ORIENTED_EDGE( '', *, *, #5543, .T. );
#2643 = ORIENTED_EDGE( '', *, *, #5544, .F. );
#2644 = ORIENTED_EDGE( '', *, *, #5545, .F. );
#2645 = ORIENTED_EDGE( '', *, *, #5546, .F. );
#2646 = ORIENTED_EDGE( '', *, *, #5547, .F. );
#2647 = ORIENTED_EDGE( '', *, *, #5548, .T. );
#2648 = ORIENTED_EDGE( '', *, *, #5549, .T. );
#2649 = ORIENTED_EDGE( '', *, *, #5550, .T. );
#2650 = ORIENTED_EDGE( '', *, *, #5551, .T. );
#2651 = CARTESIAN_POINT( '', ( -0.000500000000000032, 0.00126500000000002, 0.000000000000000 ) );
#2652 = DIRECTION( '', ( -1.00000000000000, 0.000000000000000, 0.000000000000000 ) );
#2653 = DIRECTION( '', ( 0.000000000000000, 0.000000000000000, 1.00000000000000 ) );
#2654 = ORIENTED_EDGE( '', *, *, #5249, .F. );
#2655 = ORIENTED_EDGE( '', *, *, #5552, .F. );
#2656 = ORIENTED_EDGE( '', *, *, #5495, .F. );
#2657 = ORIENTED_EDGE( '', *, *, #5553, .T. );
#2658 = ORIENTED_EDGE( '', *, *, #5289, .T. );
#2659 = ORIENTED_EDGE( '', *, *, #5554, .T. );
#2660 = ORIENTED_EDGE( '', *, *, #5555, .F. );
#2661 = CARTESIAN_POINT( '', ( -0.00269999999999936, 0.00126500000000002, -0.00274999999999916 ) );
#2662 = DIRECTION( '', ( 1.00000000000000, -0.000000000000000, -0.000000000000000 ) );
#2663 = DIRECTION( '', ( 0.000000000000000, -1.00000000000000, 0.000000000000000 ) );
#2664 = ORIENTED_EDGE( '', *, *, #5554, .F. );
#2665 = ORIENTED_EDGE( '', *, *, #5435, .F. );
#2666 = ORIENTED_EDGE( '', *, *, #5556, .T. );
#2667 = ORIENTED_EDGE( '', *, *, #5448, .T. );
#2668 = ORIENTED_EDGE( '', *, *, #5557, .F. );
#2669 = CARTESIAN_POINT( '', ( -0.00204999999999993, 0.00126500000000002, -0.00279999999999896 ) );
#2670 = DIRECTION( '', ( -1.00000000000000, 0.000000000000000, 0.000000000000000 ) );
#2671 = DIRECTION( '', ( 0.000000000000000, 0.000000000000000, 1.00000000000000 ) );
#2672 = ORIENTED_EDGE( '', *, *, #5558, .T. );
#2673 = ORIENTED_EDGE( '', *, *, #5559, .T. );
#2674 = ORIENTED_EDGE( '', *, *, #5560, .T. );
#2675 = CARTESIAN_POINT( '', ( 0.00179999999999991, -0.000284999999999876, -0.00310000000000030 ) );
#2676 = DIRECTION( '', ( 0.000000000000000, 0.965925826289076, -0.258819045102493 ) );
#2677 = DIRECTION( '', ( -1.00000000000000, 0.000000000000000, 0.000000000000000 ) );
#2678 = ORIENTED_EDGE( '', *, *, #5561, .T. );
#2679 = ORIENTED_EDGE( '', *, *, #5562, .F. );
#2680 = ORIENTED_EDGE( '', *, *, #5563, .F. );
#2681 = ORIENTED_EDGE( '', *, *, #5564, .T. );
#2682 = CARTESIAN_POINT( '', ( 0.000393617033958414, -0.000935000000000070, -3.24999988078988E-005 ) );
#2683 = DIRECTION( '', ( -0.946649780061574, 0.000000000000000, 0.322264167895491 ) );
#2684 = DIRECTION( '', ( 0.000000000000000, 1.00000000000000, 0.000000000000000 ) );
#2685 = ORIENTED_EDGE( '', *, *, #5565, .F. );
#2686 = ORIENTED_EDGE( '', *, *, #5566, .F. );
#2687 = ORIENTED_EDGE( '', *, *, #5567, .F. );
#2688 = ORIENTED_EDGE( '', *, *, #5568, .F. );
#2689 = ORIENTED_EDGE( '', *, *, #5569, .F. );
#2690 = ORIENTED_EDGE( '', *, *, #5570, .F. );
#2691 = ORIENTED_EDGE( '', *, *, #5571, .F. );
#2692 = ORIENTED_EDGE( '', *, *, #5486, .F. );
#2693 = ORIENTED_EDGE( '', *, *, #5572, .F. );
#2694 = ORIENTED_EDGE( '', *, *, #5573, .F. );
#2695 = ORIENTED_EDGE( '', *, *, #5574, .F. );
#2696 = ORIENTED_EDGE( '', *, *, #5575, .F. );
#2697 = ORIENTED_EDGE( '', *, *, #5576, .F. );
#2698 = ORIENTED_EDGE( '', *, *, #5577, .F. );
#2699 = ORIENTED_EDGE( '', *, *, #5578, .F. );
#2700 = ORIENTED_EDGE( '', *, *, #5564, .F. );
#2701 = CARTESIAN_POINT( '', ( 0.000000000000000, -0.000935000000000070, 0.000000000000000 ) );
#2702 = DIRECTION( '', ( 0.000000000000000, 1.00000000000000, 0.000000000000000 ) );
#2703 = DIRECTION( '', ( 1.00000000000000, 0.000000000000000, -0.000000000000000 ) );
#2704 = ORIENTED_EDGE( '', *, *, #5579, .T. );
#2705 = ORIENTED_EDGE( '', *, *, #5580, .F. );
#2706 = ORIENTED_EDGE( '', *, *, #5581, .F. );
#2707 = ORIENTED_EDGE( '', *, *, #5582, .T. );
#2708 = CARTESIAN_POINT( '', ( -0.000393617033958414, -0.000935000000000070, -3.24999988078988E-005 ) );
#2709 = DIRECTION( '', ( 1.00000000000000, 0.000000000000000, 0.000000000000000 ) );
#2710 = DIRECTION( '', ( 0.000000000000000, 1.00000000000000, -0.000000000000000 ) );
#2711 = ORIENTED_EDGE( '', *, *, #5583, .F. );
#2712 = ORIENTED_EDGE( '', *, *, #5454, .T. );
#2713 = ORIENTED_EDGE( '', *, *, #5584, .F. );
#2714 = ORIENTED_EDGE( '', *, *, #5585, .F. );
#2715 = CARTESIAN_POINT( '', ( 0.00195000000000007, 0.00126550001222504, -0.00305000000000050 ) );
#2716 = DIRECTION( '', ( -0.000000000000000, 1.00000000000000, -0.000000000000000 ) );
#2717 = DIRECTION( '', ( 1.00000000000000, 0.000000000000000, 0.000000000000000 ) );
#2718 = ORIENTED_EDGE( '', *, *, #5586, .F. );
#2719 = ORIENTED_EDGE( '', *, *, #5587, .T. );
#2720 = ORIENTED_EDGE( '', *, *, #5588, .F. );
#2721 = ORIENTED_EDGE( '', *, *, #5589, .F. );
#2722 = CARTESIAN_POINT( '', ( -0.00195000000000007, 0.00126550001222504, -0.00305000000000050 ) );
#2723 = DIRECTION( '', ( -0.000000000000000, 1.00000000000000, -0.000000000000000 ) );
#2724 = DIRECTION( '', ( 0.000000000000000, 0.000000000000000, -1.00000000000000 ) );
#2725 = ORIENTED_EDGE( '', *, *, #5590, .F. );
#2726 = ORIENTED_EDGE( '', *, *, #5591, .F. );
#2727 = ORIENTED_EDGE( '', *, *, #5592, .F. );
#2728 = CARTESIAN_POINT( '', ( -0.00269999999999936, 0.00131500000000007, 0.00279999999999896 ) );
#2729 = DIRECTION( '', ( 1.00000000000000, 0.000000000000000, 0.000000000000000 ) );
#2730 = DIRECTION( '', ( 0.000000000000000, 1.00000000000000, -0.000000000000000 ) );
#2731 = ORIENTED_EDGE( '', *, *, #5593, .T. );
#2732 = ORIENTED_EDGE( '', *, *, #5594, .F. );
#2733 = ORIENTED_EDGE( '', *, *, #5595, .F. );
#2734 = ORIENTED_EDGE( '', *, *, #5596, .T. );
#2735 = CARTESIAN_POINT( '', ( -0.000180851057171813, -0.000935000000000070, -0.000204374998807910 ) );
#2736 = DIRECTION( '', ( 0.000000000000000, 0.000000000000000, 1.00000000000000 ) );
#2737 = DIRECTION( '', ( 1.00000000000000, -0.000000000000000, 0.000000000000000 ) );
#2738 = ORIENTED_EDGE( '', *, *, #5597, .T. );
#2739 = ORIENTED_EDGE( '', *, *, #5598, .F. );
#2740 = ORIENTED_EDGE( '', *, *, #5593, .F. );
#2741 = ORIENTED_EDGE( '', *, *, #5599, .T. );
#2742 = CARTESIAN_POINT( '', ( -0.000244680851697922, -0.000935000000000070, -0.000204374998807910 ) );
#2743 = DIRECTION( '', ( 0.482444095213800, 0.000000000000000, 0.875926763487301 ) );
#2744 = DIRECTION( '', ( 0.000000000000000, -1.00000000000000, 0.000000000000000 ) );
#2745 = ORIENTED_EDGE( '', *, *, #5595, .T. );
#2746 = ORIENTED_EDGE( '', *, *, #5600, .F. );
#2747 = ORIENTED_EDGE( '', *, *, #5601, .F. );
#2748 = ORIENTED_EDGE( '', *, *, #5602, .T. );
#2749 = CARTESIAN_POINT( '', ( -9.57446843385694E-005, -0.000935000000000070, -0.000157499998807907 ) );
#2750 = DIRECTION( '', ( -0.482444095213800, 0.000000000000000, 0.875926763487301 ) );
#2751 = DIRECTION( '', ( 0.000000000000000, 1.00000000000000, 0.000000000000000 ) );
#2752 = ORIENTED_EDGE( '', *, *, #5603, .T. );
#2753 = ORIENTED_EDGE( '', *, *, #5604, .F. );
#2754 = ORIENTED_EDGE( '', *, *, #5597, .F. );
#2755 = ORIENTED_EDGE( '', *, *, #5605, .T. );
#2756 = CARTESIAN_POINT( '', ( -0.000329787224531166, -0.000935000000000070, -0.000157499998807907 ) );
#2757 = DIRECTION( '', ( 0.826599278799634, 0.000000000000000, 0.562790931241723 ) );
#2758 = DIRECTION( '', ( 0.000000000000000, -1.00000000000000, 0.000000000000000 ) );
#2759 = ORIENTED_EDGE( '', *, *, #5581, .T. );
#2760 = ORIENTED_EDGE( '', *, *, #5606, .F. );
#2761 = ORIENTED_EDGE( '', *, *, #5603, .F. );
#2762 = ORIENTED_EDGE( '', *, *, #5607, .T. );
#2763 = CARTESIAN_POINT( '', ( -0.000372340410947864, -0.000935000000000070, -9.49999988079028E-005 ) );
#2764 = DIRECTION( '', ( 0.946649780061574, 0.000000000000000, 0.322264167895491 ) );
#2765 = DIRECTION( '', ( 0.000000000000000, -1.00000000000000, 0.000000000000000 ) );
#2766 = ORIENTED_EDGE( '', *, *, #5608, .F. );
#2767 = ORIENTED_EDGE( '', *, *, #5609, .T. );
#2768 = ORIENTED_EDGE( '', *, *, #5610, .F. );
#2769 = ORIENTED_EDGE( '', *, *, #5611, .F. );
#2770 = CARTESIAN_POINT( '', ( -0.00195000000000007, 0.00126550001222504, 0.00305000000000050 ) );
#2771 = DIRECTION( '', ( 0.000000000000000, 1.00000000000000, -0.000000000000000 ) );
#2772 = DIRECTION( '', ( -1.00000000000000, 0.000000000000000, 0.000000000000000 ) );
#2773 = ORIENTED_EDGE( '', *, *, #5612, .T. );
#2774 = ORIENTED_EDGE( '', *, *, #5613, .T. );
#2775 = ORIENTED_EDGE( '', *, *, #5466, .T. );
#2776 = ORIENTED_EDGE( '', *, *, #5614, .T. );
#2777 = ORIENTED_EDGE( '', *, *, #5615, .T. );
#2778 = ORIENTED_EDGE( '', *, *, #5261, .T. );
#2779 = ORIENTED_EDGE( '', *, *, #5433, .T. );
#2780 = ORIENTED_EDGE( '', *, *, #5287, .T. );
#2781 = ORIENTED_EDGE( '', *, *, #5553, .F. );
#2782 = ORIENTED_EDGE( '', *, *, #5494, .T. );
#2783 = ORIENTED_EDGE( '', *, *, #5616, .T. );
#2784 = ORIENTED_EDGE( '', *, *, #5540, .T. );
#2785 = ORIENTED_EDGE( '', *, *, #5617, .F. );
#2786 = ORIENTED_EDGE( '', *, *, #5618, .T. );
#2787 = ORIENTED_EDGE( '', *, *, #5619, .T. );
#2788 = ORIENTED_EDGE( '', *, *, #5620, .T. );
#2789 = ORIENTED_EDGE( '', *, *, #5621, .F. );
#2790 = ORIENTED_EDGE( '', *, *, #5622, .T. );
#2791 = ORIENTED_EDGE( '', *, *, #5623, .T. );
#2792 = ORIENTED_EDGE( '', *, *, #5590, .T. );
#2793 = ORIENTED_EDGE( '', *, *, #5624, .T. );
#2794 = ORIENTED_EDGE( '', *, *, #5625, .T. );
#2795 = ORIENTED_EDGE( '', *, *, #5626, .T. );
#2796 = ORIENTED_EDGE( '', *, *, #5627, .T. );
#2797 = ORIENTED_EDGE( '', *, *, #5628, .T. );
#2798 = ORIENTED_EDGE( '', *, *, #5457, .T. );
#2799 = ORIENTED_EDGE( '', *, *, #5629, .T. );
#2800 = ORIENTED_EDGE( '', *, *, #5630, .T. );
#2801 = ORIENTED_EDGE( '', *, *, #5631, .F. );
#2802 = ORIENTED_EDGE( '', *, *, #5632, .T. );
#2803 = ORIENTED_EDGE( '', *, *, #5633, .T. );
#2804 = ORIENTED_EDGE( '', *, *, #5634, .T. );
#2805 = ORIENTED_EDGE( '', *, *, #5497, .T. );
#2806 = ORIENTED_EDGE( '', *, *, #5635, .T. );
#2807 = ORIENTED_EDGE( '', *, *, #5636, .F. );
#2808 = ORIENTED_EDGE( '', *, *, #5637, .T. );
#2809 = ORIENTED_EDGE( '', *, *, #5638, .T. );
#2810 = ORIENTED_EDGE( '', *, *, #5639, .T. );
#2811 = ORIENTED_EDGE( '', *, *, #5524, .T. );
#2812 = ORIENTED_EDGE( '', *, *, #5640, .T. );
#2813 = ORIENTED_EDGE( '', *, *, #5641, .T. );
#2814 = CARTESIAN_POINT( '', ( 0.000000000000000, 0.00151500000000004, 0.000000000000000 ) );
#2815 = DIRECTION( '', ( 0.000000000000000, 1.00000000000000, 0.000000000000000 ) );
#2816 = DIRECTION( '', ( 1.00000000000000, 0.000000000000000, -0.000000000000000 ) );
#2817 = ORIENTED_EDGE( '', *, *, #5642, .T. );
#2818 = ORIENTED_EDGE( '', *, *, #5643, .F. );
#2819 = ORIENTED_EDGE( '', *, *, #5460, .F. );
#2820 = ORIENTED_EDGE( '', *, *, #5644, .T. );
#2821 = CARTESIAN_POINT( '', ( -0.000478723406791810, -0.000935000000000070, 0.000123750001192086 ) );
#2822 = DIRECTION( '', ( -0.964858515417530, 0.000000000000000, 0.262769947342308 ) );
#2823 = DIRECTION( '', ( 0.000000000000000, 1.00000000000000, 0.000000000000000 ) );
#2824 = ORIENTED_EDGE( '', *, *, #5645, .T. );
#2825 = ORIENTED_EDGE( '', *, *, #5646, .F. );
#2826 = ORIENTED_EDGE( '', *, *, #5647, .F. );
#2827 = ORIENTED_EDGE( '', *, *, #5648, .T. );
#2828 = CARTESIAN_POINT( '', ( 0.000180851057171813, -0.000935000000000070, 0.000264375001192044 ) );
#2829 = DIRECTION( '', ( -0.344685622802713, 0.000000000000000, 0.938718179984337 ) );
#2830 = DIRECTION( '', ( 0.000000000000000, 1.00000000000000, 0.000000000000000 ) );
#2831 = ORIENTED_EDGE( '', *, *, #5649, .T. );
#2832 = ORIENTED_EDGE( '', *, *, #5650, .T. );
#2833 = ORIENTED_EDGE( '', *, *, #5651, .F. );
#2834 = ORIENTED_EDGE( '', *, *, #5652, .F. );
#2835 = CARTESIAN_POINT( '', ( -0.00237003521657973, -0.000214062668611703, 0.00279999999999896 ) );
#2836 = DIRECTION( '', ( -0.945518575599302, -0.325568154457201, 0.000000000000000 ) );
#2837 = DIRECTION( '', ( -0.325568154457201, 0.945518575599302, 0.000000000000000 ) );
#2838 = ORIENTED_EDGE( '', *, *, #5653, .T. );
#2839 = ORIENTED_EDGE( '', *, *, #5638, .F. );
#2840 = ORIENTED_EDGE( '', *, *, #5654, .F. );
#2841 = ORIENTED_EDGE( '', *, *, #5655, .T. );
#2842 = CARTESIAN_POINT( '', ( 0.00310000000000030, 0.00131500000000007, -0.00264999999999956 ) );
#2843 = DIRECTION( '', ( 0.000000000000000, 0.000000000000000, 1.00000000000000 ) );
#2844 = DIRECTION( '', ( 1.00000000000000, -0.000000000000000, 0.000000000000000 ) );
#2845 = ORIENTED_EDGE( '', *, *, #5656, .F. );
#2846 = ORIENTED_EDGE( '', *, *, #5657, .F. );
#2847 = ORIENTED_EDGE( '', *, *, #5658, .T. );
#2848 = ORIENTED_EDGE( '', *, *, #5659, .T. );
#2849 = ORIENTED_EDGE( '', *, *, #5558, .F. );
#2850 = ORIENTED_EDGE( '', *, *, #5660, .T. );
#2851 = ORIENTED_EDGE( '', *, *, #5228, .T. );
#2852 = CARTESIAN_POINT( '', ( 0.00179999999999991, 0.000764999999999988, -0.00310000000000030 ) );
#2853 = DIRECTION( '', ( 1.00000000000000, 0.000000000000000, 0.000000000000000 ) );
#2854 = DIRECTION( '', ( 0.000000000000000, 1.00000000000000, -0.000000000000000 ) );
#2855 = ORIENTED_EDGE( '', *, *, #5661, .T. );
#2856 = ORIENTED_EDGE( '', *, *, #5662, .T. );
#2857 = ORIENTED_EDGE( '', *, *, #5649, .F. );
#2858 = ORIENTED_EDGE( '', *, *, #5663, .F. );
#2859 = CARTESIAN_POINT( '', ( -0.00184999999999997, -3.50001836602496E-005, 0.00279999999999896 ) );
#2860 = DIRECTION( '', ( -0.000000000000000, -0.000000000000000, 1.00000000000000 ) );
#2861 = DIRECTION( '', ( 1.00000000000000, 0.000000000000000, 0.000000000000000 ) );
#2862 = ORIENTED_EDGE( '', *, *, #5195, .T. );
#2863 = ORIENTED_EDGE( '', *, *, #5664, .F. );
#2864 = ORIENTED_EDGE( '', *, *, #5665, .F. );
#2865 = ORIENTED_EDGE( '', *, *, #5666, .T. );
#2866 = CARTESIAN_POINT( '', ( -0.00172059047744869, -0.000567963096804834, 0.00279999999999896 ) );
#2867 = DIRECTION( '', ( 0.258819045102493, -0.965925826289076, 0.000000000000000 ) );
#2868 = DIRECTION( '', ( 0.000000000000000, 0.000000000000000, -1.00000000000000 ) );
#2869 = ORIENTED_EDGE( '', *, *, #5667, .F. );
#2870 = ORIENTED_EDGE( '', *, *, #5668, .F. );
#2871 = ORIENTED_EDGE( '', *, *, #5669, .T. );
#2872 = ORIENTED_EDGE( '', *, *, #5670, .F. );
#2873 = ORIENTED_EDGE( '', *, *, #5671, .T. );
#2874 = ORIENTED_EDGE( '', *, *, #5672, .T. );
#2875 = ORIENTED_EDGE( '', *, *, #5226, .F. );
#2876 = CARTESIAN_POINT( '', ( 0.000791879708338762, 0.000248680000000016, -0.00310000000000030 ) );
#2877 = DIRECTION( '', ( -0.836516303737824, -0.482962913144514, 0.258819045102507 ) );
#2878 = DIRECTION( '', ( -0.499999999999977, 0.866025403784452, 1.43673431542150E-017 ) );
#2879 = ORIENTED_EDGE( '', *, *, #5673, .F. );
#2880 = ORIENTED_EDGE( '', *, *, #5674, .T. );
#2881 = ORIENTED_EDGE( '', *, *, #5675, .T. );
#2882 = ORIENTED_EDGE( '', *, *, #5669, .F. );
#2883 = ORIENTED_EDGE( '', *, *, #5676, .F. );
#2884 = ORIENTED_EDGE( '', *, *, #5203, .F. );
#2885 = CARTESIAN_POINT( '', ( -0.000877278423207996, 0.000261534602404222, -0.00300000000000070 ) );
#2886 = DIRECTION( '', ( 1.00000000000000, -0.000000000000000, -0.000000000000000 ) );
#2887 = DIRECTION( '', ( 0.000000000000000, 0.000000000000000, 1.00000000000000 ) );
#2888 = ORIENTED_EDGE( '', *, *, #5677, .F. );
#2889 = ORIENTED_EDGE( '', *, *, #5678, .T. );
#2890 = ORIENTED_EDGE( '', *, *, #5679, .T. );
#2891 = ORIENTED_EDGE( '', *, *, #5674, .F. );
#2892 = ORIENTED_EDGE( '', *, *, #5680, .F. );
#2893 = ORIENTED_EDGE( '', *, *, #5681, .T. );
#2894 = ORIENTED_EDGE( '', *, *, #5222, .F. );
#2895 = CARTESIAN_POINT( '', ( -0.00100397510322840, -0.000118680000000003, -0.00310000000000030 ) );
#2896 = DIRECTION( '', ( 0.836516303737824, -0.482962913144514, 0.258819045102507 ) );
#2897 = DIRECTION( '', ( 2.32179915221016E-017, -0.472347490483142, -0.881412416655380 ) );
#2898 = ORIENTED_EDGE( '', *, *, #5682, .T. );
#2899 = CARTESIAN_POINT( '', ( -0.00139999999999999, -0.000675000000000094, 0.00195000000000007 ) );
#2900 = DIRECTION( '', ( 0.000000000000000, -1.00000000000000, 0.000000000000000 ) );
#2901 = DIRECTION( '', ( 0.000000000000000, 0.000000000000000, -1.00000000000000 ) );
#2902 = ORIENTED_EDGE( '', *, *, #5215, .F. );
#2903 = ORIENTED_EDGE( '', *, *, #5683, .T. );
#2904 = ORIENTED_EDGE( '', *, *, #5684, .F. );
#2905 = ORIENTED_EDGE( '', *, *, #5685, .F. );
#2906 = ORIENTED_EDGE( '', *, *, #5686, .F. );
#2907 = ORIENTED_EDGE( '', *, *, #5530, .F. );
#2908 = ORIENTED_EDGE( '', *, *, #5687, .F. );
#2909 = ORIENTED_EDGE( '', *, *, #5688, .F. );
#2910 = ORIENTED_EDGE( '', *, *, #5689, .T. );
#2911 = CARTESIAN_POINT( '', ( 0.000000000000000, 0.000764999999999988, 0.000000000000000 ) );
#2912 = DIRECTION( '', ( 0.000000000000000, 1.00000000000000, 0.000000000000000 ) );
#2913 = DIRECTION( '', ( 1.00000000000000, 0.000000000000000, -0.000000000000000 ) );
#2914 = ORIENTED_EDGE( '', *, *, #5274, .T. );
#2915 = ORIENTED_EDGE( '', *, *, #5690, .F. );
#2916 = ORIENTED_EDGE( '', *, *, #5688, .T. );
#2917 = ORIENTED_EDGE( '', *, *, #5691, .T. );
#2918 = CARTESIAN_POINT( '', ( 0.00204999999999993, 0.00126500000000002, 0.00279999999999896 ) );
#2919 = DIRECTION( '', ( 1.00000000000000, 0.000000000000000, 0.000000000000000 ) );
#2920 = DIRECTION( '', ( 0.000000000000000, 1.00000000000000, -0.000000000000000 ) );
#2921 = ORIENTED_EDGE( '', *, *, #5692, .F. );
#2922 = ORIENTED_EDGE( '', *, *, #5588, .T. );
#2923 = ORIENTED_EDGE( '', *, *, #5693, .F. );
#2924 = ORIENTED_EDGE( '', *, *, #5694, .T. );
#2925 = ORIENTED_EDGE( '', *, *, #5695, .F. );
#2926 = ORIENTED_EDGE( '', *, *, #5696, .F. );
#2927 = ORIENTED_EDGE( '', *, *, #5697, .F. );
#2928 = ORIENTED_EDGE( '', *, *, #5698, .F. );
#2929 = ORIENTED_EDGE( '', *, *, #5251, .F. );
#2930 = CARTESIAN_POINT( '', ( 0.000000000000000, 0.000764999999999988, 0.000000000000000 ) );
#2931 = DIRECTION( '', ( 0.000000000000000, 1.00000000000000, 0.000000000000000 ) );
#2932 = DIRECTION( '', ( 1.00000000000000, 0.000000000000000, -0.000000000000000 ) );
#2933 = ORIENTED_EDGE( '', *, *, #5699, .T. );
#2934 = ORIENTED_EDGE( '', *, *, #5700, .F. );
#2935 = ORIENTED_EDGE( '', *, *, #5297, .T. );
#2936 = ORIENTED_EDGE( '', *, *, #5701, .F. );
#2937 = CARTESIAN_POINT( '', ( 0.000000000000000, 0.000764999999999988, 0.000000000000000 ) );
#2938 = DIRECTION( '', ( 0.000000000000000, 1.00000000000000, 0.000000000000000 ) );
#2939 = DIRECTION( '', ( 1.00000000000000, 0.000000000000000, -0.000000000000000 ) );
#2940 = ORIENTED_EDGE( '', *, *, #5702, .F. );
#2941 = ORIENTED_EDGE( '', *, *, #5703, .F. );
#2942 = ORIENTED_EDGE( '', *, *, #5704, .T. );
#2943 = ORIENTED_EDGE( '', *, *, #5699, .F. );
#2944 = ORIENTED_EDGE( '', *, *, #5705, .F. );
#2945 = CARTESIAN_POINT( '', ( 0.00305000000000050, 0.00126550001222504, -0.00190000000000002 ) );
#2946 = DIRECTION( '', ( -0.000000000000000, 1.00000000000000, -0.000000000000000 ) );
#2947 = DIRECTION( '', ( 1.00000000000000, 0.000000000000000, 0.000000000000000 ) );
#2948 = ORIENTED_EDGE( '', *, *, #5706, .T. );
#2949 = ORIENTED_EDGE( '', *, *, #5707, .F. );
#2950 = ORIENTED_EDGE( '', *, *, #5708, .F. );
#2951 = ORIENTED_EDGE( '', *, *, #5709, .F. );
#2952 = ORIENTED_EDGE( '', *, *, #5546, .T. );
#2953 = ORIENTED_EDGE( '', *, *, #5710, .F. );
#2954 = ORIENTED_EDGE( '', *, *, #5610, .T. );
#2955 = ORIENTED_EDGE( '', *, *, #5711, .F. );
#2956 = ORIENTED_EDGE( '', *, *, #5712, .T. );
#2957 = CARTESIAN_POINT( '', ( 0.000000000000000, 0.000764999999999988, 0.000000000000000 ) );
#2958 = DIRECTION( '', ( 0.000000000000000, 1.00000000000000, 0.000000000000000 ) );
#2959 = DIRECTION( '', ( 1.00000000000000, 0.000000000000000, -0.000000000000000 ) );
#2960 = ORIENTED_EDGE( '', *, *, #5711, .T. );
#2961 = ORIENTED_EDGE( '', *, *, #5609, .F. );
#2962 = ORIENTED_EDGE( '', *, *, #5713, .F. );
#2963 = ORIENTED_EDGE( '', *, *, #5714, .T. );
#2964 = CARTESIAN_POINT( '', ( -0.00209999999999998, 0.000135000000000019, 0.00279999999999896 ) );
#2965 = DIRECTION( '', ( 1.00000000000000, 0.000000000000000, 0.000000000000000 ) );
#2966 = DIRECTION( '', ( 0.000000000000000, 1.00000000000000, -0.000000000000000 ) );
#2967 = ORIENTED_EDGE( '', *, *, #5715, .F. );
#2968 = ORIENTED_EDGE( '', *, *, #5716, .F. );
#2969 = ORIENTED_EDGE( '', *, *, #5717, .F. );
#2970 = ORIENTED_EDGE( '', *, *, #5718, .F. );
#2971 = CARTESIAN_POINT( '', ( -0.00184999999999997, -8.50001836602528E-005, 0.00279999999999896 ) );
#2972 = DIRECTION( '', ( -0.000000000000000, 0.000000000000000, -1.00000000000000 ) );
#2973 = DIRECTION( '', ( 1.00000000000000, 0.000000000000000, 0.000000000000000 ) );
#2974 = ORIENTED_EDGE( '', *, *, #5719, .T. );
#2975 = ORIENTED_EDGE( '', *, *, #5720, .F. );
#2976 = ORIENTED_EDGE( '', *, *, #5658, .F. );
#2977 = ORIENTED_EDGE( '', *, *, #5721, .F. );
#2978 = ORIENTED_EDGE( '', *, *, #5722, .F. );
#2979 = ORIENTED_EDGE( '', *, *, #5723, .F. );
#2980 = ORIENTED_EDGE( '', *, *, #5584, .T. );
#2981 = ORIENTED_EDGE( '', *, *, #5453, .F. );
#2982 = ORIENTED_EDGE( '', *, *, #5236, .F. );
#2983 = CARTESIAN_POINT( '', ( 0.000000000000000, 0.000764999999999988, 0.000000000000000 ) );
#2984 = DIRECTION( '', ( 0.000000000000000, 1.00000000000000, 0.000000000000000 ) );
#2985 = DIRECTION( '', ( 1.00000000000000, 0.000000000000000, -0.000000000000000 ) );
#2986 = ORIENTED_EDGE( '', *, *, #5724, .T. );
#2987 = ORIENTED_EDGE( '', *, *, #5725, .F. );
#2988 = ORIENTED_EDGE( '', *, *, #5726, .T. );
#2989 = ORIENTED_EDGE( '', *, *, #5320, .F. );
#2990 = CARTESIAN_POINT( '', ( 0.000000000000000, 0.000764999999999988, 0.000000000000000 ) );
#2991 = DIRECTION( '', ( 0.000000000000000, 1.00000000000000, 0.000000000000000 ) );
#2992 = DIRECTION( '', ( 1.00000000000000, 0.000000000000000, -0.000000000000000 ) );
#2993 = ORIENTED_EDGE( '', *, *, #5726, .F. );
#2994 = ORIENTED_EDGE( '', *, *, #5727, .F. );
#2995 = ORIENTED_EDGE( '', *, *, #5728, .F. );
#2996 = ORIENTED_EDGE( '', *, *, #5729, .T. );
#2997 = ORIENTED_EDGE( '', *, *, #5730, .F. );
#2998 = CARTESIAN_POINT( '', ( -0.00305000000000050, 0.00126550001222504, -0.00190000000000002 ) );
#2999 = DIRECTION( '', ( -0.000000000000000, 1.00000000000000, -0.000000000000000 ) );
#3000 = DIRECTION( '', ( 0.000000000000000, 0.000000000000000, -1.00000000000000 ) );
#3001 = ORIENTED_EDGE( '', *, *, #5424, .F. );
#3002 = ORIENTED_EDGE( '', *, *, #5731, .F. );
#3003 = ORIENTED_EDGE( '', *, *, #5732, .T. );
#3004 = ORIENTED_EDGE( '', *, *, #5724, .F. );
#3005 = ORIENTED_EDGE( '', *, *, #5733, .F. );
#3006 = CARTESIAN_POINT( '', ( -0.00305000000000050, 0.00126550001222504, 0.00190000000000002 ) );
#3007 = DIRECTION( '', ( 0.000000000000000, 1.00000000000000, -0.000000000000000 ) );
#3008 = DIRECTION( '', ( -1.00000000000000, 0.000000000000000, 0.000000000000000 ) );
#3009 = ORIENTED_EDGE( '', *, *, #5734, .T. );
#3010 = ORIENTED_EDGE( '', *, *, #5517, .T. );
#3011 = ORIENTED_EDGE( '', *, *, #5735, .T. );
#3012 = ORIENTED_EDGE( '', *, *, #5212, .F. );
#3013 = CARTESIAN_POINT( '', ( 0.00310000000000030, 0.000764999999999988, 0.00279999999999896 ) );
#3014 = DIRECTION( '', ( 0.000000000000000, 0.000000000000000, 1.00000000000000 ) );
#3015 = DIRECTION( '', ( 1.00000000000000, -0.000000000000000, 0.000000000000000 ) );
#3016 = ORIENTED_EDGE( '', *, *, #5208, .F. );
#3017 = ORIENTED_EDGE( '', *, *, #5735, .F. );
#3018 = ORIENTED_EDGE( '', *, *, #5516, .T. );
#3019 = ORIENTED_EDGE( '', *, *, #5736, .F. );
#3020 = ORIENTED_EDGE( '', *, *, #5737, .T. );
#3021 = ORIENTED_EDGE( '', *, *, #5738, .F. );
#3022 = ORIENTED_EDGE( '', *, *, #5739, .F. );
#3023 = CARTESIAN_POINT( '', ( -0.000791879708338762, 0.000248680000000016, 0.00310000000000030 ) );
#3024 = DIRECTION( '', ( 0.836516303737824, -0.482962913144514, -0.258819045102507 ) );
#3025 = DIRECTION( '', ( -2.32179915221016E-017, 0.472347490483142, -0.881412416655380 ) );
#3026 = ORIENTED_EDGE( '', *, *, #5511, .T. );
#3027 = ORIENTED_EDGE( '', *, *, #5514, .T. );
#3028 = ORIENTED_EDGE( '', *, *, #5740, .F. );
#3029 = ORIENTED_EDGE( '', *, *, #5522, .F. );
#3030 = CARTESIAN_POINT( '', ( 0.00310000000000030, 0.000764999999999988, 0.00279999999999896 ) );
#3031 = DIRECTION( '', ( 0.000000000000000, 0.000000000000000, 1.00000000000000 ) );
#3032 = DIRECTION( '', ( 1.00000000000000, -0.000000000000000, 0.000000000000000 ) );
#3033 = ORIENTED_EDGE( '', *, *, #5652, .T. );
#3034 = ORIENTED_EDGE( '', *, *, #5741, .F. );
#3035 = ORIENTED_EDGE( '', *, *, #5742, .T. );
#3036 = ORIENTED_EDGE( '', *, *, #5331, .T. );
#3037 = ORIENTED_EDGE( '', *, *, #5743, .F. );
#3038 = ORIENTED_EDGE( '', *, *, #5744, .F. );
#3039 = ORIENTED_EDGE( '', *, *, #5745, .T. );
#3040 = ORIENTED_EDGE( '', *, *, #5746, .T. );
#3041 = ORIENTED_EDGE( '', *, *, #5747, .F. );
#3042 = ORIENTED_EDGE( '', *, *, #5748, .F. );
#3043 = ORIENTED_EDGE( '', *, *, #5749, .F. );
#3044 = ORIENTED_EDGE( '', *, *, #5750, .F. );
#3045 = ORIENTED_EDGE( '', *, *, #5201, .T. );
#3046 = ORIENTED_EDGE( '', *, *, #5751, .F. );
#3047 = ORIENTED_EDGE( '', *, *, #5196, .T. );
#3048 = ORIENTED_EDGE( '', *, *, #5666, .F. );
#3049 = ORIENTED_EDGE( '', *, *, #5752, .F. );
#3050 = ORIENTED_EDGE( '', *, *, #5663, .T. );
#3051 = CARTESIAN_POINT( '', ( 0.00310000000000030, 0.000764999999999988, 0.00279999999999896 ) );
#3052 = DIRECTION( '', ( 0.000000000000000, 0.000000000000000, 1.00000000000000 ) );
#3053 = DIRECTION( '', ( 1.00000000000000, -0.000000000000000, 0.000000000000000 ) );
#3054 = ORIENTED_EDGE( '', *, *, #5421, .T. );
#3055 = ORIENTED_EDGE( '', *, *, #5753, .T. );
#3056 = ORIENTED_EDGE( '', *, *, #5754, .F. );
#3057 = ORIENTED_EDGE( '', *, *, #5755, .T. );
#3058 = ORIENTED_EDGE( '', *, *, #5425, .F. );
#3059 = ORIENTED_EDGE( '', *, *, #5733, .T. );
#3060 = ORIENTED_EDGE( '', *, *, #5332, .F. );
#3061 = ORIENTED_EDGE( '', *, *, #5742, .F. );
#3062 = CARTESIAN_POINT( '', ( 0.000000000000000, 0.000764999999999988, 0.000000000000000 ) );
#3063 = DIRECTION( '', ( 0.000000000000000, -1.00000000000000, 0.000000000000000 ) );
#3064 = DIRECTION( '', ( 0.000000000000000, 0.000000000000000, -1.00000000000000 ) );
#3065 = ORIENTED_EDGE( '', *, *, #5687, .T. );
#3066 = ORIENTED_EDGE( '', *, *, #5529, .T. );
#3067 = ORIENTED_EDGE( '', *, *, #5756, .T. );
#3068 = ORIENTED_EDGE( '', *, *, #5757, .F. );
#3069 = ORIENTED_EDGE( '', *, *, #5758, .T. );
#3070 = ORIENTED_EDGE( '', *, *, #5279, .T. );
#3071 = ORIENTED_EDGE( '', *, *, #5759, .F. );
#3072 = ORIENTED_EDGE( '', *, *, #5760, .F. );
#3073 = ORIENTED_EDGE( '', *, *, #5275, .F. );
#3074 = ORIENTED_EDGE( '', *, *, #5691, .F. );
#3075 = CARTESIAN_POINT( '', ( 0.00310000000000030, 0.000764999999999988, 0.00279999999999896 ) );
#3076 = DIRECTION( '', ( 0.000000000000000, 0.000000000000000, 1.00000000000000 ) );
#3077 = DIRECTION( '', ( 1.00000000000000, -0.000000000000000, 0.000000000000000 ) );
#3078 = ORIENTED_EDGE( '', *, *, #5536, .T. );
#3079 = ORIENTED_EDGE( '', *, *, #5440, .T. );
#3080 = ORIENTED_EDGE( '', *, *, #5761, .T. );
#3081 = ORIENTED_EDGE( '', *, *, #5762, .F. );
#3082 = ORIENTED_EDGE( '', *, *, #5718, .T. );
#3083 = ORIENTED_EDGE( '', *, *, #5763, .F. );
#3084 = ORIENTED_EDGE( '', *, *, #5377, .T. );
#3085 = ORIENTED_EDGE( '', *, *, #5764, .F. );
#3086 = ORIENTED_EDGE( '', *, *, #5707, .T. );
#3087 = ORIENTED_EDGE( '', *, *, #5765, .T. );
#3088 = CARTESIAN_POINT( '', ( 0.00310000000000030, 0.000764999999999988, 0.00279999999999896 ) );
#3089 = DIRECTION( '', ( 0.000000000000000, 0.000000000000000, 1.00000000000000 ) );
#3090 = DIRECTION( '', ( 1.00000000000000, -0.000000000000000, 0.000000000000000 ) );
#3091 = ORIENTED_EDGE( '', *, *, #5706, .F. );
#3092 = ORIENTED_EDGE( '', *, *, #5766, .T. );
#3093 = ORIENTED_EDGE( '', *, *, #5534, .F. );
#3094 = ORIENTED_EDGE( '', *, *, #5765, .F. );
#3095 = CARTESIAN_POINT( '', ( -0.00204999999999993, 0.00126500000000002, 0.00279999999999896 ) );
#3096 = DIRECTION( '', ( 1.00000000000000, 0.000000000000000, 0.000000000000000 ) );
#3097 = DIRECTION( '', ( 0.000000000000000, 1.00000000000000, -0.000000000000000 ) );
#3098 = ORIENTED_EDGE( '', *, *, #5717, .T. );
#3099 = ORIENTED_EDGE( '', *, *, #5767, .F. );
#3100 = ORIENTED_EDGE( '', *, *, #5768, .F. );
#3101 = ORIENTED_EDGE( '', *, *, #5378, .F. );
#3102 = ORIENTED_EDGE( '', *, *, #5763, .T. );
#3103 = CARTESIAN_POINT( '', ( -0.000219996188337147, 0.000196466594272934, 0.00279999999999896 ) );
#3104 = DIRECTION( '', ( -0.258819045102493, 0.965925826289076, 0.000000000000000 ) );
#3105 = DIRECTION( '', ( 0.000000000000000, 0.000000000000000, 1.00000000000000 ) );
#3106 = ORIENTED_EDGE( '', *, *, #5769, .T. );
#3107 = ORIENTED_EDGE( '', *, *, #5770, .F. );
#3108 = ORIENTED_EDGE( '', *, *, #5708, .T. );
#3109 = ORIENTED_EDGE( '', *, *, #5764, .T. );
#3110 = ORIENTED_EDGE( '', *, *, #5376, .T. );
#3111 = ORIENTED_EDGE( '', *, *, #5768, .T. );
#3112 = ORIENTED_EDGE( '', *, *, #5771, .T. );
#3113 = CARTESIAN_POINT( '', ( -0.00179999999999991, 0.000764999999999988, 0.00310000000000030 ) );
#3114 = DIRECTION( '', ( -1.00000000000000, 0.000000000000000, 0.000000000000000 ) );
#3115 = DIRECTION( '', ( 0.000000000000000, 0.000000000000000, 1.00000000000000 ) );
#3116 = ORIENTED_EDGE( '', *, *, #5738, .T. );
#3117 = ORIENTED_EDGE( '', *, *, #5772, .T. );
#3118 = ORIENTED_EDGE( '', *, *, #5769, .F. );
#3119 = ORIENTED_EDGE( '', *, *, #5773, .T. );
#3120 = CARTESIAN_POINT( '', ( 0.00179999999999991, -0.000204615242270653, 0.00279999999999896 ) );
#3121 = DIRECTION( '', ( 0.000000000000000, 0.965925826289076, 0.258819045102493 ) );
#3122 = DIRECTION( '', ( 1.00000000000000, 0.000000000000000, -0.000000000000000 ) );
#3123 = ORIENTED_EDGE( '', *, *, #5774, .T. );
#3124 = ORIENTED_EDGE( '', *, *, #5775, .T. );
#3125 = ORIENTED_EDGE( '', *, *, #5268, .F. );
#3126 = ORIENTED_EDGE( '', *, *, #5329, .F. );
#3127 = CARTESIAN_POINT( '', ( -0.00249999999999991, -0.000334999999999930, 0.00139999999999999 ) );
#3128 = DIRECTION( '', ( -0.000000000000000, -0.000000000000000, -1.00000000000000 ) );
#3129 = DIRECTION( '', ( -1.00000000000000, 0.000000000000000, 0.000000000000000 ) );
#3130 = ORIENTED_EDGE( '', *, *, #5776, .T. );
#3131 = ORIENTED_EDGE( '', *, *, #5777, .F. );
#3132 = ORIENTED_EDGE( '', *, *, #5778, .F. );
#3133 = ORIENTED_EDGE( '', *, *, #5779, .T. );
#3134 = CARTESIAN_POINT( '', ( 0.000414893627166636, -0.000935000000000070, 0.000186250001192090 ) );
#3135 = DIRECTION( '', ( 0.591909369211421, 0.000000000000000, 0.806004527679428 ) );
#3136 = DIRECTION( '', ( 0.000000000000000, -1.00000000000000, 0.000000000000000 ) );
#3137 = ORIENTED_EDGE( '', *, *, #5780, .T. );
#3138 = ORIENTED_EDGE( '', *, *, #5781, .F. );
#3139 = ORIENTED_EDGE( '', *, *, #5782, .F. );
#3140 = ORIENTED_EDGE( '', *, *, #5783, .T. );
#3141 = CARTESIAN_POINT( '', ( 0.000414893627166636, -0.000935000000000070, -0.000188749998807909 ) );
#3142 = DIRECTION( '', ( 0.774397611000872, 0.000000000000000, -0.632699249308977 ) );
#3143 = DIRECTION( '', ( 0.000000000000000, -1.00000000000000, 0.000000000000000 ) );
#3144 = ORIENTED_EDGE( '', *, *, #5784, .T. );
#3145 = ORIENTED_EDGE( '', *, *, #5785, .F. );
#3146 = ORIENTED_EDGE( '', *, *, #5483, .F. );
#3147 = ORIENTED_EDGE( '', *, *, #5571, .T. );
#3148 = CARTESIAN_POINT( '', ( 7.44680836796638E-005, -0.000935000000000070, 9.25000011920838E-005 ) );
#3149 = DIRECTION( '', ( 0.699624793495294, 0.000000000000000, -0.714510425624894 ) );
#3150 = DIRECTION( '', ( 0.000000000000000, -1.00000000000000, 0.000000000000000 ) );
#3151 = ORIENTED_EDGE( '', *, *, #5786, .T. );
#3152 = ORIENTED_EDGE( '', *, *, #5231, .T. );
#3153 = ORIENTED_EDGE( '', *, *, #5430, .T. );
#3154 = ORIENTED_EDGE( '', *, *, #5787, .T. );
#3155 = CARTESIAN_POINT( '', ( 0.00184999999999997, -3.50001836602496E-005, -0.00279999999999896 ) );
#3156 = DIRECTION( '', ( -0.000000000000000, -0.000000000000000, -1.00000000000000 ) );
#3157 = DIRECTION( '', ( -1.00000000000000, 0.000000000000000, 0.000000000000000 ) );
#3158 = ORIENTED_EDGE( '', *, *, #5788, .T. );
#3159 = ORIENTED_EDGE( '', *, *, #5789, .F. );
#3160 = ORIENTED_EDGE( '', *, *, #5790, .T. );
#3161 = ORIENTED_EDGE( '', *, *, #5791, .T. );
#3162 = CARTESIAN_POINT( '', ( 0.000000000000000, 0.000870000000000076, 0.000000000000000 ) );
#3163 = DIRECTION( '', ( 0.000000000000000, 1.00000000000000, -0.000000000000000 ) );
#3164 = DIRECTION( '', ( -1.00000000000000, 0.000000000000000, 0.000000000000000 ) );
#3165 = ORIENTED_EDGE( '', *, *, #5792, .T. );
#3166 = ORIENTED_EDGE( '', *, *, #5636, .T. );
#3167 = ORIENTED_EDGE( '', *, *, #5793, .F. );
#3168 = ORIENTED_EDGE( '', *, *, #5794, .F. );
#3169 = CARTESIAN_POINT( '', ( 0.00300000000000070, 0.00131500000000007, -0.00220000000000009 ) );
#3170 = DIRECTION( '', ( 0.000000000000000, 0.000000000000000, -1.00000000000000 ) );
#3171 = DIRECTION( '', ( 0.000000000000000, -1.00000000000000, 0.000000000000000 ) );
#3172 = ORIENTED_EDGE( '', *, *, #5314, .T. );
#3173 = ORIENTED_EDGE( '', *, *, #5795, .T. );
#3174 = ORIENTED_EDGE( '', *, *, #5796, .T. );
#3175 = ORIENTED_EDGE( '', *, *, #5797, .F. );
#3176 = CARTESIAN_POINT( '', ( -0.00346165000000086, -0.000175000000000011, -0.00235999999999996 ) );
#3177 = DIRECTION( '', ( -0.000000000000000, -0.000000000000000, 1.00000000000000 ) );
#3178 = DIRECTION( '', ( -1.00000000000000, 0.000000000000000, 0.000000000000000 ) );
#3179 = ORIENTED_EDGE( '', *, *, #5798, .T. );
#3180 = ORIENTED_EDGE( '', *, *, #5799, .F. );
#3181 = ORIENTED_EDGE( '', *, *, #5489, .F. );
#3182 = ORIENTED_EDGE( '', *, *, #5800, .T. );
#3183 = CARTESIAN_POINT( '', ( -7.44680836796638E-005, -0.000935000000000070, -0.000251249998807913 ) );
#3184 = DIRECTION( '', ( 0.699624798706729, 0.000000000000000, -0.714510420522030 ) );
#3185 = DIRECTION( '', ( 0.000000000000000, -1.00000000000000, 0.000000000000000 ) );
#3186 = ORIENTED_EDGE( '', *, *, #5801, .F. );
#3187 = ORIENTED_EDGE( '', *, *, #5802, .T. );
#3188 = ORIENTED_EDGE( '', *, *, #5753, .F. );
#3189 = ORIENTED_EDGE( '', *, *, #5420, .F. );
#3190 = CARTESIAN_POINT( '', ( -0.00264999999999956, 0.00126550001222504, 0.00264999999999956 ) );
#3191 = DIRECTION( '', ( 0.000000000000000, 1.00000000000000, -0.000000000000000 ) );
#3192 = DIRECTION( '', ( -1.00000000000000, 0.000000000000000, 0.000000000000000 ) );
#3193 = ORIENTED_EDGE( '', *, *, #5803, .T. );
#3194 = ORIENTED_EDGE( '', *, *, #5804, .T. );
#3195 = ORIENTED_EDGE( '', *, *, #5805, .F. );
#3196 = ORIENTED_EDGE( '', *, *, #5806, .F. );
#3197 = ORIENTED_EDGE( '', *, *, #5807, .F. );
#3198 = ORIENTED_EDGE( '', *, *, #5808, .T. );
#3199 = ORIENTED_EDGE( '', *, *, #5809, .F. );
#3200 = ORIENTED_EDGE( '', *, *, #5543, .F. );
#3201 = ORIENTED_EDGE( '', *, *, #5810, .F. );
#3202 = CARTESIAN_POINT( '', ( 0.000000000000000, 0.000300000000000070, 0.000000000000000 ) );
#3203 = DIRECTION( '', ( 0.000000000000000, -1.00000000000000, -0.000000000000000 ) );
#3204 = DIRECTION( '', ( 0.000000000000000, 0.000000000000000, 1.00000000000000 ) );
#3205 = ORIENTED_EDGE( '', *, *, #5317, .F. );
#3206 = ORIENTED_EDGE( '', *, *, #5811, .T. );
#3207 = ORIENTED_EDGE( '', *, *, #5409, .F. );
#3208 = ORIENTED_EDGE( '', *, *, #5812, .T. );
#3209 = CARTESIAN_POINT( '', ( -0.00346165000000086, -0.000175000000000011, -0.00235999999999996 ) );
#3210 = DIRECTION( '', ( -0.000000000000000, -0.000000000000000, 1.00000000000000 ) );
#3211 = DIRECTION( '', ( -1.00000000000000, 0.000000000000000, 0.000000000000000 ) );
#3212 = ORIENTED_EDGE( '', *, *, #5407, .T. );
#3213 = ORIENTED_EDGE( '', *, *, #5813, .T. );
#3214 = ORIENTED_EDGE( '', *, *, #5312, .F. );
#3215 = ORIENTED_EDGE( '', *, *, #5814, .T. );
#3216 = CARTESIAN_POINT( '', ( -0.00400450441433558, -0.000848664098606178, -0.00235999999999996 ) );
#3217 = DIRECTION( '', ( -0.000000000000000, -0.000000000000000, 1.00000000000000 ) );
#3218 = DIRECTION( '', ( -1.00000000000000, 0.000000000000000, 0.000000000000000 ) );
#3219 = ORIENTED_EDGE( '', *, *, #5729, .F. );
#3220 = ORIENTED_EDGE( '', *, *, #5815, .F. );
#3221 = ORIENTED_EDGE( '', *, *, #5816, .F. );
#3222 = ORIENTED_EDGE( '', *, *, #5817, .T. );
#3223 = CARTESIAN_POINT( '', ( -0.00279999999999896, 0.000135000000000019, -0.00204999999999993 ) );
#3224 = DIRECTION( '', ( 0.000000000000000, 0.000000000000000, 1.00000000000000 ) );
#3225 = DIRECTION( '', ( 1.00000000000000, -0.000000000000000, 0.000000000000000 ) );
#3226 = ORIENTED_EDGE( '', *, *, #5341, .F. );
#3227 = ORIENTED_EDGE( '', *, *, #5818, .T. );
#3228 = ORIENTED_EDGE( '', *, *, #5393, .T. );
#3229 = ORIENTED_EDGE( '', *, *, #5819, .T. );
#3230 = CARTESIAN_POINT( '', ( 0.00346165000000086, -0.000175000000000011, -0.00235999999999996 ) );
#3231 = DIRECTION( '', ( -0.000000000000000, 0.000000000000000, -1.00000000000000 ) );
#3232 = DIRECTION( '', ( 1.00000000000000, 0.000000000000000, 0.000000000000000 ) );
#3233 = ORIENTED_EDGE( '', *, *, #5384, .T. );
#3234 = ORIENTED_EDGE( '', *, *, #5365, .F. );
#3235 = ORIENTED_EDGE( '', *, *, #5362, .T. );
#3236 = ORIENTED_EDGE( '', *, *, #5820, .F. );
#3237 = CARTESIAN_POINT( '', ( 0.00346165000000086, -0.000175000000000011, -0.00235999999999996 ) );
#3238 = DIRECTION( '', ( -0.000000000000000, 0.000000000000000, -1.00000000000000 ) );
#3239 = DIRECTION( '', ( 1.00000000000000, 0.000000000000000, 0.000000000000000 ) );
#3240 = ORIENTED_EDGE( '', *, *, #5821, .F. );
#3241 = ORIENTED_EDGE( '', *, *, #5822, .F. );
#3242 = ORIENTED_EDGE( '', *, *, #5823, .F. );
#3243 = ORIENTED_EDGE( '', *, *, #5824, .T. );
#3244 = ORIENTED_EDGE( '', *, *, #5825, .F. );
#3245 = ORIENTED_EDGE( '', *, *, #5826, .F. );
#3246 = ORIENTED_EDGE( '', *, *, #5383, .F. );
#3247 = ORIENTED_EDGE( '', *, *, #5381, .F. );
#3248 = ORIENTED_EDGE( '', *, *, #5385, .F. );
#3249 = ORIENTED_EDGE( '', *, *, #5820, .T. );
#3250 = ORIENTED_EDGE( '', *, *, #5361, .T. );
#3251 = ORIENTED_EDGE( '', *, *, #5827, .F. );
#3252 = CARTESIAN_POINT( '', ( 0.00346165000000086, -0.000125000000000008, 0.00165999999999996 ) );
#3253 = DIRECTION( '', ( 0.000000000000000, 0.000000000000000, -1.00000000000000 ) );
#3254 = DIRECTION( '', ( 0.000000000000000, -1.00000000000000, 0.000000000000000 ) );
#3255 = ORIENTED_EDGE( '', *, *, #5374, .T. );
#3256 = ORIENTED_EDGE( '', *, *, #5828, .F. );
#3257 = ORIENTED_EDGE( '', *, *, #5821, .T. );
#3258 = ORIENTED_EDGE( '', *, *, #5829, .F. );
#3259 = CARTESIAN_POINT( '', ( 0.000000000000000, 0.000125000000000008, 0.000000000000000 ) );
#3260 = DIRECTION( '', ( 0.000000000000000, 1.00000000000000, 0.000000000000000 ) );
#3261 = DIRECTION( '', ( 1.00000000000000, 0.000000000000000, -0.000000000000000 ) );
#3262 = ORIENTED_EDGE( '', *, *, #5830, .T. );
#3263 = ORIENTED_EDGE( '', *, *, #5831, .F. );
#3264 = ORIENTED_EDGE( '', *, *, #5832, .F. );
#3265 = ORIENTED_EDGE( '', *, *, #5566, .T. );
#3266 = CARTESIAN_POINT( '', ( 0.000372340410947864, -0.000935000000000070, 9.25000011920838E-005 ) );
#3267 = DIRECTION( '', ( -0.946649782991544, 0.000000000000000, -0.322264159288715 ) );
#3268 = DIRECTION( '', ( -0.322264159288715, 0.000000000000000, 0.946649782991544 ) );
#3269 = ORIENTED_EDGE( '', *, *, #5446, .T. );
#3270 = ORIENTED_EDGE( '', *, *, #5833, .F. );
#3271 = ORIENTED_EDGE( '', *, *, #5834, .F. );
#3272 = ORIENTED_EDGE( '', *, *, #5835, .T. );
#3273 = CARTESIAN_POINT( '', ( -0.000329787224531166, -0.000935000000000070, 0.000155000001192088 ) );
#3274 = DIRECTION( '', ( 0.482444095213800, 0.000000000000000, -0.875926763487301 ) );
#3275 = DIRECTION( '', ( 0.000000000000000, -1.00000000000000, 0.000000000000000 ) );
#3276 = ORIENTED_EDGE( '', *, *, #5262, .T. );
#3277 = ORIENTED_EDGE( '', *, *, #5615, .F. );
#3278 = ORIENTED_EDGE( '', *, *, #5836, .F. );
#3279 = ORIENTED_EDGE( '', *, *, #5837, .T. );
#3280 = CARTESIAN_POINT( '', ( 0.00129999999999988, 0.00131500000000007, -0.00310000000000030 ) );
#3281 = DIRECTION( '', ( 0.000000000000000, 0.000000000000000, -1.00000000000000 ) );
#3282 = DIRECTION( '', ( 0.000000000000000, -1.00000000000000, 0.000000000000000 ) );
#3283 = ORIENTED_EDGE( '', *, *, #5838, .T. );
#3284 = ORIENTED_EDGE( '', *, *, #5839, .F. );
#3285 = ORIENTED_EDGE( '', *, *, #5840, .F. );
#3286 = ORIENTED_EDGE( '', *, *, #5841, .T. );
#3287 = CARTESIAN_POINT( '', ( -9.57446843385694E-005, -0.000935000000000070, 0.000155000001192088 ) );
#3288 = DIRECTION( '', ( -0.826599232959307, 0.000000000000000, -0.562790998569705 ) );
#3289 = DIRECTION( '', ( -0.562790998569705, 0.000000000000000, 0.826599232959307 ) );
#3290 = ORIENTED_EDGE( '', *, *, #5842, .T. );
#3291 = ORIENTED_EDGE( '', *, *, #5843, .T. );
#3292 = ORIENTED_EDGE( '', *, *, #5258, .F. );
#3293 = ORIENTED_EDGE( '', *, *, #5844, .F. );
#3294 = ORIENTED_EDGE( '', *, *, #5845, .T. );
#3295 = CARTESIAN_POINT( '', ( -0.00181117714323461, -0.000229889057603617, -0.00279999999999896 ) );
#3296 = DIRECTION( '', ( -0.258819045102587, 0.965925826289051, 0.000000000000000 ) );
#3297 = DIRECTION( '', ( 0.000000000000000, 0.000000000000000, 1.00000000000000 ) );
#3298 = ORIENTED_EDGE( '', *, *, #5680, .T. );
#3299 = ORIENTED_EDGE( '', *, *, #5673, .T. );
#3300 = ORIENTED_EDGE( '', *, *, #5202, .F. );
#3301 = ORIENTED_EDGE( '', *, *, #5846, .F. );
#3302 = CARTESIAN_POINT( '', ( -0.00310000000000030, 0.000764999999999988, -0.00279999999999896 ) );
#3303 = DIRECTION( '', ( 0.000000000000000, 0.000000000000000, -1.00000000000000 ) );
#3304 = DIRECTION( '', ( 0.000000000000000, -1.00000000000000, 0.000000000000000 ) );
#3305 = ORIENTED_EDGE( '', *, *, #5207, .F. );
#3306 = ORIENTED_EDGE( '', *, *, #5847, .T. );
#3307 = ORIENTED_EDGE( '', *, *, #5223, .F. );
#3308 = ORIENTED_EDGE( '', *, *, #5681, .F. );
#3309 = ORIENTED_EDGE( '', *, *, #5846, .T. );
#3310 = CARTESIAN_POINT( '', ( -0.00181117714323461, -0.000229889057603617, -0.00279999999999896 ) );
#3311 = DIRECTION( '', ( -0.258819045102587, 0.965925826289051, 0.000000000000000 ) );
#3312 = DIRECTION( '', ( 0.000000000000000, 0.000000000000000, 1.00000000000000 ) );
#3313 = ORIENTED_EDGE( '', *, *, #5204, .T. );
#3314 = ORIENTED_EDGE( '', *, *, #5676, .T. );
#3315 = ORIENTED_EDGE( '', *, *, #5668, .T. );
#3316 = ORIENTED_EDGE( '', *, *, #5848, .F. );
#3317 = CARTESIAN_POINT( '', ( -0.00310000000000030, 0.000764999999999988, -0.00279999999999896 ) );
#3318 = DIRECTION( '', ( 0.000000000000000, 0.000000000000000, -1.00000000000000 ) );
#3319 = DIRECTION( '', ( 0.000000000000000, -1.00000000000000, 0.000000000000000 ) );
#3320 = ORIENTED_EDGE( '', *, *, #5849, .T. );
#3321 = ORIENTED_EDGE( '', *, *, #5850, .T. );
#3322 = ORIENTED_EDGE( '', *, *, #5851, .T. );
#3323 = ORIENTED_EDGE( '', *, *, #5787, .F. );
#3324 = ORIENTED_EDGE( '', *, *, #5432, .T. );
#3325 = ORIENTED_EDGE( '', *, *, #5852, .F. );
#3326 = ORIENTED_EDGE( '', *, *, #5559, .F. );
#3327 = ORIENTED_EDGE( '', *, *, #5659, .F. );
#3328 = ORIENTED_EDGE( '', *, *, #5720, .T. );
#3329 = ORIENTED_EDGE( '', *, *, #5853, .T. );
#3330 = CARTESIAN_POINT( '', ( -0.00310000000000030, 0.000764999999999988, -0.00279999999999896 ) );
#3331 = DIRECTION( '', ( 0.000000000000000, 0.000000000000000, -1.00000000000000 ) );
#3332 = DIRECTION( '', ( 0.000000000000000, -1.00000000000000, 0.000000000000000 ) );
#3333 = ORIENTED_EDGE( '', *, *, #5719, .F. );
#3334 = ORIENTED_EDGE( '', *, *, #5235, .T. );
#3335 = ORIENTED_EDGE( '', *, *, #5854, .F. );
#3336 = ORIENTED_EDGE( '', *, *, #5853, .F. );
#3337 = CARTESIAN_POINT( '', ( 0.00204999999999993, 0.00126500000000002, -0.00279999999999896 ) );
#3338 = DIRECTION( '', ( -1.00000000000000, 0.000000000000000, 0.000000000000000 ) );
#3339 = DIRECTION( '', ( 0.000000000000000, 0.000000000000000, 1.00000000000000 ) );
#3340 = ORIENTED_EDGE( '', *, *, #5431, .T. );
#3341 = ORIENTED_EDGE( '', *, *, #5229, .F. );
#3342 = ORIENTED_EDGE( '', *, *, #5660, .F. );
#3343 = ORIENTED_EDGE( '', *, *, #5560, .F. );
#3344 = ORIENTED_EDGE( '', *, *, #5852, .T. );
#3345 = CARTESIAN_POINT( '', ( 0.000219996188337147, 0.000196466594272960, -0.00279999999999896 ) );
#3346 = DIRECTION( '', ( 0.258819045102493, 0.965925826289076, 0.000000000000000 ) );
#3347 = DIRECTION( '', ( 0.000000000000000, 0.000000000000000, -1.00000000000000 ) );
#3348 = ORIENTED_EDGE( '', *, *, #5443, .F. );
#3349 = ORIENTED_EDGE( '', *, *, #5855, .F. );
#3350 = ORIENTED_EDGE( '', *, *, #5191, .T. );
#3351 = ORIENTED_EDGE( '', *, *, #5192, .T. );
#3352 = ORIENTED_EDGE( '', *, *, #5186, .T. );
#3353 = ORIENTED_EDGE( '', *, *, #5856, .F. );
#3354 = ORIENTED_EDGE( '', *, *, #5478, .F. );
#3355 = ORIENTED_EDGE( '', *, *, #5857, .T. );
#3356 = ORIENTED_EDGE( '', *, *, #5858, .T. );
#3357 = ORIENTED_EDGE( '', *, *, #5296, .F. );
#3358 = ORIENTED_EDGE( '', *, *, #5859, .T. );
#3359 = ORIENTED_EDGE( '', *, *, #5860, .T. );
#3360 = ORIENTED_EDGE( '', *, *, #5861, .F. );
#3361 = ORIENTED_EDGE( '', *, *, #5322, .F. );
#3362 = ORIENTED_EDGE( '', *, *, #5862, .T. );
#3363 = ORIENTED_EDGE( '', *, *, #5863, .T. );
#3364 = ORIENTED_EDGE( '', *, *, #5864, .F. );
#3365 = ORIENTED_EDGE( '', *, *, #5488, .F. );
#3366 = CARTESIAN_POINT( '', ( -0.00310000000000030, 0.000764999999999988, -0.00279999999999896 ) );
#3367 = DIRECTION( '', ( 0.000000000000000, 0.000000000000000, -1.00000000000000 ) );
#3368 = DIRECTION( '', ( 0.000000000000000, -1.00000000000000, 0.000000000000000 ) );
#3369 = ORIENTED_EDGE( '', *, *, #5865, .T. );
#3370 = ORIENTED_EDGE( '', *, *, #5450, .F. );
#3371 = ORIENTED_EDGE( '', *, *, #5866, .F. );
#3372 = ORIENTED_EDGE( '', *, *, #5867, .T. );
#3373 = ORIENTED_EDGE( '', *, *, #5552, .T. );
#3374 = ORIENTED_EDGE( '', *, *, #5248, .F. );
#3375 = ORIENTED_EDGE( '', *, *, #5868, .F. );
#3376 = ORIENTED_EDGE( '', *, *, #5863, .F. );
#3377 = CARTESIAN_POINT( '', ( -0.00269999999999936, 0.000744224644647810, -0.00279999999999896 ) );
#3378 = DIRECTION( '', ( 1.00000000000000, 0.000000000000000, 0.000000000000000 ) );
#3379 = DIRECTION( '', ( 0.000000000000000, 1.00000000000000, -0.000000000000000 ) );
#3380 = ORIENTED_EDGE( '', *, *, #5697, .T. );
#3381 = ORIENTED_EDGE( '', *, *, #5869, .T. );
#3382 = ORIENTED_EDGE( '', *, *, #5870, .F. );
#3383 = ORIENTED_EDGE( '', *, *, #5845, .F. );
#3384 = ORIENTED_EDGE( '', *, *, #5871, .T. );
#3385 = ORIENTED_EDGE( '', *, *, #5266, .T. );
#3386 = ORIENTED_EDGE( '', *, *, #5872, .F. );
#3387 = ORIENTED_EDGE( '', *, *, #5873, .F. );
#3388 = ORIENTED_EDGE( '', *, *, #5282, .F. );
#3389 = ORIENTED_EDGE( '', *, *, #5874, .F. );
#3390 = CARTESIAN_POINT( '', ( -0.00310000000000030, 0.000764999999999988, -0.00279999999999896 ) );
#3391 = DIRECTION( '', ( 0.000000000000000, 0.000000000000000, -1.00000000000000 ) );
#3392 = DIRECTION( '', ( 0.000000000000000, -1.00000000000000, 0.000000000000000 ) );
#3393 = ORIENTED_EDGE( '', *, *, #5281, .T. );
#3394 = ORIENTED_EDGE( '', *, *, #5252, .F. );
#3395 = ORIENTED_EDGE( '', *, *, #5698, .T. );
#3396 = ORIENTED_EDGE( '', *, *, #5874, .T. );
#3397 = CARTESIAN_POINT( '', ( -0.00204999999999993, 0.00126500000000002, -0.00279999999999896 ) );
#3398 = DIRECTION( '', ( -1.00000000000000, 0.000000000000000, 0.000000000000000 ) );
#3399 = DIRECTION( '', ( 0.000000000000000, 0.000000000000000, 1.00000000000000 ) );
#3400 = ORIENTED_EDGE( '', *, *, #5875, .T. );
#3401 = ORIENTED_EDGE( '', *, *, #5876, .T. );
#3402 = ORIENTED_EDGE( '', *, *, #5622, .F. );
#3403 = ORIENTED_EDGE( '', *, *, #5877, .F. );
#3404 = CARTESIAN_POINT( '', ( -0.00310000000000030, 0.00131500000000007, -0.00279999999999896 ) );
#3405 = DIRECTION( '', ( -1.00000000000000, 0.000000000000000, 0.000000000000000 ) );
#3406 = DIRECTION( '', ( 0.000000000000000, 0.000000000000000, 1.00000000000000 ) );
#3407 = ORIENTED_EDGE( '', *, *, #5878, .T. );
#3408 = ORIENTED_EDGE( '', *, *, #5232, .T. );
#3409 = ORIENTED_EDGE( '', *, *, #5786, .F. );
#3410 = ORIENTED_EDGE( '', *, *, #5851, .F. );
#3411 = CARTESIAN_POINT( '', ( 0.00184999999999997, 0.000549760696372268, -0.00279999999999896 ) );
#3412 = DIRECTION( '', ( -0.939692620785897, -0.342020143325699, 0.000000000000000 ) );
#3413 = DIRECTION( '', ( -0.342020143325699, 0.939692620785897, 0.000000000000000 ) );
#3414 = ORIENTED_EDGE( '', *, *, #5879, .T. );
#3415 = ORIENTED_EDGE( '', *, *, #5233, .T. );
#3416 = ORIENTED_EDGE( '', *, *, #5878, .F. );
#3417 = ORIENTED_EDGE( '', *, *, #5850, .F. );
#3418 = CARTESIAN_POINT( '', ( 0.00184999999999997, 0.000739999816339800, -0.00279999999999896 ) );
#3419 = DIRECTION( '', ( -1.00000000000000, 0.000000000000000, 0.000000000000000 ) );
#3420 = DIRECTION( '', ( 0.000000000000000, 0.000000000000000, 1.00000000000000 ) );
#3421 = ORIENTED_EDGE( '', *, *, #5185, .T. );
#3422 = ORIENTED_EDGE( '', *, *, #5243, .F. );
#3423 = ORIENTED_EDGE( '', *, *, #5476, .F. );
#3424 = ORIENTED_EDGE( '', *, *, #5856, .T. );
#3425 = CARTESIAN_POINT( '', ( 0.00172059047744869, -0.000567963096804834, -0.00279999999999896 ) );
#3426 = DIRECTION( '', ( -0.258819045102493, -0.965925826289076, 0.000000000000000 ) );
#3427 = DIRECTION( '', ( -0.965925826289076, 0.258819045102493, 0.000000000000000 ) );
#3428 = ORIENTED_EDGE( '', *, *, #5210, .T. );
#3429 = ORIENTED_EDGE( '', *, *, #5880, .F. );
#3430 = ORIENTED_EDGE( '', *, *, #5520, .F. );
#3431 = ORIENTED_EDGE( '', *, *, #5881, .T. );
#3432 = CARTESIAN_POINT( '', ( 0.000000000000000, -0.000624570358072686, 0.00279999999999896 ) );
#3433 = DIRECTION( '', ( -0.000000000000000, 0.000000000000000, -1.00000000000000 ) );
#3434 = DIRECTION( '', ( 1.00000000000000, 0.000000000000000, 0.000000000000000 ) );
#3435 = ORIENTED_EDGE( '', *, *, #5868, .T. );
#3436 = ORIENTED_EDGE( '', *, *, #5247, .F. );
#3437 = ORIENTED_EDGE( '', *, *, #5487, .F. );
#3438 = ORIENTED_EDGE( '', *, *, #5864, .T. );
#3439 = CARTESIAN_POINT( '', ( -0.00237003521657973, -0.000214062668611703, -0.00279999999999896 ) );
#3440 = DIRECTION( '', ( 0.945518575599302, 0.325568154457201, 0.000000000000000 ) );
#3441 = DIRECTION( '', ( 0.000000000000000, 0.000000000000000, -1.00000000000000 ) );
#3442 = ORIENTED_EDGE( '', *, *, #5882, .F. );
#3443 = ORIENTED_EDGE( '', *, *, #5883, .T. );
#3444 = ORIENTED_EDGE( '', *, *, #5884, .T. );
#3445 = ORIENTED_EDGE( '', *, *, #5885, .F. );
#3446 = CARTESIAN_POINT( '', ( 0.00500001893568762, -0.000985951325476946, -0.00235999999999996 ) );
#3447 = DIRECTION( '', ( 0.0871557427476640, 0.996194698091745, 0.000000000000000 ) );
#3448 = DIRECTION( '', ( 0.000000000000000, 0.000000000000000, -1.00000000000000 ) );
#3449 = ORIENTED_EDGE( '', *, *, #5270, .T. );
#3450 = ORIENTED_EDGE( '', *, *, #5886, .F. );
#3451 = ORIENTED_EDGE( '', *, *, #5887, .F. );
#3452 = ORIENTED_EDGE( '', *, *, #5888, .T. );
#3453 = CARTESIAN_POINT( '', ( -0.000849999999999902, -0.00113500000000003, 0.00139999999999999 ) );
#3454 = DIRECTION( '', ( 1.00000000000000, 0.000000000000000, 0.000000000000000 ) );
#3455 = DIRECTION( '', ( 0.000000000000000, 1.00000000000000, -0.000000000000000 ) );
#3456 = ORIENTED_EDGE( '', *, *, #5834, .T. );
#3457 = ORIENTED_EDGE( '', *, *, #5889, .F. );
#3458 = ORIENTED_EDGE( '', *, *, #5890, .F. );
#3459 = ORIENTED_EDGE( '', *, *, #5891, .T. );
#3460 = CARTESIAN_POINT( '', ( -0.000372340410947864, -0.000935000000000070, 9.25000011920838E-005 ) );
#3461 = DIRECTION( '', ( 0.826599278799634, 0.000000000000000, -0.562790931241723 ) );
#3462 = DIRECTION( '', ( 0.000000000000000, -1.00000000000000, 0.000000000000000 ) );
#3463 = ORIENTED_EDGE( '', *, *, #5892, .T. );
#3464 = ORIENTED_EDGE( '', *, *, #5893, .F. );
#3465 = ORIENTED_EDGE( '', *, *, #5894, .F. );
#3466 = ORIENTED_EDGE( '', *, *, #5576, .T. );
#3467 = CARTESIAN_POINT( '', ( 0.000244680851697922, -0.000935000000000070, -0.000188749998807909 ) );
#3468 = DIRECTION( '', ( 0.000000000000000, 0.000000000000000, 1.00000000000000 ) );
#3469 = DIRECTION( '', ( 1.00000000000000, -0.000000000000000, 0.000000000000000 ) );
#3470 = ORIENTED_EDGE( '', *, *, #5895, .T. );
#3471 = ORIENTED_EDGE( '', *, *, #5896, .F. );
#3472 = ORIENTED_EDGE( '', *, *, #5897, .F. );
#3473 = ORIENTED_EDGE( '', *, *, #5898, .F. );
#3474 = CARTESIAN_POINT( '', ( 0.00295000000000090, 0.000764499987774970, -0.00220000000000009 ) );
#3475 = DIRECTION( '', ( 0.000000000000000, -1.00000000000000, -0.000000000000000 ) );
#3476 = DIRECTION( '', ( 0.000000000000000, 0.000000000000000, 1.00000000000000 ) );
#3477 = ORIENTED_EDGE( '', *, *, #5601, .T. );
#3478 = ORIENTED_EDGE( '', *, *, #5899, .F. );
#3479 = ORIENTED_EDGE( '', *, *, #5900, .F. );
#3480 = ORIENTED_EDGE( '', *, *, #5901, .T. );
#3481 = CARTESIAN_POINT( '', ( -5.31914904713656E-005, -0.000935000000000070, -9.49999988079028E-005 ) );
#3482 = DIRECTION( '', ( -0.826599232959307, 0.000000000000000, 0.562790998569705 ) );
#3483 = DIRECTION( '', ( 0.000000000000000, 1.00000000000000, 0.000000000000000 ) );
#3484 = ORIENTED_EDGE( '', *, *, #5902, .F. );
#3485 = ORIENTED_EDGE( '', *, *, #5903, .F. );
#3486 = ORIENTED_EDGE( '', *, *, #5904, .T. );
#3487 = ORIENTED_EDGE( '', *, *, #5548, .F. );
#3488 = CARTESIAN_POINT( '', ( 0.000000000000000, 0.000815000000000042, 0.000000000000000 ) );
#3489 = DIRECTION( '', ( -0.000000000000000, -1.00000000000000, -0.000000000000000 ) );
#3490 = DIRECTION( '', ( -1.00000000000000, 0.000000000000000, 0.000000000000000 ) );
#3491 = ORIENTED_EDGE( '', *, *, #5790, .F. );
#3492 = ORIENTED_EDGE( '', *, *, #5905, .T. );
#3493 = ORIENTED_EDGE( '', *, *, #5906, .T. );
#3494 = ORIENTED_EDGE( '', *, *, #5907, .F. );
#3495 = CARTESIAN_POINT( '', ( 0.000000000000000, 0.000865000000000096, 0.000000000000000 ) );
#3496 = DIRECTION( '', ( 0.000000000000000, -1.00000000000000, 0.000000000000000 ) );
#3497 = DIRECTION( '', ( 0.000000000000000, 0.000000000000000, -1.00000000000000 ) );
#3498 = ORIENTED_EDGE( '', *, *, #5538, .F. );
#3499 = ORIENTED_EDGE( '', *, *, #5803, .F. );
#3500 = CARTESIAN_POINT( '', ( 0.000000000000000, 0.00140128269549657, 0.000000000000000 ) );
#3501 = DIRECTION( '', ( 0.000000000000000, -1.00000000000000, -0.000000000000000 ) );
#3502 = DIRECTION( '', ( 0.000000000000000, 0.000000000000000, -1.00000000000000 ) );
#3503 = ORIENTED_EDGE( '', *, *, #5904, .F. );
#3504 = ORIENTED_EDGE( '', *, *, #5908, .T. );
#3505 = ORIENTED_EDGE( '', *, *, #5909, .T. );
#3506 = ORIENTED_EDGE( '', *, *, #5549, .F. );
#3507 = CARTESIAN_POINT( '', ( 0.000000000000000, 0.000865000000000096, 0.000000000000000 ) );
#3508 = DIRECTION( '', ( 0.000000000000000, -1.00000000000000, 0.000000000000000 ) );
#3509 = DIRECTION( '', ( 0.000000000000000, 0.000000000000000, -1.00000000000000 ) );
#3510 = ORIENTED_EDGE( '', *, *, #5471, .T. );
#3511 = ORIENTED_EDGE( '', *, *, #5910, .F. );
#3512 = ORIENTED_EDGE( '', *, *, #5283, .F. );
#3513 = ORIENTED_EDGE( '', *, *, #5911, .F. );
#3514 = ORIENTED_EDGE( '', *, *, #5912, .T. );
#3515 = CARTESIAN_POINT( '', ( 0.00310000000000030, -0.00113500000000003, 0.00254999999999996 ) );
#3516 = DIRECTION( '', ( 0.000000000000000, 0.000000000000000, 1.00000000000000 ) );
#3517 = DIRECTION( '', ( 1.00000000000000, -0.000000000000000, 0.000000000000000 ) );
#3518 = ORIENTED_EDGE( '', *, *, #5913, .T. );
#3519 = ORIENTED_EDGE( '', *, *, #5914, .F. );
#3520 = ORIENTED_EDGE( '', *, *, #5915, .F. );
#3521 = ORIENTED_EDGE( '', *, *, #5569, .T. );
#3522 = CARTESIAN_POINT( '', ( 0.000202127665281301, -0.000935000000000070, 0.000186250001192090 ) );
#3523 = DIRECTION( '', ( 0.000000000000000, 0.000000000000000, -1.00000000000000 ) );
#3524 = DIRECTION( '', ( 0.000000000000000, -1.00000000000000, 0.000000000000000 ) );
#3525 = ORIENTED_EDGE( '', *, *, #5916, .T. );
#3526 = ORIENTED_EDGE( '', *, *, #5240, .T. );
#3527 = ORIENTED_EDGE( '', *, *, #5290, .F. );
#3528 = ORIENTED_EDGE( '', *, *, #5858, .F. );
#3529 = CARTESIAN_POINT( '', ( 0.00237003521657973, -0.000214062668611703, -0.00279999999999896 ) );
#3530 = DIRECTION( '', ( 0.945518575599302, -0.325568154457201, 0.000000000000000 ) );
#3531 = DIRECTION( '', ( 0.000000000000000, 0.000000000000000, -1.00000000000000 ) );
#3532 = ORIENTED_EDGE( '', *, *, #5477, .T. );
#3533 = ORIENTED_EDGE( '', *, *, #5241, .T. );
#3534 = ORIENTED_EDGE( '', *, *, #5916, .F. );
#3535 = ORIENTED_EDGE( '', *, *, #5857, .F. );
#3536 = CARTESIAN_POINT( '', ( 0.00184999999999997, -3.50001836602496E-005, -0.00279999999999896 ) );
#3537 = DIRECTION( '', ( -0.000000000000000, -0.000000000000000, -1.00000000000000 ) );
#3538 = DIRECTION( '', ( -1.00000000000000, 0.000000000000000, 0.000000000000000 ) );
#3539 = ORIENTED_EDGE( '', *, *, #5828, .T. );
#3540 = ORIENTED_EDGE( '', *, *, #5373, .F. );
#3541 = ORIENTED_EDGE( '', *, *, #5917, .F. );
#3542 = ORIENTED_EDGE( '', *, *, #5822, .T. );
#3543 = CARTESIAN_POINT( '', ( 0.00346165000000086, -0.000175000000000011, -0.00235999999999996 ) );
#3544 = DIRECTION( '', ( -0.000000000000000, 0.000000000000000, -1.00000000000000 ) );
#3545 = DIRECTION( '', ( 1.00000000000000, 0.000000000000000, 0.000000000000000 ) );
#3546 = ORIENTED_EDGE( '', *, *, #5918, .F. );
#3547 = ORIENTED_EDGE( '', *, *, #5589, .T. );
#3548 = ORIENTED_EDGE( '', *, *, #5692, .T. );
#3549 = ORIENTED_EDGE( '', *, *, #5250, .F. );
#3550 = CARTESIAN_POINT( '', ( -0.00209999999999998, 0.000135000000000019, -0.00319999999999990 ) );
#3551 = DIRECTION( '', ( 1.00000000000000, 0.000000000000000, 0.000000000000000 ) );
#3552 = DIRECTION( '', ( 0.000000000000000, 1.00000000000000, -0.000000000000000 ) );
#3553 = ORIENTED_EDGE( '', *, *, #5782, .T. );
#3554 = ORIENTED_EDGE( '', *, *, #5919, .F. );
#3555 = ORIENTED_EDGE( '', *, *, #5504, .F. );
#3556 = ORIENTED_EDGE( '', *, *, #5920, .T. );
#3557 = CARTESIAN_POINT( '', ( 0.000351063817739388, -0.000935000000000070, -0.000235624998807912 ) );
#3558 = DIRECTION( '', ( 0.591909369211421, 0.000000000000000, -0.806004527679428 ) );
#3559 = DIRECTION( '', ( 0.000000000000000, -1.00000000000000, 0.000000000000000 ) );
#3560 = ORIENTED_EDGE( '', *, *, #5921, .T. );
#3561 = ORIENTED_EDGE( '', *, *, #5922, .F. );
#3562 = ORIENTED_EDGE( '', *, *, #5923, .F. );
#3563 = ORIENTED_EDGE( '', *, *, #5924, .T. );
#3564 = CARTESIAN_POINT( '', ( 3.19148935377510E-005, -0.000935000000000070, 0.000186250001192090 ) );
#3565 = DIRECTION( '', ( -0.826599244419397, 0.000000000000000, 0.562790981737698 ) );
#3566 = DIRECTION( '', ( 0.000000000000000, 1.00000000000000, 0.000000000000000 ) );
#3567 = ORIENTED_EDGE( '', *, *, #5925, .F. );
#3568 = ORIENTED_EDGE( '', *, *, #5926, .T. );
#3569 = ORIENTED_EDGE( '', *, *, #5927, .F. );
#3570 = ORIENTED_EDGE( '', *, *, #5898, .T. );
#3571 = ORIENTED_EDGE( '', *, *, #5928, .F. );
#3572 = ORIENTED_EDGE( '', *, *, #5705, .T. );
#3573 = ORIENTED_EDGE( '', *, *, #5929, .F. );
#3574 = ORIENTED_EDGE( '', *, *, #5859, .F. );
#3575 = CARTESIAN_POINT( '', ( 0.000000000000000, 0.000764999999999988, 0.000000000000000 ) );
#3576 = DIRECTION( '', ( 0.000000000000000, -1.00000000000000, 0.000000000000000 ) );
#3577 = DIRECTION( '', ( 0.000000000000000, 0.000000000000000, -1.00000000000000 ) );
#3578 = ORIENTED_EDGE( '', *, *, #5930, .T. );
#3579 = ORIENTED_EDGE( '', *, *, #5931, .T. );
#3580 = ORIENTED_EDGE( '', *, *, #5932, .T. );
#3581 = ORIENTED_EDGE( '', *, *, #5815, .T. );
#3582 = ORIENTED_EDGE( '', *, *, #5728, .T. );
#3583 = ORIENTED_EDGE( '', *, *, #5933, .T. );
#3584 = ORIENTED_EDGE( '', *, *, #5731, .T. );
#3585 = ORIENTED_EDGE( '', *, *, #5423, .T. );
#3586 = ORIENTED_EDGE( '', *, *, #5934, .T. );
#3587 = ORIENTED_EDGE( '', *, *, #5935, .T. );
#3588 = ORIENTED_EDGE( '', *, *, #5801, .T. );
#3589 = ORIENTED_EDGE( '', *, *, #5936, .F. );
#3590 = ORIENTED_EDGE( '', *, *, #5937, .F. );
#3591 = ORIENTED_EDGE( '', *, *, #5938, .F. );
#3592 = ORIENTED_EDGE( '', *, *, #5713, .T. );
#3593 = ORIENTED_EDGE( '', *, *, #5608, .T. );
#3594 = ORIENTED_EDGE( '', *, *, #5939, .T. );
#3595 = ORIENTED_EDGE( '', *, *, #5940, .T. );
#3596 = ORIENTED_EDGE( '', *, *, #5213, .T. );
#3597 = ORIENTED_EDGE( '', *, *, #5941, .F. );
#3598 = ORIENTED_EDGE( '', *, *, #5942, .T. );
#3599 = ORIENTED_EDGE( '', *, *, #5943, .F. );
#3600 = ORIENTED_EDGE( '', *, *, #5944, .T. );
#3601 = ORIENTED_EDGE( '', *, *, #5945, .T. );
#3602 = ORIENTED_EDGE( '', *, *, #5946, .T. );
#3603 = ORIENTED_EDGE( '', *, *, #5947, .T. );
#3604 = ORIENTED_EDGE( '', *, *, #5299, .T. );
#3605 = ORIENTED_EDGE( '', *, *, #5948, .T. );
#3606 = ORIENTED_EDGE( '', *, *, #5703, .T. );
#3607 = ORIENTED_EDGE( '', *, *, #5949, .T. );
#3608 = ORIENTED_EDGE( '', *, *, #5896, .T. );
#3609 = ORIENTED_EDGE( '', *, *, #5950, .T. );
#3610 = ORIENTED_EDGE( '', *, *, #5951, .T. );
#3611 = ORIENTED_EDGE( '', *, *, #5952, .F. );
#3612 = ORIENTED_EDGE( '', *, *, #5953, .F. );
#3613 = ORIENTED_EDGE( '', *, *, #5954, .T. );
#3614 = ORIENTED_EDGE( '', *, *, #5455, .T. );
#3615 = ORIENTED_EDGE( '', *, *, #5583, .T. );
#3616 = ORIENTED_EDGE( '', *, *, #5955, .T. );
#3617 = ORIENTED_EDGE( '', *, *, #5586, .T. );
#3618 = ORIENTED_EDGE( '', *, *, #5918, .T. );
#3619 = ORIENTED_EDGE( '', *, *, #5555, .T. );
#3620 = ORIENTED_EDGE( '', *, *, #5557, .T. );
#3621 = ORIENTED_EDGE( '', *, *, #5452, .F. );
#3622 = ORIENTED_EDGE( '', *, *, #5956, .T. );
#3623 = CARTESIAN_POINT( '', ( 0.000000000000000, 0.00126500000000002, 0.000000000000000 ) );
#3624 = DIRECTION( '', ( 0.000000000000000, 1.00000000000000, 0.000000000000000 ) );
#3625 = DIRECTION( '', ( 1.00000000000000, 0.000000000000000, -0.000000000000000 ) );
#3626 = ORIENTED_EDGE( '', *, *, #5957, .T. );
#3627 = ORIENTED_EDGE( '', *, *, #5369, .F. );
#3628 = ORIENTED_EDGE( '', *, *, #5382, .F. );
#3629 = ORIENTED_EDGE( '', *, *, #5826, .T. );
#3630 = CARTESIAN_POINT( '', ( 0.00497822999999964, -0.00123499999999989, -0.00235999999999996 ) );
#3631 = DIRECTION( '', ( 0.996194698091745, -0.0871557427476640, 0.000000000000000 ) );
#3632 = DIRECTION( '', ( 0.000000000000000, 0.000000000000000, -1.00000000000000 ) );
#3633 = ORIENTED_EDGE( '', *, *, #5480, .T. );
#3634 = ORIENTED_EDGE( '', *, *, #5958, .T. );
#3635 = ORIENTED_EDGE( '', *, *, #5959, .T. );
#3636 = ORIENTED_EDGE( '', *, *, #5960, .T. );
#3637 = ORIENTED_EDGE( '', *, *, #5961, .T. );
#3638 = ORIENTED_EDGE( '', *, *, #5461, .T. );
#3639 = ORIENTED_EDGE( '', *, *, #5643, .T. );
#3640 = ORIENTED_EDGE( '', *, *, #5962, .T. );
#3641 = ORIENTED_EDGE( '', *, *, #5963, .T. );
#3642 = ORIENTED_EDGE( '', *, *, #5964, .T. );
#3643 = ORIENTED_EDGE( '', *, *, #5965, .T. );
#3644 = ORIENTED_EDGE( '', *, *, #5966, .T. );
#3645 = ORIENTED_EDGE( '', *, *, #5967, .T. );
#3646 = ORIENTED_EDGE( '', *, *, #5490, .T. );
#3647 = ORIENTED_EDGE( '', *, *, #5799, .T. );
#3648 = ORIENTED_EDGE( '', *, *, #5968, .T. );
#3649 = ORIENTED_EDGE( '', *, *, #5969, .T. );
#3650 = ORIENTED_EDGE( '', *, *, #5970, .T. );
#3651 = ORIENTED_EDGE( '', *, *, #5218, .T. );
#3652 = ORIENTED_EDGE( '', *, *, #5474, .T. );
#3653 = ORIENTED_EDGE( '', *, *, #5505, .T. );
#3654 = ORIENTED_EDGE( '', *, *, #5919, .T. );
#3655 = ORIENTED_EDGE( '', *, *, #5781, .T. );
#3656 = ORIENTED_EDGE( '', *, *, #5971, .T. );
#3657 = ORIENTED_EDGE( '', *, *, #5972, .T. );
#3658 = ORIENTED_EDGE( '', *, *, #5973, .T. );
#3659 = ORIENTED_EDGE( '', *, *, #5974, .T. );
#3660 = ORIENTED_EDGE( '', *, *, #5777, .T. );
#3661 = ORIENTED_EDGE( '', *, *, #5975, .T. );
#3662 = ORIENTED_EDGE( '', *, *, #5976, .T. );
#3663 = ORIENTED_EDGE( '', *, *, #5646, .T. );
#3664 = ORIENTED_EDGE( '', *, *, #5977, .T. );
#3665 = ORIENTED_EDGE( '', *, *, #5922, .T. );
#3666 = ORIENTED_EDGE( '', *, *, #5978, .T. );
#3667 = ORIENTED_EDGE( '', *, *, #5889, .T. );
#3668 = ORIENTED_EDGE( '', *, *, #5833, .T. );
#3669 = ORIENTED_EDGE( '', *, *, #5445, .T. );
#3670 = ORIENTED_EDGE( '', *, *, #5979, .T. );
#3671 = ORIENTED_EDGE( '', *, *, #5839, .T. );
#3672 = ORIENTED_EDGE( '', *, *, #5980, .T. );
#3673 = ORIENTED_EDGE( '', *, *, #5981, .T. );
#3674 = ORIENTED_EDGE( '', *, *, #5982, .T. );
#3675 = ORIENTED_EDGE( '', *, *, #5899, .T. );
#3676 = ORIENTED_EDGE( '', *, *, #5600, .T. );
#3677 = ORIENTED_EDGE( '', *, *, #5594, .T. );
#3678 = ORIENTED_EDGE( '', *, *, #5598, .T. );
#3679 = ORIENTED_EDGE( '', *, *, #5604, .T. );
#3680 = ORIENTED_EDGE( '', *, *, #5606, .T. );
#3681 = ORIENTED_EDGE( '', *, *, #5580, .T. );
#3682 = ORIENTED_EDGE( '', *, *, #5983, .T. );
#3683 = ORIENTED_EDGE( '', *, *, #5984, .T. );
#3684 = ORIENTED_EDGE( '', *, *, #5985, .T. );
#3685 = ORIENTED_EDGE( '', *, *, #5893, .T. );
#3686 = ORIENTED_EDGE( '', *, *, #5986, .T. );
#3687 = ORIENTED_EDGE( '', *, *, #5987, .T. );
#3688 = ORIENTED_EDGE( '', *, *, #5988, .T. );
#3689 = ORIENTED_EDGE( '', *, *, #5989, .T. );
#3690 = ORIENTED_EDGE( '', *, *, #5484, .T. );
#3691 = ORIENTED_EDGE( '', *, *, #5785, .T. );
#3692 = ORIENTED_EDGE( '', *, *, #5990, .T. );
#3693 = ORIENTED_EDGE( '', *, *, #5914, .T. );
#3694 = ORIENTED_EDGE( '', *, *, #5991, .T. );
#3695 = ORIENTED_EDGE( '', *, *, #5992, .T. );
#3696 = ORIENTED_EDGE( '', *, *, #5831, .T. );
#3697 = ORIENTED_EDGE( '', *, *, #5993, .T. );
#3698 = ORIENTED_EDGE( '', *, *, #5562, .T. );
#3699 = CARTESIAN_POINT( '', ( 0.000000000000000, -0.00103499999999992, 0.000000000000000 ) );
#3700 = DIRECTION( '', ( 0.000000000000000, -1.00000000000000, 0.000000000000000 ) );
#3701 = DIRECTION( '', ( 0.000000000000000, 0.000000000000000, -1.00000000000000 ) );
#3702 = ORIENTED_EDGE( '', *, *, #5994, .T. );
#3703 = ORIENTED_EDGE( '', *, *, #5995, .T. );
#3704 = ORIENTED_EDGE( '', *, *, #5626, .F. );
#3705 = ORIENTED_EDGE( '', *, *, #5996, .F. );
#3706 = ORIENTED_EDGE( '', *, *, #5997, .F. );
#3707 = CARTESIAN_POINT( '', ( -0.00204999999999993, 0.00131500000000007, 0.00279999999999896 ) );
#3708 = DIRECTION( '', ( 0.000000000000000, 0.000000000000000, 1.00000000000000 ) );
#3709 = DIRECTION( '', ( 1.00000000000000, -0.000000000000000, 0.000000000000000 ) );
#3710 = ORIENTED_EDGE( '', *, *, #5933, .F. );
#3711 = ORIENTED_EDGE( '', *, *, #5727, .T. );
#3712 = ORIENTED_EDGE( '', *, *, #5725, .T. );
#3713 = ORIENTED_EDGE( '', *, *, #5732, .F. );
#3714 = CARTESIAN_POINT( '', ( -0.00319999999999990, 0.000135000000000019, -0.00204999999999993 ) );
#3715 = DIRECTION( '', ( 1.00000000000000, 0.000000000000000, 0.000000000000000 ) );
#3716 = DIRECTION( '', ( 0.000000000000000, 1.00000000000000, -0.000000000000000 ) );
#3717 = ORIENTED_EDGE( '', *, *, #5894, .T. );
#3718 = ORIENTED_EDGE( '', *, *, #5985, .F. );
#3719 = ORIENTED_EDGE( '', *, *, #5998, .F. );
#3720 = ORIENTED_EDGE( '', *, *, #5577, .T. );
#3721 = CARTESIAN_POINT( '', ( 0.000308510631322944, -0.000935000000000070, -0.000157499998807907 ) );
#3722 = DIRECTION( '', ( -0.439713495824507, 0.000000000000000, 0.898138097170915 ) );
#3723 = DIRECTION( '', ( 0.000000000000000, 1.00000000000000, 0.000000000000000 ) );
#3724 = ORIENTED_EDGE( '', *, *, #5999, .T. );
#3725 = ORIENTED_EDGE( '', *, *, #5972, .F. );
#3726 = ORIENTED_EDGE( '', *, *, #6000, .F. );
#3727 = ORIENTED_EDGE( '', *, *, #6001, .T. );
#3728 = CARTESIAN_POINT( '', ( 0.000500000000000032, -0.000935000000000070, -3.24999988078988E-005 ) );
#3729 = DIRECTION( '', ( 1.00000000000000, 0.000000000000000, 0.000000000000000 ) );
#3730 = DIRECTION( '', ( 0.000000000000000, 1.00000000000000, -0.000000000000000 ) );
#3731 = ORIENTED_EDGE( '', *, *, #5951, .F. );
#3732 = ORIENTED_EDGE( '', *, *, #6002, .T. );
#3733 = ORIENTED_EDGE( '', *, *, #5926, .F. );
#3734 = ORIENTED_EDGE( '', *, *, #6003, .F. );
#3735 = CARTESIAN_POINT( '', ( 0.00264999999999956, 0.00126550001222504, -0.00264999999999956 ) );
#3736 = DIRECTION( '', ( -0.000000000000000, 1.00000000000000, -0.000000000000000 ) );
#3737 = DIRECTION( '', ( 1.00000000000000, 0.000000000000000, 0.000000000000000 ) );
#3738 = ORIENTED_EDGE( '', *, *, #6004, .F. );
#3739 = ORIENTED_EDGE( '', *, *, #6005, .F. );
#3740 = CARTESIAN_POINT( '', ( 0.000000000000000, 0.00198123673663519, 0.000000000000000 ) );
#3741 = DIRECTION( '', ( 0.000000000000000, -1.00000000000000, 0.000000000000000 ) );
#3742 = DIRECTION( '', ( -1.00000000000000, 0.000000000000000, 0.000000000000000 ) );
#3743 = ORIENTED_EDGE( '', *, *, #5563, .T. );
#3744 = ORIENTED_EDGE( '', *, *, #5993, .F. );
#3745 = ORIENTED_EDGE( '', *, *, #5830, .F. );
#3746 = ORIENTED_EDGE( '', *, *, #5565, .T. );
#3747 = CARTESIAN_POINT( '', ( 0.000393617033958414, -0.000935000000000070, 2.99999993294470E-005 ) );
#3748 = DIRECTION( '', ( -1.00000000000000, 0.000000000000000, 0.000000000000000 ) );
#3749 = DIRECTION( '', ( 0.000000000000000, 0.000000000000000, 1.00000000000000 ) );
#3750 = ORIENTED_EDGE( '', *, *, #6006, .T. );
#3751 = ORIENTED_EDGE( '', *, *, #5981, .F. );
#3752 = ORIENTED_EDGE( '', *, *, #6007, .F. );
#3753 = ORIENTED_EDGE( '', *, *, #6008, .T. );
#3754 = CARTESIAN_POINT( '', ( -3.19148935377510E-005, -0.000935000000000070, 2.99999993294470E-005 ) );
#3755 = DIRECTION( '', ( -1.00000000000000, 0.000000000000000, 0.000000000000000 ) );
#3756 = DIRECTION( '', ( 0.000000000000000, 0.000000000000000, 1.00000000000000 ) );
#3757 = ORIENTED_EDGE( '', *, *, #5832, .T. );
#3758 = ORIENTED_EDGE( '', *, *, #5992, .F. );
#3759 = ORIENTED_EDGE( '', *, *, #6009, .F. );
#3760 = ORIENTED_EDGE( '', *, *, #5567, .T. );
#3761 = CARTESIAN_POINT( '', ( 0.000308510631322944, -0.000935000000000070, 0.000155000001192088 ) );
#3762 = DIRECTION( '', ( -0.699624835186930, 0.000000000000000, -0.714510384801831 ) );
#3763 = DIRECTION( '', ( -0.714510384801831, 0.000000000000000, 0.699624835186930 ) );
#3764 = ORIENTED_EDGE( '', *, *, #5700, .T. );
#3765 = ORIENTED_EDGE( '', *, *, #5704, .F. );
#3766 = ORIENTED_EDGE( '', *, *, #5948, .F. );
#3767 = ORIENTED_EDGE( '', *, *, #5298, .T. );
#3768 = CARTESIAN_POINT( '', ( 0.00319999999999990, 0.000135000000000019, 0.00204999999999993 ) );
#3769 = DIRECTION( '', ( -1.00000000000000, 0.000000000000000, 0.000000000000000 ) );
#3770 = DIRECTION( '', ( 0.000000000000000, 0.000000000000000, 1.00000000000000 ) );
#3771 = ORIENTED_EDGE( '', *, *, #6010, .T. );
#3772 = ORIENTED_EDGE( '', *, *, #5709, .T. );
#3773 = ORIENTED_EDGE( '', *, *, #5770, .T. );
#3774 = ORIENTED_EDGE( '', *, *, #5772, .F. );
#3775 = ORIENTED_EDGE( '', *, *, #5737, .F. );
#3776 = ORIENTED_EDGE( '', *, *, #6011, .F. );
#3777 = ORIENTED_EDGE( '', *, *, #5508, .F. );
#3778 = ORIENTED_EDGE( '', *, *, #6012, .F. );
#3779 = ORIENTED_EDGE( '', *, *, #5531, .F. );
#3780 = ORIENTED_EDGE( '', *, *, #5686, .T. );
#3781 = CARTESIAN_POINT( '', ( 0.00179999999999991, 0.000764999999999988, 0.00310000000000030 ) );
#3782 = DIRECTION( '', ( 0.000000000000000, 0.000000000000000, 1.00000000000000 ) );
#3783 = DIRECTION( '', ( 1.00000000000000, -0.000000000000000, 0.000000000000000 ) );
#3784 = ORIENTED_EDGE( '', *, *, #5439, .T. );
#3785 = ORIENTED_EDGE( '', *, *, #6013, .T. );
#3786 = ORIENTED_EDGE( '', *, *, #6014, .F. );
#3787 = ORIENTED_EDGE( '', *, *, #5761, .F. );
#3788 = CARTESIAN_POINT( '', ( -0.00184999999999997, 0.000549760696372268, 0.00279999999999896 ) );
#3789 = DIRECTION( '', ( 0.939692620785897, -0.342020143325699, 0.000000000000000 ) );
#3790 = DIRECTION( '', ( 0.000000000000000, 0.000000000000000, -1.00000000000000 ) );
#3791 = ORIENTED_EDGE( '', *, *, #6014, .T. );
#3792 = ORIENTED_EDGE( '', *, *, #6015, .T. );
#3793 = ORIENTED_EDGE( '', *, *, #5715, .T. );
#3794 = ORIENTED_EDGE( '', *, *, #5762, .T. );
#3795 = CARTESIAN_POINT( '', ( -0.00184999999999997, -3.50001836602496E-005, 0.00279999999999896 ) );
#3796 = DIRECTION( '', ( -0.000000000000000, -0.000000000000000, 1.00000000000000 ) );
#3797 = DIRECTION( '', ( 1.00000000000000, 0.000000000000000, 0.000000000000000 ) );
#3798 = ORIENTED_EDGE( '', *, *, #5854, .T. );
#3799 = ORIENTED_EDGE( '', *, *, #5234, .T. );
#3800 = ORIENTED_EDGE( '', *, *, #5879, .F. );
#3801 = ORIENTED_EDGE( '', *, *, #5849, .F. );
#3802 = CARTESIAN_POINT( '', ( 0.00204999999999993, 0.000739999816339800, -0.00279999999999896 ) );
#3803 = DIRECTION( '', ( 0.000000000000000, 1.00000000000000, 0.000000000000000 ) );
#3804 = DIRECTION( '', ( 1.00000000000000, 0.000000000000000, -0.000000000000000 ) );
#3805 = ORIENTED_EDGE( '', *, *, #5955, .F. );
#3806 = ORIENTED_EDGE( '', *, *, #5585, .T. );
#3807 = ORIENTED_EDGE( '', *, *, #5723, .T. );
#3808 = ORIENTED_EDGE( '', *, *, #6016, .T. );
#3809 = ORIENTED_EDGE( '', *, *, #6017, .T. );
#3810 = ORIENTED_EDGE( '', *, *, #6018, .F. );
#3811 = ORIENTED_EDGE( '', *, *, #5693, .T. );
#3812 = ORIENTED_EDGE( '', *, *, #5587, .F. );
#3813 = CARTESIAN_POINT( '', ( 0.00209999999999998, 0.000135000000000019, -0.00319999999999990 ) );
#3814 = DIRECTION( '', ( 0.000000000000000, 0.000000000000000, 1.00000000000000 ) );
#3815 = DIRECTION( '', ( 1.00000000000000, -0.000000000000000, 0.000000000000000 ) );
#3816 = ORIENTED_EDGE( '', *, *, #6019, .T. );
#3817 = CARTESIAN_POINT( '', ( 0.000000000000000, 0.00164500000000002, 0.000000000000000 ) );
#3818 = DIRECTION( '', ( 0.000000000000000, 1.00000000000000, 0.000000000000000 ) );
#3819 = DIRECTION( '', ( 1.00000000000000, 0.000000000000000, -0.000000000000000 ) );
#3820 = ORIENTED_EDGE( '', *, *, #5278, .T. );
#3821 = ORIENTED_EDGE( '', *, *, #6020, .F. );
#3822 = ORIENTED_EDGE( '', *, *, #6021, .F. );
#3823 = ORIENTED_EDGE( '', *, *, #5759, .T. );
#3824 = CARTESIAN_POINT( '', ( 0.00184999999999997, 0.000549760696372268, 0.00279999999999896 ) );
#3825 = DIRECTION( '', ( 0.939692620785897, 0.342020143325699, 0.000000000000000 ) );
#3826 = DIRECTION( '', ( 0.000000000000000, 0.000000000000000, -1.00000000000000 ) );
#3827 = ORIENTED_EDGE( '', *, *, #5890, .T. );
#3828 = ORIENTED_EDGE( '', *, *, #5983, .F. );
#3829 = ORIENTED_EDGE( '', *, *, #5579, .F. );
#3830 = ORIENTED_EDGE( '', *, *, #6022, .T. );
#3831 = CARTESIAN_POINT( '', ( -0.000393617033958414, -0.000935000000000070, 2.99999993294470E-005 ) );
#3832 = DIRECTION( '', ( 0.946649782991544, 0.000000000000000, -0.322264159288715 ) );
#3833 = DIRECTION( '', ( 0.000000000000000, -1.00000000000000, 0.000000000000000 ) );
#3834 = ORIENTED_EDGE( '', *, *, #6023, .T. );
#3835 = ORIENTED_EDGE( '', *, *, #6024, .F. );
#3836 = ORIENTED_EDGE( '', *, *, #5276, .F. );
#3837 = ORIENTED_EDGE( '', *, *, #5758, .F. );
#3838 = CARTESIAN_POINT( '', ( 0.00184999999999997, -8.50001836602528E-005, 0.00279999999999896 ) );
#3839 = DIRECTION( '', ( -0.000000000000000, 0.000000000000000, -1.00000000000000 ) );
#3840 = DIRECTION( '', ( 1.00000000000000, 0.000000000000000, 0.000000000000000 ) );
#3841 = ORIENTED_EDGE( '', *, *, #5458, .T. );
#3842 = ORIENTED_EDGE( '', *, *, #5628, .F. );
#3843 = ORIENTED_EDGE( '', *, *, #6025, .F. );
#3844 = ORIENTED_EDGE( '', *, *, #6026, .T. );
#3845 = CARTESIAN_POINT( '', ( -0.00129999999999988, 0.00131500000000007, 0.00310000000000030 ) );
#3846 = DIRECTION( '', ( 0.000000000000000, 0.000000000000000, 1.00000000000000 ) );
#3847 = DIRECTION( '', ( 1.00000000000000, -0.000000000000000, 0.000000000000000 ) );
#3848 = ORIENTED_EDGE( '', *, *, #6027, .T. );
#3849 = ORIENTED_EDGE( '', *, *, #5973, .F. );
#3850 = ORIENTED_EDGE( '', *, *, #5999, .F. );
#3851 = ORIENTED_EDGE( '', *, *, #6028, .T. );
#3852 = CARTESIAN_POINT( '', ( 0.000500000000000032, -0.000935000000000070, 2.99999993294470E-005 ) );
#3853 = DIRECTION( '', ( 0.964858517005929, 0.000000000000000, 0.262769941509908 ) );
#3854 = DIRECTION( '', ( 0.000000000000000, -1.00000000000000, 0.000000000000000 ) );
#3855 = ORIENTED_EDGE( '', *, *, #6029, .T. );
#3856 = ORIENTED_EDGE( '', *, *, #5541, .T. );
#3857 = ORIENTED_EDGE( '', *, *, #5616, .F. );
#3858 = ORIENTED_EDGE( '', *, *, #5493, .F. );
#3859 = ORIENTED_EDGE( '', *, *, #5867, .F. );
#3860 = CARTESIAN_POINT( '', ( -0.00269999999999936, 0.00131500000000007, -0.00279999999999896 ) );
#3861 = DIRECTION( '', ( 0.000000000000000, 0.000000000000000, -1.00000000000000 ) );
#3862 = DIRECTION( '', ( 0.000000000000000, -1.00000000000000, 0.000000000000000 ) );
#3863 = ORIENTED_EDGE( '', *, *, #6005, .T. );
#3864 = ORIENTED_EDGE( '', *, *, #5641, .F. );
#3865 = CARTESIAN_POINT( '', ( 0.000000000000000, 0.00179279046612589, 0.000000000000000 ) );
#3866 = DIRECTION( '', ( -0.000000000000000, -1.00000000000000, -0.000000000000000 ) );
#3867 = DIRECTION( '', ( -1.00000000000000, 0.000000000000000, 0.000000000000000 ) );
#3868 = ORIENTED_EDGE( '', *, *, #5467, .T. );
#3869 = ORIENTED_EDGE( '', *, *, #5613, .F. );
#3870 = ORIENTED_EDGE( '', *, *, #6030, .T. );
#3871 = CARTESIAN_POINT( '', ( 0.00204999999999993, 0.00131500000000007, -0.00274999999999916 ) );
#3872 = DIRECTION( '', ( 1.00000000000000, 0.000000000000000, 0.000000000000000 ) );
#3873 = DIRECTION( '', ( 0.000000000000000, 1.00000000000000, -0.000000000000000 ) );
#3874 = ORIENTED_EDGE( '', *, *, #6031, .T. );
#3875 = ORIENTED_EDGE( '', *, *, #6004, .T. );
#3876 = CARTESIAN_POINT( '', ( 0.000000000000000, 0.00161410207489226, 0.000000000000000 ) );
#3877 = DIRECTION( '', ( -0.000000000000000, -1.00000000000000, -0.000000000000000 ) );
#3878 = DIRECTION( '', ( -1.00000000000000, 0.000000000000000, 0.000000000000000 ) );
#3879 = ORIENTED_EDGE( '', *, *, #5956, .F. );
#3880 = ORIENTED_EDGE( '', *, *, #6032, .F. );
#3881 = CARTESIAN_POINT( '', ( 0.000000000000000, 0.00164350502812967, 0.000000000000000 ) );
#3882 = DIRECTION( '', ( 0.000000000000000, -1.00000000000000, -0.000000000000000 ) );
#3883 = DIRECTION( '', ( 0.000000000000000, 0.000000000000000, -1.00000000000000 ) );
#3884 = ORIENTED_EDGE( '', *, *, #6032, .T. );
#3885 = ORIENTED_EDGE( '', *, *, #6033, .T. );
#3886 = CARTESIAN_POINT( '', ( 0.000000000000000, 0.00289350502812950, 0.000000000000000 ) );
#3887 = DIRECTION( '', ( 0.000000000000000, -1.00000000000000, -0.000000000000000 ) );
#3888 = DIRECTION( '', ( 0.000000000000000, 0.000000000000000, -1.00000000000000 ) );
#3889 = ORIENTED_EDGE( '', *, *, #6034, .T. );
#3890 = ORIENTED_EDGE( '', *, *, #5931, .F. );
#3891 = ORIENTED_EDGE( '', *, *, #6035, .T. );
#3892 = ORIENTED_EDGE( '', *, *, #6036, .T. );
#3893 = CARTESIAN_POINT( '', ( -0.00279999999999896, 0.000135000000000019, -0.00279999999999896 ) );
#3894 = DIRECTION( '', ( 1.00000000000000, 0.000000000000000, 0.000000000000000 ) );
#3895 = DIRECTION( '', ( 0.000000000000000, 1.00000000000000, -0.000000000000000 ) );
#3896 = ORIENTED_EDGE( '', *, *, #6033, .F. );
#3897 = CARTESIAN_POINT( '', ( 0.000000000000000, 0.00376500000000018, 0.000000000000000 ) );
#3898 = DIRECTION( '', ( 0.000000000000000, 1.00000000000000, 0.000000000000000 ) );
#3899 = DIRECTION( '', ( 1.00000000000000, 0.000000000000000, -0.000000000000000 ) );
#3900 = ORIENTED_EDGE( '', *, *, #6037, .F. );
#3901 = ORIENTED_EDGE( '', *, *, #6038, .F. );
#3902 = ORIENTED_EDGE( '', *, *, #5997, .T. );
#3903 = ORIENTED_EDGE( '', *, *, #6039, .T. );
#3904 = ORIENTED_EDGE( '', *, *, #5937, .T. );
#3905 = CARTESIAN_POINT( '', ( -0.00204999999999993, 0.00126500000000002, 0.00279999999999896 ) );
#3906 = DIRECTION( '', ( 1.00000000000000, 0.000000000000000, 0.000000000000000 ) );
#3907 = DIRECTION( '', ( 0.000000000000000, 1.00000000000000, -0.000000000000000 ) );
#3908 = ORIENTED_EDGE( '', *, *, #6040, .T. );
#3909 = ORIENTED_EDGE( '', *, *, #6041, .F. );
#3910 = ORIENTED_EDGE( '', *, *, #6042, .F. );
#3911 = ORIENTED_EDGE( '', *, *, #6043, .T. );
#3912 = CARTESIAN_POINT( '', ( 0.000849999999999902, -0.00113500000000003, -0.00139999999999999 ) );
#3913 = DIRECTION( '', ( -1.00000000000000, 0.000000000000000, 0.000000000000000 ) );
#3914 = DIRECTION( '', ( 0.000000000000000, 0.000000000000000, 1.00000000000000 ) );
#3915 = ORIENTED_EDGE( '', *, *, #5442, .T. );
#3916 = ORIENTED_EDGE( '', *, *, #5244, .F. );
#3917 = ORIENTED_EDGE( '', *, *, #5183, .F. );
#3918 = ORIENTED_EDGE( '', *, *, #5855, .T. );
#3919 = CARTESIAN_POINT( '', ( -0.000129409522551253, -0.000141607444928232, -0.00279999999999896 ) );
#3920 = DIRECTION( '', ( 0.258819045102493, -0.965925826289076, 0.000000000000000 ) );
#3921 = DIRECTION( '', ( 0.000000000000000, 0.000000000000000, -1.00000000000000 ) );
#3922 = ORIENTED_EDGE( '', *, *, #6044, .F. );
#3923 = ORIENTED_EDGE( '', *, *, #6045, .T. );
#3924 = ORIENTED_EDGE( '', *, *, #6046, .T. );
#3925 = ORIENTED_EDGE( '', *, *, #6047, .F. );
#3926 = CARTESIAN_POINT( '', ( 0.00395620812302132, -0.000861605050861382, -0.00235999999999996 ) );
#3927 = DIRECTION( '', ( 0.965925826289076, 0.258819045102493, 0.000000000000000 ) );
#3928 = DIRECTION( '', ( 0.000000000000000, 0.000000000000000, -1.00000000000000 ) );
#3929 = ORIENTED_EDGE( '', *, *, #6048, .F. );
#3930 = ORIENTED_EDGE( '', *, *, #5513, .T. );
#3931 = ORIENTED_EDGE( '', *, *, #5521, .T. );
#3932 = ORIENTED_EDGE( '', *, *, #5880, .T. );
#3933 = ORIENTED_EDGE( '', *, *, #5209, .T. );
#3934 = ORIENTED_EDGE( '', *, *, #5739, .T. );
#3935 = ORIENTED_EDGE( '', *, *, #5773, .F. );
#3936 = ORIENTED_EDGE( '', *, *, #5771, .F. );
#3937 = ORIENTED_EDGE( '', *, *, #5767, .T. );
#3938 = ORIENTED_EDGE( '', *, *, #5716, .T. );
#3939 = ORIENTED_EDGE( '', *, *, #6015, .F. );
#3940 = ORIENTED_EDGE( '', *, *, #6013, .F. );
#3941 = ORIENTED_EDGE( '', *, *, #5438, .F. );
#3942 = ORIENTED_EDGE( '', *, *, #5535, .F. );
#3943 = ORIENTED_EDGE( '', *, *, #5766, .F. );
#3944 = ORIENTED_EDGE( '', *, *, #5712, .F. );
#3945 = ORIENTED_EDGE( '', *, *, #5714, .F. );
#3946 = ORIENTED_EDGE( '', *, *, #6049, .F. );
#3947 = ORIENTED_EDGE( '', *, *, #6050, .F. );
#3948 = ORIENTED_EDGE( '', *, *, #5650, .F. );
#3949 = ORIENTED_EDGE( '', *, *, #5662, .F. );
#3950 = ORIENTED_EDGE( '', *, *, #6051, .T. );
#3951 = ORIENTED_EDGE( '', *, *, #5664, .T. );
#3952 = ORIENTED_EDGE( '', *, *, #5194, .T. );
#3953 = ORIENTED_EDGE( '', *, *, #6052, .T. );
#3954 = ORIENTED_EDGE( '', *, *, #6053, .T. );
#3955 = ORIENTED_EDGE( '', *, *, #6054, .T. );
#3956 = ORIENTED_EDGE( '', *, *, #6055, .T. );
#3957 = ORIENTED_EDGE( '', *, *, #6056, .T. );
#3958 = ORIENTED_EDGE( '', *, *, #6057, .T. );
#3959 = ORIENTED_EDGE( '', *, *, #5216, .T. );
#3960 = ORIENTED_EDGE( '', *, *, #5689, .F. );
#3961 = ORIENTED_EDGE( '', *, *, #5690, .T. );
#3962 = ORIENTED_EDGE( '', *, *, #5273, .T. );
#3963 = ORIENTED_EDGE( '', *, *, #6058, .T. );
#3964 = ORIENTED_EDGE( '', *, *, #6020, .T. );
#3965 = ORIENTED_EDGE( '', *, *, #5277, .T. );
#3966 = ORIENTED_EDGE( '', *, *, #6024, .T. );
#3967 = ORIENTED_EDGE( '', *, *, #6059, .T. );
#3968 = ORIENTED_EDGE( '', *, *, #5533, .T. );
#3969 = CARTESIAN_POINT( '', ( 0.000000000000000, 0.00409353981634062, 0.00300000000000070 ) );
#3970 = DIRECTION( '', ( 0.000000000000000, 0.000000000000000, -1.00000000000000 ) );
#3971 = DIRECTION( '', ( 0.000000000000000, -1.00000000000000, 0.000000000000000 ) );
#3972 = ORIENTED_EDGE( '', *, *, #5481, .T. );
#3973 = ORIENTED_EDGE( '', *, *, #5978, .F. );
#3974 = ORIENTED_EDGE( '', *, *, #5921, .F. );
#3975 = ORIENTED_EDGE( '', *, *, #6060, .T. );
#3976 = CARTESIAN_POINT( '', ( 1.06382975354782E-005, -0.000935000000000070, 0.000155000001192088 ) );
#3977 = DIRECTION( '', ( 0.826599255879487, 0.000000000000000, 0.562790964905691 ) );
#3978 = DIRECTION( '', ( 0.000000000000000, -1.00000000000000, 0.000000000000000 ) );
#3979 = ORIENTED_EDGE( '', *, *, #5923, .T. );
#3980 = ORIENTED_EDGE( '', *, *, #5977, .F. );
#3981 = ORIENTED_EDGE( '', *, *, #5645, .F. );
#3982 = ORIENTED_EDGE( '', *, *, #6061, .T. );
#3983 = CARTESIAN_POINT( '', ( 9.57446843385694E-005, -0.000935000000000070, 0.000233125001192093 ) );
#3984 = DIRECTION( '', ( -0.591909481422806, 0.000000000000000, 0.806004445274209 ) );
#3985 = DIRECTION( '', ( 0.000000000000000, 1.00000000000000, 0.000000000000000 ) );
#3986 = ORIENTED_EDGE( '', *, *, #5793, .T. );
#3987 = ORIENTED_EDGE( '', *, *, #5635, .F. );
#3988 = ORIENTED_EDGE( '', *, *, #5496, .F. );
#3989 = ORIENTED_EDGE( '', *, *, #6062, .T. );
#3990 = CARTESIAN_POINT( '', ( 0.00300000000000070, 0.00131500000000007, -0.000899999999999956 ) );
#3991 = DIRECTION( '', ( -1.00000000000000, 0.000000000000000, 0.000000000000000 ) );
#3992 = DIRECTION( '', ( 0.000000000000000, 0.000000000000000, 1.00000000000000 ) );
#3993 = ORIENTED_EDGE( '', *, *, #6063, .T. );
#3994 = ORIENTED_EDGE( '', *, *, #5966, .F. );
#3995 = ORIENTED_EDGE( '', *, *, #6064, .F. );
#3996 = ORIENTED_EDGE( '', *, *, #6065, .T. );
#3997 = CARTESIAN_POINT( '', ( -0.000351063817739388, -0.000935000000000070, -0.000251249998807913 ) );
#3998 = DIRECTION( '', ( -0.281841680406296, 0.000000000000000, -0.959460925304285 ) );
#3999 = DIRECTION( '', ( -0.959460925304285, 0.000000000000000, 0.281841680406296 ) );
#4000 = ORIENTED_EDGE( '', *, *, #5897, .T. );
#4001 = ORIENTED_EDGE( '', *, *, #5949, .F. );
#4002 = ORIENTED_EDGE( '', *, *, #5702, .T. );
#4003 = ORIENTED_EDGE( '', *, *, #5928, .T. );
#4004 = CARTESIAN_POINT( '', ( 0.00319999999999990, 0.000135000000000019, -0.00204999999999993 ) );
#4005 = DIRECTION( '', ( 0.000000000000000, 0.000000000000000, 1.00000000000000 ) );
#4006 = DIRECTION( '', ( 1.00000000000000, -0.000000000000000, 0.000000000000000 ) );
#4007 = ORIENTED_EDGE( '', *, *, #5802, .F. );
#4008 = ORIENTED_EDGE( '', *, *, #5935, .F. );
#4009 = ORIENTED_EDGE( '', *, *, #6066, .F. );
#4010 = ORIENTED_EDGE( '', *, *, #5754, .T. );
#4011 = CARTESIAN_POINT( '', ( -0.00279999999999896, 0.000135000000000019, 0.00204999999999993 ) );
#4012 = DIRECTION( '', ( 1.00000000000000, 0.000000000000000, 0.000000000000000 ) );
#4013 = DIRECTION( '', ( 0.000000000000000, 1.00000000000000, -0.000000000000000 ) );
#4014 = ORIENTED_EDGE( '', *, *, #5640, .F. );
#4015 = ORIENTED_EDGE( '', *, *, #5523, .F. );
#4016 = ORIENTED_EDGE( '', *, *, #6067, .F. );
#4017 = CARTESIAN_POINT( '', ( 0.00269999999999936, 0.00131500000000007, -0.00279999999999896 ) );
#4018 = DIRECTION( '', ( -1.00000000000000, 0.000000000000000, 0.000000000000000 ) );
#4019 = DIRECTION( '', ( 0.000000000000000, 0.000000000000000, 1.00000000000000 ) );
#4020 = ORIENTED_EDGE( '', *, *, #5491, .T. );
#4021 = ORIENTED_EDGE( '', *, *, #5967, .F. );
#4022 = ORIENTED_EDGE( '', *, *, #6063, .F. );
#4023 = ORIENTED_EDGE( '', *, *, #6068, .T. );
#4024 = CARTESIAN_POINT( '', ( -0.000244680851697922, -0.000935000000000070, -0.000282499998807864 ) );
#4025 = DIRECTION( '', ( 0.000000000000000, 0.000000000000000, -1.00000000000000 ) );
#4026 = DIRECTION( '', ( 0.000000000000000, -1.00000000000000, 0.000000000000000 ) );
#4027 = ORIENTED_EDGE( '', *, *, #6069, .T. );
#4028 = ORIENTED_EDGE( '', *, *, #5964, .F. );
#4029 = ORIENTED_EDGE( '', *, *, #6070, .F. );
#4030 = ORIENTED_EDGE( '', *, *, #6071, .T. );
#4031 = CARTESIAN_POINT( '', ( -0.000478723406791810, -0.000935000000000070, -0.000126249998807905 ) );
#4032 = DIRECTION( '', ( -0.774397611000872, 0.000000000000000, -0.632699249308977 ) );
#4033 = DIRECTION( '', ( -0.632699249308977, 0.000000000000000, 0.774397611000872 ) );
#4034 = ORIENTED_EDGE( '', *, *, #6070, .T. );
#4035 = ORIENTED_EDGE( '', *, *, #5963, .F. );
#4036 = ORIENTED_EDGE( '', *, *, #6072, .F. );
#4037 = ORIENTED_EDGE( '', *, *, #6073, .T. );
#4038 = CARTESIAN_POINT( '', ( -0.000500000000000032, -0.000935000000000070, -4.81249988078998E-005 ) );
#4039 = DIRECTION( '', ( -0.964858515417530, 0.000000000000000, -0.262769947342308 ) );
#4040 = DIRECTION( '', ( -0.262769947342308, 0.000000000000000, 0.964858515417530 ) );
#4041 = ORIENTED_EDGE( '', *, *, #6064, .T. );
#4042 = ORIENTED_EDGE( '', *, *, #5965, .F. );
#4043 = ORIENTED_EDGE( '', *, *, #6069, .F. );
#4044 = ORIENTED_EDGE( '', *, *, #6074, .T. );
#4045 = CARTESIAN_POINT( '', ( -0.000414893627166636, -0.000935000000000070, -0.000204374998807910 ) );
#4046 = DIRECTION( '', ( -0.591909369211421, 0.000000000000000, -0.806004527679428 ) );
#4047 = DIRECTION( '', ( -0.806004527679428, 0.000000000000000, 0.591909369211421 ) );
#4048 = ORIENTED_EDGE( '', *, *, #5462, .T. );
#4049 = ORIENTED_EDGE( '', *, *, #5961, .F. );
#4050 = ORIENTED_EDGE( '', *, *, #6075, .F. );
#4051 = ORIENTED_EDGE( '', *, *, #6076, .T. );
#4052 = CARTESIAN_POINT( '', ( -0.000351063817739388, -0.000935000000000070, 0.000248750001192094 ) );
#4053 = DIRECTION( '', ( -0.591909369211421, 0.000000000000000, 0.806004527679428 ) );
#4054 = DIRECTION( '', ( 0.000000000000000, 1.00000000000000, 0.000000000000000 ) );
#4055 = ORIENTED_EDGE( '', *, *, #5591, .T. );
#4056 = ORIENTED_EDGE( '', *, *, #5623, .F. );
#4057 = ORIENTED_EDGE( '', *, *, #5876, .F. );
#4058 = ORIENTED_EDGE( '', *, *, #6077, .T. );
#4059 = ORIENTED_EDGE( '', *, *, #6078, .T. );
#4060 = CARTESIAN_POINT( '', ( -0.00310000000000030, 0.00131500000000007, 0.00279999999999896 ) );
#4061 = DIRECTION( '', ( 0.000000000000000, 0.000000000000000, 1.00000000000000 ) );
#4062 = DIRECTION( '', ( 1.00000000000000, -0.000000000000000, 0.000000000000000 ) );
#4063 = ORIENTED_EDGE( '', *, *, #6002, .F. );
#4064 = ORIENTED_EDGE( '', *, *, #5950, .F. );
#4065 = ORIENTED_EDGE( '', *, *, #5895, .F. );
#4066 = ORIENTED_EDGE( '', *, *, #5927, .T. );
#4067 = CARTESIAN_POINT( '', ( 0.00279999999999896, 0.000135000000000019, -0.00204999999999993 ) );
#4068 = DIRECTION( '', ( -1.00000000000000, 0.000000000000000, 0.000000000000000 ) );
#4069 = DIRECTION( '', ( 0.000000000000000, 0.000000000000000, 1.00000000000000 ) );
#4070 = ORIENTED_EDGE( '', *, *, #6079, .F. );
#4071 = ORIENTED_EDGE( '', *, *, #5451, .F. );
#4072 = ORIENTED_EDGE( '', *, *, #5865, .F. );
#4073 = ORIENTED_EDGE( '', *, *, #6080, .T. );
#4074 = CARTESIAN_POINT( '', ( 0.000000000000000, 0.00409353981634062, -0.00279999999999896 ) );
#4075 = DIRECTION( '', ( 0.000000000000000, 0.000000000000000, -1.00000000000000 ) );
#4076 = DIRECTION( '', ( 0.000000000000000, -1.00000000000000, 0.000000000000000 ) );
#4077 = ORIENTED_EDGE( '', *, *, #6081, .F. );
#4078 = ORIENTED_EDGE( '', *, *, #6035, .F. );
#4079 = ORIENTED_EDGE( '', *, *, #5930, .F. );
#4080 = ORIENTED_EDGE( '', *, *, #6079, .T. );
#4081 = CARTESIAN_POINT( '', ( -0.00264999999999956, 0.00126550001222504, -0.00264999999999956 ) );
#4082 = DIRECTION( '', ( -0.000000000000000, 1.00000000000000, -0.000000000000000 ) );
#4083 = DIRECTION( '', ( 0.000000000000000, 0.000000000000000, -1.00000000000000 ) );
#4084 = ORIENTED_EDGE( '', *, *, #5295, .T. );
#4085 = ORIENTED_EDGE( '', *, *, #6082, .T. );
#4086 = ORIENTED_EDGE( '', *, *, #6003, .T. );
#4087 = ORIENTED_EDGE( '', *, *, #5925, .T. );
#4088 = CARTESIAN_POINT( '', ( 0.000000000000000, 0.00409353981634062, -0.00279999999999896 ) );
#4089 = DIRECTION( '', ( 0.000000000000000, 0.000000000000000, -1.00000000000000 ) );
#4090 = DIRECTION( '', ( 0.000000000000000, -1.00000000000000, 0.000000000000000 ) );
#4091 = ORIENTED_EDGE( '', *, *, #5906, .F. );
#4092 = ORIENTED_EDGE( '', *, *, #6083, .F. );
#4093 = ORIENTED_EDGE( '', *, *, #6084, .F. );
#4094 = ORIENTED_EDGE( '', *, *, #6085, .F. );
#4095 = CARTESIAN_POINT( '', ( 0.000000000000000, 0.000815000000000042, 0.000000000000000 ) );
#4096 = DIRECTION( '', ( -0.000000000000000, -1.00000000000000, -0.000000000000000 ) );
#4097 = DIRECTION( '', ( -1.00000000000000, 0.000000000000000, 0.000000000000000 ) );
#4098 = ORIENTED_EDGE( '', *, *, #6083, .T. );
#4099 = ORIENTED_EDGE( '', *, *, #5905, .F. );
#4100 = ORIENTED_EDGE( '', *, *, #5789, .T. );
#4101 = ORIENTED_EDGE( '', *, *, #6086, .T. );
#4102 = ORIENTED_EDGE( '', *, *, #5806, .T. );
#4103 = ORIENTED_EDGE( '', *, *, #6087, .T. );
#4104 = ORIENTED_EDGE( '', *, *, #6016, .F. );
#4105 = ORIENTED_EDGE( '', *, *, #5722, .T. );
#4106 = ORIENTED_EDGE( '', *, *, #6088, .T. );
#4107 = CARTESIAN_POINT( '', ( 0.000500000000000032, 0.00126500000000002, 0.000000000000000 ) );
#4108 = DIRECTION( '', ( -1.00000000000000, 0.000000000000000, 0.000000000000000 ) );
#4109 = DIRECTION( '', ( 0.000000000000000, 0.000000000000000, 1.00000000000000 ) );
#4110 = ORIENTED_EDGE( '', *, *, #5694, .F. );
#4111 = ORIENTED_EDGE( '', *, *, #6018, .T. );
#4112 = ORIENTED_EDGE( '', *, *, #6089, .F. );
#4113 = ORIENTED_EDGE( '', *, *, #5804, .F. );
#4114 = ORIENTED_EDGE( '', *, *, #6090, .T. );
#4115 = ORIENTED_EDGE( '', *, *, #5791, .F. );
#4116 = ORIENTED_EDGE( '', *, *, #5907, .T. );
#4117 = ORIENTED_EDGE( '', *, *, #6085, .T. );
#4118 = ORIENTED_EDGE( '', *, *, #6091, .F. );
#4119 = CARTESIAN_POINT( '', ( -0.000500000000000032, 0.00126500000000002, 0.000000000000000 ) );
#4120 = DIRECTION( '', ( -1.00000000000000, 0.000000000000000, 0.000000000000000 ) );
#4121 = DIRECTION( '', ( 0.000000000000000, 0.000000000000000, 1.00000000000000 ) );
#4122 = ORIENTED_EDGE( '', *, *, #6092, .T. );
#4123 = ORIENTED_EDGE( '', *, *, #5224, .F. );
#4124 = ORIENTED_EDGE( '', *, *, #5847, .F. );
#4125 = ORIENTED_EDGE( '', *, *, #5206, .T. );
#4126 = CARTESIAN_POINT( '', ( 0.000000000000000, -0.000624570358072686, -0.00279999999999896 ) );
#4127 = DIRECTION( '', ( -0.000000000000000, -0.000000000000000, 1.00000000000000 ) );
#4128 = DIRECTION( '', ( -1.00000000000000, 0.000000000000000, 0.000000000000000 ) );
#4129 = ORIENTED_EDGE( '', *, *, #5667, .T. );
#4130 = ORIENTED_EDGE( '', *, *, #5225, .F. );
#4131 = ORIENTED_EDGE( '', *, *, #6092, .F. );
#4132 = ORIENTED_EDGE( '', *, *, #5205, .F. );
#4133 = ORIENTED_EDGE( '', *, *, #5848, .T. );
#4134 = CARTESIAN_POINT( '', ( 0.000219996188337147, 0.000196466594272960, -0.00279999999999896 ) );
#4135 = DIRECTION( '', ( 0.258819045102493, 0.965925826289076, 0.000000000000000 ) );
#4136 = DIRECTION( '', ( 0.000000000000000, 0.000000000000000, -1.00000000000000 ) );
#4137 = ORIENTED_EDGE( '', *, *, #5870, .T. );
#4138 = ORIENTED_EDGE( '', *, *, #6093, .F. );
#4139 = ORIENTED_EDGE( '', *, *, #5842, .F. );
#4140 = CARTESIAN_POINT( '', ( 0.00179999999999991, -0.000284999999999876, -0.00310000000000030 ) );
#4141 = DIRECTION( '', ( 0.000000000000000, 0.965925826289076, -0.258819045102493 ) );
#4142 = DIRECTION( '', ( -1.00000000000000, 0.000000000000000, 0.000000000000000 ) );
#4143 = ORIENTED_EDGE( '', *, *, #6094, .T. );
#4144 = ORIENTED_EDGE( '', *, *, #6054, .F. );
#4145 = ORIENTED_EDGE( '', *, *, #6095, .F. );
#4146 = ORIENTED_EDGE( '', *, *, #5748, .T. );
#4147 = CARTESIAN_POINT( '', ( 0.00184999999999997, -3.50001836602496E-005, 0.00279999999999896 ) );
#4148 = DIRECTION( '', ( -0.000000000000000, -0.000000000000000, -1.00000000000000 ) );
#4149 = DIRECTION( '', ( -1.00000000000000, 0.000000000000000, 0.000000000000000 ) );
#4150 = ORIENTED_EDGE( '', *, *, #6075, .T. );
#4151 = ORIENTED_EDGE( '', *, *, #5960, .F. );
#4152 = ORIENTED_EDGE( '', *, *, #6096, .F. );
#4153 = ORIENTED_EDGE( '', *, *, #6097, .T. );
#4154 = CARTESIAN_POINT( '', ( -0.000244680851697922, -0.000935000000000070, 0.000280000001192172 ) );
#4155 = DIRECTION( '', ( -0.281841680406296, 0.000000000000000, 0.959460925304285 ) );
#4156 = DIRECTION( '', ( 0.000000000000000, 1.00000000000000, 0.000000000000000 ) );
#4157 = ORIENTED_EDGE( '', *, *, #6098, .T. );
#4158 = ORIENTED_EDGE( '', *, *, #6099, .F. );
#4159 = ORIENTED_EDGE( '', *, *, #6100, .F. );
#4160 = ORIENTED_EDGE( '', *, *, #6101, .T. );
#4161 = ORIENTED_EDGE( '', *, *, #6102, .T. );
#4162 = ORIENTED_EDGE( '', *, *, #6056, .F. );
#4163 = ORIENTED_EDGE( '', *, *, #6103, .F. );
#4164 = ORIENTED_EDGE( '', *, *, #5746, .F. );
#4165 = CARTESIAN_POINT( '', ( 0.00269999999999936, 0.000744224644647810, 0.00279999999999896 ) );
#4166 = DIRECTION( '', ( -1.00000000000000, 0.000000000000000, 0.000000000000000 ) );
#4167 = DIRECTION( '', ( 0.000000000000000, 0.000000000000000, 1.00000000000000 ) );
#4168 = ORIENTED_EDGE( '', *, *, #5300, .F. );
#4169 = ORIENTED_EDGE( '', *, *, #5947, .F. );
#4170 = ORIENTED_EDGE( '', *, *, #6104, .F. );
#4171 = ORIENTED_EDGE( '', *, *, #6105, .T. );
#4172 = CARTESIAN_POINT( '', ( 0.00279999999999896, 0.000135000000000019, 0.00204999999999993 ) );
#4173 = DIRECTION( '', ( 0.000000000000000, 0.000000000000000, -1.00000000000000 ) );
#4174 = DIRECTION( '', ( 0.000000000000000, -1.00000000000000, 0.000000000000000 ) );
#4175 = ORIENTED_EDGE( '', *, *, #6106, .T. );
#4176 = ORIENTED_EDGE( '', *, *, #5945, .F. );
#4177 = ORIENTED_EDGE( '', *, *, #6107, .T. );
#4178 = ORIENTED_EDGE( '', *, *, #6108, .T. );
#4179 = CARTESIAN_POINT( '', ( 0.00279999999999896, 0.000135000000000019, 0.00279999999999896 ) );
#4180 = DIRECTION( '', ( -1.00000000000000, 0.000000000000000, 0.000000000000000 ) );
#4181 = DIRECTION( '', ( 0.000000000000000, 0.000000000000000, 1.00000000000000 ) );
#4182 = ORIENTED_EDGE( '', *, *, #6109, .T. );
#4183 = ORIENTED_EDGE( '', *, *, #5502, .T. );
#4184 = ORIENTED_EDGE( '', *, *, #6110, .F. );
#4185 = ORIENTED_EDGE( '', *, *, #6040, .F. );
#4186 = ORIENTED_EDGE( '', *, *, #6111, .F. );
#4187 = CARTESIAN_POINT( '', ( 0.000849999999999902, -0.00113500000000003, -0.00254999999999996 ) );
#4188 = DIRECTION( '', ( 0.000000000000000, 0.000000000000000, -1.00000000000000 ) );
#4189 = DIRECTION( '', ( 0.000000000000000, -1.00000000000000, 0.000000000000000 ) );
#4190 = ORIENTED_EDGE( '', *, *, #6112, .T. );
#4191 = ORIENTED_EDGE( '', *, *, #5629, .F. );
#4192 = ORIENTED_EDGE( '', *, *, #5456, .F. );
#4193 = ORIENTED_EDGE( '', *, *, #6113, .T. );
#4194 = ORIENTED_EDGE( '', *, *, #6114, .T. );
#4195 = CARTESIAN_POINT( '', ( 0.00159999999999995, 0.00131500000000007, 0.00279999999999896 ) );
#4196 = DIRECTION( '', ( 0.000000000000000, 0.000000000000000, 1.00000000000000 ) );
#4197 = DIRECTION( '', ( 1.00000000000000, -0.000000000000000, 0.000000000000000 ) );
#4198 = ORIENTED_EDGE( '', *, *, #6057, .F. );
#4199 = ORIENTED_EDGE( '', *, *, #6102, .F. );
#4200 = ORIENTED_EDGE( '', *, *, #6115, .F. );
#4201 = ORIENTED_EDGE( '', *, *, #5631, .T. );
#4202 = ORIENTED_EDGE( '', *, *, #6116, .T. );
#4203 = ORIENTED_EDGE( '', *, *, #6117, .T. );
#4204 = ORIENTED_EDGE( '', *, *, #5941, .T. );
#4205 = CARTESIAN_POINT( '', ( 0.00269999999999936, 0.00126500000000002, 0.00274999999999916 ) );
#4206 = DIRECTION( '', ( -1.00000000000000, -0.000000000000000, -0.000000000000000 ) );
#4207 = DIRECTION( '', ( 0.000000000000000, -1.00000000000000, 0.000000000000000 ) );
#4208 = ORIENTED_EDGE( '', *, *, #6118, .T. );
#4209 = ORIENTED_EDGE( '', *, *, #5620, .F. );
#4210 = ORIENTED_EDGE( '', *, *, #6119, .F. );
#4211 = ORIENTED_EDGE( '', *, *, #6120, .T. );
#4212 = CARTESIAN_POINT( '', ( -0.00300000000000070, 0.00131500000000007, -0.00220000000000009 ) );
#4213 = DIRECTION( '', ( 1.00000000000000, 0.000000000000000, 0.000000000000000 ) );
#4214 = DIRECTION( '', ( 0.000000000000000, 1.00000000000000, -0.000000000000000 ) );
#4215 = ORIENTED_EDGE( '', *, *, #6119, .T. );
#4216 = ORIENTED_EDGE( '', *, *, #5619, .F. );
#4217 = ORIENTED_EDGE( '', *, *, #6121, .F. );
#4218 = ORIENTED_EDGE( '', *, *, #6122, .T. );
#4219 = CARTESIAN_POINT( '', ( -0.00310000000000030, 0.00131500000000007, -0.00220000000000009 ) );
#4220 = DIRECTION( '', ( 0.000000000000000, 0.000000000000000, -1.00000000000000 ) );
#4221 = DIRECTION( '', ( 0.000000000000000, -1.00000000000000, 0.000000000000000 ) );
#4222 = ORIENTED_EDGE( '', *, *, #5877, .T. );
#4223 = ORIENTED_EDGE( '', *, *, #5621, .T. );
#4224 = ORIENTED_EDGE( '', *, *, #6118, .F. );
#4225 = ORIENTED_EDGE( '', *, *, #6123, .F. );
#4226 = CARTESIAN_POINT( '', ( -0.00300000000000070, 0.00131500000000007, -0.000899999999999956 ) );
#4227 = DIRECTION( '', ( 0.000000000000000, 0.000000000000000, 1.00000000000000 ) );
#4228 = DIRECTION( '', ( 1.00000000000000, -0.000000000000000, 0.000000000000000 ) );
#4229 = ORIENTED_EDGE( '', *, *, #6124, .T. );
#4230 = ORIENTED_EDGE( '', *, *, #6125, .F. );
#4231 = ORIENTED_EDGE( '', *, *, #6126, .F. );
#4232 = ORIENTED_EDGE( '', *, *, #5324, .F. );
#4233 = ORIENTED_EDGE( '', *, *, #6127, .T. );
#4234 = CARTESIAN_POINT( '', ( -0.00310000000000030, -0.00113500000000003, -0.00254999999999996 ) );
#4235 = DIRECTION( '', ( 0.000000000000000, 0.000000000000000, -1.00000000000000 ) );
#4236 = DIRECTION( '', ( 0.000000000000000, -1.00000000000000, 0.000000000000000 ) );
#4237 = ORIENTED_EDGE( '', *, *, #6126, .T. );
#4238 = ORIENTED_EDGE( '', *, *, #6128, .T. );
#4239 = ORIENTED_EDGE( '', *, *, #5426, .F. );
#4240 = ORIENTED_EDGE( '', *, *, #5325, .F. );
#4241 = CARTESIAN_POINT( '', ( -0.00249999999999991, -0.000334999999999930, -0.00254999999999996 ) );
#4242 = DIRECTION( '', ( -0.000000000000000, -0.000000000000000, -1.00000000000000 ) );
#4243 = DIRECTION( '', ( -1.00000000000000, 0.000000000000000, 0.000000000000000 ) );
#4244 = ORIENTED_EDGE( '', *, *, #6129, .T. );
#4245 = ORIENTED_EDGE( '', *, *, #6111, .T. );
#4246 = ORIENTED_EDGE( '', *, *, #6043, .F. );
#4247 = ORIENTED_EDGE( '', *, *, #6130, .F. );
#4248 = ORIENTED_EDGE( '', *, *, #6131, .T. );
#4249 = ORIENTED_EDGE( '', *, *, #6132, .T. );
#4250 = ORIENTED_EDGE( '', *, *, #5472, .F. );
#4251 = ORIENTED_EDGE( '', *, *, #5912, .F. );
#4252 = ORIENTED_EDGE( '', *, *, #6133, .T. );
#4253 = ORIENTED_EDGE( '', *, *, #5743, .T. );
#4254 = ORIENTED_EDGE( '', *, *, #5330, .T. );
#4255 = ORIENTED_EDGE( '', *, *, #5271, .T. );
#4256 = ORIENTED_EDGE( '', *, *, #5888, .F. );
#4257 = ORIENTED_EDGE( '', *, *, #6134, .F. );
#4258 = ORIENTED_EDGE( '', *, *, #5327, .T. );
#4259 = ORIENTED_EDGE( '', *, *, #5429, .T. );
#4260 = ORIENTED_EDGE( '', *, *, #6135, .F. );
#4261 = ORIENTED_EDGE( '', *, *, #6127, .F. );
#4262 = ORIENTED_EDGE( '', *, *, #5323, .T. );
#4263 = ORIENTED_EDGE( '', *, *, #5861, .T. );
#4264 = ORIENTED_EDGE( '', *, *, #6136, .T. );
#4265 = CARTESIAN_POINT( '', ( 0.000000000000000, -0.00113500000000003, 0.000000000000000 ) );
#4266 = DIRECTION( '', ( 0.000000000000000, -1.00000000000000, 0.000000000000000 ) );
#4267 = DIRECTION( '', ( 0.000000000000000, 0.000000000000000, -1.00000000000000 ) );
#4268 = ORIENTED_EDGE( '', *, *, #5665, .T. );
#4269 = ORIENTED_EDGE( '', *, *, #6051, .F. );
#4270 = ORIENTED_EDGE( '', *, *, #5661, .F. );
#4271 = ORIENTED_EDGE( '', *, *, #5752, .T. );
#4272 = CARTESIAN_POINT( '', ( -0.00184999999999997, -8.50001836602528E-005, 0.00279999999999896 ) );
#4273 = DIRECTION( '', ( -0.000000000000000, 0.000000000000000, -1.00000000000000 ) );
#4274 = DIRECTION( '', ( 1.00000000000000, 0.000000000000000, 0.000000000000000 ) );
#4275 = ORIENTED_EDGE( '', *, *, #5915, .T. );
#4276 = ORIENTED_EDGE( '', *, *, #5990, .F. );
#4277 = ORIENTED_EDGE( '', *, *, #5784, .F. );
#4278 = ORIENTED_EDGE( '', *, *, #5570, .T. );
#4279 = CARTESIAN_POINT( '', ( 0.000138297870755191, -0.000935000000000070, 0.000155000001192088 ) );
#4280 = DIRECTION( '', ( 0.439713413020290, 0.000000000000000, -0.898138137710479 ) );
#4281 = DIRECTION( '', ( 0.000000000000000, -1.00000000000000, 0.000000000000000 ) );
#4282 = ORIENTED_EDGE( '', *, *, #6137, .T. );
#4283 = ORIENTED_EDGE( '', *, *, #5745, .F. );
#4284 = ORIENTED_EDGE( '', *, *, #6138, .F. );
#4285 = ORIENTED_EDGE( '', *, *, #5301, .T. );
#4286 = ORIENTED_EDGE( '', *, *, #6105, .F. );
#4287 = ORIENTED_EDGE( '', *, *, #6139, .T. );
#4288 = ORIENTED_EDGE( '', *, *, #6108, .F. );
#4289 = ORIENTED_EDGE( '', *, *, #6140, .T. );
#4290 = CARTESIAN_POINT( '', ( 0.000000000000000, 0.000764999999999988, 0.000000000000000 ) );
#4291 = DIRECTION( '', ( 0.000000000000000, -1.00000000000000, 0.000000000000000 ) );
#4292 = DIRECTION( '', ( 0.000000000000000, 0.000000000000000, -1.00000000000000 ) );
#4293 = ORIENTED_EDGE( '', *, *, #6140, .F. );
#4294 = ORIENTED_EDGE( '', *, *, #6107, .F. );
#4295 = ORIENTED_EDGE( '', *, *, #5944, .F. );
#4296 = ORIENTED_EDGE( '', *, *, #6141, .T. );
#4297 = CARTESIAN_POINT( '', ( 0.00264999999999956, 0.00126550001222504, 0.00264999999999956 ) );
#4298 = DIRECTION( '', ( -0.000000000000000, 1.00000000000000, -0.000000000000000 ) );
#4299 = DIRECTION( '', ( 0.000000000000000, 0.000000000000000, 1.00000000000000 ) );
#4300 = ORIENTED_EDGE( '', *, *, #5810, .T. );
#4301 = ORIENTED_EDGE( '', *, *, #5551, .F. );
#4302 = ORIENTED_EDGE( '', *, *, #6142, .F. );
#4303 = ORIENTED_EDGE( '', *, *, #6143, .F. );
#4304 = ORIENTED_EDGE( '', *, *, #5807, .T. );
#4305 = ORIENTED_EDGE( '', *, *, #6086, .F. );
#4306 = ORIENTED_EDGE( '', *, *, #5788, .F. );
#4307 = ORIENTED_EDGE( '', *, *, #6090, .F. );
#4308 = CARTESIAN_POINT( '', ( 0.000000000000000, 0.000764999999999988, 0.000000000000000 ) );
#4309 = DIRECTION( '', ( 0.000000000000000, -1.00000000000000, 0.000000000000000 ) );
#4310 = DIRECTION( '', ( 0.000000000000000, 0.000000000000000, -1.00000000000000 ) );
#4311 = ORIENTED_EDGE( '', *, *, #6080, .F. );
#4312 = ORIENTED_EDGE( '', *, *, #5862, .F. );
#4313 = ORIENTED_EDGE( '', *, *, #5321, .F. );
#4314 = ORIENTED_EDGE( '', *, *, #5730, .T. );
#4315 = ORIENTED_EDGE( '', *, *, #5817, .F. );
#4316 = ORIENTED_EDGE( '', *, *, #6144, .T. );
#4317 = ORIENTED_EDGE( '', *, *, #6036, .F. );
#4318 = ORIENTED_EDGE( '', *, *, #6081, .T. );
#4319 = CARTESIAN_POINT( '', ( 0.000000000000000, 0.000764999999999988, 0.000000000000000 ) );
#4320 = DIRECTION( '', ( 0.000000000000000, -1.00000000000000, 0.000000000000000 ) );
#4321 = DIRECTION( '', ( 0.000000000000000, 0.000000000000000, -1.00000000000000 ) );
#4322 = ORIENTED_EDGE( '', *, *, #6010, .F. );
#4323 = ORIENTED_EDGE( '', *, *, #6145, .F. );
#4324 = ORIENTED_EDGE( '', *, *, #5902, .T. );
#4325 = ORIENTED_EDGE( '', *, *, #5547, .T. );
#4326 = CARTESIAN_POINT( '', ( 0.000000000000000, 0.000764999999999988, 0.000000000000000 ) );
#4327 = DIRECTION( '', ( 0.000000000000000, -1.00000000000000, 0.000000000000000 ) );
#4328 = DIRECTION( '', ( 0.000000000000000, 0.000000000000000, -1.00000000000000 ) );
#4329 = ORIENTED_EDGE( '', *, *, #6084, .T. );
#4330 = ORIENTED_EDGE( '', *, *, #6088, .F. );
#4331 = ORIENTED_EDGE( '', *, *, #6146, .F. );
#4332 = ORIENTED_EDGE( '', *, *, #6091, .T. );
#4333 = CARTESIAN_POINT( '', ( 0.000000000000000, 0.000764999999999988, 0.000000000000000 ) );
#4334 = DIRECTION( '', ( 0.000000000000000, -1.00000000000000, 0.000000000000000 ) );
#4335 = DIRECTION( '', ( 0.000000000000000, 0.000000000000000, -1.00000000000000 ) );
#4336 = ORIENTED_EDGE( '', *, *, #5939, .F. );
#4337 = ORIENTED_EDGE( '', *, *, #5611, .T. );
#4338 = ORIENTED_EDGE( '', *, *, #5710, .T. );
#4339 = ORIENTED_EDGE( '', *, *, #5545, .T. );
#4340 = ORIENTED_EDGE( '', *, *, #6147, .F. );
#4341 = ORIENTED_EDGE( '', *, *, #6148, .F. );
#4342 = ORIENTED_EDGE( '', *, *, #5684, .T. );
#4343 = ORIENTED_EDGE( '', *, *, #6149, .F. );
#4344 = CARTESIAN_POINT( '', ( -0.00209999999999998, 0.000135000000000019, 0.00319999999999990 ) );
#4345 = DIRECTION( '', ( 0.000000000000000, 0.000000000000000, -1.00000000000000 ) );
#4346 = DIRECTION( '', ( 0.000000000000000, -1.00000000000000, 0.000000000000000 ) );
#4347 = ORIENTED_EDGE( '', *, *, #5637, .F. );
#4348 = ORIENTED_EDGE( '', *, *, #5792, .F. );
#4349 = ORIENTED_EDGE( '', *, *, #6150, .T. );
#4350 = ORIENTED_EDGE( '', *, *, #5654, .T. );
#4351 = CARTESIAN_POINT( '', ( 0.00310000000000030, 0.00131500000000007, 0.00279999999999896 ) );
#4352 = DIRECTION( '', ( 1.00000000000000, 0.000000000000000, 0.000000000000000 ) );
#4353 = DIRECTION( '', ( 0.000000000000000, 1.00000000000000, -0.000000000000000 ) );
#4354 = ORIENTED_EDGE( '', *, *, #5498, .T. );
#4355 = ORIENTED_EDGE( '', *, *, #5634, .F. );
#4356 = ORIENTED_EDGE( '', *, *, #6151, .F. );
#4357 = ORIENTED_EDGE( '', *, *, #6152, .T. );
#4358 = CARTESIAN_POINT( '', ( 0.00310000000000030, 0.00131500000000007, 0.00279999999999896 ) );
#4359 = DIRECTION( '', ( 1.00000000000000, 0.000000000000000, 0.000000000000000 ) );
#4360 = DIRECTION( '', ( 0.000000000000000, 1.00000000000000, -0.000000000000000 ) );
#4361 = ORIENTED_EDGE( '', *, *, #6153, .T. );
#4362 = ORIENTED_EDGE( '', *, *, #6151, .T. );
#4363 = ORIENTED_EDGE( '', *, *, #5633, .F. );
#4364 = ORIENTED_EDGE( '', *, *, #6154, .F. );
#4365 = ORIENTED_EDGE( '', *, *, #6101, .F. );
#4366 = CARTESIAN_POINT( '', ( 0.00269999999999936, 0.00131500000000007, 0.00279999999999896 ) );
#4367 = DIRECTION( '', ( 0.000000000000000, 0.000000000000000, 1.00000000000000 ) );
#4368 = DIRECTION( '', ( 1.00000000000000, -0.000000000000000, 0.000000000000000 ) );
#4369 = ORIENTED_EDGE( '', *, *, #6154, .T. );
#4370 = ORIENTED_EDGE( '', *, *, #5632, .F. );
#4371 = ORIENTED_EDGE( '', *, *, #6115, .T. );
#4372 = CARTESIAN_POINT( '', ( 0.00269999999999936, 0.00131500000000007, 0.00274999999999916 ) );
#4373 = DIRECTION( '', ( -1.00000000000000, 0.000000000000000, 0.000000000000000 ) );
#4374 = DIRECTION( '', ( 0.000000000000000, 0.000000000000000, 1.00000000000000 ) );
#4375 = ORIENTED_EDGE( '', *, *, #6155, .T. );
#4376 = ORIENTED_EDGE( '', *, *, #5988, .F. );
#4377 = ORIENTED_EDGE( '', *, *, #6156, .F. );
#4378 = ORIENTED_EDGE( '', *, *, #5573, .T. );
#4379 = CARTESIAN_POINT( '', ( 7.44680836796638E-005, -0.000935000000000070, -9.49999988079028E-005 ) );
#4380 = DIRECTION( '', ( 0.946649917770008, 0.000000000000000, 0.322263763377203 ) );
#4381 = DIRECTION( '', ( 0.000000000000000, -1.00000000000000, 0.000000000000000 ) );
#4382 = ORIENTED_EDGE( '', *, *, #6157, .T. );
#4383 = ORIENTED_EDGE( '', *, *, #6052, .F. );
#4384 = ORIENTED_EDGE( '', *, *, #5193, .F. );
#4385 = ORIENTED_EDGE( '', *, *, #5750, .T. );
#4386 = CARTESIAN_POINT( '', ( 0.000129409522551253, -0.000141607444928232, 0.00279999999999896 ) );
#4387 = DIRECTION( '', ( -0.258819045102493, -0.965925826289076, 0.000000000000000 ) );
#4388 = DIRECTION( '', ( -0.965925826289076, 0.258819045102493, 0.000000000000000 ) );
#4389 = ORIENTED_EDGE( '', *, *, #6158, .T. );
#4390 = ORIENTED_EDGE( '', *, *, #5968, .F. );
#4391 = ORIENTED_EDGE( '', *, *, #5798, .F. );
#4392 = ORIENTED_EDGE( '', *, *, #6159, .T. );
#4393 = CARTESIAN_POINT( '', ( -1.06382975354782E-005, -0.000935000000000070, -0.000188749998807909 ) );
#4394 = DIRECTION( '', ( 0.826599255879487, 0.000000000000000, -0.562790964905691 ) );
#4395 = DIRECTION( '', ( 0.000000000000000, -1.00000000000000, 0.000000000000000 ) );
#4396 = ORIENTED_EDGE( '', *, *, #6042, .T. );
#4397 = ORIENTED_EDGE( '', *, *, #6160, .F. );
#4398 = ORIENTED_EDGE( '', *, *, #5500, .F. );
#4399 = ORIENTED_EDGE( '', *, *, #6161, .F. );
#4400 = ORIENTED_EDGE( '', *, *, #6130, .T. );
#4401 = CARTESIAN_POINT( '', ( 0.00310000000000030, -0.00113500000000003, -0.00139999999999999 ) );
#4402 = DIRECTION( '', ( 0.000000000000000, 0.000000000000000, 1.00000000000000 ) );
#4403 = DIRECTION( '', ( 1.00000000000000, -0.000000000000000, 0.000000000000000 ) );
#4404 = ORIENTED_EDGE( '', *, *, #6162, .T. );
#4405 = ORIENTED_EDGE( '', *, *, #6163, .F. );
#4406 = ORIENTED_EDGE( '', *, *, #6164, .T. );
#4407 = ORIENTED_EDGE( '', *, *, #6165, .F. );
#4408 = CARTESIAN_POINT( '', ( 0.000000000000000, 0.000125000000000008, 0.000000000000000 ) );
#4409 = DIRECTION( '', ( 0.000000000000000, 1.00000000000000, 0.000000000000000 ) );
#4410 = DIRECTION( '', ( 1.00000000000000, 0.000000000000000, -0.000000000000000 ) );
#4411 = ORIENTED_EDGE( '', *, *, #6164, .F. );
#4412 = ORIENTED_EDGE( '', *, *, #6166, .F. );
#4413 = ORIENTED_EDGE( '', *, *, #6045, .F. );
#4414 = ORIENTED_EDGE( '', *, *, #6167, .F. );
#4415 = ORIENTED_EDGE( '', *, *, #5883, .F. );
#4416 = ORIENTED_EDGE( '', *, *, #6168, .F. );
#4417 = ORIENTED_EDGE( '', *, *, #5390, .F. );
#4418 = ORIENTED_EDGE( '', *, *, #5387, .F. );
#4419 = ORIENTED_EDGE( '', *, *, #5394, .F. );
#4420 = ORIENTED_EDGE( '', *, *, #5818, .F. );
#4421 = ORIENTED_EDGE( '', *, *, #5340, .T. );
#4422 = ORIENTED_EDGE( '', *, *, #6169, .F. );
#4423 = CARTESIAN_POINT( '', ( 0.00346165000000086, -0.000125000000000008, -0.00235999999999996 ) );
#4424 = DIRECTION( '', ( 0.000000000000000, 0.000000000000000, -1.00000000000000 ) );
#4425 = DIRECTION( '', ( 0.000000000000000, -1.00000000000000, 0.000000000000000 ) );
#4426 = ORIENTED_EDGE( '', *, *, #5342, .T. );
#4427 = ORIENTED_EDGE( '', *, *, #5819, .F. );
#4428 = ORIENTED_EDGE( '', *, *, #5395, .T. );
#4429 = ORIENTED_EDGE( '', *, *, #5389, .T. );
#4430 = ORIENTED_EDGE( '', *, *, #5392, .T. );
#4431 = ORIENTED_EDGE( '', *, *, #6170, .T. );
#4432 = ORIENTED_EDGE( '', *, *, #5885, .T. );
#4433 = ORIENTED_EDGE( '', *, *, #6171, .F. );
#4434 = ORIENTED_EDGE( '', *, *, #6047, .T. );
#4435 = ORIENTED_EDGE( '', *, *, #6172, .T. );
#4436 = ORIENTED_EDGE( '', *, *, #6162, .F. );
#4437 = ORIENTED_EDGE( '', *, *, #6173, .T. );
#4438 = CARTESIAN_POINT( '', ( 0.00259999999999976, -0.000125000000000008, -0.00165999999999996 ) );
#4439 = DIRECTION( '', ( 0.000000000000000, 0.000000000000000, 1.00000000000000 ) );
#4440 = DIRECTION( '', ( 1.00000000000000, -0.000000000000000, 0.000000000000000 ) );
#4441 = ORIENTED_EDGE( '', *, *, #6174, .T. );
#4442 = ORIENTED_EDGE( '', *, *, #5796, .F. );
#4443 = ORIENTED_EDGE( '', *, *, #6175, .T. );
#4444 = ORIENTED_EDGE( '', *, *, #5334, .T. );
#4445 = CARTESIAN_POINT( '', ( 0.000000000000000, 0.000125000000000008, 0.000000000000000 ) );
#4446 = DIRECTION( '', ( 0.000000000000000, 1.00000000000000, 0.000000000000000 ) );
#4447 = DIRECTION( '', ( 1.00000000000000, 0.000000000000000, -0.000000000000000 ) );
#4448 = ORIENTED_EDGE( '', *, *, #5318, .T. );
#4449 = ORIENTED_EDGE( '', *, *, #5812, .F. );
#4450 = ORIENTED_EDGE( '', *, *, #5412, .T. );
#4451 = ORIENTED_EDGE( '', *, *, #5414, .T. );
#4452 = ORIENTED_EDGE( '', *, *, #5405, .T. );
#4453 = ORIENTED_EDGE( '', *, *, #5402, .T. );
#4454 = ORIENTED_EDGE( '', *, *, #5408, .T. );
#4455 = ORIENTED_EDGE( '', *, *, #5814, .F. );
#4456 = ORIENTED_EDGE( '', *, *, #5315, .T. );
#4457 = ORIENTED_EDGE( '', *, *, #5797, .T. );
#4458 = ORIENTED_EDGE( '', *, *, #6174, .F. );
#4459 = ORIENTED_EDGE( '', *, *, #5333, .T. );
#4460 = CARTESIAN_POINT( '', ( -0.00259999999999976, -0.000125000000000008, 0.00165999999999996 ) );
#4461 = DIRECTION( '', ( 0.000000000000000, 0.000000000000000, -1.00000000000000 ) );
#4462 = DIRECTION( '', ( 0.000000000000000, -1.00000000000000, 0.000000000000000 ) );
#4463 = ORIENTED_EDGE( '', *, *, #5647, .T. );
#4464 = ORIENTED_EDGE( '', *, *, #5976, .F. );
#4465 = ORIENTED_EDGE( '', *, *, #6176, .F. );
#4466 = ORIENTED_EDGE( '', *, *, #6177, .T. );
#4467 = CARTESIAN_POINT( '', ( 0.000244680851697922, -0.000935000000000070, 0.000264375001192044 ) );
#4468 = DIRECTION( '', ( 0.000000000000000, 0.000000000000000, 1.00000000000000 ) );
#4469 = DIRECTION( '', ( 1.00000000000000, -0.000000000000000, 0.000000000000000 ) );
#4470 = ORIENTED_EDGE( '', *, *, #6176, .T. );
#4471 = ORIENTED_EDGE( '', *, *, #5975, .F. );
#4472 = ORIENTED_EDGE( '', *, *, #5776, .F. );
#4473 = ORIENTED_EDGE( '', *, *, #6178, .T. );
#4474 = CARTESIAN_POINT( '', ( 0.000351063817739388, -0.000935000000000070, 0.000233125001192093 ) );
#4475 = DIRECTION( '', ( 0.281841680406296, 0.000000000000000, 0.959460925304285 ) );
#4476 = DIRECTION( '', ( 0.000000000000000, -1.00000000000000, 0.000000000000000 ) );
#4477 = ORIENTED_EDGE( '', *, *, #5816, .T. );
#4478 = ORIENTED_EDGE( '', *, *, #5932, .F. );
#4479 = ORIENTED_EDGE( '', *, *, #6034, .F. );
#4480 = ORIENTED_EDGE( '', *, *, #6144, .F. );
#4481 = CARTESIAN_POINT( '', ( -0.00295000000000090, 0.000764499987774970, -0.00220000000000009 ) );
#4482 = DIRECTION( '', ( 0.000000000000000, -1.00000000000000, -0.000000000000000 ) );
#4483 = DIRECTION( '', ( 1.00000000000000, 0.000000000000000, 0.000000000000000 ) );
#4484 = ORIENTED_EDGE( '', *, *, #5630, .F. );
#4485 = ORIENTED_EDGE( '', *, *, #6112, .F. );
#4486 = ORIENTED_EDGE( '', *, *, #6116, .F. );
#4487 = CARTESIAN_POINT( '', ( 0.00204999999999993, 0.00131500000000007, 0.00279999999999896 ) );
#4488 = DIRECTION( '', ( 1.00000000000000, 0.000000000000000, 0.000000000000000 ) );
#4489 = DIRECTION( '', ( 0.000000000000000, 1.00000000000000, -0.000000000000000 ) );
#4490 = ORIENTED_EDGE( '', *, *, #5419, .F. );
#4491 = ORIENTED_EDGE( '', *, *, #6179, .F. );
#4492 = ORIENTED_EDGE( '', *, *, #6180, .T. );
#4493 = ORIENTED_EDGE( '', *, *, #6037, .T. );
#4494 = ORIENTED_EDGE( '', *, *, #5936, .T. );
#4495 = CARTESIAN_POINT( '', ( -0.00269999999999936, 0.00126500000000002, 0.00274999999999916 ) );
#4496 = DIRECTION( '', ( -1.00000000000000, -0.000000000000000, -0.000000000000000 ) );
#4497 = DIRECTION( '', ( 0.000000000000000, -1.00000000000000, 0.000000000000000 ) );
#4498 = ORIENTED_EDGE( '', *, *, #5996, .T. );
#4499 = ORIENTED_EDGE( '', *, *, #5625, .F. );
#4500 = ORIENTED_EDGE( '', *, *, #6181, .T. );
#4501 = CARTESIAN_POINT( '', ( -0.00204999999999993, 0.00131500000000007, 0.00274999999999916 ) );
#4502 = DIRECTION( '', ( -1.00000000000000, 0.000000000000000, 0.000000000000000 ) );
#4503 = DIRECTION( '', ( 0.000000000000000, 0.000000000000000, 1.00000000000000 ) );
#4504 = ORIENTED_EDGE( '', *, *, #5844, .T. );
#4505 = ORIENTED_EDGE( '', *, *, #5257, .F. );
#4506 = ORIENTED_EDGE( '', *, *, #5264, .F. );
#4507 = ORIENTED_EDGE( '', *, *, #5871, .F. );
#4508 = CARTESIAN_POINT( '', ( -0.00184999999999997, -8.50001836602528E-005, -0.00279999999999896 ) );
#4509 = DIRECTION( '', ( -0.000000000000000, -0.000000000000000, 1.00000000000000 ) );
#4510 = DIRECTION( '', ( -1.00000000000000, 0.000000000000000, 0.000000000000000 ) );
#4511 = ORIENTED_EDGE( '', *, *, #6103, .T. );
#4512 = ORIENTED_EDGE( '', *, *, #6055, .F. );
#4513 = ORIENTED_EDGE( '', *, *, #6094, .F. );
#4514 = ORIENTED_EDGE( '', *, *, #5747, .T. );
#4515 = CARTESIAN_POINT( '', ( 0.00237003521657973, -0.000214062668611703, 0.00279999999999896 ) );
#4516 = DIRECTION( '', ( -0.945518575599302, 0.325568154457201, 0.000000000000000 ) );
#4517 = DIRECTION( '', ( 0.000000000000000, 0.000000000000000, 1.00000000000000 ) );
#4518 = ORIENTED_EDGE( '', *, *, #6182, .F. );
#4519 = ORIENTED_EDGE( '', *, *, #6030, .F. );
#4520 = ORIENTED_EDGE( '', *, *, #5612, .F. );
#4521 = ORIENTED_EDGE( '', *, *, #6067, .T. );
#4522 = ORIENTED_EDGE( '', *, *, #5291, .T. );
#4523 = ORIENTED_EDGE( '', *, *, #5238, .T. );
#4524 = ORIENTED_EDGE( '', *, *, #5954, .F. );
#4525 = CARTESIAN_POINT( '', ( 0.00269999999999936, 0.00126500000000002, -0.00274999999999916 ) );
#4526 = DIRECTION( '', ( 1.00000000000000, -0.000000000000000, -0.000000000000000 ) );
#4527 = DIRECTION( '', ( 0.000000000000000, -1.00000000000000, 0.000000000000000 ) );
#4528 = ORIENTED_EDGE( '', *, *, #5940, .F. );
#4529 = ORIENTED_EDGE( '', *, *, #6149, .T. );
#4530 = ORIENTED_EDGE( '', *, *, #5683, .F. );
#4531 = ORIENTED_EDGE( '', *, *, #5214, .F. );
#4532 = CARTESIAN_POINT( '', ( 0.00195000000000007, 0.00126550001222504, 0.00305000000000050 ) );
#4533 = DIRECTION( '', ( -0.000000000000000, 1.00000000000000, -0.000000000000000 ) );
#4534 = DIRECTION( '', ( 0.000000000000000, 0.000000000000000, 1.00000000000000 ) );
#4535 = ORIENTED_EDGE( '', *, *, #5840, .T. );
#4536 = ORIENTED_EDGE( '', *, *, #5979, .F. );
#4537 = ORIENTED_EDGE( '', *, *, #5444, .F. );
#4538 = ORIENTED_EDGE( '', *, *, #6183, .T. );
#4539 = CARTESIAN_POINT( '', ( -0.000180851057171813, -0.000935000000000070, 0.000201875001192091 ) );
#4540 = DIRECTION( '', ( -0.482444095213800, 0.000000000000000, -0.875926763487301 ) );
#4541 = DIRECTION( '', ( -0.875926763487301, 0.000000000000000, 0.482444095213800 ) );
#4542 = ORIENTED_EDGE( '', *, *, #6000, .T. );
#4543 = ORIENTED_EDGE( '', *, *, #5971, .F. );
#4544 = ORIENTED_EDGE( '', *, *, #5780, .F. );
#4545 = ORIENTED_EDGE( '', *, *, #6184, .T. );
#4546 = CARTESIAN_POINT( '', ( 0.000478723406791810, -0.000935000000000070, -0.000110624998807904 ) );
#4547 = DIRECTION( '', ( 0.964858515417530, 0.000000000000000, -0.262769947342308 ) );
#4548 = DIRECTION( '', ( 0.000000000000000, -1.00000000000000, 0.000000000000000 ) );
#4549 = ORIENTED_EDGE( '', *, *, #6185, .F. );
#4550 = ORIENTED_EDGE( '', *, *, #5924, .F. );
#4551 = ORIENTED_EDGE( '', *, *, #6061, .F. );
#4552 = ORIENTED_EDGE( '', *, *, #5648, .F. );
#4553 = ORIENTED_EDGE( '', *, *, #6177, .F. );
#4554 = ORIENTED_EDGE( '', *, *, #6178, .F. );
#4555 = ORIENTED_EDGE( '', *, *, #5779, .F. );
#4556 = ORIENTED_EDGE( '', *, *, #6186, .F. );
#4557 = ORIENTED_EDGE( '', *, *, #6028, .F. );
#4558 = ORIENTED_EDGE( '', *, *, #6001, .F. );
#4559 = ORIENTED_EDGE( '', *, *, #6184, .F. );
#4560 = ORIENTED_EDGE( '', *, *, #5783, .F. );
#4561 = ORIENTED_EDGE( '', *, *, #5920, .F. );
#4562 = ORIENTED_EDGE( '', *, *, #5506, .F. );
#4563 = ORIENTED_EDGE( '', *, *, #5475, .F. );
#4564 = ORIENTED_EDGE( '', *, *, #5220, .F. );
#4565 = ORIENTED_EDGE( '', *, *, #6187, .F. );
#4566 = ORIENTED_EDGE( '', *, *, #6188, .F. );
#4567 = ORIENTED_EDGE( '', *, *, #6159, .F. );
#4568 = ORIENTED_EDGE( '', *, *, #5800, .F. );
#4569 = ORIENTED_EDGE( '', *, *, #5492, .F. );
#4570 = ORIENTED_EDGE( '', *, *, #6068, .F. );
#4571 = ORIENTED_EDGE( '', *, *, #6065, .F. );
#4572 = ORIENTED_EDGE( '', *, *, #6074, .F. );
#4573 = ORIENTED_EDGE( '', *, *, #6071, .F. );
#4574 = ORIENTED_EDGE( '', *, *, #6073, .F. );
#4575 = ORIENTED_EDGE( '', *, *, #6189, .F. );
#4576 = ORIENTED_EDGE( '', *, *, #5644, .F. );
#4577 = ORIENTED_EDGE( '', *, *, #5463, .F. );
#4578 = ORIENTED_EDGE( '', *, *, #6076, .F. );
#4579 = ORIENTED_EDGE( '', *, *, #6097, .F. );
#4580 = ORIENTED_EDGE( '', *, *, #6190, .F. );
#4581 = ORIENTED_EDGE( '', *, *, #6191, .F. );
#4582 = ORIENTED_EDGE( '', *, *, #5482, .F. );
#4583 = ORIENTED_EDGE( '', *, *, #6060, .F. );
#4584 = CARTESIAN_POINT( '', ( 0.000000000000000, -0.000935000000000070, 0.000000000000000 ) );
#4585 = DIRECTION( '', ( 0.000000000000000, 1.00000000000000, 0.000000000000000 ) );
#4586 = DIRECTION( '', ( 1.00000000000000, 0.000000000000000, -0.000000000000000 ) );
#4587 = ORIENTED_EDGE( '', *, *, #6146, .T. );
#4588 = ORIENTED_EDGE( '', *, *, #5721, .T. );
#4589 = ORIENTED_EDGE( '', *, *, #5657, .T. );
#4590 = ORIENTED_EDGE( '', *, *, #6192, .F. );
#4591 = ORIENTED_EDGE( '', *, *, #5671, .F. );
#4592 = ORIENTED_EDGE( '', *, *, #6193, .F. );
#4593 = ORIENTED_EDGE( '', *, *, #5678, .F. );
#4594 = ORIENTED_EDGE( '', *, *, #6194, .F. );
#4595 = ORIENTED_EDGE( '', *, *, #6195, .F. );
#4596 = ORIENTED_EDGE( '', *, *, #5695, .T. );
#4597 = CARTESIAN_POINT( '', ( -0.00179999999999991, 0.000764999999999988, -0.00310000000000030 ) );
#4598 = DIRECTION( '', ( 0.000000000000000, 0.000000000000000, -1.00000000000000 ) );
#4599 = DIRECTION( '', ( 0.000000000000000, -1.00000000000000, 0.000000000000000 ) );
#4600 = ORIENTED_EDGE( '', *, *, #5670, .T. );
#4601 = ORIENTED_EDGE( '', *, *, #5675, .F. );
#4602 = ORIENTED_EDGE( '', *, *, #5679, .F. );
#4603 = ORIENTED_EDGE( '', *, *, #6193, .T. );
#4604 = CARTESIAN_POINT( '', ( -0.000365184605110406, 0.000415000000000118, -0.00279999999999896 ) );
#4605 = DIRECTION( '', ( 0.000000000000000, -0.965925826289076, -0.258819045102493 ) );
#4606 = DIRECTION( '', ( 0.000000000000000, 0.258819045102493, -0.965925826289076 ) );
#4607 = ORIENTED_EDGE( '', *, *, #5778, .T. );
#4608 = ORIENTED_EDGE( '', *, *, #5974, .F. );
#4609 = ORIENTED_EDGE( '', *, *, #6027, .F. );
#4610 = ORIENTED_EDGE( '', *, *, #6186, .T. );
#4611 = CARTESIAN_POINT( '', ( 0.000478723406791810, -0.000935000000000070, 0.000108125001192085 ) );
#4612 = DIRECTION( '', ( 0.774397611000872, 0.000000000000000, 0.632699249308977 ) );
#4613 = DIRECTION( '', ( 0.000000000000000, -1.00000000000000, 0.000000000000000 ) );
#4614 = ORIENTED_EDGE( '', *, *, #6039, .F. );
#4615 = ORIENTED_EDGE( '', *, *, #6181, .F. );
#4616 = ORIENTED_EDGE( '', *, *, #5624, .F. );
#4617 = ORIENTED_EDGE( '', *, *, #5592, .T. );
#4618 = ORIENTED_EDGE( '', *, *, #6196, .T. );
#4619 = ORIENTED_EDGE( '', *, *, #6049, .T. );
#4620 = ORIENTED_EDGE( '', *, *, #5938, .T. );
#4621 = CARTESIAN_POINT( '', ( -0.00269999999999936, 0.00126500000000002, 0.00274999999999916 ) );
#4622 = DIRECTION( '', ( -1.00000000000000, -0.000000000000000, -0.000000000000000 ) );
#4623 = DIRECTION( '', ( 0.000000000000000, -1.00000000000000, 0.000000000000000 ) );
#4624 = ORIENTED_EDGE( '', *, *, #6095, .T. );
#4625 = ORIENTED_EDGE( '', *, *, #6053, .F. );
#4626 = ORIENTED_EDGE( '', *, *, #6157, .F. );
#4627 = ORIENTED_EDGE( '', *, *, #5749, .T. );
#4628 = CARTESIAN_POINT( '', ( 0.00184999999999997, -8.50001836602528E-005, 0.00279999999999896 ) );
#4629 = DIRECTION( '', ( -0.000000000000000, 0.000000000000000, -1.00000000000000 ) );
#4630 = DIRECTION( '', ( 1.00000000000000, 0.000000000000000, 0.000000000000000 ) );
#4631 = ORIENTED_EDGE( '', *, *, #6007, .T. );
#4632 = ORIENTED_EDGE( '', *, *, #5980, .F. );
#4633 = ORIENTED_EDGE( '', *, *, #5838, .F. );
#4634 = ORIENTED_EDGE( '', *, *, #6197, .T. );
#4635 = CARTESIAN_POINT( '', ( -5.31914904713656E-005, -0.000935000000000070, 9.25000011920838E-005 ) );
#4636 = DIRECTION( '', ( -0.946649903486431, 0.000000000000000, -0.322263805335211 ) );
#4637 = DIRECTION( '', ( -0.322263805335211, 0.000000000000000, 0.946649903486431 ) );
#4638 = ORIENTED_EDGE( '', *, *, #5265, .T. );
#4639 = ORIENTED_EDGE( '', *, *, #5255, .F. );
#4640 = ORIENTED_EDGE( '', *, *, #6198, .F. );
#4641 = ORIENTED_EDGE( '', *, *, #5872, .T. );
#4642 = CARTESIAN_POINT( '', ( -0.00184999999999997, 0.000549760696372268, -0.00279999999999896 ) );
#4643 = DIRECTION( '', ( -0.939692620785897, 0.342020143325699, 0.000000000000000 ) );
#4644 = DIRECTION( '', ( 0.000000000000000, 0.000000000000000, 1.00000000000000 ) );
#4645 = ORIENTED_EDGE( '', *, *, #6199, .T. );
#4646 = ORIENTED_EDGE( '', *, *, #5285, .T. );
#4647 = ORIENTED_EDGE( '', *, *, #6200, .F. );
#4648 = ORIENTED_EDGE( '', *, *, #5469, .F. );
#4649 = ORIENTED_EDGE( '', *, *, #6132, .F. );
#4650 = CARTESIAN_POINT( '', ( 0.000849999999999902, -0.00113500000000003, 0.00139999999999999 ) );
#4651 = DIRECTION( '', ( 0.000000000000000, 0.000000000000000, -1.00000000000000 ) );
#4652 = DIRECTION( '', ( 0.000000000000000, -1.00000000000000, 0.000000000000000 ) );
#4653 = ORIENTED_EDGE( '', *, *, #5998, .T. );
#4654 = ORIENTED_EDGE( '', *, *, #5984, .F. );
#4655 = ORIENTED_EDGE( '', *, *, #5561, .F. );
#4656 = ORIENTED_EDGE( '', *, *, #5578, .T. );
#4657 = CARTESIAN_POINT( '', ( 0.000372340410947864, -0.000935000000000070, -9.49999988079028E-005 ) );
#4658 = DIRECTION( '', ( -0.699624835186930, 0.000000000000000, 0.714510384801831 ) );
#4659 = DIRECTION( '', ( 0.000000000000000, 1.00000000000000, 0.000000000000000 ) );
#4660 = ORIENTED_EDGE( '', *, *, #5651, .T. );
#4661 = ORIENTED_EDGE( '', *, *, #6050, .T. );
#4662 = ORIENTED_EDGE( '', *, *, #6196, .F. );
#4663 = ORIENTED_EDGE( '', *, *, #6078, .F. );
#4664 = ORIENTED_EDGE( '', *, *, #6201, .T. );
#4665 = ORIENTED_EDGE( '', *, *, #6179, .T. );
#4666 = ORIENTED_EDGE( '', *, *, #5418, .F. );
#4667 = ORIENTED_EDGE( '', *, *, #5741, .T. );
#4668 = CARTESIAN_POINT( '', ( -0.00269999999999936, 0.000744224644647810, 0.00279999999999896 ) );
#4669 = DIRECTION( '', ( -1.00000000000000, 0.000000000000000, 0.000000000000000 ) );
#4670 = DIRECTION( '', ( 0.000000000000000, 0.000000000000000, 1.00000000000000 ) );
#4671 = ORIENTED_EDGE( '', *, *, #5910, .T. );
#4672 = ORIENTED_EDGE( '', *, *, #5470, .T. );
#4673 = ORIENTED_EDGE( '', *, *, #6200, .T. );
#4674 = ORIENTED_EDGE( '', *, *, #5284, .T. );
#4675 = ORIENTED_EDGE( '', *, *, #6202, .T. );
#4676 = CARTESIAN_POINT( '', ( 0.000000000000000, -0.000935000000000070, 0.000000000000000 ) );
#4677 = DIRECTION( '', ( 0.000000000000000, -1.00000000000000, 0.000000000000000 ) );
#4678 = DIRECTION( '', ( 0.000000000000000, 0.000000000000000, -1.00000000000000 ) );
#4679 = ORIENTED_EDGE( '', *, *, #6203, .T. );
#4680 = ORIENTED_EDGE( '', *, *, #6202, .F. );
#4681 = CARTESIAN_POINT( '', ( 0.00139999999999999, -0.000948000000000018, 0.00195000000000007 ) );
#4682 = DIRECTION( '', ( 0.000000000000000, -1.00000000000000, -0.000000000000000 ) );
#4683 = DIRECTION( '', ( 1.00000000000000, 0.000000000000000, 0.000000000000000 ) );
#4684 = ORIENTED_EDGE( '', *, *, #6204, .T. );
#4685 = ORIENTED_EDGE( '', *, *, #5886, .T. );
#4686 = ORIENTED_EDGE( '', *, *, #5269, .T. );
#4687 = ORIENTED_EDGE( '', *, *, #5775, .F. );
#4688 = ORIENTED_EDGE( '', *, *, #6205, .F. );
#4689 = CARTESIAN_POINT( '', ( 0.000000000000000, -0.000935000000000070, 0.000000000000000 ) );
#4690 = DIRECTION( '', ( 0.000000000000000, -1.00000000000000, 0.000000000000000 ) );
#4691 = DIRECTION( '', ( 0.000000000000000, 0.000000000000000, -1.00000000000000 ) );
#4692 = ORIENTED_EDGE( '', *, *, #6125, .T. );
#4693 = ORIENTED_EDGE( '', *, *, #6206, .T. );
#4694 = ORIENTED_EDGE( '', *, *, #5427, .T. );
#4695 = ORIENTED_EDGE( '', *, *, #6128, .F. );
#4696 = ORIENTED_EDGE( '', *, *, #6207, .T. );
#4697 = CARTESIAN_POINT( '', ( 0.000000000000000, -0.000935000000000070, 0.000000000000000 ) );
#4698 = DIRECTION( '', ( 0.000000000000000, -1.00000000000000, 0.000000000000000 ) );
#4699 = DIRECTION( '', ( 0.000000000000000, 0.000000000000000, -1.00000000000000 ) );
#4700 = ORIENTED_EDGE( '', *, *, #5436, .T. );
#4701 = ORIENTED_EDGE( '', *, *, #6207, .F. );
#4702 = CARTESIAN_POINT( '', ( -0.00139999999999999, -0.000948000000000018, -0.00195000000000007 ) );
#4703 = DIRECTION( '', ( -0.000000000000000, -1.00000000000000, 0.000000000000000 ) );
#4704 = DIRECTION( '', ( -1.00000000000000, 0.000000000000000, 0.000000000000000 ) );
#4705 = ORIENTED_EDGE( '', *, *, #5428, .T. );
#4706 = ORIENTED_EDGE( '', *, *, #6206, .F. );
#4707 = ORIENTED_EDGE( '', *, *, #6124, .F. );
#4708 = ORIENTED_EDGE( '', *, *, #6135, .T. );
#4709 = CARTESIAN_POINT( '', ( -0.000849999999999902, -0.00113500000000003, -0.00254999999999996 ) );
#4710 = DIRECTION( '', ( 1.00000000000000, 0.000000000000000, 0.000000000000000 ) );
#4711 = DIRECTION( '', ( 0.000000000000000, 1.00000000000000, -0.000000000000000 ) );
#4712 = ORIENTED_EDGE( '', *, *, #6160, .T. );
#4713 = ORIENTED_EDGE( '', *, *, #6041, .T. );
#4714 = ORIENTED_EDGE( '', *, *, #6110, .T. );
#4715 = ORIENTED_EDGE( '', *, *, #5501, .T. );
#4716 = ORIENTED_EDGE( '', *, *, #6208, .F. );
#4717 = CARTESIAN_POINT( '', ( 0.000000000000000, -0.000935000000000070, 0.000000000000000 ) );
#4718 = DIRECTION( '', ( 0.000000000000000, -1.00000000000000, 0.000000000000000 ) );
#4719 = DIRECTION( '', ( 0.000000000000000, 0.000000000000000, -1.00000000000000 ) );
#4720 = ORIENTED_EDGE( '', *, *, #5417, .F. );
#4721 = ORIENTED_EDGE( '', *, *, #6208, .T. );
#4722 = CARTESIAN_POINT( '', ( 0.00139999999999999, -0.000948000000000018, -0.00195000000000007 ) );
#4723 = DIRECTION( '', ( -0.000000000000000, 1.00000000000000, -0.000000000000000 ) );
#4724 = DIRECTION( '', ( 1.00000000000000, 0.000000000000000, 0.000000000000000 ) );
#4725 = ORIENTED_EDGE( '', *, *, #6072, .T. );
#4726 = ORIENTED_EDGE( '', *, *, #5962, .F. );
#4727 = ORIENTED_EDGE( '', *, *, #5642, .F. );
#4728 = ORIENTED_EDGE( '', *, *, #6189, .T. );
#4729 = CARTESIAN_POINT( '', ( -0.000500000000000032, -0.000935000000000070, 4.56250011920808E-005 ) );
#4730 = DIRECTION( '', ( -1.00000000000000, 0.000000000000000, 0.000000000000000 ) );
#4731 = DIRECTION( '', ( 0.000000000000000, 0.000000000000000, 1.00000000000000 ) );
#4732 = ORIENTED_EDGE( '', *, *, #6209, .T. );
#4733 = ORIENTED_EDGE( '', *, *, #6210, .F. );
#4734 = ORIENTED_EDGE( '', *, *, #5293, .F. );
#4735 = ORIENTED_EDGE( '', *, *, #5526, .F. );
#4736 = ORIENTED_EDGE( '', *, *, #6211, .F. );
#4737 = ORIENTED_EDGE( '', *, *, #5655, .F. );
#4738 = ORIENTED_EDGE( '', *, *, #6150, .F. );
#4739 = ORIENTED_EDGE( '', *, *, #5794, .T. );
#4740 = ORIENTED_EDGE( '', *, *, #6062, .F. );
#4741 = ORIENTED_EDGE( '', *, *, #5499, .F. );
#4742 = ORIENTED_EDGE( '', *, *, #6152, .F. );
#4743 = ORIENTED_EDGE( '', *, *, #6153, .F. );
#4744 = ORIENTED_EDGE( '', *, *, #6100, .T. );
#4745 = ORIENTED_EDGE( '', *, *, #6212, .T. );
#4746 = ORIENTED_EDGE( '', *, *, #6213, .F. );
#4747 = ORIENTED_EDGE( '', *, *, #6113, .F. );
#4748 = ORIENTED_EDGE( '', *, *, #5459, .F. );
#4749 = ORIENTED_EDGE( '', *, *, #6026, .F. );
#4750 = ORIENTED_EDGE( '', *, *, #6214, .F. );
#4751 = ORIENTED_EDGE( '', *, *, #5994, .F. );
#4752 = ORIENTED_EDGE( '', *, *, #6038, .T. );
#4753 = ORIENTED_EDGE( '', *, *, #6180, .F. );
#4754 = ORIENTED_EDGE( '', *, *, #6201, .F. );
#4755 = ORIENTED_EDGE( '', *, *, #6077, .F. );
#4756 = ORIENTED_EDGE( '', *, *, #5875, .F. );
#4757 = ORIENTED_EDGE( '', *, *, #6123, .T. );
#4758 = ORIENTED_EDGE( '', *, *, #6120, .F. );
#4759 = ORIENTED_EDGE( '', *, *, #6122, .F. );
#4760 = ORIENTED_EDGE( '', *, *, #6215, .F. );
#4761 = ORIENTED_EDGE( '', *, *, #6216, .T. );
#4762 = ORIENTED_EDGE( '', *, *, #5542, .F. );
#4763 = ORIENTED_EDGE( '', *, *, #6029, .F. );
#4764 = ORIENTED_EDGE( '', *, *, #5866, .T. );
#4765 = ORIENTED_EDGE( '', *, *, #5449, .T. );
#4766 = ORIENTED_EDGE( '', *, *, #5556, .F. );
#4767 = ORIENTED_EDGE( '', *, *, #5434, .F. );
#4768 = ORIENTED_EDGE( '', *, *, #5263, .F. );
#4769 = ORIENTED_EDGE( '', *, *, #5837, .F. );
#4770 = ORIENTED_EDGE( '', *, *, #6217, .F. );
#4771 = ORIENTED_EDGE( '', *, *, #5464, .F. );
#4772 = ORIENTED_EDGE( '', *, *, #6218, .F. );
#4773 = CARTESIAN_POINT( '', ( 0.000000000000000, 0.00131500000000007, 0.000000000000000 ) );
#4774 = DIRECTION( '', ( 0.000000000000000, 1.00000000000000, 0.000000000000000 ) );
#4775 = DIRECTION( '', ( 1.00000000000000, 0.000000000000000, -0.000000000000000 ) );
#4776 = ORIENTED_EDGE( '', *, *, #6219, .T. );
#4777 = ORIENTED_EDGE( '', *, *, #5958, .F. );
#4778 = ORIENTED_EDGE( '', *, *, #5479, .F. );
#4779 = ORIENTED_EDGE( '', *, *, #6191, .T. );
#4780 = CARTESIAN_POINT( '', ( -7.44680836796638E-005, -0.000935000000000070, 0.000248750001192094 ) );
#4781 = DIRECTION( '', ( 0.281841662235304, 0.000000000000000, 0.959460930642015 ) );
#4782 = DIRECTION( '', ( 0.000000000000000, -1.00000000000000, 0.000000000000000 ) );
#4783 = ORIENTED_EDGE( '', *, *, #5219, .T. );
#4784 = ORIENTED_EDGE( '', *, *, #5970, .F. );
#4785 = ORIENTED_EDGE( '', *, *, #6220, .F. );
#4786 = ORIENTED_EDGE( '', *, *, #6187, .T. );
#4787 = CARTESIAN_POINT( '', ( 3.19148935377510E-005, -0.000935000000000070, -0.000188749998807909 ) );
#4788 = DIRECTION( '', ( -0.591909481422806, 0.000000000000000, -0.806004445274209 ) );
#4789 = DIRECTION( '', ( -0.806004445274209, 0.000000000000000, 0.591909481422806 ) );
#4790 = ORIENTED_EDGE( '', *, *, #5843, .F. );
#4791 = ORIENTED_EDGE( '', *, *, #6093, .T. );
#4792 = ORIENTED_EDGE( '', *, *, #5869, .F. );
#4793 = ORIENTED_EDGE( '', *, *, #5696, .T. );
#4794 = ORIENTED_EDGE( '', *, *, #6195, .T. );
#4795 = ORIENTED_EDGE( '', *, *, #6221, .T. );
#4796 = ORIENTED_EDGE( '', *, *, #5259, .F. );
#4797 = CARTESIAN_POINT( '', ( -0.00179999999999991, 0.000764999999999988, -0.00279999999999896 ) );
#4798 = DIRECTION( '', ( -1.00000000000000, 0.000000000000000, 0.000000000000000 ) );
#4799 = DIRECTION( '', ( 0.000000000000000, 0.000000000000000, 1.00000000000000 ) );
#4800 = ORIENTED_EDGE( '', *, *, #6221, .F. );
#4801 = ORIENTED_EDGE( '', *, *, #6194, .T. );
#4802 = ORIENTED_EDGE( '', *, *, #5677, .T. );
#4803 = ORIENTED_EDGE( '', *, *, #5221, .F. );
#4804 = CARTESIAN_POINT( '', ( 0.00179999999999991, -0.000284999999999876, -0.00310000000000030 ) );
#4805 = DIRECTION( '', ( 0.000000000000000, 0.965925826289076, -0.258819045102493 ) );
#4806 = DIRECTION( '', ( -1.00000000000000, 0.000000000000000, 0.000000000000000 ) );
#4807 = ORIENTED_EDGE( '', *, *, #6220, .T. );
#4808 = ORIENTED_EDGE( '', *, *, #5969, .F. );
#4809 = ORIENTED_EDGE( '', *, *, #6158, .F. );
#4810 = ORIENTED_EDGE( '', *, *, #6188, .T. );
#4811 = CARTESIAN_POINT( '', ( 1.06382975354782E-005, -0.000935000000000070, -0.000157499998807907 ) );
#4812 = DIRECTION( '', ( -0.826599244419397, 0.000000000000000, -0.562790981737698 ) );
#4813 = DIRECTION( '', ( -0.562790981737698, 0.000000000000000, 0.826599244419397 ) );
#4814 = ORIENTED_EDGE( '', *, *, #6222, .T. );
#4815 = ORIENTED_EDGE( '', *, *, #5986, .F. );
#4816 = ORIENTED_EDGE( '', *, *, #5892, .F. );
#4817 = ORIENTED_EDGE( '', *, *, #5575, .T. );
#4818 = CARTESIAN_POINT( '', ( 0.000202127665281301, -0.000935000000000070, -0.000188749998807909 ) );
#4819 = DIRECTION( '', ( 0.439713413020290, 0.000000000000000, 0.898138137710479 ) );
#4820 = DIRECTION( '', ( 0.000000000000000, -1.00000000000000, 0.000000000000000 ) );
#4821 = ORIENTED_EDGE( '', *, *, #6156, .T. );
#4822 = ORIENTED_EDGE( '', *, *, #5987, .F. );
#4823 = ORIENTED_EDGE( '', *, *, #6222, .F. );
#4824 = ORIENTED_EDGE( '', *, *, #5574, .T. );
#4825 = CARTESIAN_POINT( '', ( 0.000138297870755191, -0.000935000000000070, -0.000157499998807907 ) );
#4826 = DIRECTION( '', ( 0.699624793495294, 0.000000000000000, 0.714510425624894 ) );
#4827 = DIRECTION( '', ( 0.000000000000000, -1.00000000000000, 0.000000000000000 ) );
#4828 = ORIENTED_EDGE( '', *, *, #5682, .F. );
#4829 = ORIENTED_EDGE( '', *, *, #6205, .T. );
#4830 = CARTESIAN_POINT( '', ( -0.00139999999999999, -0.000948000000000018, 0.00195000000000007 ) );
#4831 = DIRECTION( '', ( 0.000000000000000, 1.00000000000000, -0.000000000000000 ) );
#4832 = DIRECTION( '', ( -1.00000000000000, 0.000000000000000, 0.000000000000000 ) );
#4833 = ORIENTED_EDGE( '', *, *, #6117, .F. );
#4834 = ORIENTED_EDGE( '', *, *, #6114, .F. );
#4835 = ORIENTED_EDGE( '', *, *, #6213, .T. );
#4836 = ORIENTED_EDGE( '', *, *, #6223, .T. );
#4837 = ORIENTED_EDGE( '', *, *, #5942, .F. );
#4838 = CARTESIAN_POINT( '', ( 0.00204999999999993, 0.00126500000000002, 0.00279999999999896 ) );
#4839 = DIRECTION( '', ( 1.00000000000000, 0.000000000000000, 0.000000000000000 ) );
#4840 = DIRECTION( '', ( 0.000000000000000, 1.00000000000000, -0.000000000000000 ) );
#4841 = ORIENTED_EDGE( '', *, *, #6203, .F. );
#4842 = CARTESIAN_POINT( '', ( 0.00139999999999999, -0.000675000000000094, 0.00195000000000007 ) );
#4843 = DIRECTION( '', ( 0.000000000000000, 1.00000000000000, 0.000000000000000 ) );
#4844 = DIRECTION( '', ( 1.00000000000000, 0.000000000000000, -0.000000000000000 ) );
#4845 = ORIENTED_EDGE( '', *, *, #5887, .T. );
#4846 = ORIENTED_EDGE( '', *, *, #6204, .F. );
#4847 = ORIENTED_EDGE( '', *, *, #5774, .F. );
#4848 = ORIENTED_EDGE( '', *, *, #5328, .F. );
#4849 = ORIENTED_EDGE( '', *, *, #6134, .T. );
#4850 = CARTESIAN_POINT( '', ( -0.00310000000000030, -0.00113500000000003, 0.00139999999999999 ) );
#4851 = DIRECTION( '', ( 0.000000000000000, 0.000000000000000, -1.00000000000000 ) );
#4852 = DIRECTION( '', ( 0.000000000000000, -1.00000000000000, 0.000000000000000 ) );
#4853 = ORIENTED_EDGE( '', *, *, #5900, .T. );
#4854 = ORIENTED_EDGE( '', *, *, #5982, .F. );
#4855 = ORIENTED_EDGE( '', *, *, #6006, .F. );
#4856 = ORIENTED_EDGE( '', *, *, #6224, .T. );
#4857 = CARTESIAN_POINT( '', ( -3.19148935377510E-005, -0.000935000000000070, -3.24999988078988E-005 ) );
#4858 = DIRECTION( '', ( -0.946649900556464, 0.000000000000000, 0.322263813941988 ) );
#4859 = DIRECTION( '', ( 0.000000000000000, 1.00000000000000, 0.000000000000000 ) );
#4860 = ORIENTED_EDGE( '', *, *, #5756, .F. );
#4861 = ORIENTED_EDGE( '', *, *, #5528, .T. );
#4862 = ORIENTED_EDGE( '', *, *, #6225, .F. );
#4863 = CARTESIAN_POINT( '', ( 0.00179999999999991, -0.000204615242270653, 0.00279999999999896 ) );
#4864 = DIRECTION( '', ( 0.000000000000000, 0.965925826289076, 0.258819045102493 ) );
#4865 = DIRECTION( '', ( 1.00000000000000, 0.000000000000000, -0.000000000000000 ) );
#4866 = ORIENTED_EDGE( '', *, *, #6225, .T. );
#4867 = ORIENTED_EDGE( '', *, *, #5527, .T. );
#4868 = ORIENTED_EDGE( '', *, *, #6059, .F. );
#4869 = ORIENTED_EDGE( '', *, *, #6023, .F. );
#4870 = ORIENTED_EDGE( '', *, *, #5757, .T. );
#4871 = CARTESIAN_POINT( '', ( 0.00181117714323461, -0.000229889057603617, 0.00279999999999896 ) );
#4872 = DIRECTION( '', ( 0.258819045102493, 0.965925826289076, 0.000000000000000 ) );
#4873 = DIRECTION( '', ( 0.000000000000000, 0.000000000000000, -1.00000000000000 ) );
#4874 = ORIENTED_EDGE( '', *, *, #5532, .T. );
#4875 = ORIENTED_EDGE( '', *, *, #6012, .T. );
#4876 = ORIENTED_EDGE( '', *, *, #5507, .F. );
#4877 = ORIENTED_EDGE( '', *, *, #6048, .T. );
#4878 = CARTESIAN_POINT( '', ( 0.00179999999999991, -0.000204615242270653, 0.00279999999999896 ) );
#4879 = DIRECTION( '', ( 0.000000000000000, 0.965925826289076, 0.258819045102493 ) );
#4880 = DIRECTION( '', ( 1.00000000000000, 0.000000000000000, -0.000000000000000 ) );
#4881 = ORIENTED_EDGE( '', *, *, #6021, .T. );
#4882 = ORIENTED_EDGE( '', *, *, #6058, .F. );
#4883 = ORIENTED_EDGE( '', *, *, #5272, .F. );
#4884 = ORIENTED_EDGE( '', *, *, #5760, .T. );
#4885 = CARTESIAN_POINT( '', ( 0.00184999999999997, 0.000739999816339800, 0.00279999999999896 ) );
#4886 = DIRECTION( '', ( 1.00000000000000, 0.000000000000000, 0.000000000000000 ) );
#4887 = DIRECTION( '', ( 0.000000000000000, 1.00000000000000, -0.000000000000000 ) );
#4888 = ORIENTED_EDGE( '', *, *, #5544, .T. );
#4889 = ORIENTED_EDGE( '', *, *, #5809, .T. );
#4890 = ORIENTED_EDGE( '', *, *, #6226, .F. );
#4891 = ORIENTED_EDGE( '', *, *, #6147, .T. );
#4892 = CARTESIAN_POINT( '', ( -0.000500000000000032, 0.000914999999999896, 0.00350000000000124 ) );
#4893 = DIRECTION( '', ( 0.000000000000000, 1.00000000000000, 0.000000000000000 ) );
#4894 = DIRECTION( '', ( 1.00000000000000, 0.000000000000000, -0.000000000000000 ) );
#4895 = ORIENTED_EDGE( '', *, *, #6087, .F. );
#4896 = ORIENTED_EDGE( '', *, *, #5805, .T. );
#4897 = ORIENTED_EDGE( '', *, *, #6089, .T. );
#4898 = ORIENTED_EDGE( '', *, *, #6017, .F. );
#4899 = CARTESIAN_POINT( '', ( -0.000500000000000032, 0.000914999999999896, 0.00350000000000124 ) );
#4900 = DIRECTION( '', ( 0.000000000000000, 1.00000000000000, 0.000000000000000 ) );
#4901 = DIRECTION( '', ( 1.00000000000000, 0.000000000000000, -0.000000000000000 ) );
#4902 = ORIENTED_EDGE( '', *, *, #5672, .F. );
#4903 = ORIENTED_EDGE( '', *, *, #6192, .T. );
#4904 = ORIENTED_EDGE( '', *, *, #5656, .T. );
#4905 = ORIENTED_EDGE( '', *, *, #5227, .F. );
#4906 = CARTESIAN_POINT( '', ( 0.00179999999999991, -0.000284999999999876, -0.00310000000000030 ) );
#4907 = DIRECTION( '', ( 0.000000000000000, 0.965925826289076, -0.258819045102493 ) );
#4908 = DIRECTION( '', ( -1.00000000000000, 0.000000000000000, 0.000000000000000 ) );
#4909 = ORIENTED_EDGE( '', *, *, #6227, .T. );
#4910 = ORIENTED_EDGE( '', *, *, #5370, .F. );
#4911 = ORIENTED_EDGE( '', *, *, #5957, .F. );
#4912 = ORIENTED_EDGE( '', *, *, #5825, .T. );
#4913 = CARTESIAN_POINT( '', ( 0.00500001893568762, -0.000985951325476946, -0.00235999999999996 ) );
#4914 = DIRECTION( '', ( 0.0871557427476640, 0.996194698091745, 0.000000000000000 ) );
#4915 = DIRECTION( '', ( 0.000000000000000, 0.000000000000000, -1.00000000000000 ) );
#4916 = ORIENTED_EDGE( '', *, *, #6228, .T. );
#4917 = ORIENTED_EDGE( '', *, *, #5371, .F. );
#4918 = ORIENTED_EDGE( '', *, *, #6227, .F. );
#4919 = ORIENTED_EDGE( '', *, *, #5824, .F. );
#4920 = CARTESIAN_POINT( '', ( 0.00400450441433558, -0.000848664098606178, -0.00235999999999996 ) );
#4921 = DIRECTION( '', ( -0.000000000000000, 0.000000000000000, -1.00000000000000 ) );
#4922 = DIRECTION( '', ( 1.00000000000000, 0.000000000000000, 0.000000000000000 ) );
#4923 = ORIENTED_EDGE( '', *, *, #5917, .T. );
#4924 = ORIENTED_EDGE( '', *, *, #5372, .F. );
#4925 = ORIENTED_EDGE( '', *, *, #6228, .F. );
#4926 = ORIENTED_EDGE( '', *, *, #5823, .T. );
#4927 = CARTESIAN_POINT( '', ( 0.00395620812302132, -0.000861605050861382, -0.00235999999999996 ) );
#4928 = DIRECTION( '', ( 0.965925826289076, 0.258819045102493, 0.000000000000000 ) );
#4929 = DIRECTION( '', ( 0.000000000000000, 0.000000000000000, -1.00000000000000 ) );
#4930 = ORIENTED_EDGE( '', *, *, #5884, .F. );
#4931 = ORIENTED_EDGE( '', *, *, #6167, .T. );
#4932 = ORIENTED_EDGE( '', *, *, #6044, .T. );
#4933 = ORIENTED_EDGE( '', *, *, #6171, .T. );
#4934 = CARTESIAN_POINT( '', ( 0.00400450441433558, -0.000848664098606178, -0.00235999999999996 ) );
#4935 = DIRECTION( '', ( -0.000000000000000, 0.000000000000000, -1.00000000000000 ) );
#4936 = DIRECTION( '', ( 1.00000000000000, 0.000000000000000, 0.000000000000000 ) );
#4937 = ORIENTED_EDGE( '', *, *, #5391, .F. );
#4938 = ORIENTED_EDGE( '', *, *, #6168, .T. );
#4939 = ORIENTED_EDGE( '', *, *, #5882, .T. );
#4940 = ORIENTED_EDGE( '', *, *, #6170, .F. );
#4941 = CARTESIAN_POINT( '', ( 0.00497822999999964, -0.00123499999999989, -0.00235999999999996 ) );
#4942 = DIRECTION( '', ( 0.996194698091745, -0.0871557427476640, 0.000000000000000 ) );
#4943 = DIRECTION( '', ( 0.000000000000000, 0.000000000000000, -1.00000000000000 ) );
#4944 = ORIENTED_EDGE( '', *, *, #6141, .F. );
#4945 = ORIENTED_EDGE( '', *, *, #6229, .F. );
#4946 = ORIENTED_EDGE( '', *, *, #6098, .F. );
#4947 = ORIENTED_EDGE( '', *, *, #6137, .F. );
#4948 = CARTESIAN_POINT( '', ( 0.000000000000000, 0.00409353981634062, 0.00279999999999896 ) );
#4949 = DIRECTION( '', ( 0.000000000000000, 0.000000000000000, -1.00000000000000 ) );
#4950 = DIRECTION( '', ( 0.000000000000000, -1.00000000000000, 0.000000000000000 ) );
#4951 = ORIENTED_EDGE( '', *, *, #6230, .F. );
#4952 = ORIENTED_EDGE( '', *, *, #6209, .F. );
#4953 = ORIENTED_EDGE( '', *, *, #5468, .T. );
#4954 = ORIENTED_EDGE( '', *, *, #6182, .T. );
#4955 = ORIENTED_EDGE( '', *, *, #5953, .T. );
#4956 = CARTESIAN_POINT( '', ( 0.00204999999999993, 0.00126500000000002, -0.00279999999999896 ) );
#4957 = DIRECTION( '', ( -1.00000000000000, 0.000000000000000, 0.000000000000000 ) );
#4958 = DIRECTION( '', ( 0.000000000000000, 0.000000000000000, 1.00000000000000 ) );
#4959 = ORIENTED_EDGE( '', *, *, #6185, .T. );
#4960 = ORIENTED_EDGE( '', *, *, #6136, .F. );
#4961 = CARTESIAN_POINT( '', ( 0.000000000000000, -0.00113500000000003, 0.000000000000000 ) );
#4962 = DIRECTION( '', ( -0.000000000000000, -1.00000000000000, 0.000000000000000 ) );
#4963 = DIRECTION( '', ( -1.00000000000000, 0.000000000000000, 0.000000000000000 ) );
#4964 = ORIENTED_EDGE( '', *, *, #6223, .F. );
#4965 = ORIENTED_EDGE( '', *, *, #6212, .F. );
#4966 = ORIENTED_EDGE( '', *, *, #6099, .T. );
#4967 = ORIENTED_EDGE( '', *, *, #6229, .T. );
#4968 = ORIENTED_EDGE( '', *, *, #5943, .T. );
#4969 = CARTESIAN_POINT( '', ( 0.00269999999999936, 0.00126500000000002, 0.00274999999999916 ) );
#4970 = DIRECTION( '', ( -1.00000000000000, -0.000000000000000, -0.000000000000000 ) );
#4971 = DIRECTION( '', ( 0.000000000000000, -1.00000000000000, 0.000000000000000 ) );
#4972 = ORIENTED_EDGE( '', *, *, #5909, .F. );
#4973 = ORIENTED_EDGE( '', *, *, #6231, .T. );
#4974 = ORIENTED_EDGE( '', *, *, #6142, .T. );
#4975 = ORIENTED_EDGE( '', *, *, #5550, .F. );
#4976 = CARTESIAN_POINT( '', ( 0.000000000000000, 0.000870000000000076, 0.000000000000000 ) );
#4977 = DIRECTION( '', ( 0.000000000000000, 1.00000000000000, -0.000000000000000 ) );
#4978 = DIRECTION( '', ( -1.00000000000000, 0.000000000000000, 0.000000000000000 ) );
#4979 = ORIENTED_EDGE( '', *, *, #6231, .F. );
#4980 = ORIENTED_EDGE( '', *, *, #5908, .F. );
#4981 = ORIENTED_EDGE( '', *, *, #5903, .T. );
#4982 = ORIENTED_EDGE( '', *, *, #6145, .T. );
#4983 = ORIENTED_EDGE( '', *, *, #5685, .T. );
#4984 = ORIENTED_EDGE( '', *, *, #6148, .T. );
#4985 = ORIENTED_EDGE( '', *, *, #6226, .T. );
#4986 = ORIENTED_EDGE( '', *, *, #5808, .F. );
#4987 = ORIENTED_EDGE( '', *, *, #6143, .T. );
#4988 = CARTESIAN_POINT( '', ( 0.000500000000000032, 0.00126500000000002, 0.000000000000000 ) );
#4989 = DIRECTION( '', ( -1.00000000000000, 0.000000000000000, 0.000000000000000 ) );
#4990 = DIRECTION( '', ( 0.000000000000000, 0.000000000000000, 1.00000000000000 ) );
#4991 = ORIENTED_EDGE( '', *, *, #6104, .T. );
#4992 = ORIENTED_EDGE( '', *, *, #5946, .F. );
#4993 = ORIENTED_EDGE( '', *, *, #6106, .F. );
#4994 = ORIENTED_EDGE( '', *, *, #6139, .F. );
#4995 = CARTESIAN_POINT( '', ( 0.00295000000000090, 0.000764499987774970, 0.00220000000000009 ) );
#4996 = DIRECTION( '', ( -0.000000000000000, -1.00000000000000, 0.000000000000000 ) );
#4997 = DIRECTION( '', ( -1.00000000000000, 0.000000000000000, 0.000000000000000 ) );
#4998 = ORIENTED_EDGE( '', *, *, #6082, .F. );
#4999 = ORIENTED_EDGE( '', *, *, #5294, .F. );
#5000 = ORIENTED_EDGE( '', *, *, #6210, .T. );
#5001 = ORIENTED_EDGE( '', *, *, #6230, .T. );
#5002 = ORIENTED_EDGE( '', *, *, #5952, .T. );
#5003 = CARTESIAN_POINT( '', ( 0.00269999999999936, 0.00126500000000002, -0.00274999999999916 ) );
#5004 = DIRECTION( '', ( 1.00000000000000, -0.000000000000000, -0.000000000000000 ) );
#5005 = DIRECTION( '', ( 0.000000000000000, -1.00000000000000, 0.000000000000000 ) );
#5006 = ORIENTED_EDGE( '', *, *, #6096, .T. );
#5007 = ORIENTED_EDGE( '', *, *, #5959, .F. );
#5008 = ORIENTED_EDGE( '', *, *, #6219, .F. );
#5009 = ORIENTED_EDGE( '', *, *, #6190, .T. );
#5010 = CARTESIAN_POINT( '', ( -0.000180851057171813, -0.000935000000000070, 0.000280000001192172 ) );
#5011 = DIRECTION( '', ( 0.000000000000000, 0.000000000000000, 1.00000000000000 ) );
#5012 = DIRECTION( '', ( 1.00000000000000, -0.000000000000000, 0.000000000000000 ) );
#5013 = ORIENTED_EDGE( '', *, *, #6019, .F. );
#5014 = ORIENTED_EDGE( '', *, *, #5537, .F. );
#5015 = CARTESIAN_POINT( '', ( 0.000000000000000, 0.00175355126733038, 0.000000000000000 ) );
#5016 = DIRECTION( '', ( -0.000000000000000, 1.00000000000000, -0.000000000000000 ) );
#5017 = DIRECTION( '', ( 0.000000000000000, 0.000000000000000, 1.00000000000000 ) );
#5018 = ORIENTED_EDGE( '', *, *, #5525, .T. );
#5019 = ORIENTED_EDGE( '', *, *, #5639, .F. );
#5020 = ORIENTED_EDGE( '', *, *, #5653, .F. );
#5021 = ORIENTED_EDGE( '', *, *, #6211, .T. );
#5022 = CARTESIAN_POINT( '', ( 0.00300000000000070, 0.00131500000000007, -0.00264999999999956 ) );
#5023 = DIRECTION( '', ( -1.00000000000000, 0.000000000000000, 0.000000000000000 ) );
#5024 = DIRECTION( '', ( 0.000000000000000, 0.000000000000000, 1.00000000000000 ) );
#5025 = ORIENTED_EDGE( '', *, *, #6046, .F. );
#5026 = ORIENTED_EDGE( '', *, *, #6166, .T. );
#5027 = ORIENTED_EDGE( '', *, *, #6163, .T. );
#5028 = ORIENTED_EDGE( '', *, *, #6172, .F. );
#5029 = CARTESIAN_POINT( '', ( 0.00346165000000086, -0.000175000000000011, -0.00235999999999996 ) );
#5030 = DIRECTION( '', ( -0.000000000000000, 0.000000000000000, -1.00000000000000 ) );
#5031 = DIRECTION( '', ( 1.00000000000000, 0.000000000000000, 0.000000000000000 ) );
#5032 = ORIENTED_EDGE( '', *, *, #6175, .F. );
#5033 = ORIENTED_EDGE( '', *, *, #5795, .F. );
#5034 = ORIENTED_EDGE( '', *, *, #5313, .F. );
#5035 = ORIENTED_EDGE( '', *, *, #5813, .F. );
#5036 = ORIENTED_EDGE( '', *, *, #5406, .F. );
#5037 = ORIENTED_EDGE( '', *, *, #5400, .F. );
#5038 = ORIENTED_EDGE( '', *, *, #5404, .F. );
#5039 = ORIENTED_EDGE( '', *, *, #5413, .F. );
#5040 = ORIENTED_EDGE( '', *, *, #5410, .F. );
#5041 = ORIENTED_EDGE( '', *, *, #5811, .F. );
#5042 = ORIENTED_EDGE( '', *, *, #5316, .T. );
#5043 = ORIENTED_EDGE( '', *, *, #5335, .F. );
#5044 = CARTESIAN_POINT( '', ( -0.00346165000000086, -0.000125000000000008, 0.00235999999999996 ) );
#5045 = DIRECTION( '', ( 0.000000000000000, 0.000000000000000, 1.00000000000000 ) );
#5046 = DIRECTION( '', ( 1.00000000000000, -0.000000000000000, 0.000000000000000 ) );
#5047 = ORIENTED_EDGE( '', *, *, #6198, .T. );
#5048 = ORIENTED_EDGE( '', *, *, #5254, .F. );
#5049 = ORIENTED_EDGE( '', *, *, #5280, .F. );
#5050 = ORIENTED_EDGE( '', *, *, #5873, .T. );
#5051 = CARTESIAN_POINT( '', ( -0.00184999999999997, 0.000739999816339800, -0.00279999999999896 ) );
#5052 = DIRECTION( '', ( -1.00000000000000, 0.000000000000000, 0.000000000000000 ) );
#5053 = DIRECTION( '', ( 0.000000000000000, 0.000000000000000, 1.00000000000000 ) );
#5054 = ORIENTED_EDGE( '', *, *, #5836, .T. );
#5055 = ORIENTED_EDGE( '', *, *, #5614, .F. );
#5056 = ORIENTED_EDGE( '', *, *, #5465, .F. );
#5057 = ORIENTED_EDGE( '', *, *, #6217, .T. );
#5058 = CARTESIAN_POINT( '', ( 0.00159999999999995, 0.00131500000000007, -0.00279999999999896 ) );
#5059 = DIRECTION( '', ( 0.707106781186548, 0.000000000000000, -0.707106781186548 ) );
#5060 = DIRECTION( '', ( 0.000000000000000, -1.00000000000000, 0.000000000000000 ) );
#5061 = ORIENTED_EDGE( '', *, *, #5701, .T. );
#5062 = ORIENTED_EDGE( '', *, *, #6138, .T. );
#5063 = ORIENTED_EDGE( '', *, *, #5744, .T. );
#5064 = ORIENTED_EDGE( '', *, *, #6133, .F. );
#5065 = ORIENTED_EDGE( '', *, *, #5911, .T. );
#5066 = ORIENTED_EDGE( '', *, *, #5286, .F. );
#5067 = ORIENTED_EDGE( '', *, *, #6199, .F. );
#5068 = ORIENTED_EDGE( '', *, *, #6131, .F. );
#5069 = ORIENTED_EDGE( '', *, *, #6161, .T. );
#5070 = ORIENTED_EDGE( '', *, *, #5503, .F. );
#5071 = ORIENTED_EDGE( '', *, *, #6109, .F. );
#5072 = ORIENTED_EDGE( '', *, *, #6129, .F. );
#5073 = ORIENTED_EDGE( '', *, *, #5860, .F. );
#5074 = ORIENTED_EDGE( '', *, *, #5929, .T. );
#5075 = ORIENTED_EDGE( '', *, *, #5375, .F. );
#5076 = ORIENTED_EDGE( '', *, *, #5829, .T. );
#5077 = ORIENTED_EDGE( '', *, *, #5827, .T. );
#5078 = ORIENTED_EDGE( '', *, *, #5364, .F. );
#5079 = ORIENTED_EDGE( '', *, *, #6165, .T. );
#5080 = ORIENTED_EDGE( '', *, *, #6169, .T. );
#5081 = ORIENTED_EDGE( '', *, *, #5343, .F. );
#5082 = ORIENTED_EDGE( '', *, *, #6173, .F. );
#5083 = CARTESIAN_POINT( '', ( 0.00310000000000030, 0.000764999999999988, -0.00279999999999896 ) );
#5084 = DIRECTION( '', ( 1.00000000000000, 0.000000000000000, 0.000000000000000 ) );
#5085 = DIRECTION( '', ( 0.000000000000000, 1.00000000000000, -0.000000000000000 ) );
#5086 = ORIENTED_EDGE( '', *, *, #6009, .T. );
#5087 = ORIENTED_EDGE( '', *, *, #5991, .F. );
#5088 = ORIENTED_EDGE( '', *, *, #5913, .F. );
#5089 = ORIENTED_EDGE( '', *, *, #5568, .T. );
#5090 = CARTESIAN_POINT( '', ( 0.000244680851697922, -0.000935000000000070, 0.000186250001192090 ) );
#5091 = DIRECTION( '', ( -0.439713495824507, 0.000000000000000, -0.898138097170915 ) );
#5092 = DIRECTION( '', ( -0.898138097170915, 0.000000000000000, 0.439713495824507 ) );
#5093 = ORIENTED_EDGE( '', *, *, #5485, .T. );
#5094 = ORIENTED_EDGE( '', *, *, #5989, .F. );
#5095 = ORIENTED_EDGE( '', *, *, #6155, .F. );
#5096 = ORIENTED_EDGE( '', *, *, #5572, .T. );
#5097 = CARTESIAN_POINT( '', ( 5.31914904713656E-005, -0.000935000000000070, -3.24999988078988E-005 ) );
#5098 = DIRECTION( '', ( 1.00000000000000, 0.000000000000000, 0.000000000000000 ) );
#5099 = DIRECTION( '', ( 0.000000000000000, 1.00000000000000, -0.000000000000000 ) );
#5100 = ORIENTED_EDGE( '', *, *, #5197, .F. );
#5101 = ORIENTED_EDGE( '', *, *, #5751, .T. );
#5102 = ORIENTED_EDGE( '', *, *, #5200, .T. );
#5103 = ORIENTED_EDGE( '', *, *, #5199, .F. );
#5104 = ORIENTED_EDGE( '', *, *, #5198, .F. );
#5105 = CARTESIAN_POINT( '', ( 0.000000000000000, -0.000124999999999957, 0.000000000000000 ) );
#5106 = DIRECTION( '', ( 0.000000000000000, 1.00000000000000, 0.000000000000000 ) );
#5107 = DIRECTION( '', ( 1.00000000000000, 0.000000000000000, -0.000000000000000 ) );
#5108 = ORIENTED_EDGE( '', *, *, #5582, .F. );
#5109 = ORIENTED_EDGE( '', *, *, #5607, .F. );
#5110 = ORIENTED_EDGE( '', *, *, #5605, .F. );
#5111 = ORIENTED_EDGE( '', *, *, #5599, .F. );
#5112 = ORIENTED_EDGE( '', *, *, #5596, .F. );
#5113 = ORIENTED_EDGE( '', *, *, #5602, .F. );
#5114 = ORIENTED_EDGE( '', *, *, #5901, .F. );
#5115 = ORIENTED_EDGE( '', *, *, #6224, .F. );
#5116 = ORIENTED_EDGE( '', *, *, #6008, .F. );
#5117 = ORIENTED_EDGE( '', *, *, #6197, .F. );
#5118 = ORIENTED_EDGE( '', *, *, #5841, .F. );
#5119 = ORIENTED_EDGE( '', *, *, #6183, .F. );
#5120 = ORIENTED_EDGE( '', *, *, #5447, .F. );
#5121 = ORIENTED_EDGE( '', *, *, #5835, .F. );
#5122 = ORIENTED_EDGE( '', *, *, #5891, .F. );
#5123 = ORIENTED_EDGE( '', *, *, #6022, .F. );
#5124 = CARTESIAN_POINT( '', ( 0.000000000000000, -0.000935000000000070, 0.000000000000000 ) );
#5125 = DIRECTION( '', ( 0.000000000000000, 1.00000000000000, 0.000000000000000 ) );
#5126 = DIRECTION( '', ( 1.00000000000000, 0.000000000000000, -0.000000000000000 ) );
#5127 = ORIENTED_EDGE( '', *, *, #6232, .T. );
#5128 = ORIENTED_EDGE( '', *, *, #5617, .T. );
#5129 = ORIENTED_EDGE( '', *, *, #5539, .F. );
#5130 = ORIENTED_EDGE( '', *, *, #6216, .F. );
#5131 = CARTESIAN_POINT( '', ( -0.00300000000000070, 0.00131500000000007, -0.00264999999999956 ) );
#5132 = DIRECTION( '', ( 0.000000000000000, 0.000000000000000, 1.00000000000000 ) );
#5133 = DIRECTION( '', ( 1.00000000000000, -0.000000000000000, 0.000000000000000 ) );
#5134 = ORIENTED_EDGE( '', *, *, #6215, .T. );
#5135 = ORIENTED_EDGE( '', *, *, #6121, .T. );
#5136 = ORIENTED_EDGE( '', *, *, #5618, .F. );
#5137 = ORIENTED_EDGE( '', *, *, #6232, .F. );
#5138 = CARTESIAN_POINT( '', ( -0.00310000000000030, 0.00131500000000007, -0.00279999999999896 ) );
#5139 = DIRECTION( '', ( -1.00000000000000, 0.000000000000000, 0.000000000000000 ) );
#5140 = DIRECTION( '', ( 0.000000000000000, 0.000000000000000, 1.00000000000000 ) );
#5141 = ORIENTED_EDGE( '', *, *, #5353, .T. );
#5142 = ORIENTED_EDGE( '', *, *, #5309, .F. );
#5143 = ORIENTED_EDGE( '', *, *, #5354, .T. );
#5144 = ORIENTED_EDGE( '', *, *, #5338, .T. );
#5145 = CARTESIAN_POINT( '', ( 0.000000000000000, 0.000125000000000008, 0.000000000000000 ) );
#5146 = DIRECTION( '', ( 0.000000000000000, 1.00000000000000, 0.000000000000000 ) );
#5147 = DIRECTION( '', ( 1.00000000000000, 0.000000000000000, -0.000000000000000 ) );
#5148 = ORIENTED_EDGE( '', *, *, #5736, .T. );
#5149 = ORIENTED_EDGE( '', *, *, #5515, .F. );
#5150 = ORIENTED_EDGE( '', *, *, #5509, .F. );
#5151 = ORIENTED_EDGE( '', *, *, #6011, .T. );
#5152 = CARTESIAN_POINT( '', ( 0.000365184605110406, 0.000415000000000118, 0.00279999999999896 ) );
#5153 = DIRECTION( '', ( 0.000000000000000, -0.965925826289076, 0.258819045102493 ) );
#5154 = DIRECTION( '', ( -1.00000000000000, 0.000000000000000, 0.000000000000000 ) );
#5155 = ORIENTED_EDGE( '', *, *, #6025, .T. );
#5156 = ORIENTED_EDGE( '', *, *, #5627, .F. );
#5157 = ORIENTED_EDGE( '', *, *, #5995, .F. );
#5158 = ORIENTED_EDGE( '', *, *, #6214, .T. );
#5159 = CARTESIAN_POINT( '', ( -0.00159999999999995, 0.00131500000000007, 0.00279999999999896 ) );
#5160 = DIRECTION( '', ( -0.707106781186548, 0.000000000000000, 0.707106781186548 ) );
#5161 = DIRECTION( '', ( 0.000000000000000, 1.00000000000000, 0.000000000000000 ) );
#5162 = ORIENTED_EDGE( '', *, *, #6218, .T. );
#5163 = ORIENTED_EDGE( '', *, *, #6031, .F. );
#5164 = CARTESIAN_POINT( '', ( 0.000000000000000, 0.00151500000000004, 0.000000000000000 ) );
#5165 = DIRECTION( '', ( 0.000000000000000, -1.00000000000000, 0.000000000000000 ) );
#5166 = DIRECTION( '', ( -1.00000000000000, 0.000000000000000, 0.000000000000000 ) );
#5167 = ORIENTED_EDGE( '', *, *, #6066, .T. );
#5168 = ORIENTED_EDGE( '', *, *, #5934, .F. );
#5169 = ORIENTED_EDGE( '', *, *, #5422, .F. );
#5170 = ORIENTED_EDGE( '', *, *, #5755, .F. );
#5171 = CARTESIAN_POINT( '', ( -0.00295000000000090, 0.000764499987774970, 0.00220000000000009 ) );
#5172 = DIRECTION( '', ( -0.000000000000000, -1.00000000000000, -0.000000000000000 ) );
#5173 = DIRECTION( '', ( 0.000000000000000, 0.000000000000000, -1.00000000000000 ) );
#5174 = ORIENTED_EDGE( '', *, *, #5740, .T. );
#5175 = ORIENTED_EDGE( '', *, *, #5518, .T. );
#5176 = ORIENTED_EDGE( '', *, *, #5734, .F. );
#5177 = ORIENTED_EDGE( '', *, *, #5211, .T. );
#5178 = ORIENTED_EDGE( '', *, *, #5881, .F. );
#5179 = ORIENTED_EDGE( '', *, *, #5519, .T. );
#5180 = CARTESIAN_POINT( '', ( 0.000000000000000, 0.000764999999999988, 0.000000000000000 ) );
#5181 = DIRECTION( '', ( 0.000000000000000, -1.00000000000000, -0.000000000000000 ) );
#5182 = DIRECTION( '', ( 1.00000000000000, 0.000000000000000, 0.000000000000000 ) );
#5183 = EDGE_CURVE( '', #6233, #6234, #6235, .T. );
#5184 = EDGE_CURVE( '', #6236, #6234, #6237, .T. );
#5185 = EDGE_CURVE( '', #6238, #6236, #6239, .T. );
#5186 = EDGE_CURVE( '', #6240, #6238, #6241, .T. );
#5187 = EDGE_CURVE( '', #6240, #6242, #6243, .T. );
#5188 = EDGE_CURVE( '', #6242, #6244, #6245, .T. );
#5189 = EDGE_CURVE( '', #6244, #6246, #6247, .T. );
#5190 = EDGE_CURVE( '', #6248, #6246, #6249, .T. );
#5191 = EDGE_CURVE( '', #6233, #6248, #6250, .T. );
#5192 = EDGE_CURVE( '', #6248, #6240, #6251, .T. );
#5193 = EDGE_CURVE( '', #6252, #6253, #6254, .T. );
#5194 = EDGE_CURVE( '', #6255, #6253, #6256, .T. );
#5195 = EDGE_CURVE( '', #6257, #6255, #6258, .T. );
#5196 = EDGE_CURVE( '', #6259, #6257, #6260, .T. );
#5197 = EDGE_CURVE( '', #6259, #6261, #6262, .T. );
#5198 = EDGE_CURVE( '', #6261, #6263, #6264, .T. );
#5199 = EDGE_CURVE( '', #6263, #6265, #6266, .T. );
#5200 = EDGE_CURVE( '', #6267, #6265, #6268, .T. );
#5201 = EDGE_CURVE( '', #6252, #6267, #6269, .T. );
#5202 = EDGE_CURVE( '', #6270, #6271, #6272, .T. );
#5203 = EDGE_CURVE( '', #6271, #6273, #6274, .T. );
#5204 = EDGE_CURVE( '', #6275, #6273, #6276, .T. );
#5205 = EDGE_CURVE( '', #6275, #6277, #6278, .T. );
#5206 = EDGE_CURVE( '', #6279, #6277, #6280, .T. );
#5207 = EDGE_CURVE( '', #6279, #6270, #6281, .T. );
#5208 = EDGE_CURVE( '', #6282, #6283, #6284, .T. );
#5209 = EDGE_CURVE( '', #6285, #6283, #6286, .T. );
#5210 = EDGE_CURVE( '', #6287, #6285, #6288, .T. );
#5211 = EDGE_CURVE( '', #6289, #6287, #6290, .T. );
#5212 = EDGE_CURVE( '', #6289, #6282, #6291, .T. );
#5213 = EDGE_CURVE( '', #6292, #6293, #6294, .T. );
#5214 = EDGE_CURVE( '', #6292, #6295, #6296, .T. );
#5215 = EDGE_CURVE( '', #6295, #6297, #6298, .T. );
#5216 = EDGE_CURVE( '', #6293, #6297, #6299, .T. );
#5217 = EDGE_CURVE( '', #6300, #6301, #6302, .T. );
#5218 = EDGE_CURVE( '', #6303, #6301, #6304, .T. );
#5219 = EDGE_CURVE( '', #6305, #6303, #6306, .T. );
#5220 = EDGE_CURVE( '', #6305, #6300, #6307, .T. );
#5221 = EDGE_CURVE( '', #6308, #6309, #6310, .T. );
#5222 = EDGE_CURVE( '', #6309, #6311, #6312, .T. );
#5223 = EDGE_CURVE( '', #6311, #6313, #6314, .T. );
#5224 = EDGE_CURVE( '', #6313, #6315, #6316, .T. );
#5225 = EDGE_CURVE( '', #6315, #6317, #6318, .T. );
#5226 = EDGE_CURVE( '', #6317, #6319, #6320, .T. );
#5227 = EDGE_CURVE( '', #6319, #6321, #6322, .T. );
#5228 = EDGE_CURVE( '', #6323, #6321, #6324, .T. );
#5229 = EDGE_CURVE( '', #6323, #6325, #6326, .T. );
#5230 = EDGE_CURVE( '', #6325, #6327, #6328, .T. );
#5231 = EDGE_CURVE( '', #6329, #6327, #6330, .T. );
#5232 = EDGE_CURVE( '', #6331, #6329, #6332, .T. );
#5233 = EDGE_CURVE( '', #6333, #6331, #6334, .T. );
#5234 = EDGE_CURVE( '', #6335, #6333, #6336, .T. );
#5235 = EDGE_CURVE( '', #6337, #6335, #6338, .T. );
#5236 = EDGE_CURVE( '', #6337, #6339, #6340, .T. );
#5237 = EDGE_CURVE( '', #6341, #6339, #6342, .T. );
#5238 = EDGE_CURVE( '', #6343, #6341, #6344, .T. );
#5239 = EDGE_CURVE( '', #6345, #6343, #6346, .T. );
#5240 = EDGE_CURVE( '', #6347, #6345, #6348, .T. );
#5241 = EDGE_CURVE( '', #6349, #6347, #6350, .T. );
#5242 = EDGE_CURVE( '', #6349, #6351, #6352, .T. );
#5243 = EDGE_CURVE( '', #6351, #6236, #6353, .T. );
#5244 = EDGE_CURVE( '', #6234, #6354, #6355, .T. );
#5245 = EDGE_CURVE( '', #6354, #6356, #6357, .T. );
#5246 = EDGE_CURVE( '', #6356, #6358, #6359, .T. );
#5247 = EDGE_CURVE( '', #6358, #6360, #6361, .T. );
#5248 = EDGE_CURVE( '', #6360, #6362, #6363, .T. );
#5249 = EDGE_CURVE( '', #6362, #6364, #6365, .T. );
#5250 = EDGE_CURVE( '', #6364, #6366, #6367, .T. );
#5251 = EDGE_CURVE( '', #6366, #6368, #6369, .T. );
#5252 = EDGE_CURVE( '', #6368, #6370, #6371, .T. );
#5253 = EDGE_CURVE( '', #6370, #6372, #6373, .T. );
#5254 = EDGE_CURVE( '', #6372, #6374, #6375, .T. );
#5255 = EDGE_CURVE( '', #6374, #6376, #6377, .T. );
#5256 = EDGE_CURVE( '', #6376, #6378, #6379, .T. );
#5257 = EDGE_CURVE( '', #6378, #6380, #6381, .T. );
#5258 = EDGE_CURVE( '', #6380, #6382, #6383, .T. );
#5259 = EDGE_CURVE( '', #6382, #6308, #6384, .T. );
#5260 = EDGE_CURVE( '', #6385, #6386, #6387, .T. );
#5261 = EDGE_CURVE( '', #6388, #6386, #6389, .T. );
#5262 = EDGE_CURVE( '', #6390, #6388, #6391, .T. );
#5263 = EDGE_CURVE( '', #6390, #6385, #6392, .T. );
#5264 = EDGE_CURVE( '', #6393, #6378, #6394, .T. );
#5265 = EDGE_CURVE( '', #6395, #6376, #6396, .T. );
#5266 = EDGE_CURVE( '', #6393, #6395, #6397, .T. );
#5267 = EDGE_CURVE( '', #6398, #6399, #6400, .T. );
#5268 = EDGE_CURVE( '', #6399, #6401, #6402, .T. );
#5269 = EDGE_CURVE( '', #6403, #6401, #6404, .T. );
#5270 = EDGE_CURVE( '', #6405, #6403, #6406, .T. );
#5271 = EDGE_CURVE( '', #6398, #6405, #6407, .T. );
#5272 = EDGE_CURVE( '', #6408, #6409, #6410, .T. );
#5273 = EDGE_CURVE( '', #6411, #6409, #6412, .T. );
#5274 = EDGE_CURVE( '', #6413, #6411, #6414, .T. );
#5275 = EDGE_CURVE( '', #6413, #6408, #6415, .T. );
#5276 = EDGE_CURVE( '', #6416, #6417, #6418, .T. );
#5277 = EDGE_CURVE( '', #6419, #6417, #6420, .T. );
#5278 = EDGE_CURVE( '', #6421, #6419, #6422, .T. );
#5279 = EDGE_CURVE( '', #6416, #6421, #6423, .T. );
#5280 = EDGE_CURVE( '', #6424, #6372, #6425, .T. );
#5281 = EDGE_CURVE( '', #6426, #6370, #6427, .T. );
#5282 = EDGE_CURVE( '', #6426, #6424, #6428, .T. );
#5283 = EDGE_CURVE( '', #6429, #6430, #6431, .T. );
#5284 = EDGE_CURVE( '', #6432, #6430, #6433, .T. );
#5285 = EDGE_CURVE( '', #6434, #6432, #6435, .T. );
#5286 = EDGE_CURVE( '', #6434, #6429, #6436, .T. );
#5287 = EDGE_CURVE( '', #6437, #6438, #6439, .T. );
#5288 = EDGE_CURVE( '', #6440, #6437, #6441, .T. );
#5289 = EDGE_CURVE( '', #6438, #6440, #6442, .T. );
#5290 = EDGE_CURVE( '', #6443, #6345, #6444, .T. );
#5291 = EDGE_CURVE( '', #6445, #6343, #6446, .T. );
#5292 = EDGE_CURVE( '', #6447, #6445, #6448, .T. );
#5293 = EDGE_CURVE( '', #6447, #6449, #6450, .T. );
#5294 = EDGE_CURVE( '', #6449, #6451, #6452, .T. );
#5295 = EDGE_CURVE( '', #6453, #6451, #6454, .T. );
#5296 = EDGE_CURVE( '', #6453, #6443, #6455, .T. );
#5297 = EDGE_CURVE( '', #6456, #6457, #6458, .T. );
#5298 = EDGE_CURVE( '', #6459, #6456, #6460, .T. );
#5299 = EDGE_CURVE( '', #6461, #6459, #6462, .T. );
#5300 = EDGE_CURVE( '', #6461, #6463, #6464, .T. );
#5301 = EDGE_CURVE( '', #6457, #6463, #6465, .T. );
#5302 = EDGE_CURVE( '', #6466, #6467, #6468, .T. );
#5303 = EDGE_CURVE( '', #6469, #6466, #6470, .T. );
#5304 = EDGE_CURVE( '', #6469, #6471, #6472, .T. );
#5305 = EDGE_CURVE( '', #6471, #6467, #6473, .T. );
#5306 = EDGE_CURVE( '', #6474, #6469, #6475, .T. );
#5307 = EDGE_CURVE( '', #6474, #6476, #6477, .T. );
#5308 = EDGE_CURVE( '', #6471, #6476, #6478, .T. );
#5309 = EDGE_CURVE( '', #6479, #6480, #6481, .T. );
#5310 = EDGE_CURVE( '', #6466, #6480, #6482, .T. );
#5311 = EDGE_CURVE( '', #6467, #6479, #6483, .T. );
#5312 = EDGE_CURVE( '', #6484, #6485, #6486, .T. );
#5313 = EDGE_CURVE( '', #6485, #6487, #6488, .T. );
#5314 = EDGE_CURVE( '', #6489, #6487, #6490, .T. );
#5315 = EDGE_CURVE( '', #6484, #6489, #6491, .T. );
#5316 = EDGE_CURVE( '', #6492, #6493, #6494, .T. );
#5317 = EDGE_CURVE( '', #6492, #6495, #6496, .T. );
#5318 = EDGE_CURVE( '', #6497, #6495, #6498, .T. );
#5319 = EDGE_CURVE( '', #6493, #6497, #6499, .T. );
#5320 = EDGE_CURVE( '', #6500, #6501, #6502, .T. );
#5321 = EDGE_CURVE( '', #6501, #6503, #6504, .T. );
#5322 = EDGE_CURVE( '', #6503, #6505, #6506, .T. );
#5323 = EDGE_CURVE( '', #6507, #6505, #6508, .T. );
#5324 = EDGE_CURVE( '', #6507, #6509, #6510, .T. );
#5325 = EDGE_CURVE( '', #6509, #6511, #6512, .T. );
#5326 = EDGE_CURVE( '', #6513, #6511, #6514, .T. );
#5327 = EDGE_CURVE( '', #6515, #6513, #6516, .T. );
#5328 = EDGE_CURVE( '', #6515, #6517, #6518, .T. );
#5329 = EDGE_CURVE( '', #6517, #6399, #6519, .T. );
#5330 = EDGE_CURVE( '', #6520, #6398, #6521, .T. );
#5331 = EDGE_CURVE( '', #6522, #6520, #6523, .T. );
#5332 = EDGE_CURVE( '', #6522, #6500, #6524, .T. );
#5333 = EDGE_CURVE( '', #6525, #6497, #6526, .T. );
#5334 = EDGE_CURVE( '', #6527, #6525, #6528, .T. );
#5335 = EDGE_CURVE( '', #6527, #6493, #6529, .T. );
#5336 = EDGE_CURVE( '', #6530, #6531, #6532, .T. );
#5337 = EDGE_CURVE( '', #6533, #6531, #6534, .T. );
#5338 = EDGE_CURVE( '', #6535, #6533, #6536, .T. );
#5339 = EDGE_CURVE( '', #6535, #6530, #6537, .T. );
#5340 = EDGE_CURVE( '', #6538, #6539, #6540, .T. );
#5341 = EDGE_CURVE( '', #6538, #6541, #6542, .T. );
#5342 = EDGE_CURVE( '', #6543, #6541, #6544, .T. );
#5343 = EDGE_CURVE( '', #6543, #6539, #6545, .T. );
#5344 = EDGE_CURVE( '', #6546, #6530, #6547, .T. );
#5345 = EDGE_CURVE( '', #6546, #6548, #6549, .T. );
#5346 = EDGE_CURVE( '', #6531, #6548, #6550, .T. );
#5347 = EDGE_CURVE( '', #6548, #6551, #6552, .T. );
#5348 = EDGE_CURVE( '', #6551, #6553, #6554, .T. );
#5349 = EDGE_CURVE( '', #6553, #6555, #6556, .T. );
#5350 = EDGE_CURVE( '', #6555, #6557, #6558, .T. );
#5351 = EDGE_CURVE( '', #6557, #6559, #6560, .T. );
#5352 = EDGE_CURVE( '', #6559, #6474, #6561, .T. );
#5353 = EDGE_CURVE( '', #6533, #6480, #6562, .T. );
#5354 = EDGE_CURVE( '', #6479, #6535, #6563, .T. );
#5355 = EDGE_CURVE( '', #6564, #6476, #6565, .T. );
#5356 = EDGE_CURVE( '', #6566, #6564, #6567, .T. );
#5357 = EDGE_CURVE( '', #6568, #6566, #6569, .T. );
#5358 = EDGE_CURVE( '', #6570, #6568, #6571, .T. );
#5359 = EDGE_CURVE( '', #6572, #6570, #6573, .T. );
#5360 = EDGE_CURVE( '', #6572, #6546, #6574, .T. );
#5361 = EDGE_CURVE( '', #6575, #6576, #6577, .T. );
#5362 = EDGE_CURVE( '', #6578, #6575, #6579, .T. );
#5363 = EDGE_CURVE( '', #6580, #6578, #6581, .T. );
#5364 = EDGE_CURVE( '', #6580, #6576, #6582, .T. );
#5365 = EDGE_CURVE( '', #6578, #6583, #6584, .T. );
#5366 = EDGE_CURVE( '', #6583, #6585, #6586, .T. );
#5367 = EDGE_CURVE( '', #6585, #6587, #6588, .T. );
#5368 = EDGE_CURVE( '', #6587, #6589, #6590, .T. );
#5369 = EDGE_CURVE( '', #6589, #6591, #6592, .T. );
#5370 = EDGE_CURVE( '', #6591, #6593, #6594, .T. );
#5371 = EDGE_CURVE( '', #6593, #6595, #6596, .T. );
#5372 = EDGE_CURVE( '', #6595, #6597, #6598, .T. );
#5373 = EDGE_CURVE( '', #6597, #6599, #6600, .T. );
#5374 = EDGE_CURVE( '', #6601, #6599, #6602, .T. );
#5375 = EDGE_CURVE( '', #6601, #6580, #6603, .T. );
#5376 = EDGE_CURVE( '', #6604, #6605, #6606, .T. );
#5377 = EDGE_CURVE( '', #6607, #6604, #6608, .T. );
#5378 = EDGE_CURVE( '', #6607, #6605, #6609, .T. );
#5379 = EDGE_CURVE( '', #6610, #6587, #6611, .T. );
#5380 = EDGE_CURVE( '', #6612, #6585, #6613, .T. );
#5381 = EDGE_CURVE( '', #6612, #6610, #6614, .T. );
#5382 = EDGE_CURVE( '', #6615, #6589, #6616, .T. );
#5383 = EDGE_CURVE( '', #6610, #6615, #6617, .T. );
#5384 = EDGE_CURVE( '', #6618, #6583, #6619, .T. );
#5385 = EDGE_CURVE( '', #6618, #6612, #6620, .T. );
#5386 = EDGE_CURVE( '', #6621, #6622, #6623, .T. );
#5387 = EDGE_CURVE( '', #6621, #6624, #6625, .T. );
#5388 = EDGE_CURVE( '', #6624, #6626, #6627, .T. );
#5389 = EDGE_CURVE( '', #6622, #6626, #6628, .T. );
#5390 = EDGE_CURVE( '', #6624, #6629, #6630, .T. );
#5391 = EDGE_CURVE( '', #6629, #6631, #6632, .T. );
#5392 = EDGE_CURVE( '', #6626, #6631, #6633, .T. );
#5393 = EDGE_CURVE( '', #6634, #6635, #6636, .T. );
#5394 = EDGE_CURVE( '', #6634, #6621, #6637, .T. );
#5395 = EDGE_CURVE( '', #6635, #6622, #6638, .T. );
#5396 = EDGE_CURVE( '', #6559, #6564, #6639, .T. );
#5397 = EDGE_CURVE( '', #6557, #6566, #6640, .T. );
#5398 = EDGE_CURVE( '', #6555, #6568, #6641, .T. );
#5399 = EDGE_CURVE( '', #6642, #6643, #6644, .T. );
#5400 = EDGE_CURVE( '', #6643, #6645, #6646, .T. );
#5401 = EDGE_CURVE( '', #6647, #6645, #6648, .T. );
#5402 = EDGE_CURVE( '', #6642, #6647, #6649, .T. );
#5403 = EDGE_CURVE( '', #6650, #6651, #6652, .T. );
#5404 = EDGE_CURVE( '', #6651, #6643, #6653, .T. );
#5405 = EDGE_CURVE( '', #6650, #6642, #6654, .T. );
#5406 = EDGE_CURVE( '', #6645, #6655, #6656, .T. );
#5407 = EDGE_CURVE( '', #6657, #6655, #6658, .T. );
#5408 = EDGE_CURVE( '', #6647, #6657, #6659, .T. );
#5409 = EDGE_CURVE( '', #6660, #6661, #6662, .T. );
#5410 = EDGE_CURVE( '', #6661, #6663, #6664, .T. );
#5411 = EDGE_CURVE( '', #6665, #6663, #6666, .T. );
#5412 = EDGE_CURVE( '', #6660, #6665, #6667, .T. );
#5413 = EDGE_CURVE( '', #6663, #6651, #6668, .T. );
#5414 = EDGE_CURVE( '', #6665, #6650, #6669, .T. );
#5415 = EDGE_CURVE( '', #6553, #6570, #6670, .T. );
#5416 = EDGE_CURVE( '', #6551, #6572, #6671, .T. );
#5417 = EDGE_CURVE( '', #6672, #6672, #6673, .T. );
#5418 = EDGE_CURVE( '', #6674, #6675, #6676, .T. );
#5419 = EDGE_CURVE( '', #6675, #6677, #6678, .T. );
#5420 = EDGE_CURVE( '', #6677, #6679, #6680, .T. );
#5421 = EDGE_CURVE( '', #6674, #6679, #6681, .T. );
#5422 = EDGE_CURVE( '', #6682, #6683, #6684, .T. );
#5423 = EDGE_CURVE( '', #6685, #6683, #6686, .T. );
#5424 = EDGE_CURVE( '', #6685, #6687, #6688, .T. );
#5425 = EDGE_CURVE( '', #6687, #6682, #6689, .T. );
#5426 = EDGE_CURVE( '', #6511, #6690, #6691, .T. );
#5427 = EDGE_CURVE( '', #6692, #6690, #6693, .T. );
#5428 = EDGE_CURVE( '', #6694, #6692, #6695, .T. );
#5429 = EDGE_CURVE( '', #6513, #6694, #6696, .T. );
#5430 = EDGE_CURVE( '', #6327, #6697, #6698, .T. );
#5431 = EDGE_CURVE( '', #6699, #6325, #6700, .T. );
#5432 = EDGE_CURVE( '', #6697, #6699, #6701, .T. );
#5433 = EDGE_CURVE( '', #6386, #6437, #6702, .T. );
#5434 = EDGE_CURVE( '', #6385, #6703, #6704, .T. );
#5435 = EDGE_CURVE( '', #6703, #6440, #6705, .T. );
#5436 = EDGE_CURVE( '', #6706, #6706, #6707, .T. );
#5437 = EDGE_CURVE( '', #6708, #6709, #6710, .T. );
#5438 = EDGE_CURVE( '', #6709, #6711, #6712, .T. );
#5439 = EDGE_CURVE( '', #6713, #6711, #6714, .T. );
#5440 = EDGE_CURVE( '', #6708, #6713, #6715, .T. );
#5441 = EDGE_CURVE( '', #6716, #6356, #6717, .T. );
#5442 = EDGE_CURVE( '', #6718, #6354, #6719, .T. );
#5443 = EDGE_CURVE( '', #6718, #6716, #6720, .T. );
#5444 = EDGE_CURVE( '', #6721, #6722, #6723, .T. );
#5445 = EDGE_CURVE( '', #6724, #6722, #6725, .T. );
#5446 = EDGE_CURVE( '', #6726, #6724, #6727, .T. );
#5447 = EDGE_CURVE( '', #6726, #6721, #6728, .T. );
#5448 = EDGE_CURVE( '', #6729, #6730, #6731, .T. );
#5449 = EDGE_CURVE( '', #6732, #6729, #6733, .T. );
#5450 = EDGE_CURVE( '', #6732, #6734, #6735, .T. );
#5451 = EDGE_CURVE( '', #6734, #6736, #6737, .T. );
#5452 = EDGE_CURVE( '', #6736, #6730, #6738, .T. );
#5453 = EDGE_CURVE( '', #6339, #6739, #6740, .T. );
#5454 = EDGE_CURVE( '', #6741, #6739, #6742, .T. );
#5455 = EDGE_CURVE( '', #6341, #6741, #6743, .T. );
#5456 = EDGE_CURVE( '', #6744, #6745, #6746, .T. );
#5457 = EDGE_CURVE( '', #6747, #6745, #6748, .T. );
#5458 = EDGE_CURVE( '', #6749, #6747, #6750, .T. );
#5459 = EDGE_CURVE( '', #6749, #6744, #6751, .T. );
#5460 = EDGE_CURVE( '', #6752, #6753, #6754, .T. );
#5461 = EDGE_CURVE( '', #6755, #6753, #6756, .T. );
#5462 = EDGE_CURVE( '', #6757, #6755, #6758, .T. );
#5463 = EDGE_CURVE( '', #6757, #6752, #6759, .T. );
#5464 = EDGE_CURVE( '', #6760, #6761, #6762, .T. );
#5465 = EDGE_CURVE( '', #6761, #6763, #6764, .T. );
#5466 = EDGE_CURVE( '', #6765, #6763, #6766, .T. );
#5467 = EDGE_CURVE( '', #6767, #6765, #6768, .T. );
#5468 = EDGE_CURVE( '', #6760, #6767, #6769, .T. );
#5469 = EDGE_CURVE( '', #6770, #6771, #6772, .T. );
#5470 = EDGE_CURVE( '', #6773, #6771, #6774, .T. );
#5471 = EDGE_CURVE( '', #6775, #6773, #6776, .T. );
#5472 = EDGE_CURVE( '', #6775, #6770, #6777, .T. );
#5473 = EDGE_CURVE( '', #6778, #6779, #6780, .T. );
#5474 = EDGE_CURVE( '', #6301, #6779, #6781, .T. );
#5475 = EDGE_CURVE( '', #6300, #6778, #6782, .T. );
#5476 = EDGE_CURVE( '', #6783, #6351, #6784, .T. );
#5477 = EDGE_CURVE( '', #6785, #6349, #6786, .T. );
#5478 = EDGE_CURVE( '', #6785, #6783, #6787, .T. );
#5479 = EDGE_CURVE( '', #6788, #6789, #6790, .T. );
#5480 = EDGE_CURVE( '', #6791, #6789, #6792, .T. );
#5481 = EDGE_CURVE( '', #6793, #6791, #6794, .T. );
#5482 = EDGE_CURVE( '', #6793, #6788, #6795, .T. );
#5483 = EDGE_CURVE( '', #6796, #6797, #6798, .T. );
#5484 = EDGE_CURVE( '', #6799, #6797, #6800, .T. );
#5485 = EDGE_CURVE( '', #6801, #6799, #6802, .T. );
#5486 = EDGE_CURVE( '', #6801, #6796, #6803, .T. );
#5487 = EDGE_CURVE( '', #6804, #6358, #6805, .T. );
#5488 = EDGE_CURVE( '', #6716, #6804, #6806, .T. );
#5489 = EDGE_CURVE( '', #6807, #6808, #6809, .T. );
#5490 = EDGE_CURVE( '', #6810, #6808, #6811, .T. );
#5491 = EDGE_CURVE( '', #6812, #6810, #6813, .T. );
#5492 = EDGE_CURVE( '', #6812, #6807, #6814, .T. );
#5493 = EDGE_CURVE( '', #6815, #6816, #6817, .T. );
#5494 = EDGE_CURVE( '', #6818, #6816, #6819, .T. );
#5495 = EDGE_CURVE( '', #6818, #6815, #6820, .T. );
#5496 = EDGE_CURVE( '', #6821, #6822, #6823, .T. );
#5497 = EDGE_CURVE( '', #6824, #6822, #6825, .T. );
#5498 = EDGE_CURVE( '', #6826, #6824, #6827, .T. );
#5499 = EDGE_CURVE( '', #6826, #6821, #6828, .T. );
#5500 = EDGE_CURVE( '', #6829, #6830, #6831, .T. );
#5501 = EDGE_CURVE( '', #6832, #6830, #6833, .T. );
#5502 = EDGE_CURVE( '', #6834, #6832, #6835, .T. );
#5503 = EDGE_CURVE( '', #6834, #6829, #6836, .T. );
#5504 = EDGE_CURVE( '', #6837, #6838, #6839, .T. );
#5505 = EDGE_CURVE( '', #6779, #6838, #6840, .T. );
#5506 = EDGE_CURVE( '', #6778, #6837, #6841, .T. );
#5507 = EDGE_CURVE( '', #6842, #6843, #6844, .T. );
#5508 = EDGE_CURVE( '', #6843, #6845, #6846, .T. );
#5509 = EDGE_CURVE( '', #6845, #6847, #6848, .T. );
#5510 = EDGE_CURVE( '', #6849, #6847, #6850, .T. );
#5511 = EDGE_CURVE( '', #6851, #6849, #6852, .T. );
#5512 = EDGE_CURVE( '', #6851, #6853, #6854, .T. );
#5513 = EDGE_CURVE( '', #6842, #6853, #6855, .T. );
#5514 = EDGE_CURVE( '', #6849, #6856, #6857, .T. );
#5515 = EDGE_CURVE( '', #6847, #6858, #6859, .T. );
#5516 = EDGE_CURVE( '', #6860, #6858, #6861, .T. );
#5517 = EDGE_CURVE( '', #6862, #6860, #6863, .T. );
#5518 = EDGE_CURVE( '', #6856, #6862, #6864, .T. );
#5519 = EDGE_CURVE( '', #6865, #6866, #6867, .T. );
#5520 = EDGE_CURVE( '', #6865, #6868, #6869, .T. );
#5521 = EDGE_CURVE( '', #6853, #6868, #6870, .T. );
#5522 = EDGE_CURVE( '', #6851, #6866, #6871, .T. );
#5523 = EDGE_CURVE( '', #6445, #6872, #6873, .T. );
#5524 = EDGE_CURVE( '', #6874, #6872, #6875, .T. );
#5525 = EDGE_CURVE( '', #6876, #6874, #6877, .T. );
#5526 = EDGE_CURVE( '', #6876, #6447, #6878, .T. );
#5527 = EDGE_CURVE( '', #6879, #6880, #6881, .T. );
#5528 = EDGE_CURVE( '', #6882, #6879, #6883, .T. );
#5529 = EDGE_CURVE( '', #6884, #6882, #6885, .T. );
#5530 = EDGE_CURVE( '', #6884, #6886, #6887, .T. );
#5531 = EDGE_CURVE( '', #6886, #6888, #6889, .T. );
#5532 = EDGE_CURVE( '', #6890, #6888, #6891, .T. );
#5533 = EDGE_CURVE( '', #6880, #6890, #6892, .T. );
#5534 = EDGE_CURVE( '', #6893, #6894, #6895, .T. );
#5535 = EDGE_CURVE( '', #6894, #6709, #6896, .T. );
#5536 = EDGE_CURVE( '', #6893, #6708, #6897, .T. );
#5537 = EDGE_CURVE( '', #6898, #6898, #6899, .T. );
#5538 = EDGE_CURVE( '', #6900, #6900, #6901, .T. );
#5539 = EDGE_CURVE( '', #6902, #6903, #6904, .T. );
#5540 = EDGE_CURVE( '', #6905, #6903, #6906, .T. );
#5541 = EDGE_CURVE( '', #6907, #6905, #6908, .T. );
#5542 = EDGE_CURVE( '', #6907, #6902, #6909, .T. );
#5543 = EDGE_CURVE( '', #6910, #6911, #6912, .T. );
#5544 = EDGE_CURVE( '', #6913, #6911, #6914, .T. );
#5545 = EDGE_CURVE( '', #6915, #6913, #6916, .T. );
#5546 = EDGE_CURVE( '', #6917, #6915, #6918, .T. );
#5547 = EDGE_CURVE( '', #6919, #6917, #6920, .T. );
#5548 = EDGE_CURVE( '', #6919, #6921, #6922, .T. );
#5549 = EDGE_CURVE( '', #6921, #6923, #6924, .T. );
#5550 = EDGE_CURVE( '', #6923, #6925, #6926, .T. );
#5551 = EDGE_CURVE( '', #6925, #6910, #6927, .T. );
#5552 = EDGE_CURVE( '', #6815, #6362, #6928, .T. );
#5553 = EDGE_CURVE( '', #6818, #6438, #6929, .T. );
#5554 = EDGE_CURVE( '', #6440, #6930, #6931, .T. );
#5555 = EDGE_CURVE( '', #6364, #6930, #6932, .T. );
#5556 = EDGE_CURVE( '', #6703, #6729, #6933, .T. );
#5557 = EDGE_CURVE( '', #6930, #6730, #6934, .T. );
#5558 = EDGE_CURVE( '', #6935, #6936, #6937, .T. );
#5559 = EDGE_CURVE( '', #6936, #6938, #6939, .T. );
#5560 = EDGE_CURVE( '', #6938, #6935, #6940, .T. );
#5561 = EDGE_CURVE( '', #6941, #6942, #6943, .T. );
#5562 = EDGE_CURVE( '', #6944, #6942, #6945, .T. );
#5563 = EDGE_CURVE( '', #6946, #6944, #6947, .T. );
#5564 = EDGE_CURVE( '', #6946, #6941, #6948, .T. );
#5565 = EDGE_CURVE( '', #6949, #6946, #6950, .T. );
#5566 = EDGE_CURVE( '', #6951, #6949, #6952, .T. );
#5567 = EDGE_CURVE( '', #6953, #6951, #6954, .T. );
#5568 = EDGE_CURVE( '', #6955, #6953, #6956, .T. );
#5569 = EDGE_CURVE( '', #6957, #6955, #6958, .T. );
#5570 = EDGE_CURVE( '', #6959, #6957, #6960, .T. );
#5571 = EDGE_CURVE( '', #6796, #6959, #6961, .T. );
#5572 = EDGE_CURVE( '', #6962, #6801, #6963, .T. );
#5573 = EDGE_CURVE( '', #6964, #6962, #6965, .T. );
#5574 = EDGE_CURVE( '', #6966, #6964, #6967, .T. );
#5575 = EDGE_CURVE( '', #6968, #6966, #6969, .T. );
#5576 = EDGE_CURVE( '', #6970, #6968, #6971, .T. );
#5577 = EDGE_CURVE( '', #6972, #6970, #6973, .T. );
#5578 = EDGE_CURVE( '', #6941, #6972, #6974, .T. );
#5579 = EDGE_CURVE( '', #6975, #6976, #6977, .T. );
#5580 = EDGE_CURVE( '', #6978, #6976, #6979, .T. );
#5581 = EDGE_CURVE( '', #6980, #6978, #6981, .T. );
#5582 = EDGE_CURVE( '', #6980, #6975, #6982, .T. );
#5583 = EDGE_CURVE( '', #6741, #6983, #6984, .T. );
#5584 = EDGE_CURVE( '', #6985, #6739, #6986, .T. );
#5585 = EDGE_CURVE( '', #6983, #6985, #6987, .T. );
#5586 = EDGE_CURVE( '', #6988, #6989, #6990, .T. );
#5587 = EDGE_CURVE( '', #6988, #6991, #6992, .T. );
#5588 = EDGE_CURVE( '', #6993, #6991, #6994, .T. );
#5589 = EDGE_CURVE( '', #6989, #6993, #6995, .T. );
#5590 = EDGE_CURVE( '', #6996, #6997, #6998, .T. );
#5591 = EDGE_CURVE( '', #6999, #6996, #7000, .T. );
#5592 = EDGE_CURVE( '', #6997, #6999, #7001, .T. );
#5593 = EDGE_CURVE( '', #7002, #7003, #7004, .T. );
#5594 = EDGE_CURVE( '', #7005, #7003, #7006, .T. );
#5595 = EDGE_CURVE( '', #7007, #7005, #7008, .T. );
#5596 = EDGE_CURVE( '', #7007, #7002, #7009, .T. );
#5597 = EDGE_CURVE( '', #7010, #7011, #7012, .T. );
#5598 = EDGE_CURVE( '', #7003, #7011, #7013, .T. );
#5599 = EDGE_CURVE( '', #7002, #7010, #7014, .T. );
#5600 = EDGE_CURVE( '', #7015, #7005, #7016, .T. );
#5601 = EDGE_CURVE( '', #7017, #7015, #7018, .T. );
#5602 = EDGE_CURVE( '', #7017, #7007, #7019, .T. );
#5603 = EDGE_CURVE( '', #7020, #7021, #7022, .T. );
#5604 = EDGE_CURVE( '', #7011, #7021, #7023, .T. );
#5605 = EDGE_CURVE( '', #7010, #7020, #7024, .T. );
#5606 = EDGE_CURVE( '', #7021, #6978, #7025, .T. );
#5607 = EDGE_CURVE( '', #7020, #6980, #7026, .T. );
#5608 = EDGE_CURVE( '', #7027, #7028, #7029, .T. );
#5609 = EDGE_CURVE( '', #7027, #7030, #7031, .T. );
#5610 = EDGE_CURVE( '', #7032, #7030, #7033, .T. );
#5611 = EDGE_CURVE( '', #7028, #7032, #7034, .T. );
#5612 = EDGE_CURVE( '', #7035, #7036, #7037, .T. );
#5613 = EDGE_CURVE( '', #7036, #6765, #7038, .T. );
#5614 = EDGE_CURVE( '', #6763, #7039, #7040, .T. );
#5615 = EDGE_CURVE( '', #7039, #6388, #7041, .T. );
#5616 = EDGE_CURVE( '', #6816, #6905, #7042, .T. );
#5617 = EDGE_CURVE( '', #7043, #6903, #7044, .T. );
#5618 = EDGE_CURVE( '', #7043, #7045, #7046, .T. );
#5619 = EDGE_CURVE( '', #7045, #7047, #7048, .T. );
#5620 = EDGE_CURVE( '', #7047, #7049, #7050, .T. );
#5621 = EDGE_CURVE( '', #7051, #7049, #7052, .T. );
#5622 = EDGE_CURVE( '', #7051, #7053, #7054, .T. );
#5623 = EDGE_CURVE( '', #7053, #6996, #7055, .T. );
#5624 = EDGE_CURVE( '', #6997, #7056, #7057, .T. );
#5625 = EDGE_CURVE( '', #7056, #7058, #7059, .T. );
#5626 = EDGE_CURVE( '', #7058, #7060, #7061, .T. );
#5627 = EDGE_CURVE( '', #7060, #7062, #7063, .T. );
#5628 = EDGE_CURVE( '', #7062, #6747, #7064, .T. );
#5629 = EDGE_CURVE( '', #6745, #7065, #7066, .T. );
#5630 = EDGE_CURVE( '', #7065, #7067, #7068, .T. );
#5631 = EDGE_CURVE( '', #7069, #7067, #7070, .T. );
#5632 = EDGE_CURVE( '', #7069, #7071, #7072, .T. );
#5633 = EDGE_CURVE( '', #7071, #7073, #7074, .T. );
#5634 = EDGE_CURVE( '', #7073, #6824, #7075, .T. );
#5635 = EDGE_CURVE( '', #6822, #7076, #7077, .T. );
#5636 = EDGE_CURVE( '', #7078, #7076, #7079, .T. );
#5637 = EDGE_CURVE( '', #7078, #7080, #7081, .T. );
#5638 = EDGE_CURVE( '', #7080, #7082, #7083, .T. );
#5639 = EDGE_CURVE( '', #7082, #6874, #7084, .T. );
#5640 = EDGE_CURVE( '', #6872, #7035, #7085, .T. );
#5641 = EDGE_CURVE( '', #7086, #7086, #7087, .T. );
#5642 = EDGE_CURVE( '', #7088, #7089, #7090, .T. );
#5643 = EDGE_CURVE( '', #6753, #7089, #7091, .T. );
#5644 = EDGE_CURVE( '', #6752, #7088, #7092, .T. );
#5645 = EDGE_CURVE( '', #7093, #7094, #7095, .T. );
#5646 = EDGE_CURVE( '', #7096, #7094, #7097, .T. );
#5647 = EDGE_CURVE( '', #7098, #7096, #7099, .T. );
#5648 = EDGE_CURVE( '', #7098, #7093, #7100, .T. );
#5649 = EDGE_CURVE( '', #7101, #7102, #7103, .T. );
#5650 = EDGE_CURVE( '', #7102, #7104, #7105, .T. );
#5651 = EDGE_CURVE( '', #7106, #7104, #7107, .T. );
#5652 = EDGE_CURVE( '', #7101, #7106, #7108, .T. );
#5653 = EDGE_CURVE( '', #7109, #7082, #7110, .T. );
#5654 = EDGE_CURVE( '', #7111, #7080, #7112, .T. );
#5655 = EDGE_CURVE( '', #7111, #7109, #7113, .T. );
#5656 = EDGE_CURVE( '', #7114, #6321, #7115, .T. );
#5657 = EDGE_CURVE( '', #7116, #7114, #7117, .T. );
#5658 = EDGE_CURVE( '', #7116, #7118, #7119, .T. );
#5659 = EDGE_CURVE( '', #7118, #6936, #7120, .T. );
#5660 = EDGE_CURVE( '', #6935, #6323, #7121, .T. );
#5661 = EDGE_CURVE( '', #7122, #7123, #7124, .T. );
#5662 = EDGE_CURVE( '', #7123, #7102, #7125, .T. );
#5663 = EDGE_CURVE( '', #7122, #7101, #7126, .T. );
#5664 = EDGE_CURVE( '', #7127, #6255, #7128, .T. );
#5665 = EDGE_CURVE( '', #7129, #7127, #7130, .T. );
#5666 = EDGE_CURVE( '', #7129, #6257, #7131, .T. );
#5667 = EDGE_CURVE( '', #7132, #6317, #7133, .T. );
#5668 = EDGE_CURVE( '', #7134, #7132, #7135, .T. );
#5669 = EDGE_CURVE( '', #7134, #7136, #7137, .T. );
#5670 = EDGE_CURVE( '', #7138, #7136, #7139, .T. );
#5671 = EDGE_CURVE( '', #7138, #7140, #7141, .T. );
#5672 = EDGE_CURVE( '', #7140, #6319, #7142, .T. );
#5673 = EDGE_CURVE( '', #7143, #6271, #7144, .T. );
#5674 = EDGE_CURVE( '', #7143, #7145, #7146, .T. );
#5675 = EDGE_CURVE( '', #7145, #7136, #7147, .T. );
#5676 = EDGE_CURVE( '', #6273, #7134, #7148, .T. );
#5677 = EDGE_CURVE( '', #7149, #6309, #7150, .T. );
#5678 = EDGE_CURVE( '', #7149, #7151, #7152, .T. );
#5679 = EDGE_CURVE( '', #7151, #7145, #7153, .T. );
#5680 = EDGE_CURVE( '', #7154, #7143, #7155, .T. );
#5681 = EDGE_CURVE( '', #7154, #6311, #7156, .T. );
#5682 = EDGE_CURVE( '', #7157, #7157, #7158, .T. );
#5683 = EDGE_CURVE( '', #6295, #7159, #7160, .T. );
#5684 = EDGE_CURVE( '', #7161, #7159, #7162, .T. );
#5685 = EDGE_CURVE( '', #7163, #7161, #7164, .T. );
#5686 = EDGE_CURVE( '', #6886, #7163, #7165, .T. );
#5687 = EDGE_CURVE( '', #7166, #6884, #7167, .T. );
#5688 = EDGE_CURVE( '', #7168, #7166, #7169, .T. );
#5689 = EDGE_CURVE( '', #7168, #6297, #7170, .T. );
#5690 = EDGE_CURVE( '', #7168, #6411, #7171, .T. );
#5691 = EDGE_CURVE( '', #7166, #6413, #7172, .T. );
#5692 = EDGE_CURVE( '', #6993, #6366, #7173, .T. );
#5693 = EDGE_CURVE( '', #7174, #6991, #7175, .T. );
#5694 = EDGE_CURVE( '', #7174, #7176, #7177, .T. );
#5695 = EDGE_CURVE( '', #7178, #7176, #7179, .T. );
#5696 = EDGE_CURVE( '', #7180, #7178, #7181, .T. );
#5697 = EDGE_CURVE( '', #7182, #7180, #7183, .T. );
#5698 = EDGE_CURVE( '', #6368, #7182, #7184, .T. );
#5699 = EDGE_CURVE( '', #7185, #7186, #7187, .T. );
#5700 = EDGE_CURVE( '', #6456, #7186, #7188, .T. );
#5701 = EDGE_CURVE( '', #7185, #6457, #7189, .T. );
#5702 = EDGE_CURVE( '', #7190, #7191, #7192, .T. );
#5703 = EDGE_CURVE( '', #7193, #7190, #7194, .T. );
#5704 = EDGE_CURVE( '', #7193, #7186, #7195, .T. );
#5705 = EDGE_CURVE( '', #7191, #7185, #7196, .T. );
#5706 = EDGE_CURVE( '', #7197, #7198, #7199, .T. );
#5707 = EDGE_CURVE( '', #7200, #7198, #7201, .T. );
#5708 = EDGE_CURVE( '', #7202, #7200, #7203, .T. );
#5709 = EDGE_CURVE( '', #6917, #7202, #7204, .T. );
#5710 = EDGE_CURVE( '', #7032, #6915, #7205, .T. );
#5711 = EDGE_CURVE( '', #7206, #7030, #7207, .T. );
#5712 = EDGE_CURVE( '', #7206, #7197, #7208, .T. );
#5713 = EDGE_CURVE( '', #7209, #7027, #7210, .T. );
#5714 = EDGE_CURVE( '', #7209, #7206, #7211, .T. );
#5715 = EDGE_CURVE( '', #7212, #7213, #7214, .T. );
#5716 = EDGE_CURVE( '', #7215, #7212, #7216, .T. );
#5717 = EDGE_CURVE( '', #7217, #7215, #7218, .T. );
#5718 = EDGE_CURVE( '', #7213, #7217, #7219, .T. );
#5719 = EDGE_CURVE( '', #6337, #7220, #7221, .T. );
#5720 = EDGE_CURVE( '', #7118, #7220, #7222, .T. );
#5721 = EDGE_CURVE( '', #7223, #7116, #7224, .T. );
#5722 = EDGE_CURVE( '', #7225, #7223, #7226, .T. );
#5723 = EDGE_CURVE( '', #6985, #7225, #7227, .T. );
#5724 = EDGE_CURVE( '', #6500, #7228, #7229, .T. );
#5725 = EDGE_CURVE( '', #7230, #7228, #7231, .T. );
#5726 = EDGE_CURVE( '', #7230, #6501, #7232, .T. );
#5727 = EDGE_CURVE( '', #7233, #7230, #7234, .T. );
#5728 = EDGE_CURVE( '', #7235, #7233, #7236, .T. );
#5729 = EDGE_CURVE( '', #7235, #7237, #7238, .T. );
#5730 = EDGE_CURVE( '', #6501, #7237, #7239, .T. );
#5731 = EDGE_CURVE( '', #7240, #6685, #7241, .T. );
#5732 = EDGE_CURVE( '', #7240, #7228, #7242, .T. );
#5733 = EDGE_CURVE( '', #6687, #6500, #7243, .T. );
#5734 = EDGE_CURVE( '', #6289, #6862, #7244, .T. );
#5735 = EDGE_CURVE( '', #6860, #6282, #7245, .T. );
#5736 = EDGE_CURVE( '', #7246, #6858, #7247, .T. );
#5737 = EDGE_CURVE( '', #7246, #7248, #7249, .T. );
#5738 = EDGE_CURVE( '', #7250, #7248, #7251, .T. );
#5739 = EDGE_CURVE( '', #6283, #7250, #7252, .T. );
#5740 = EDGE_CURVE( '', #6866, #6856, #7253, .T. );
#5741 = EDGE_CURVE( '', #6674, #7106, #7254, .T. );
#5742 = EDGE_CURVE( '', #6674, #6522, #7255, .T. );
#5743 = EDGE_CURVE( '', #7256, #6520, #7257, .T. );
#5744 = EDGE_CURVE( '', #7258, #7256, #7259, .T. );
#5745 = EDGE_CURVE( '', #7258, #7260, #7261, .T. );
#5746 = EDGE_CURVE( '', #7260, #7262, #7263, .T. );
#5747 = EDGE_CURVE( '', #7264, #7262, #7265, .T. );
#5748 = EDGE_CURVE( '', #7266, #7264, #7267, .T. );
#5749 = EDGE_CURVE( '', #7268, #7266, #7269, .T. );
#5750 = EDGE_CURVE( '', #6252, #7268, #7270, .T. );
#5751 = EDGE_CURVE( '', #6259, #6267, #7271, .T. );
#5752 = EDGE_CURVE( '', #7122, #7129, #7272, .T. );
#5753 = EDGE_CURVE( '', #6679, #7273, #7274, .T. );
#5754 = EDGE_CURVE( '', #7275, #7273, #7276, .T. );
#5755 = EDGE_CURVE( '', #7275, #6682, #7277, .T. );
#5756 = EDGE_CURVE( '', #6882, #7278, #7279, .T. );
#5757 = EDGE_CURVE( '', #7280, #7278, #7281, .T. );
#5758 = EDGE_CURVE( '', #7280, #6416, #7282, .T. );
#5759 = EDGE_CURVE( '', #7283, #6421, #7284, .T. );
#5760 = EDGE_CURVE( '', #6408, #7283, #7285, .T. );
#5761 = EDGE_CURVE( '', #6713, #7286, #7287, .T. );
#5762 = EDGE_CURVE( '', #7213, #7286, #7288, .T. );
#5763 = EDGE_CURVE( '', #6607, #7217, #7289, .T. );
#5764 = EDGE_CURVE( '', #7200, #6604, #7290, .T. );
#5765 = EDGE_CURVE( '', #7198, #6893, #7291, .T. );
#5766 = EDGE_CURVE( '', #7197, #6894, #7292, .T. );
#5767 = EDGE_CURVE( '', #7293, #7215, #7294, .T. );
#5768 = EDGE_CURVE( '', #6605, #7293, #7295, .T. );
#5769 = EDGE_CURVE( '', #7296, #7297, #7298, .T. );
#5770 = EDGE_CURVE( '', #7202, #7297, #7299, .T. );
#5771 = EDGE_CURVE( '', #7293, #7296, #7300, .T. );
#5772 = EDGE_CURVE( '', #7248, #7297, #7301, .T. );
#5773 = EDGE_CURVE( '', #7296, #7250, #7302, .T. );
#5774 = EDGE_CURVE( '', #6517, #7303, #7304, .T. );
#5775 = EDGE_CURVE( '', #7303, #6401, #7305, .T. );
#5776 = EDGE_CURVE( '', #7306, #7307, #7308, .T. );
#5777 = EDGE_CURVE( '', #7309, #7307, #7310, .T. );
#5778 = EDGE_CURVE( '', #7311, #7309, #7312, .T. );
#5779 = EDGE_CURVE( '', #7311, #7306, #7313, .T. );
#5780 = EDGE_CURVE( '', #7314, #7315, #7316, .T. );
#5781 = EDGE_CURVE( '', #7317, #7315, #7318, .T. );
#5782 = EDGE_CURVE( '', #7319, #7317, #7320, .T. );
#5783 = EDGE_CURVE( '', #7319, #7314, #7321, .T. );
#5784 = EDGE_CURVE( '', #6959, #7322, #7323, .T. );
#5785 = EDGE_CURVE( '', #6797, #7322, #7324, .T. );
#5786 = EDGE_CURVE( '', #7325, #6329, #7326, .T. );
#5787 = EDGE_CURVE( '', #6697, #7325, #7327, .T. );
#5788 = EDGE_CURVE( '', #7328, #7329, #7330, .T. );
#5789 = EDGE_CURVE( '', #7331, #7329, #7332, .T. );
#5790 = EDGE_CURVE( '', #7331, #7333, #7334, .T. );
#5791 = EDGE_CURVE( '', #7333, #7328, #7335, .T. );
#5792 = EDGE_CURVE( '', #7336, #7078, #7337, .T. );
#5793 = EDGE_CURVE( '', #7338, #7076, #7339, .T. );
#5794 = EDGE_CURVE( '', #7336, #7338, #7340, .T. );
#5795 = EDGE_CURVE( '', #6487, #7341, #7342, .T. );
#5796 = EDGE_CURVE( '', #7341, #7343, #7344, .T. );
#5797 = EDGE_CURVE( '', #6489, #7343, #7345, .T. );
#5798 = EDGE_CURVE( '', #7346, #7347, #7348, .T. );
#5799 = EDGE_CURVE( '', #6808, #7347, #7349, .T. );
#5800 = EDGE_CURVE( '', #6807, #7346, #7350, .T. );
#5801 = EDGE_CURVE( '', #7351, #6677, #7352, .T. );
#5802 = EDGE_CURVE( '', #7351, #7273, #7353, .T. );
#5803 = EDGE_CURVE( '', #7354, #7354, #7355, .T. );
#5804 = EDGE_CURVE( '', #7356, #7357, #7358, .T. );
#5805 = EDGE_CURVE( '', #7359, #7357, #7360, .T. );
#5806 = EDGE_CURVE( '', #7361, #7359, #7362, .T. );
#5807 = EDGE_CURVE( '', #7363, #7361, #7364, .T. );
#5808 = EDGE_CURVE( '', #7363, #7365, #7366, .T. );
#5809 = EDGE_CURVE( '', #6911, #7365, #7367, .T. );
#5810 = EDGE_CURVE( '', #7356, #6910, #7368, .T. );
#5811 = EDGE_CURVE( '', #6492, #6661, #7369, .T. );
#5812 = EDGE_CURVE( '', #6660, #6495, #7370, .T. );
#5813 = EDGE_CURVE( '', #6655, #6485, #7371, .T. );
#5814 = EDGE_CURVE( '', #6484, #6657, #7372, .T. );
#5815 = EDGE_CURVE( '', #7373, #7235, #7374, .T. );
#5816 = EDGE_CURVE( '', #7375, #7373, #7376, .T. );
#5817 = EDGE_CURVE( '', #7375, #7237, #7377, .T. );
#5818 = EDGE_CURVE( '', #6538, #6634, #7378, .T. );
#5819 = EDGE_CURVE( '', #6635, #6541, #7379, .T. );
#5820 = EDGE_CURVE( '', #6618, #6575, #7380, .T. );
#5821 = EDGE_CURVE( '', #7381, #7382, #7383, .T. );
#5822 = EDGE_CURVE( '', #7384, #7381, #7385, .T. );
#5823 = EDGE_CURVE( '', #7386, #7384, #7387, .T. );
#5824 = EDGE_CURVE( '', #7386, #7388, #7389, .T. );
#5825 = EDGE_CURVE( '', #7390, #7388, #7391, .T. );
#5826 = EDGE_CURVE( '', #6615, #7390, #7392, .T. );
#5827 = EDGE_CURVE( '', #7382, #6576, #7393, .T. );
#5828 = EDGE_CURVE( '', #7381, #6599, #7394, .T. );
#5829 = EDGE_CURVE( '', #6601, #7382, #7395, .T. );
#5830 = EDGE_CURVE( '', #6949, #7396, #7397, .T. );
#5831 = EDGE_CURVE( '', #7398, #7396, #7399, .T. );
#5832 = EDGE_CURVE( '', #6951, #7398, #7400, .T. );
#5833 = EDGE_CURVE( '', #7401, #6724, #7402, .T. );
#5834 = EDGE_CURVE( '', #7403, #7401, #7404, .T. );
#5835 = EDGE_CURVE( '', #7403, #6726, #7405, .T. );
#5836 = EDGE_CURVE( '', #7406, #7039, #7407, .T. );
#5837 = EDGE_CURVE( '', #7406, #6390, #7408, .T. );
#5838 = EDGE_CURVE( '', #7409, #7410, #7411, .T. );
#5839 = EDGE_CURVE( '', #7412, #7410, #7413, .T. );
#5840 = EDGE_CURVE( '', #7414, #7412, #7415, .T. );
#5841 = EDGE_CURVE( '', #7414, #7409, #7416, .T. );
#5842 = EDGE_CURVE( '', #7417, #7418, #7419, .T. );
#5843 = EDGE_CURVE( '', #7418, #6382, #7420, .T. );
#5844 = EDGE_CURVE( '', #7421, #6380, #7422, .T. );
#5845 = EDGE_CURVE( '', #7421, #7417, #7423, .T. );
#5846 = EDGE_CURVE( '', #7154, #6270, #7424, .T. );
#5847 = EDGE_CURVE( '', #6279, #6313, #7425, .T. );
#5848 = EDGE_CURVE( '', #6275, #7132, #7426, .T. );
#5849 = EDGE_CURVE( '', #7427, #7428, #7429, .T. );
#5850 = EDGE_CURVE( '', #7428, #7430, #7431, .T. );
#5851 = EDGE_CURVE( '', #7430, #7325, #7432, .T. );
#5852 = EDGE_CURVE( '', #6938, #6699, #7433, .T. );
#5853 = EDGE_CURVE( '', #7220, #7427, #7434, .T. );
#5854 = EDGE_CURVE( '', #7427, #6335, #7435, .T. );
#5855 = EDGE_CURVE( '', #6233, #6718, #7436, .T. );
#5856 = EDGE_CURVE( '', #6783, #6238, #7437, .T. );
#5857 = EDGE_CURVE( '', #6785, #7438, #7439, .T. );
#5858 = EDGE_CURVE( '', #7438, #6443, #7440, .T. );
#5859 = EDGE_CURVE( '', #6453, #7441, #7442, .T. );
#5860 = EDGE_CURVE( '', #7441, #7443, #7444, .T. );
#5861 = EDGE_CURVE( '', #6505, #7443, #7445, .T. );
#5862 = EDGE_CURVE( '', #6503, #7446, #7447, .T. );
#5863 = EDGE_CURVE( '', #7446, #7448, #7449, .T. );
#5864 = EDGE_CURVE( '', #6804, #7448, #7450, .T. );
#5865 = EDGE_CURVE( '', #7446, #6734, #7451, .T. );
#5866 = EDGE_CURVE( '', #7452, #6732, #7453, .T. );
#5867 = EDGE_CURVE( '', #7452, #6815, #7454, .T. );
#5868 = EDGE_CURVE( '', #7448, #6360, #7455, .T. );
#5869 = EDGE_CURVE( '', #7180, #7456, #7457, .T. );
#5870 = EDGE_CURVE( '', #7417, #7456, #7458, .T. );
#5871 = EDGE_CURVE( '', #7421, #6393, #7459, .T. );
#5872 = EDGE_CURVE( '', #7460, #6395, #7461, .T. );
#5873 = EDGE_CURVE( '', #6424, #7460, #7462, .T. );
#5874 = EDGE_CURVE( '', #7182, #6426, #7463, .T. );
#5875 = EDGE_CURVE( '', #7464, #7465, #7466, .T. );
#5876 = EDGE_CURVE( '', #7465, #7053, #7467, .T. );
#5877 = EDGE_CURVE( '', #7464, #7051, #7468, .T. );
#5878 = EDGE_CURVE( '', #7430, #6331, #7469, .T. );
#5879 = EDGE_CURVE( '', #7428, #6333, #7470, .T. );
#5880 = EDGE_CURVE( '', #6868, #6285, #7471, .T. );
#5881 = EDGE_CURVE( '', #6865, #6287, #7472, .T. );
#5882 = EDGE_CURVE( '', #7473, #7474, #7475, .T. );
#5883 = EDGE_CURVE( '', #7473, #7476, #7477, .T. );
#5884 = EDGE_CURVE( '', #7476, #7478, #7479, .T. );
#5885 = EDGE_CURVE( '', #7474, #7478, #7480, .T. );
#5886 = EDGE_CURVE( '', #7481, #6403, #7482, .T. );
#5887 = EDGE_CURVE( '', #7483, #7481, #7484, .T. );
#5888 = EDGE_CURVE( '', #7483, #6405, #7485, .T. );
#5889 = EDGE_CURVE( '', #7486, #7401, #7487, .T. );
#5890 = EDGE_CURVE( '', #7488, #7486, #7489, .T. );
#5891 = EDGE_CURVE( '', #7488, #7403, #7490, .T. );
#5892 = EDGE_CURVE( '', #6968, #7491, #7492, .T. );
#5893 = EDGE_CURVE( '', #7493, #7491, #7494, .T. );
#5894 = EDGE_CURVE( '', #6970, #7493, #7495, .T. );
#5895 = EDGE_CURVE( '', #7496, #7497, #7498, .T. );
#5896 = EDGE_CURVE( '', #7499, #7497, #7500, .T. );
#5897 = EDGE_CURVE( '', #7501, #7499, #7502, .T. );
#5898 = EDGE_CURVE( '', #7496, #7501, #7503, .T. );
#5899 = EDGE_CURVE( '', #7504, #7015, #7505, .T. );
#5900 = EDGE_CURVE( '', #7506, #7504, #7507, .T. );
#5901 = EDGE_CURVE( '', #7506, #7017, #7508, .T. );
#5902 = EDGE_CURVE( '', #7509, #6919, #7510, .T. );
#5903 = EDGE_CURVE( '', #7511, #7509, #7512, .T. );
#5904 = EDGE_CURVE( '', #7511, #6921, #7513, .T. );
#5905 = EDGE_CURVE( '', #7331, #7514, #7515, .T. );
#5906 = EDGE_CURVE( '', #7514, #7516, #7517, .T. );
#5907 = EDGE_CURVE( '', #7333, #7516, #7518, .T. );
#5908 = EDGE_CURVE( '', #7511, #7519, #7520, .T. );
#5909 = EDGE_CURVE( '', #7519, #6923, #7521, .T. );
#5910 = EDGE_CURVE( '', #6430, #6773, #7522, .T. );
#5911 = EDGE_CURVE( '', #7523, #6429, #7524, .T. );
#5912 = EDGE_CURVE( '', #7523, #6775, #7525, .T. );
#5913 = EDGE_CURVE( '', #6955, #7526, #7527, .T. );
#5914 = EDGE_CURVE( '', #7528, #7526, #7529, .T. );
#5915 = EDGE_CURVE( '', #6957, #7528, #7530, .T. );
#5916 = EDGE_CURVE( '', #7438, #6347, #7531, .T. );
#5917 = EDGE_CURVE( '', #7384, #6597, #7532, .T. );
#5918 = EDGE_CURVE( '', #6989, #6364, #7533, .T. );
#5919 = EDGE_CURVE( '', #6838, #7317, #7534, .T. );
#5920 = EDGE_CURVE( '', #6837, #7319, #7535, .T. );
#5921 = EDGE_CURVE( '', #7536, #7537, #7538, .T. );
#5922 = EDGE_CURVE( '', #7539, #7537, #7540, .T. );
#5923 = EDGE_CURVE( '', #7541, #7539, #7542, .T. );
#5924 = EDGE_CURVE( '', #7541, #7536, #7543, .T. );
#5925 = EDGE_CURVE( '', #7544, #6453, #7545, .T. );
#5926 = EDGE_CURVE( '', #7544, #7546, #7547, .T. );
#5927 = EDGE_CURVE( '', #7496, #7546, #7548, .T. );
#5928 = EDGE_CURVE( '', #7191, #7501, #7549, .T. );
#5929 = EDGE_CURVE( '', #7441, #7185, #7550, .T. );
#5930 = EDGE_CURVE( '', #6736, #7551, #7552, .T. );
#5931 = EDGE_CURVE( '', #7551, #7553, #7554, .T. );
#5932 = EDGE_CURVE( '', #7553, #7373, #7555, .T. );
#5933 = EDGE_CURVE( '', #7233, #7240, #7556, .T. );
#5934 = EDGE_CURVE( '', #6683, #7557, #7558, .T. );
#5935 = EDGE_CURVE( '', #7557, #7351, #7559, .T. );
#5936 = EDGE_CURVE( '', #7560, #6677, #7561, .T. );
#5937 = EDGE_CURVE( '', #7562, #7560, #7563, .T. );
#5938 = EDGE_CURVE( '', #7209, #7562, #7564, .T. );
#5939 = EDGE_CURVE( '', #7028, #7565, #7566, .T. );
#5940 = EDGE_CURVE( '', #7565, #6292, #7567, .T. );
#5941 = EDGE_CURVE( '', #7568, #6293, #7569, .T. );
#5942 = EDGE_CURVE( '', #7568, #7570, #7571, .T. );
#5943 = EDGE_CURVE( '', #7572, #7570, #7573, .T. );
#5944 = EDGE_CURVE( '', #7572, #7574, #7575, .T. );
#5945 = EDGE_CURVE( '', #7574, #7576, #7577, .T. );
#5946 = EDGE_CURVE( '', #7576, #7578, #7579, .T. );
#5947 = EDGE_CURVE( '', #7578, #6461, #7580, .T. );
#5948 = EDGE_CURVE( '', #6459, #7193, #7581, .T. );
#5949 = EDGE_CURVE( '', #7190, #7499, #7582, .T. );
#5950 = EDGE_CURVE( '', #7497, #7583, #7584, .T. );
#5951 = EDGE_CURVE( '', #7583, #7585, #7586, .T. );
#5952 = EDGE_CURVE( '', #7587, #7585, #7588, .T. );
#5953 = EDGE_CURVE( '', #7589, #7587, #7590, .T. );
#5954 = EDGE_CURVE( '', #7589, #6341, #7591, .T. );
#5955 = EDGE_CURVE( '', #6983, #6988, #7592, .T. );
#5956 = EDGE_CURVE( '', #7593, #7593, #7594, .T. );
#5957 = EDGE_CURVE( '', #7390, #6591, #7595, .T. );
#5958 = EDGE_CURVE( '', #6789, #7596, #7597, .T. );
#5959 = EDGE_CURVE( '', #7596, #7598, #7599, .T. );
#5960 = EDGE_CURVE( '', #7598, #7600, #7601, .T. );
#5961 = EDGE_CURVE( '', #7600, #6755, #7602, .T. );
#5962 = EDGE_CURVE( '', #7089, #7603, #7604, .T. );
#5963 = EDGE_CURVE( '', #7603, #7605, #7606, .T. );
#5964 = EDGE_CURVE( '', #7605, #7607, #7608, .T. );
#5965 = EDGE_CURVE( '', #7607, #7609, #7610, .T. );
#5966 = EDGE_CURVE( '', #7609, #7611, #7612, .T. );
#5967 = EDGE_CURVE( '', #7611, #6810, #7613, .T. );
#5968 = EDGE_CURVE( '', #7347, #7614, #7615, .T. );
#5969 = EDGE_CURVE( '', #7614, #7616, #7617, .T. );
#5970 = EDGE_CURVE( '', #7616, #6303, #7618, .T. );
#5971 = EDGE_CURVE( '', #7315, #7619, #7620, .T. );
#5972 = EDGE_CURVE( '', #7619, #7621, #7622, .T. );
#5973 = EDGE_CURVE( '', #7621, #7623, #7624, .T. );
#5974 = EDGE_CURVE( '', #7623, #7309, #7625, .T. );
#5975 = EDGE_CURVE( '', #7307, #7626, #7627, .T. );
#5976 = EDGE_CURVE( '', #7626, #7096, #7628, .T. );
#5977 = EDGE_CURVE( '', #7094, #7539, #7629, .T. );
#5978 = EDGE_CURVE( '', #7537, #6791, #7630, .T. );
#5979 = EDGE_CURVE( '', #6722, #7412, #7631, .T. );
#5980 = EDGE_CURVE( '', #7410, #7632, #7633, .T. );
#5981 = EDGE_CURVE( '', #7632, #7634, #7635, .T. );
#5982 = EDGE_CURVE( '', #7634, #7504, #7636, .T. );
#5983 = EDGE_CURVE( '', #6976, #7486, #7637, .T. );
#5984 = EDGE_CURVE( '', #6942, #7638, #7639, .T. );
#5985 = EDGE_CURVE( '', #7638, #7493, #7640, .T. );
#5986 = EDGE_CURVE( '', #7491, #7641, #7642, .T. );
#5987 = EDGE_CURVE( '', #7641, #7643, #7644, .T. );
#5988 = EDGE_CURVE( '', #7643, #7645, #7646, .T. );
#5989 = EDGE_CURVE( '', #7645, #6799, #7647, .T. );
#5990 = EDGE_CURVE( '', #7322, #7528, #7648, .T. );
#5991 = EDGE_CURVE( '', #7526, #7649, #7650, .T. );
#5992 = EDGE_CURVE( '', #7649, #7398, #7651, .T. );
#5993 = EDGE_CURVE( '', #7396, #6944, #7652, .T. );
#5994 = EDGE_CURVE( '', #7653, #7654, #7655, .T. );
#5995 = EDGE_CURVE( '', #7654, #7060, #7656, .T. );
#5996 = EDGE_CURVE( '', #7657, #7058, #7658, .T. );
#5997 = EDGE_CURVE( '', #7653, #7657, #7659, .T. );
#5998 = EDGE_CURVE( '', #6972, #7638, #7660, .T. );
#5999 = EDGE_CURVE( '', #7661, #7621, #7662, .T. );
#6000 = EDGE_CURVE( '', #7663, #7619, #7664, .T. );
#6001 = EDGE_CURVE( '', #7663, #7661, #7665, .T. );
#6002 = EDGE_CURVE( '', #7583, #7546, #7666, .T. );
#6003 = EDGE_CURVE( '', #7585, #7544, #7667, .T. );
#6004 = EDGE_CURVE( '', #7668, #7668, #7669, .T. );
#6005 = EDGE_CURVE( '', #7670, #7670, #7671, .T. );
#6006 = EDGE_CURVE( '', #7672, #7634, #7673, .T. );
#6007 = EDGE_CURVE( '', #7674, #7632, #7675, .T. );
#6008 = EDGE_CURVE( '', #7674, #7672, #7676, .T. );
#6009 = EDGE_CURVE( '', #6953, #7649, #7677, .T. );
#6010 = EDGE_CURVE( '', #7163, #6917, #7678, .T. );
#6011 = EDGE_CURVE( '', #6845, #7246, #7679, .T. );
#6012 = EDGE_CURVE( '', #6888, #6843, #7680, .T. );
#6013 = EDGE_CURVE( '', #6711, #7681, #7682, .T. );
#6014 = EDGE_CURVE( '', #7286, #7681, #7683, .T. );
#6015 = EDGE_CURVE( '', #7681, #7212, #7684, .T. );
#6016 = EDGE_CURVE( '', #7225, #7685, #7686, .T. );
#6017 = EDGE_CURVE( '', #7685, #7687, #7688, .T. );
#6018 = EDGE_CURVE( '', #7174, #7687, #7689, .T. );
#6019 = EDGE_CURVE( '', #7690, #7690, #7691, .T. );
#6020 = EDGE_CURVE( '', #7692, #6419, #7693, .T. );
#6021 = EDGE_CURVE( '', #7283, #7692, #7694, .T. );
#6022 = EDGE_CURVE( '', #6975, #7488, #7695, .T. );
#6023 = EDGE_CURVE( '', #7280, #7696, #7697, .T. );
#6024 = EDGE_CURVE( '', #6417, #7696, #7698, .T. );
#6025 = EDGE_CURVE( '', #7699, #7062, #7700, .T. );
#6026 = EDGE_CURVE( '', #7699, #6749, #7701, .T. );
#6027 = EDGE_CURVE( '', #7702, #7623, #7703, .T. );
#6028 = EDGE_CURVE( '', #7661, #7702, #7704, .T. );
#6029 = EDGE_CURVE( '', #7452, #6907, #7705, .T. );
#6030 = EDGE_CURVE( '', #7036, #6767, #7706, .T. );
#6031 = EDGE_CURVE( '', #7707, #7707, #7708, .T. );
#6032 = EDGE_CURVE( '', #7709, #7709, #7710, .T. );
#6033 = EDGE_CURVE( '', #7711, #7711, #7712, .T. );
#6034 = EDGE_CURVE( '', #7713, #7553, #7714, .T. );
#6035 = EDGE_CURVE( '', #7551, #7715, #7716, .T. );
#6036 = EDGE_CURVE( '', #7715, #7713, #7717, .T. );
#6037 = EDGE_CURVE( '', #7718, #7560, #7719, .T. );
#6038 = EDGE_CURVE( '', #7653, #7718, #7720, .T. );
#6039 = EDGE_CURVE( '', #7657, #7562, #7721, .T. );
#6040 = EDGE_CURVE( '', #7722, #7723, #7724, .T. );
#6041 = EDGE_CURVE( '', #7725, #7723, #7726, .T. );
#6042 = EDGE_CURVE( '', #7727, #7725, #7728, .T. );
#6043 = EDGE_CURVE( '', #7727, #7722, #7729, .T. );
#6044 = EDGE_CURVE( '', #7730, #7731, #7732, .T. );
#6045 = EDGE_CURVE( '', #7730, #7733, #7734, .T. );
#6046 = EDGE_CURVE( '', #7733, #7735, #7736, .T. );
#6047 = EDGE_CURVE( '', #7731, #7735, #7737, .T. );
#6048 = EDGE_CURVE( '', #6842, #6890, #7738, .T. );
#6049 = EDGE_CURVE( '', #7739, #7209, #7740, .T. );
#6050 = EDGE_CURVE( '', #7104, #7739, #7741, .T. );
#6051 = EDGE_CURVE( '', #7123, #7127, #7742, .T. );
#6052 = EDGE_CURVE( '', #6253, #7743, #7744, .T. );
#6053 = EDGE_CURVE( '', #7743, #7745, #7746, .T. );
#6054 = EDGE_CURVE( '', #7745, #7747, #7748, .T. );
#6055 = EDGE_CURVE( '', #7747, #7749, #7750, .T. );
#6056 = EDGE_CURVE( '', #7749, #7751, #7752, .T. );
#6057 = EDGE_CURVE( '', #7751, #6293, #7753, .T. );
#6058 = EDGE_CURVE( '', #6409, #7692, #7754, .T. );
#6059 = EDGE_CURVE( '', #7696, #6880, #7755, .T. );
#6060 = EDGE_CURVE( '', #7536, #6793, #7756, .T. );
#6061 = EDGE_CURVE( '', #7093, #7541, #7757, .T. );
#6062 = EDGE_CURVE( '', #6821, #7338, #7758, .T. );
#6063 = EDGE_CURVE( '', #7759, #7611, #7760, .T. );
#6064 = EDGE_CURVE( '', #7761, #7609, #7762, .T. );
#6065 = EDGE_CURVE( '', #7761, #7759, #7763, .T. );
#6066 = EDGE_CURVE( '', #7275, #7557, #7764, .T. );
#6067 = EDGE_CURVE( '', #7035, #6445, #7765, .T. );
#6068 = EDGE_CURVE( '', #7759, #6812, #7766, .T. );
#6069 = EDGE_CURVE( '', #7767, #7607, #7768, .T. );
#6070 = EDGE_CURVE( '', #7769, #7605, #7770, .T. );
#6071 = EDGE_CURVE( '', #7769, #7767, #7771, .T. );
#6072 = EDGE_CURVE( '', #7772, #7603, #7773, .T. );
#6073 = EDGE_CURVE( '', #7772, #7769, #7774, .T. );
#6074 = EDGE_CURVE( '', #7767, #7761, #7775, .T. );
#6075 = EDGE_CURVE( '', #7776, #7600, #7777, .T. );
#6076 = EDGE_CURVE( '', #7776, #6757, #7778, .T. );
#6077 = EDGE_CURVE( '', #7465, #7779, #7780, .T. );
#6078 = EDGE_CURVE( '', #7779, #6999, #7781, .T. );
#6079 = EDGE_CURVE( '', #6736, #7782, #7783, .T. );
#6080 = EDGE_CURVE( '', #7446, #7782, #7784, .T. );
#6081 = EDGE_CURVE( '', #7715, #7782, #7785, .T. );
#6082 = EDGE_CURVE( '', #6451, #7585, #7786, .T. );
#6083 = EDGE_CURVE( '', #7787, #7514, #7788, .T. );
#6084 = EDGE_CURVE( '', #7789, #7787, #7790, .T. );
#6085 = EDGE_CURVE( '', #7516, #7789, #7791, .T. );
#6086 = EDGE_CURVE( '', #7329, #7361, #7792, .T. );
#6087 = EDGE_CURVE( '', #7359, #7685, #7793, .T. );
#6088 = EDGE_CURVE( '', #7223, #7787, #7794, .T. );
#6089 = EDGE_CURVE( '', #7357, #7687, #7795, .T. );
#6090 = EDGE_CURVE( '', #7356, #7328, #7796, .T. );
#6091 = EDGE_CURVE( '', #7176, #7789, #7797, .T. );
#6092 = EDGE_CURVE( '', #6277, #6315, #7798, .T. );
#6093 = EDGE_CURVE( '', #7418, #7456, #7799, .T. );
#6094 = EDGE_CURVE( '', #7264, #7747, #7800, .T. );
#6095 = EDGE_CURVE( '', #7266, #7745, #7801, .T. );
#6096 = EDGE_CURVE( '', #7802, #7598, #7803, .T. );
#6097 = EDGE_CURVE( '', #7802, #7776, #7804, .T. );
#6098 = EDGE_CURVE( '', #7260, #7805, #7806, .T. );
#6099 = EDGE_CURVE( '', #7807, #7805, #7808, .T. );
#6100 = EDGE_CURVE( '', #7809, #7807, #7810, .T. );
#6101 = EDGE_CURVE( '', #7809, #7811, #7812, .T. );
#6102 = EDGE_CURVE( '', #7811, #7751, #7813, .T. );
#6103 = EDGE_CURVE( '', #7262, #7749, #7814, .T. );
#6104 = EDGE_CURVE( '', #7815, #7578, #7816, .T. );
#6105 = EDGE_CURVE( '', #7815, #6463, #7817, .T. );
#6106 = EDGE_CURVE( '', #7818, #7576, #7819, .T. );
#6107 = EDGE_CURVE( '', #7574, #7820, #7821, .T. );
#6108 = EDGE_CURVE( '', #7820, #7818, #7822, .T. );
#6109 = EDGE_CURVE( '', #7823, #6834, #7824, .T. );
#6110 = EDGE_CURVE( '', #7723, #6832, #7825, .T. );
#6111 = EDGE_CURVE( '', #7823, #7722, #7826, .T. );
#6112 = EDGE_CURVE( '', #7827, #7065, #7828, .T. );
#6113 = EDGE_CURVE( '', #6744, #7829, #7830, .T. );
#6114 = EDGE_CURVE( '', #7829, #7827, #7831, .T. );
#6115 = EDGE_CURVE( '', #7069, #7811, #7832, .T. );
#6116 = EDGE_CURVE( '', #7067, #7827, #7833, .T. );
#6117 = EDGE_CURVE( '', #7827, #7568, #7834, .T. );
#6118 = EDGE_CURVE( '', #7835, #7049, #7836, .T. );
#6119 = EDGE_CURVE( '', #7837, #7047, #7838, .T. );
#6120 = EDGE_CURVE( '', #7837, #7835, #7839, .T. );
#6121 = EDGE_CURVE( '', #7840, #7045, #7841, .T. );
#6122 = EDGE_CURVE( '', #7840, #7837, #7842, .T. );
#6123 = EDGE_CURVE( '', #7464, #7835, #7843, .T. );
#6124 = EDGE_CURVE( '', #7844, #7845, #7846, .T. );
#6125 = EDGE_CURVE( '', #7847, #7845, #7848, .T. );
#6126 = EDGE_CURVE( '', #6509, #7847, #7849, .T. );
#6127 = EDGE_CURVE( '', #6507, #7844, #7850, .T. );
#6128 = EDGE_CURVE( '', #7847, #6690, #7851, .T. );
#6129 = EDGE_CURVE( '', #7443, #7823, #7852, .T. );
#6130 = EDGE_CURVE( '', #7853, #7727, #7854, .T. );
#6131 = EDGE_CURVE( '', #7853, #7855, #7856, .T. );
#6132 = EDGE_CURVE( '', #7855, #6770, #7857, .T. );
#6133 = EDGE_CURVE( '', #7523, #7256, #7858, .T. );
#6134 = EDGE_CURVE( '', #6515, #7483, #7859, .T. );
#6135 = EDGE_CURVE( '', #7844, #6694, #7860, .T. );
#6136 = EDGE_CURVE( '', #7861, #7861, #7862, .T. );
#6137 = EDGE_CURVE( '', #7863, #7260, #7864, .T. );
#6138 = EDGE_CURVE( '', #6457, #7258, #7865, .T. );
#6139 = EDGE_CURVE( '', #7815, #7818, #7866, .T. );
#6140 = EDGE_CURVE( '', #7820, #7863, #7867, .T. );
#6141 = EDGE_CURVE( '', #7572, #7863, #7868, .T. );
#6142 = EDGE_CURVE( '', #7869, #6925, #7870, .T. );
#6143 = EDGE_CURVE( '', #7363, #7869, #7871, .T. );
#6144 = EDGE_CURVE( '', #7375, #7713, #7872, .T. );
#6145 = EDGE_CURVE( '', #7509, #7163, #7873, .T. );
#6146 = EDGE_CURVE( '', #7176, #7223, #7874, .T. );
#6147 = EDGE_CURVE( '', #7875, #6913, #7876, .T. );
#6148 = EDGE_CURVE( '', #7161, #7875, #7877, .T. );
#6149 = EDGE_CURVE( '', #7565, #7159, #7878, .T. );
#6150 = EDGE_CURVE( '', #7336, #7111, #7879, .T. );
#6151 = EDGE_CURVE( '', #7880, #7073, #7881, .T. );
#6152 = EDGE_CURVE( '', #7880, #6826, #7882, .T. );
#6153 = EDGE_CURVE( '', #7809, #7880, #7883, .T. );
#6154 = EDGE_CURVE( '', #7811, #7071, #7884, .T. );
#6155 = EDGE_CURVE( '', #6962, #7645, #7885, .T. );
#6156 = EDGE_CURVE( '', #6964, #7643, #7886, .T. );
#6157 = EDGE_CURVE( '', #7268, #7743, #7887, .T. );
#6158 = EDGE_CURVE( '', #7888, #7614, #7889, .T. );
#6159 = EDGE_CURVE( '', #7346, #7888, #7890, .T. );
#6160 = EDGE_CURVE( '', #6830, #7725, #7891, .T. );
#6161 = EDGE_CURVE( '', #7853, #6829, #7892, .T. );
#6162 = EDGE_CURVE( '', #7893, #7894, #7895, .T. );
#6163 = EDGE_CURVE( '', #7896, #7894, #7897, .T. );
#6164 = EDGE_CURVE( '', #7896, #7898, #7899, .T. );
#6165 = EDGE_CURVE( '', #7893, #7898, #7900, .T. );
#6166 = EDGE_CURVE( '', #7733, #7896, #7901, .T. );
#6167 = EDGE_CURVE( '', #7476, #7730, #7902, .T. );
#6168 = EDGE_CURVE( '', #6629, #7473, #7903, .T. );
#6169 = EDGE_CURVE( '', #7898, #6539, #7904, .T. );
#6170 = EDGE_CURVE( '', #6631, #7474, #7905, .T. );
#6171 = EDGE_CURVE( '', #7731, #7478, #7906, .T. );
#6172 = EDGE_CURVE( '', #7735, #7894, #7907, .T. );
#6173 = EDGE_CURVE( '', #7893, #6543, #7908, .T. );
#6174 = EDGE_CURVE( '', #6525, #7343, #7909, .T. );
#6175 = EDGE_CURVE( '', #7341, #6527, #7910, .T. );
#6176 = EDGE_CURVE( '', #7911, #7626, #7912, .T. );
#6177 = EDGE_CURVE( '', #7911, #7098, #7913, .T. );
#6178 = EDGE_CURVE( '', #7306, #7911, #7914, .T. );
#6179 = EDGE_CURVE( '', #7915, #6675, #7916, .T. );
#6180 = EDGE_CURVE( '', #7915, #7718, #7917, .T. );
#6181 = EDGE_CURVE( '', #7056, #7657, #7918, .T. );
#6182 = EDGE_CURVE( '', #6767, #7589, #7919, .T. );
#6183 = EDGE_CURVE( '', #6721, #7414, #7920, .T. );
#6184 = EDGE_CURVE( '', #7314, #7663, #7921, .T. );
#6185 = EDGE_CURVE( '', #7922, #7922, #7923, .T. );
#6186 = EDGE_CURVE( '', #7702, #7311, #7924, .T. );
#6187 = EDGE_CURVE( '', #7925, #6305, #7926, .T. );
#6188 = EDGE_CURVE( '', #7888, #7925, #7927, .T. );
#6189 = EDGE_CURVE( '', #7088, #7772, #7928, .T. );
#6190 = EDGE_CURVE( '', #7929, #7802, #7930, .T. );
#6191 = EDGE_CURVE( '', #6788, #7929, #7931, .T. );
#6192 = EDGE_CURVE( '', #7140, #7114, #7932, .T. );
#6193 = EDGE_CURVE( '', #7151, #7138, #7933, .T. );
#6194 = EDGE_CURVE( '', #7934, #7149, #7935, .T. );
#6195 = EDGE_CURVE( '', #7178, #7934, #7936, .T. );
#6196 = EDGE_CURVE( '', #6999, #7739, #7937, .T. );
#6197 = EDGE_CURVE( '', #7409, #7674, #7938, .T. );
#6198 = EDGE_CURVE( '', #7460, #6374, #7939, .T. );
#6199 = EDGE_CURVE( '', #7855, #6434, #7940, .T. );
#6200 = EDGE_CURVE( '', #6771, #6432, #7941, .T. );
#6201 = EDGE_CURVE( '', #7779, #7915, #7942, .T. );
#6202 = EDGE_CURVE( '', #7943, #7943, #7944, .T. );
#6203 = EDGE_CURVE( '', #7945, #7945, #7946, .T. );
#6204 = EDGE_CURVE( '', #7303, #7481, #7947, .T. );
#6205 = EDGE_CURVE( '', #7948, #7948, #7949, .T. );
#6206 = EDGE_CURVE( '', #7845, #6692, #7950, .T. );
#6207 = EDGE_CURVE( '', #7951, #7951, #7952, .T. );
#6208 = EDGE_CURVE( '', #7953, #7953, #7954, .T. );
#6209 = EDGE_CURVE( '', #6760, #7955, #7956, .T. );
#6210 = EDGE_CURVE( '', #6449, #7955, #7957, .T. );
#6211 = EDGE_CURVE( '', #7109, #6876, #7958, .T. );
#6212 = EDGE_CURVE( '', #7807, #7959, #7960, .T. );
#6213 = EDGE_CURVE( '', #7829, #7959, #7961, .T. );
#6214 = EDGE_CURVE( '', #7654, #7699, #7962, .T. );
#6215 = EDGE_CURVE( '', #7963, #7840, #7964, .T. );
#6216 = EDGE_CURVE( '', #7963, #6902, #7965, .T. );
#6217 = EDGE_CURVE( '', #6761, #7406, #7966, .T. );
#6218 = EDGE_CURVE( '', #7967, #7967, #7968, .T. );
#6219 = EDGE_CURVE( '', #7929, #7596, #7969, .T. );
#6220 = EDGE_CURVE( '', #7925, #7616, #7970, .T. );
#6221 = EDGE_CURVE( '', #7934, #6308, #7971, .T. );
#6222 = EDGE_CURVE( '', #6966, #7641, #7972, .T. );
#6223 = EDGE_CURVE( '', #7959, #7570, #7973, .T. );
#6224 = EDGE_CURVE( '', #7672, #7506, #7974, .T. );
#6225 = EDGE_CURVE( '', #7278, #6879, #7975, .T. );
#6226 = EDGE_CURVE( '', #7875, #7365, #7976, .T. );
#6227 = EDGE_CURVE( '', #7388, #6593, #7977, .T. );
#6228 = EDGE_CURVE( '', #7386, #6595, #7978, .T. );
#6229 = EDGE_CURVE( '', #7805, #7572, #7979, .T. );
#6230 = EDGE_CURVE( '', #7955, #7587, #7980, .T. );
#6231 = EDGE_CURVE( '', #7519, #7869, #7981, .T. );
#6232 = EDGE_CURVE( '', #7963, #7043, #7982, .T. );
#6233 = VERTEX_POINT( '', #7983 );
#6234 = VERTEX_POINT( '', #7984 );
#6235 = LINE( '', #7985, #7986 );
#6236 = VERTEX_POINT( '', #7987 );
#6237 = CIRCLE( '', #7988, 0.000500000000000032 );
#6238 = VERTEX_POINT( '', #7989 );
#6239 = LINE( '', #7990, #7991 );
#6240 = VERTEX_POINT( '', #7992 );
#6241 = CIRCLE( '', #7993, 0.000500000000000032 );
#6242 = VERTEX_POINT( '', #7994 );
#6243 = LINE( '', #7995, #7996 );
#6244 = VERTEX_POINT( '', #7997 );
#6245 = B_SPLINE_CURVE_WITH_KNOTS( '', 3, ( #7998, #7999, #8000, #8001 ), .UNSPECIFIED., .F., .F., ( 4, 4 ), ( 0.000000000000000, 1.00000000000000 ), .UNSPECIFIED. );
#6246 = VERTEX_POINT( '', #8002 );
#6247 = B_SPLINE_CURVE_WITH_KNOTS( '', 3, ( #8003, #8004, #8005, #8006 ), .UNSPECIFIED., .F., .F., ( 4, 4 ), ( 0.000000000000000, 1.00000000000000 ), .UNSPECIFIED. );
#6248 = VERTEX_POINT( '', #8007 );
#6249 = LINE( '', #8008, #8009 );
#6250 = CIRCLE( '', #8010, 0.000500000000000032 );
#6251 = LINE( '', #8011, #8012 );
#6252 = VERTEX_POINT( '', #8013 );
#6253 = VERTEX_POINT( '', #8014 );
#6254 = LINE( '', #8015, #8016 );
#6255 = VERTEX_POINT( '', #8017 );
#6256 = CIRCLE( '', #8018, 0.000500000000000032 );
#6257 = VERTEX_POINT( '', #8019 );
#6258 = LINE( '', #8020, #8021 );
#6259 = VERTEX_POINT( '', #8022 );
#6260 = CIRCLE( '', #8023, 0.000500000000000032 );
#6261 = VERTEX_POINT( '', #8024 );
#6262 = LINE( '', #8025, #8026 );
#6263 = VERTEX_POINT( '', #8027 );
#6264 = B_SPLINE_CURVE_WITH_KNOTS( '', 3, ( #8028, #8029, #8030, #8031 ), .UNSPECIFIED., .F., .F., ( 4, 4 ), ( 0.000000000000000, 1.00000000000000 ), .UNSPECIFIED. );
#6265 = VERTEX_POINT( '', #8032 );
#6266 = B_SPLINE_CURVE_WITH_KNOTS( '', 3, ( #8033, #8034, #8035, #8036 ), .UNSPECIFIED., .F., .F., ( 4, 4 ), ( 0.000000000000000, 1.00000000000000 ), .UNSPECIFIED. );
#6267 = VERTEX_POINT( '', #8037 );
#6268 = LINE( '', #8038, #8039 );
#6269 = CIRCLE( '', #8040, 0.000500000000000032 );
#6270 = VERTEX_POINT( '', #8041 );
#6271 = VERTEX_POINT( '', #8042 );
#6272 = LINE( '', #8043, #8044 );
#6273 = VERTEX_POINT( '', #8045 );
#6274 = B_SPLINE_CURVE_WITH_KNOTS( '', 3, ( #8046, #8047, #8048, #8049, #8050, #8051, #8052, #8053, #8054, #8055, #8056, #8057, #8058, #8059, #8060, #8061, #8062, #8063, #8064, #8065, #8066, #8067, #8068, #8069, #8070, #8071, #8072, #8073, #8074, #8075, #8076, #8077, #8078, #8079, #8080 ), .UNSPECIFIED., .F., .F., ( 4, 1, 1, 1, 1, 1, 1, 1, 1, 1, 1, 1, 1, 1, 1, 1, 1, 1, 1, 1, 1, 1, 1, 1, 1, 1, 1, 1, 1, 1, 1, 1, 4 ), ( 0.000000000000000, 0.0312500000000000, 0.0625000000000000, 0.0937500000000000, 0.125000000000000, 0.156250000000000, 0.187500000000000, 0.218750000000000, 0.250000000000000, 0.281250000000000, 0.312500000000000, 0.343750000000000, 0.375000000000000, 0.406250000000000, 0.437500000000000, 0.468750000000000, 0.500000000000000, 0.531250000000000, 0.562500000000000, 0.593750000000000, 0.625000000000000, 0.656250000000000, 0.687500000000000, 0.718750000000000, 0.750000000000000, 0.781250000000000, 0.812500000000000, 0.843750000000000, 0.875000000000000, 0.906250000000000, 0.937500000000000, 0.968750000000000, 1.00000000000000 ), .UNSPECIFIED. );
#6275 = VERTEX_POINT( '', #8081 );
#6276 = LINE( '', #8082, #8083 );
#6277 = VERTEX_POINT( '', #8084 );
#6278 = B_SPLINE_CURVE_WITH_KNOTS( '', 3, ( #8085, #8086, #8087, #8088, #8089, #8090 ), .UNSPECIFIED., .F., .F., ( 4, 1, 1, 4 ), ( 0.000000000000000, 0.292715862701176, 0.626049940181581, 1.00000000000000 ), .UNSPECIFIED. );
#6279 = VERTEX_POINT( '', #8091 );
#6280 = B_SPLINE_CURVE_WITH_KNOTS( '', 3, ( #8092, #8093, #8094, #8095, #8096, #8097, #8098 ), .UNSPECIFIED., .F., .F., ( 4, 1, 1, 1, 4 ), ( 0.000000000000000, 0.250000000000000, 0.500000000000000, 0.750000000000000, 1.00000000000000 ), .UNSPECIFIED. );
#6281 = B_SPLINE_CURVE_WITH_KNOTS( '', 3, ( #8099, #8100, #8101, #8102, #8103, #8104, #8105 ), .UNSPECIFIED., .F., .F., ( 4, 1, 1, 1, 4 ), ( 0.000000000000000, 0.284274983339750, 0.545700119914413, 0.784275110285730, 1.00000000000000 ), .UNSPECIFIED. );
#6282 = VERTEX_POINT( '', #8106 );
#6283 = VERTEX_POINT( '', #8107 );
#6284 = LINE( '', #8108, #8109 );
#6285 = VERTEX_POINT( '', #8110 );
#6286 = LINE( '', #8111, #8112 );
#6287 = VERTEX_POINT( '', #8113 );
#6288 = LINE( '', #8114, #8115 );
#6289 = VERTEX_POINT( '', #8116 );
#6290 = B_SPLINE_CURVE_WITH_KNOTS( '', 3, ( #8117, #8118, #8119, #8120, #8121, #8122 ), .UNSPECIFIED., .F., .F., ( 4, 1, 1, 4 ), ( 0.000000000000000, 0.292715862696694, 0.626049940177099, 1.00000000000000 ), .UNSPECIFIED. );
#6291 = LINE( '', #8123, #8124 );
#6292 = VERTEX_POINT( '', #8125 );
#6293 = VERTEX_POINT( '', #8126 );
#6294 = LINE( '', #8127, #8128 );
#6295 = VERTEX_POINT( '', #8129 );
#6296 = LINE( '', #8130, #8131 );
#6297 = VERTEX_POINT( '', #8132 );
#6298 = LINE( '', #8133, #8134 );
#6299 = LINE( '', #8135, #8136 );
#6300 = VERTEX_POINT( '', #8137 );
#6301 = VERTEX_POINT( '', #8138 );
#6302 = LINE( '', #8139, #8140 );
#6303 = VERTEX_POINT( '', #8141 );
#6304 = LINE( '', #8142, #8143 );
#6305 = VERTEX_POINT( '', #8144 );
#6306 = LINE( '', #8145, #8146 );
#6307 = LINE( '', #8147, #8148 );
#6308 = VERTEX_POINT( '', #8149 );
#6309 = VERTEX_POINT( '', #8150 );
#6310 = LINE( '', #8151, #8152 );
#6311 = VERTEX_POINT( '', #8153 );
#6312 = LINE( '', #8154, #8155 );
#6313 = VERTEX_POINT( '', #8156 );
#6314 = LINE( '', #8157, #8158 );
#6315 = VERTEX_POINT( '', #8159 );
#6316 = CIRCLE( '', #8160, 0.000850000000000156 );
#6317 = VERTEX_POINT( '', #8161 );
#6318 = LINE( '', #8162, #8163 );
#6319 = VERTEX_POINT( '', #8164 );
#6320 = LINE( '', #8165, #8166 );
#6321 = VERTEX_POINT( '', #8167 );
#6322 = LINE( '', #8168, #8169 );
#6323 = VERTEX_POINT( '', #8170 );
#6324 = LINE( '', #8171, #8172 );
#6325 = VERTEX_POINT( '', #8173 );
#6326 = LINE( '', #8174, #8175 );
#6327 = VERTEX_POINT( '', #8176 );
#6328 = CIRCLE( '', #8177, 0.000150000000000010 );
#6329 = VERTEX_POINT( '', #8178 );
#6330 = CIRCLE( '', #8179, 0.000199999999999987 );
#6331 = VERTEX_POINT( '', #8180 );
#6332 = LINE( '', #8181, #8182 );
#6333 = VERTEX_POINT( '', #8183 );
#6334 = LINE( '', #8184, #8185 );
#6335 = VERTEX_POINT( '', #8186 );
#6336 = LINE( '', #8187, #8188 );
#6337 = VERTEX_POINT( '', #8189 );
#6338 = LINE( '', #8190, #8191 );
#6339 = VERTEX_POINT( '', #8192 );
#6340 = LINE( '', #8193, #8194 );
#6341 = VERTEX_POINT( '', #8195 );
#6342 = LINE( '', #8196, #8197 );
#6343 = VERTEX_POINT( '', #8198 );
#6344 = LINE( '', #8199, #8200 );
#6345 = VERTEX_POINT( '', #8201 );
#6346 = LINE( '', #8202, #8203 );
#6347 = VERTEX_POINT( '', #8204 );
#6348 = LINE( '', #8205, #8206 );
#6349 = VERTEX_POINT( '', #8207 );
#6350 = CIRCLE( '', #8208, 0.000550000000000086 );
#6351 = VERTEX_POINT( '', #8209 );
#6352 = CIRCLE( '', #8210, 0.000500000000000032 );
#6353 = LINE( '', #8211, #8212 );
#6354 = VERTEX_POINT( '', #8213 );
#6355 = LINE( '', #8214, #8215 );
#6356 = VERTEX_POINT( '', #8216 );
#6357 = CIRCLE( '', #8217, 0.000500000000000032 );
#6358 = VERTEX_POINT( '', #8218 );
#6359 = CIRCLE( '', #8219, 0.000550000000000086 );
#6360 = VERTEX_POINT( '', #8220 );
#6361 = LINE( '', #8221, #8222 );
#6362 = VERTEX_POINT( '', #8223 );
#6363 = LINE( '', #8224, #8225 );
#6364 = VERTEX_POINT( '', #8226 );
#6365 = LINE( '', #8227, #8228 );
#6366 = VERTEX_POINT( '', #8229 );
#6367 = LINE( '', #8230, #8231 );
#6368 = VERTEX_POINT( '', #8232 );
#6369 = LINE( '', #8233, #8234 );
#6370 = VERTEX_POINT( '', #8235 );
#6371 = LINE( '', #8236, #8237 );
#6372 = VERTEX_POINT( '', #8238 );
#6373 = LINE( '', #8239, #8240 );
#6374 = VERTEX_POINT( '', #8241 );
#6375 = LINE( '', #8242, #8243 );
#6376 = VERTEX_POINT( '', #8244 );
#6377 = LINE( '', #8245, #8246 );
#6378 = VERTEX_POINT( '', #8247 );
#6379 = CIRCLE( '', #8248, 0.000199999999999987 );
#6380 = VERTEX_POINT( '', #8249 );
#6381 = CIRCLE( '', #8250, 0.000150000000000010 );
#6382 = VERTEX_POINT( '', #8251 );
#6383 = LINE( '', #8252, #8253 );
#6384 = LINE( '', #8254, #8255 );
#6385 = VERTEX_POINT( '', #8256 );
#6386 = VERTEX_POINT( '', #8257 );
#6387 = LINE( '', #8258, #8259 );
#6388 = VERTEX_POINT( '', #8260 );
#6389 = LINE( '', #8261, #8262 );
#6390 = VERTEX_POINT( '', #8263 );
#6391 = LINE( '', #8264, #8265 );
#6392 = LINE( '', #8266, #8267 );
#6393 = VERTEX_POINT( '', #8268 );
#6394 = LINE( '', #8269, #8270 );
#6395 = VERTEX_POINT( '', #8271 );
#6396 = LINE( '', #8272, #8273 );
#6397 = CIRCLE( '', #8274, 0.000199999999999987 );
#6398 = VERTEX_POINT( '', #8275 );
#6399 = VERTEX_POINT( '', #8276 );
#6400 = LINE( '', #8277, #8278 );
#6401 = VERTEX_POINT( '', #8279 );
#6402 = CIRCLE( '', #8280, 0.000599999999999886 );
#6403 = VERTEX_POINT( '', #8281 );
#6404 = LINE( '', #8282, #8283 );
#6405 = VERTEX_POINT( '', #8284 );
#6406 = LINE( '', #8285, #8286 );
#6407 = LINE( '', #8287, #8288 );
#6408 = VERTEX_POINT( '', #8289 );
#6409 = VERTEX_POINT( '', #8290 );
#6410 = LINE( '', #8291, #8292 );
#6411 = VERTEX_POINT( '', #8293 );
#6412 = LINE( '', #8294, #8295 );
#6413 = VERTEX_POINT( '', #8296 );
#6414 = LINE( '', #8297, #8298 );
#6415 = LINE( '', #8299, #8300 );
#6416 = VERTEX_POINT( '', #8301 );
#6417 = VERTEX_POINT( '', #8302 );
#6418 = LINE( '', #8303, #8304 );
#6419 = VERTEX_POINT( '', #8305 );
#6420 = CIRCLE( '', #8306, 0.000199999999999987 );
#6421 = VERTEX_POINT( '', #8307 );
#6422 = LINE( '', #8308, #8309 );
#6423 = CIRCLE( '', #8310, 0.000199999999999987 );
#6424 = VERTEX_POINT( '', #8311 );
#6425 = LINE( '', #8312, #8313 );
#6426 = VERTEX_POINT( '', #8314 );
#6427 = LINE( '', #8315, #8316 );
#6428 = LINE( '', #8317, #8318 );
#6429 = VERTEX_POINT( '', #8319 );
#6430 = VERTEX_POINT( '', #8320 );
#6431 = CIRCLE( '', #8321, 0.000599999999999886 );
#6432 = VERTEX_POINT( '', #8322 );
#6433 = LINE( '', #8323, #8324 );
#6434 = VERTEX_POINT( '', #8325 );
#6435 = CIRCLE( '', #8326, 0.000599999999999886 );
#6436 = LINE( '', #8327, #8328 );
#6437 = VERTEX_POINT( '', #8329 );
#6438 = VERTEX_POINT( '', #8330 );
#6439 = LINE( '', #8331, #8332 );
#6440 = VERTEX_POINT( '', #8333 );
#6441 = LINE( '', #8334, #8335 );
#6442 = CIRCLE( '', #8336, 0.000249999999999991 );
#6443 = VERTEX_POINT( '', #8337 );
#6444 = LINE( '', #8338, #8339 );
#6445 = VERTEX_POINT( '', #8340 );
#6446 = CIRCLE( '', #8341, 0.000249999999999991 );
#6447 = VERTEX_POINT( '', #8342 );
#6448 = LINE( '', #8343, #8344 );
#6449 = VERTEX_POINT( '', #8345 );
#6450 = LINE( '', #8346, #8347 );
#6451 = VERTEX_POINT( '', #8348 );
#6452 = CIRCLE( '', #8349, 5.00000000000032E-005 );
#6453 = VERTEX_POINT( '', #8350 );
#6454 = LINE( '', #8351, #8352 );
#6455 = LINE( '', #8353, #8354 );
#6456 = VERTEX_POINT( '', #8355 );
#6457 = VERTEX_POINT( '', #8356 );
#6458 = CIRCLE( '', #8357, 0.000150000000000010 );
#6459 = VERTEX_POINT( '', #8358 );
#6460 = LINE( '', #8359, #8360 );
#6461 = VERTEX_POINT( '', #8361 );
#6462 = CIRCLE( '', #8362, 0.000150000000000010 );
#6463 = VERTEX_POINT( '', #8363 );
#6464 = LINE( '', #8364, #8365 );
#6465 = CIRCLE( '', #8366, 0.000150000000000010 );
#6466 = VERTEX_POINT( '', #8367 );
#6467 = VERTEX_POINT( '', #8368 );
#6468 = LINE( '', #8369, #8370 );
#6469 = VERTEX_POINT( '', #8371 );
#6470 = LINE( '', #8372, #8373 );
#6471 = VERTEX_POINT( '', #8374 );
#6472 = LINE( '', #8375, #8376 );
#6473 = LINE( '', #8377, #8378 );
#6474 = VERTEX_POINT( '', #8379 );
#6475 = CIRCLE( '', #8380, 5.00000000000032E-005 );
#6476 = VERTEX_POINT( '', #8381 );
#6477 = LINE( '', #8382, #8383 );
#6478 = CIRCLE( '', #8384, 5.00000000000032E-005 );
#6479 = VERTEX_POINT( '', #8385 );
#6480 = VERTEX_POINT( '', #8386 );
#6481 = LINE( '', #8387, #8388 );
#6482 = CIRCLE( '', #8389, 0.000300000000000070 );
#6483 = CIRCLE( '', #8390, 0.000300000000000070 );
#6484 = VERTEX_POINT( '', #8391 );
#6485 = VERTEX_POINT( '', #8392 );
#6486 = LINE( '', #8393, #8394 );
#6487 = VERTEX_POINT( '', #8395 );
#6488 = LINE( '', #8396, #8397 );
#6489 = VERTEX_POINT( '', #8398 );
#6490 = LINE( '', #8399, #8400 );
#6491 = LINE( '', #8401, #8402 );
#6492 = VERTEX_POINT( '', #8403 );
#6493 = VERTEX_POINT( '', #8404 );
#6494 = LINE( '', #8405, #8406 );
#6495 = VERTEX_POINT( '', #8407 );
#6496 = LINE( '', #8408, #8409 );
#6497 = VERTEX_POINT( '', #8410 );
#6498 = LINE( '', #8411, #8412 );
#6499 = LINE( '', #8413, #8414 );
#6500 = VERTEX_POINT( '', #8415 );
#6501 = VERTEX_POINT( '', #8416 );
#6502 = LINE( '', #8417, #8418 );
#6503 = VERTEX_POINT( '', #8419 );
#6504 = LINE( '', #8420, #8421 );
#6505 = VERTEX_POINT( '', #8422 );
#6506 = LINE( '', #8423, #8424 );
#6507 = VERTEX_POINT( '', #8425 );
#6508 = LINE( '', #8426, #8427 );
#6509 = VERTEX_POINT( '', #8428 );
#6510 = LINE( '', #8429, #8430 );
#6511 = VERTEX_POINT( '', #8431 );
#6512 = LINE( '', #8432, #8433 );
#6513 = VERTEX_POINT( '', #8434 );
#6514 = LINE( '', #8435, #8436 );
#6515 = VERTEX_POINT( '', #8437 );
#6516 = LINE( '', #8438, #8439 );
#6517 = VERTEX_POINT( '', #8440 );
#6518 = LINE( '', #8441, #8442 );
#6519 = LINE( '', #8443, #8444 );
#6520 = VERTEX_POINT( '', #8445 );
#6521 = LINE( '', #8446, #8447 );
#6522 = VERTEX_POINT( '', #8448 );
#6523 = LINE( '', #8449, #8450 );
#6524 = LINE( '', #8451, #8452 );
#6525 = VERTEX_POINT( '', #8453 );
#6526 = LINE( '', #8454, #8455 );
#6527 = VERTEX_POINT( '', #8456 );
#6528 = LINE( '', #8457, #8458 );
#6529 = LINE( '', #8459, #8460 );
#6530 = VERTEX_POINT( '', #8461 );
#6531 = VERTEX_POINT( '', #8462 );
#6532 = LINE( '', #8463, #8464 );
#6533 = VERTEX_POINT( '', #8465 );
#6534 = LINE( '', #8466, #8467 );
#6535 = VERTEX_POINT( '', #8468 );
#6536 = LINE( '', #8469, #8470 );
#6537 = LINE( '', #8471, #8472 );
#6538 = VERTEX_POINT( '', #8473 );
#6539 = VERTEX_POINT( '', #8474 );
#6540 = LINE( '', #8475, #8476 );
#6541 = VERTEX_POINT( '', #8477 );
#6542 = LINE( '', #8478, #8479 );
#6543 = VERTEX_POINT( '', #8480 );
#6544 = LINE( '', #8481, #8482 );
#6545 = LINE( '', #8483, #8484 );
#6546 = VERTEX_POINT( '', #8485 );
#6547 = LINE( '', #8486, #8487 );
#6548 = VERTEX_POINT( '', #8488 );
#6549 = LINE( '', #8489, #8490 );
#6550 = LINE( '', #8491, #8492 );
#6551 = VERTEX_POINT( '', #8493 );
#6552 = CIRCLE( '', #8494, 5.00000000000032E-005 );
#6553 = VERTEX_POINT( '', #8495 );
#6554 = LINE( '', #8496, #8497 );
#6555 = VERTEX_POINT( '', #8498 );
#6556 = CIRCLE( '', #8499, 0.000300000000000070 );
#6557 = VERTEX_POINT( '', #8500 );
#6558 = LINE( '', #8501, #8502 );
#6559 = VERTEX_POINT( '', #8503 );
#6560 = LINE( '', #8504, #8505 );
#6561 = LINE( '', #8506, #8507 );
#6562 = LINE( '', #8508, #8509 );
#6563 = LINE( '', #8510, #8511 );
#6564 = VERTEX_POINT( '', #8512 );
#6565 = LINE( '', #8513, #8514 );
#6566 = VERTEX_POINT( '', #8515 );
#6567 = LINE( '', #8516, #8517 );
#6568 = VERTEX_POINT( '', #8518 );
#6569 = LINE( '', #8519, #8520 );
#6570 = VERTEX_POINT( '', #8521 );
#6571 = CIRCLE( '', #8522, 0.000300000000000070 );
#6572 = VERTEX_POINT( '', #8523 );
#6573 = LINE( '', #8524, #8525 );
#6574 = CIRCLE( '', #8526, 5.00000000000032E-005 );
#6575 = VERTEX_POINT( '', #8527 );
#6576 = VERTEX_POINT( '', #8528 );
#6577 = LINE( '', #8529, #8530 );
#6578 = VERTEX_POINT( '', #8531 );
#6579 = LINE( '', #8532, #8533 );
#6580 = VERTEX_POINT( '', #8534 );
#6581 = LINE( '', #8535, #8536 );
#6582 = LINE( '', #8537, #8538 );
#6583 = VERTEX_POINT( '', #8539 );
#6584 = CIRCLE( '', #8540, 5.00000000000032E-005 );
#6585 = VERTEX_POINT( '', #8541 );
#6586 = LINE( '', #8542, #8543 );
#6587 = VERTEX_POINT( '', #8544 );
#6588 = CIRCLE( '', #8545, 0.000300000000000070 );
#6589 = VERTEX_POINT( '', #8546 );
#6590 = LINE( '', #8547, #8548 );
#6591 = VERTEX_POINT( '', #8549 );
#6592 = LINE( '', #8550, #8551 );
#6593 = VERTEX_POINT( '', #8552 );
#6594 = LINE( '', #8553, #8554 );
#6595 = VERTEX_POINT( '', #8555 );
#6596 = CIRCLE( '', #8556, 5.00000000000032E-005 );
#6597 = VERTEX_POINT( '', #8557 );
#6598 = LINE( '', #8558, #8559 );
#6599 = VERTEX_POINT( '', #8560 );
#6600 = CIRCLE( '', #8561, 0.000300000000000070 );
#6601 = VERTEX_POINT( '', #8562 );
#6602 = LINE( '', #8563, #8564 );
#6603 = LINE( '', #8565, #8566 );
#6604 = VERTEX_POINT( '', #8567 );
#6605 = VERTEX_POINT( '', #8568 );
#6606 = LINE( '', #8569, #8570 );
#6607 = VERTEX_POINT( '', #8571 );
#6608 = LINE( '', #8572, #8573 );
#6609 = LINE( '', #8574, #8575 );
#6610 = VERTEX_POINT( '', #8576 );
#6611 = LINE( '', #8577, #8578 );
#6612 = VERTEX_POINT( '', #8579 );
#6613 = LINE( '', #8580, #8581 );
#6614 = CIRCLE( '', #8582, 0.000300000000000070 );
#6615 = VERTEX_POINT( '', #8583 );
#6616 = LINE( '', #8584, #8585 );
#6617 = LINE( '', #8586, #8587 );
#6618 = VERTEX_POINT( '', #8588 );
#6619 = LINE( '', #8589, #8590 );
#6620 = LINE( '', #8591, #8592 );
#6621 = VERTEX_POINT( '', #8593 );
#6622 = VERTEX_POINT( '', #8594 );
#6623 = LINE( '', #8595, #8596 );
#6624 = VERTEX_POINT( '', #8597 );
#6625 = CIRCLE( '', #8598, 0.000300000000000070 );
#6626 = VERTEX_POINT( '', #8599 );
#6627 = LINE( '', #8600, #8601 );
#6628 = CIRCLE( '', #8602, 0.000300000000000070 );
#6629 = VERTEX_POINT( '', #8603 );
#6630 = LINE( '', #8604, #8605 );
#6631 = VERTEX_POINT( '', #8606 );
#6632 = LINE( '', #8607, #8608 );
#6633 = LINE( '', #8609, #8610 );
#6634 = VERTEX_POINT( '', #8611 );
#6635 = VERTEX_POINT( '', #8612 );
#6636 = LINE( '', #8613, #8614 );
#6637 = LINE( '', #8615, #8616 );
#6638 = LINE( '', #8617, #8618 );
#6639 = LINE( '', #8619, #8620 );
#6640 = LINE( '', #8621, #8622 );
#6641 = LINE( '', #8623, #8624 );
#6642 = VERTEX_POINT( '', #8625 );
#6643 = VERTEX_POINT( '', #8626 );
#6644 = LINE( '', #8627, #8628 );
#6645 = VERTEX_POINT( '', #8629 );
#6646 = LINE( '', #8630, #8631 );
#6647 = VERTEX_POINT( '', #8632 );
#6648 = LINE( '', #8633, #8634 );
#6649 = LINE( '', #8635, #8636 );
#6650 = VERTEX_POINT( '', #8637 );
#6651 = VERTEX_POINT( '', #8638 );
#6652 = LINE( '', #8639, #8640 );
#6653 = LINE( '', #8641, #8642 );
#6654 = LINE( '', #8643, #8644 );
#6655 = VERTEX_POINT( '', #8645 );
#6656 = LINE( '', #8646, #8647 );
#6657 = VERTEX_POINT( '', #8648 );
#6658 = LINE( '', #8649, #8650 );
#6659 = LINE( '', #8651, #8652 );
#6660 = VERTEX_POINT( '', #8653 );
#6661 = VERTEX_POINT( '', #8654 );
#6662 = LINE( '', #8655, #8656 );
#6663 = VERTEX_POINT( '', #8657 );
#6664 = LINE( '', #8658, #8659 );
#6665 = VERTEX_POINT( '', #8660 );
#6666 = LINE( '', #8661, #8662 );
#6667 = LINE( '', #8663, #8664 );
#6668 = CIRCLE( '', #8665, 0.000300000000000070 );
#6669 = CIRCLE( '', #8666, 0.000300000000000070 );
#6670 = LINE( '', #8667, #8668 );
#6671 = LINE( '', #8669, #8670 );
#6672 = VERTEX_POINT( '', #8671 );
#6673 = CIRCLE( '', #8672, 0.000399999999999924 );
#6674 = VERTEX_POINT( '', #8673 );
#6675 = VERTEX_POINT( '', #8674 );
#6676 = LINE( '', #8675, #8676 );
#6677 = VERTEX_POINT( '', #8677 );
#6678 = LINE( '', #8678, #8679 );
#6679 = VERTEX_POINT( '', #8680 );
#6680 = LINE( '', #8681, #8682 );
#6681 = LINE( '', #8683, #8684 );
#6682 = VERTEX_POINT( '', #8685 );
#6683 = VERTEX_POINT( '', #8686 );
#6684 = LINE( '', #8687, #8688 );
#6685 = VERTEX_POINT( '', #8689 );
#6686 = LINE( '', #8690, #8691 );
#6687 = VERTEX_POINT( '', #8692 );
#6688 = LINE( '', #8693, #8694 );
#6689 = LINE( '', #8695, #8696 );
#6690 = VERTEX_POINT( '', #8697 );
#6691 = CIRCLE( '', #8698, 0.000599999999999886 );
#6692 = VERTEX_POINT( '', #8699 );
#6693 = LINE( '', #8700, #8701 );
#6694 = VERTEX_POINT( '', #8702 );
#6695 = LINE( '', #8703, #8704 );
#6696 = LINE( '', #8705, #8706 );
#6697 = VERTEX_POINT( '', #8707 );
#6698 = LINE( '', #8708, #8709 );
#6699 = VERTEX_POINT( '', #8710 );
#6700 = LINE( '', #8711, #8712 );
#6701 = CIRCLE( '', #8713, 0.000150000000000010 );
#6702 = LINE( '', #8714, #8715 );
#6703 = VERTEX_POINT( '', #8716 );
#6704 = LINE( '', #8717, #8718 );
#6705 = LINE( '', #8719, #8720 );
#6706 = VERTEX_POINT( '', #8721 );
#6707 = CIRCLE( '', #8722, 0.000399999999999924 );
#6708 = VERTEX_POINT( '', #8723 );
#6709 = VERTEX_POINT( '', #8724 );
#6710 = LINE( '', #8725, #8726 );
#6711 = VERTEX_POINT( '', #8727 );
#6712 = LINE( '', #8728, #8729 );
#6713 = VERTEX_POINT( '', #8730 );
#6714 = LINE( '', #8731, #8732 );
#6715 = LINE( '', #8733, #8734 );
#6716 = VERTEX_POINT( '', #8735 );
#6717 = LINE( '', #8736, #8737 );
#6718 = VERTEX_POINT( '', #8738 );
#6719 = LINE( '', #8739, #8740 );
#6720 = CIRCLE( '', #8741, 0.000500000000000032 );
#6721 = VERTEX_POINT( '', #8742 );
#6722 = VERTEX_POINT( '', #8743 );
#6723 = LINE( '', #8744, #8745 );
#6724 = VERTEX_POINT( '', #8746 );
#6725 = LINE( '', #8747, #8748 );
#6726 = VERTEX_POINT( '', #8749 );
#6727 = LINE( '', #8750, #8751 );
#6728 = LINE( '', #8752, #8753 );
#6729 = VERTEX_POINT( '', #8754 );
#6730 = VERTEX_POINT( '', #8755 );
#6731 = CIRCLE( '', #8756, 5.00000000000032E-005 );
#6732 = VERTEX_POINT( '', #8757 );
#6733 = LINE( '', #8758, #8759 );
#6734 = VERTEX_POINT( '', #8760 );
#6735 = CIRCLE( '', #8761, 5.00000000000032E-005 );
#6736 = VERTEX_POINT( '', #8762 );
#6737 = LINE( '', #8763, #8764 );
#6738 = LINE( '', #8765, #8766 );
#6739 = VERTEX_POINT( '', #8767 );
#6740 = LINE( '', #8768, #8769 );
#6741 = VERTEX_POINT( '', #8770 );
#6742 = LINE( '', #8771, #8772 );
#6743 = LINE( '', #8773, #8774 );
#6744 = VERTEX_POINT( '', #8775 );
#6745 = VERTEX_POINT( '', #8776 );
#6746 = LINE( '', #8777, #8778 );
#6747 = VERTEX_POINT( '', #8779 );
#6748 = LINE( '', #8780, #8781 );
#6749 = VERTEX_POINT( '', #8782 );
#6750 = LINE( '', #8783, #8784 );
#6751 = LINE( '', #8785, #8786 );
#6752 = VERTEX_POINT( '', #8787 );
#6753 = VERTEX_POINT( '', #8788 );
#6754 = LINE( '', #8789, #8790 );
#6755 = VERTEX_POINT( '', #8791 );
#6756 = LINE( '', #8792, #8793 );
#6757 = VERTEX_POINT( '', #8794 );
#6758 = LINE( '', #8795, #8796 );
#6759 = LINE( '', #8797, #8798 );
#6760 = VERTEX_POINT( '', #8799 );
#6761 = VERTEX_POINT( '', #8800 );
#6762 = LINE( '', #8801, #8802 );
#6763 = VERTEX_POINT( '', #8803 );
#6764 = LINE( '', #8804, #8805 );
#6765 = VERTEX_POINT( '', #8806 );
#6766 = LINE( '', #8807, #8808 );
#6767 = VERTEX_POINT( '', #8809 );
#6768 = LINE( '', #8810, #8811 );
#6769 = LINE( '', #8812, #8813 );
#6770 = VERTEX_POINT( '', #8814 );
#6771 = VERTEX_POINT( '', #8815 );
#6772 = LINE( '', #8816, #8817 );
#6773 = VERTEX_POINT( '', #8818 );
#6774 = LINE( '', #8819, #8820 );
#6775 = VERTEX_POINT( '', #8821 );
#6776 = LINE( '', #8822, #8823 );
#6777 = LINE( '', #8824, #8825 );
#6778 = VERTEX_POINT( '', #8826 );
#6779 = VERTEX_POINT( '', #8827 );
#6780 = LINE( '', #8828, #8829 );
#6781 = LINE( '', #8830, #8831 );
#6782 = LINE( '', #8832, #8833 );
#6783 = VERTEX_POINT( '', #8834 );
#6784 = LINE( '', #8835, #8836 );
#6785 = VERTEX_POINT( '', #8837 );
#6786 = LINE( '', #8838, #8839 );
#6787 = CIRCLE( '', #8840, 0.000500000000000032 );
#6788 = VERTEX_POINT( '', #8841 );
#6789 = VERTEX_POINT( '', #8842 );
#6790 = LINE( '', #8843, #8844 );
#6791 = VERTEX_POINT( '', #8845 );
#6792 = LINE( '', #8846, #8847 );
#6793 = VERTEX_POINT( '', #8848 );
#6794 = LINE( '', #8849, #8850 );
#6795 = LINE( '', #8851, #8852 );
#6796 = VERTEX_POINT( '', #8853 );
#6797 = VERTEX_POINT( '', #8854 );
#6798 = LINE( '', #8855, #8856 );
#6799 = VERTEX_POINT( '', #8857 );
#6800 = LINE( '', #8858, #8859 );
#6801 = VERTEX_POINT( '', #8860 );
#6802 = LINE( '', #8861, #8862 );
#6803 = LINE( '', #8863, #8864 );
#6804 = VERTEX_POINT( '', #8865 );
#6805 = LINE( '', #8866, #8867 );
#6806 = CIRCLE( '', #8868, 0.000550000000000086 );
#6807 = VERTEX_POINT( '', #8869 );
#6808 = VERTEX_POINT( '', #8870 );
#6809 = LINE( '', #8871, #8872 );
#6810 = VERTEX_POINT( '', #8873 );
#6811 = LINE( '', #8874, #8875 );
#6812 = VERTEX_POINT( '', #8876 );
#6813 = LINE( '', #8877, #8878 );
#6814 = LINE( '', #8879, #8880 );
#6815 = VERTEX_POINT( '', #8881 );
#6816 = VERTEX_POINT( '', #8882 );
#6817 = LINE( '', #8883, #8884 );
#6818 = VERTEX_POINT( '', #8885 );
#6819 = LINE( '', #8886, #8887 );
#6820 = CIRCLE( '', #8888, 0.000249999999999991 );
#6821 = VERTEX_POINT( '', #8889 );
#6822 = VERTEX_POINT( '', #8890 );
#6823 = LINE( '', #8891, #8892 );
#6824 = VERTEX_POINT( '', #8893 );
#6825 = LINE( '', #8894, #8895 );
#6826 = VERTEX_POINT( '', #8896 );
#6827 = LINE( '', #8897, #8898 );
#6828 = LINE( '', #8899, #8900 );
#6829 = VERTEX_POINT( '', #8901 );
#6830 = VERTEX_POINT( '', #8902 );
#6831 = CIRCLE( '', #8903, 0.000599999999999886 );
#6832 = VERTEX_POINT( '', #8904 );
#6833 = LINE( '', #8905, #8906 );
#6834 = VERTEX_POINT( '', #8907 );
#6835 = CIRCLE( '', #8908, 0.000599999999999886 );
#6836 = LINE( '', #8909, #8910 );
#6837 = VERTEX_POINT( '', #8911 );
#6838 = VERTEX_POINT( '', #8912 );
#6839 = LINE( '', #8913, #8914 );
#6840 = LINE( '', #8915, #8916 );
#6841 = LINE( '', #8917, #8918 );
#6842 = VERTEX_POINT( '', #8919 );
#6843 = VERTEX_POINT( '', #8920 );
#6844 = LINE( '', #8921, #8922 );
#6845 = VERTEX_POINT( '', #8923 );
#6846 = LINE( '', #8924, #8925 );
#6847 = VERTEX_POINT( '', #8926 );
#6848 = LINE( '', #8927, #8928 );
#6849 = VERTEX_POINT( '', #8929 );
#6850 = B_SPLINE_CURVE_WITH_KNOTS( '', 3, ( #8930, #8931, #8932, #8933, #8934, #8935, #8936, #8937, #8938 ), .UNSPECIFIED., .F., .F., ( 4, 1, 1, 1, 1, 1, 4 ), ( 0.000000000000000, 0.118857538893651, 0.261555447928873, 0.381853470982514, 0.502419218111704, 0.775352139537076, 1.00000000000000 ), .UNSPECIFIED. );
#6851 = VERTEX_POINT( '', #8939 );
#6852 = LINE( '', #8940, #8941 );
#6853 = VERTEX_POINT( '', #8942 );
#6854 = LINE( '', #8943, #8944 );
#6855 = LINE( '', #8945, #8946 );
#6856 = VERTEX_POINT( '', #8947 );
#6857 = LINE( '', #8948, #8949 );
#6858 = VERTEX_POINT( '', #8950 );
#6859 = LINE( '', #8951, #8952 );
#6860 = VERTEX_POINT( '', #8953 );
#6861 = B_SPLINE_CURVE_WITH_KNOTS( '', 2, ( #8954, #8955, #8956, #8957, #8958 ), .UNSPECIFIED., .F., .F., ( 3, 2, 3 ), ( 0.000000000000000, 0.500000000000000, 1.00000000000000 ), .UNSPECIFIED. );
#6862 = VERTEX_POINT( '', #8959 );
#6863 = LINE( '', #8960, #8961 );
#6864 = B_SPLINE_CURVE_WITH_KNOTS( '', 3, ( #8962, #8963, #8964, #8965, #8966, #8967, #8968, #8969, #8970, #8971, #8972, #8973, #8974, #8975, #8976, #8977, #8978, #8979, #8980, #8981, #8982, #8983, #8984, #8985, #8986, #8987, #8988, #8989, #8990, #8991, #8992, #8993, #8994, #8995, #8996 ), .UNSPECIFIED., .F., .F., ( 4, 1, 1, 1, 1, 1, 1, 1, 1, 1, 1, 1, 1, 1, 1, 1, 1, 1, 1, 1, 1, 1, 1, 1, 1, 1, 1, 1, 1, 1, 1, 1, 4 ), ( 0.000000000000000, 0.0312500000000000, 0.0625000000000000, 0.0937500000000000, 0.125000000000000, 0.156250000000000, 0.187500000000000, 0.218750000000000, 0.250000000000000, 0.281250000000000, 0.312500000000000, 0.343750000000000, 0.375000000000000, 0.406250000000000, 0.437500000000000, 0.468750000000000, 0.500000000000000, 0.531250000000000, 0.562500000000000, 0.593750000000000, 0.625000000000000, 0.656250000000000, 0.687500000000000, 0.718750000000000, 0.750000000000000, 0.781250000000000, 0.812500000000000, 0.843750000000000, 0.875000000000000, 0.906250000000000, 0.937500000000000, 0.968750000000000, 1.00000000000000 ), .UNSPECIFIED. );
#6865 = VERTEX_POINT( '', #8997 );
#6866 = VERTEX_POINT( '', #8998 );
#6867 = B_SPLINE_CURVE_WITH_KNOTS( '', 3, ( #8999, #9000, #9001, #9002, #9003, #9004, #9005 ), .UNSPECIFIED., .F., .F., ( 4, 1, 1, 1, 4 ), ( 0.000000000000000, 0.284274983337803, 0.545700119911814, 0.784275110283781, 1.00000000000000 ), .UNSPECIFIED. );
#6868 = VERTEX_POINT( '', #9006 );
#6869 = LINE( '', #9007, #9008 );
#6870 = LINE( '', #9009, #9010 );
#6871 = LINE( '', #9011, #9012 );
#6872 = VERTEX_POINT( '', #9013 );
#6873 = LINE( '', #9014, #9015 );
#6874 = VERTEX_POINT( '', #9016 );
#6875 = LINE( '', #9017, #9018 );
#6876 = VERTEX_POINT( '', #9019 );
#6877 = LINE( '', #9020, #9021 );
#6878 = LINE( '', #9022, #9023 );
#6879 = VERTEX_POINT( '', #9024 );
#6880 = VERTEX_POINT( '', #9025 );
#6881 = LINE( '', #9026, #9027 );
#6882 = VERTEX_POINT( '', #9028 );
#6883 = LINE( '', #9029, #9030 );
#6884 = VERTEX_POINT( '', #9031 );
#6885 = LINE( '', #9032, #9033 );
#6886 = VERTEX_POINT( '', #9034 );
#6887 = LINE( '', #9035, #9036 );
#6888 = VERTEX_POINT( '', #9037 );
#6889 = LINE( '', #9038, #9039 );
#6890 = VERTEX_POINT( '', #9040 );
#6891 = LINE( '', #9041, #9042 );
#6892 = LINE( '', #9043, #9044 );
#6893 = VERTEX_POINT( '', #9045 );
#6894 = VERTEX_POINT( '', #9046 );
#6895 = LINE( '', #9047, #9048 );
#6896 = LINE( '', #9049, #9050 );
#6897 = LINE( '', #9051, #9052 );
#6898 = VERTEX_POINT( '', #9053 );
#6899 = CIRCLE( '', #9054, 0.000532170656761714 );
#6900 = VERTEX_POINT( '', #9055 );
#6901 = CIRCLE( '', #9056, 0.000933349409527826 );
#6902 = VERTEX_POINT( '', #9057 );
#6903 = VERTEX_POINT( '', #9058 );
#6904 = LINE( '', #9059, #9060 );
#6905 = VERTEX_POINT( '', #9061 );
#6906 = LINE( '', #9062, #9063 );
#6907 = VERTEX_POINT( '', #9064 );
#6908 = LINE( '', #9065, #9066 );
#6909 = LINE( '', #9067, #9068 );
#6910 = VERTEX_POINT( '', #9069 );
#6911 = VERTEX_POINT( '', #9070 );
#6912 = LINE( '', #9071, #9072 );
#6913 = VERTEX_POINT( '', #9073 );
#6914 = LINE( '', #9074, #9075 );
#6915 = VERTEX_POINT( '', #9076 );
#6916 = LINE( '', #9077, #9078 );
#6917 = VERTEX_POINT( '', #9079 );
#6918 = LINE( '', #9080, #9081 );
#6919 = VERTEX_POINT( '', #9082 );
#6920 = LINE( '', #9083, #9084 );
#6921 = VERTEX_POINT( '', #9085 );
#6922 = B_SPLINE_CURVE_WITH_KNOTS( '', 3, ( #9086, #9087, #9088, #9089, #9090, #9091 ), .UNSPECIFIED., .F., .F., ( 4, 1, 1, 4 ), ( 0.000000000000000, 0.333333333333300, 0.666666666666700, 1.00000000000000 ), .UNSPECIFIED. );
#6923 = VERTEX_POINT( '', #9092 );
#6924 = LINE( '', #9093, #9094 );
#6925 = VERTEX_POINT( '', #9095 );
#6926 = LINE( '', #9096, #9097 );
#6927 = LINE( '', #9098, #9099 );
#6928 = CIRCLE( '', #9100, 0.000249999999999991 );
#6929 = LINE( '', #9101, #9102 );
#6930 = VERTEX_POINT( '', #9103 );
#6931 = CIRCLE( '', #9104, 0.000249999999999991 );
#6932 = LINE( '', #9105, #9106 );
#6933 = LINE( '', #9107, #9108 );
#6934 = LINE( '', #9109, #9110 );
#6935 = VERTEX_POINT( '', #9111 );
#6936 = VERTEX_POINT( '', #9112 );
#6937 = LINE( '', #9113, #9114 );
#6938 = VERTEX_POINT( '', #9115 );
#6939 = LINE( '', #9116, #9117 );
#6940 = LINE( '', #9118, #9119 );
#6941 = VERTEX_POINT( '', #9120 );
#6942 = VERTEX_POINT( '', #9121 );
#6943 = LINE( '', #9122, #9123 );
#6944 = VERTEX_POINT( '', #9124 );
#6945 = LINE( '', #9125, #9126 );
#6946 = VERTEX_POINT( '', #9127 );
#6947 = LINE( '', #9128, #9129 );
#6948 = LINE( '', #9130, #9131 );
#6949 = VERTEX_POINT( '', #9132 );
#6950 = LINE( '', #9133, #9134 );
#6951 = VERTEX_POINT( '', #9135 );
#6952 = LINE( '', #9136, #9137 );
#6953 = VERTEX_POINT( '', #9138 );
#6954 = LINE( '', #9139, #9140 );
#6955 = VERTEX_POINT( '', #9141 );
#6956 = LINE( '', #9142, #9143 );
#6957 = VERTEX_POINT( '', #9144 );
#6958 = LINE( '', #9145, #9146 );
#6959 = VERTEX_POINT( '', #9147 );
#6960 = LINE( '', #9148, #9149 );
#6961 = LINE( '', #9150, #9151 );
#6962 = VERTEX_POINT( '', #9152 );
#6963 = LINE( '', #9153, #9154 );
#6964 = VERTEX_POINT( '', #9155 );
#6965 = LINE( '', #9156, #9157 );
#6966 = VERTEX_POINT( '', #9158 );
#6967 = LINE( '', #9159, #9160 );
#6968 = VERTEX_POINT( '', #9161 );
#6969 = LINE( '', #9162, #9163 );
#6970 = VERTEX_POINT( '', #9164 );
#6971 = LINE( '', #9165, #9166 );
#6972 = VERTEX_POINT( '', #9167 );
#6973 = LINE( '', #9168, #9169 );
#6974 = LINE( '', #9170, #9171 );
#6975 = VERTEX_POINT( '', #9172 );
#6976 = VERTEX_POINT( '', #9173 );
#6977 = LINE( '', #9174, #9175 );
#6978 = VERTEX_POINT( '', #9176 );
#6979 = LINE( '', #9177, #9178 );
#6980 = VERTEX_POINT( '', #9179 );
#6981 = LINE( '', #9180, #9181 );
#6982 = LINE( '', #9182, #9183 );
#6983 = VERTEX_POINT( '', #9184 );
#6984 = CIRCLE( '', #9185, 0.000150000000000010 );
#6985 = VERTEX_POINT( '', #9186 );
#6986 = CIRCLE( '', #9187, 0.000150000000000010 );
#6987 = LINE( '', #9188, #9189 );
#6988 = VERTEX_POINT( '', #9190 );
#6989 = VERTEX_POINT( '', #9191 );
#6990 = CIRCLE( '', #9192, 0.000150000000000010 );
#6991 = VERTEX_POINT( '', #9193 );
#6992 = LINE( '', #9194, #9195 );
#6993 = VERTEX_POINT( '', #9196 );
#6994 = CIRCLE( '', #9197, 0.000150000000000010 );
#6995 = LINE( '', #9198, #9199 );
#6996 = VERTEX_POINT( '', #9200 );
#6997 = VERTEX_POINT( '', #9201 );
#6998 = LINE( '', #9202, #9203 );
#6999 = VERTEX_POINT( '', #9204 );
#7000 = LINE( '', #9205, #9206 );
#7001 = CIRCLE( '', #9207, 0.000249999999999991 );
#7002 = VERTEX_POINT( '', #9208 );
#7003 = VERTEX_POINT( '', #9209 );
#7004 = LINE( '', #9210, #9211 );
#7005 = VERTEX_POINT( '', #9212 );
#7006 = LINE( '', #9213, #9214 );
#7007 = VERTEX_POINT( '', #9215 );
#7008 = LINE( '', #9216, #9217 );
#7009 = LINE( '', #9218, #9219 );
#7010 = VERTEX_POINT( '', #9220 );
#7011 = VERTEX_POINT( '', #9221 );
#7012 = LINE( '', #9222, #9223 );
#7013 = LINE( '', #9224, #9225 );
#7014 = LINE( '', #9226, #9227 );
#7015 = VERTEX_POINT( '', #9228 );
#7016 = LINE( '', #9229, #9230 );
#7017 = VERTEX_POINT( '', #9231 );
#7018 = LINE( '', #9232, #9233 );
#7019 = LINE( '', #9234, #9235 );
#7020 = VERTEX_POINT( '', #9236 );
#7021 = VERTEX_POINT( '', #9237 );
#7022 = LINE( '', #9238, #9239 );
#7023 = LINE( '', #9240, #9241 );
#7024 = LINE( '', #9242, #9243 );
#7025 = LINE( '', #9244, #9245 );
#7026 = LINE( '', #9246, #9247 );
#7027 = VERTEX_POINT( '', #9248 );
#7028 = VERTEX_POINT( '', #9249 );
#7029 = CIRCLE( '', #9250, 0.000150000000000010 );
#7030 = VERTEX_POINT( '', #9251 );
#7031 = LINE( '', #9252, #9253 );
#7032 = VERTEX_POINT( '', #9254 );
#7033 = CIRCLE( '', #9255, 0.000150000000000010 );
#7034 = LINE( '', #9256, #9257 );
#7035 = VERTEX_POINT( '', #9258 );
#7036 = VERTEX_POINT( '', #9259 );
#7037 = LINE( '', #9260, #9261 );
#7038 = LINE( '', #9262, #9263 );
#7039 = VERTEX_POINT( '', #9264 );
#7040 = LINE( '', #9265, #9266 );
#7041 = LINE( '', #9267, #9268 );
#7042 = LINE( '', #9269, #9270 );
#7043 = VERTEX_POINT( '', #9271 );
#7044 = LINE( '', #9272, #9273 );
#7045 = VERTEX_POINT( '', #9274 );
#7046 = LINE( '', #9275, #9276 );
#7047 = VERTEX_POINT( '', #9277 );
#7048 = LINE( '', #9278, #9279 );
#7049 = VERTEX_POINT( '', #9280 );
#7050 = LINE( '', #9281, #9282 );
#7051 = VERTEX_POINT( '', #9283 );
#7052 = LINE( '', #9284, #9285 );
#7053 = VERTEX_POINT( '', #9286 );
#7054 = LINE( '', #9287, #9288 );
#7055 = LINE( '', #9289, #9290 );
#7056 = VERTEX_POINT( '', #9291 );
#7057 = LINE( '', #9292, #9293 );
#7058 = VERTEX_POINT( '', #9294 );
#7059 = LINE( '', #9295, #9296 );
#7060 = VERTEX_POINT( '', #9297 );
#7061 = LINE( '', #9298, #9299 );
#7062 = VERTEX_POINT( '', #9300 );
#7063 = LINE( '', #9301, #9302 );
#7064 = LINE( '', #9303, #9304 );
#7065 = VERTEX_POINT( '', #9305 );
#7066 = LINE( '', #9306, #9307 );
#7067 = VERTEX_POINT( '', #9308 );
#7068 = LINE( '', #9309, #9310 );
#7069 = VERTEX_POINT( '', #9311 );
#7070 = LINE( '', #9312, #9313 );
#7071 = VERTEX_POINT( '', #9314 );
#7072 = LINE( '', #9315, #9316 );
#7073 = VERTEX_POINT( '', #9317 );
#7074 = LINE( '', #9318, #9319 );
#7075 = LINE( '', #9320, #9321 );
#7076 = VERTEX_POINT( '', #9322 );
#7077 = LINE( '', #9323, #9324 );
#7078 = VERTEX_POINT( '', #9325 );
#7079 = LINE( '', #9326, #9327 );
#7080 = VERTEX_POINT( '', #9328 );
#7081 = LINE( '', #9329, #9330 );
#7082 = VERTEX_POINT( '', #9331 );
#7083 = LINE( '', #9332, #9333 );
#7084 = LINE( '', #9334, #9335 );
#7085 = LINE( '', #9336, #9337 );
#7086 = VERTEX_POINT( '', #9338 );
#7087 = CIRCLE( '', #9339, 0.00279999999999896 );
#7088 = VERTEX_POINT( '', #9340 );
#7089 = VERTEX_POINT( '', #9341 );
#7090 = LINE( '', #9342, #9343 );
#7091 = LINE( '', #9344, #9345 );
#7092 = LINE( '', #9346, #9347 );
#7093 = VERTEX_POINT( '', #9348 );
#7094 = VERTEX_POINT( '', #9349 );
#7095 = LINE( '', #9350, #9351 );
#7096 = VERTEX_POINT( '', #9352 );
#7097 = LINE( '', #9353, #9354 );
#7098 = VERTEX_POINT( '', #9355 );
#7099 = LINE( '', #9356, #9357 );
#7100 = LINE( '', #9358, #9359 );
#7101 = VERTEX_POINT( '', #9360 );
#7102 = VERTEX_POINT( '', #9361 );
#7103 = LINE( '', #9362, #9363 );
#7104 = VERTEX_POINT( '', #9364 );
#7105 = LINE( '', #9365, #9366 );
#7106 = VERTEX_POINT( '', #9367 );
#7107 = LINE( '', #9368, #9369 );
#7108 = LINE( '', #9370, #9371 );
#7109 = VERTEX_POINT( '', #9372 );
#7110 = LINE( '', #9373, #9374 );
#7111 = VERTEX_POINT( '', #9375 );
#7112 = LINE( '', #9376, #9377 );
#7113 = LINE( '', #9378, #9379 );
#7114 = VERTEX_POINT( '', #9380 );
#7115 = LINE( '', #9381, #9382 );
#7116 = VERTEX_POINT( '', #9383 );
#7117 = LINE( '', #9384, #9385 );
#7118 = VERTEX_POINT( '', #9386 );
#7119 = LINE( '', #9387, #9388 );
#7120 = LINE( '', #9389, #9390 );
#7121 = LINE( '', #9391, #9392 );
#7122 = VERTEX_POINT( '', #9393 );
#7123 = VERTEX_POINT( '', #9394 );
#7124 = LINE( '', #9395, #9396 );
#7125 = CIRCLE( '', #9397, 0.000550000000000086 );
#7126 = CIRCLE( '', #9398, 0.000550000000000086 );
#7127 = VERTEX_POINT( '', #9399 );
#7128 = LINE( '', #9400, #9401 );
#7129 = VERTEX_POINT( '', #9402 );
#7130 = LINE( '', #9403, #9404 );
#7131 = LINE( '', #9405, #9406 );
#7132 = VERTEX_POINT( '', #9407 );
#7133 = LINE( '', #9408, #9409 );
#7134 = VERTEX_POINT( '', #9410 );
#7135 = LINE( '', #9411, #9412 );
#7136 = VERTEX_POINT( '', #9413 );
#7137 = B_SPLINE_CURVE_WITH_KNOTS( '', 2, ( #9414, #9415, #9416, #9417, #9418 ), .UNSPECIFIED., .F., .F., ( 3, 2, 3 ), ( 0.000000000000000, 0.500000000000000, 1.00000000000000 ), .UNSPECIFIED. );
#7138 = VERTEX_POINT( '', #9419 );
#7139 = LINE( '', #9420, #9421 );
#7140 = VERTEX_POINT( '', #9422 );
#7141 = LINE( '', #9423, #9424 );
#7142 = LINE( '', #9425, #9426 );
#7143 = VERTEX_POINT( '', #9427 );
#7144 = LINE( '', #9428, #9429 );
#7145 = VERTEX_POINT( '', #9430 );
#7146 = B_SPLINE_CURVE_WITH_KNOTS( '', 3, ( #9431, #9432, #9433, #9434, #9435, #9436, #9437, #9438, #9439 ), .UNSPECIFIED., .F., .F., ( 4, 1, 1, 1, 1, 1, 4 ), ( 0.000000000000000, 0.118857538893651, 0.261555447928873, 0.381853470982514, 0.502419218111704, 0.775352139537076, 1.00000000000000 ), .UNSPECIFIED. );
#7147 = LINE( '', #9440, #9441 );
#7148 = LINE( '', #9442, #9443 );
#7149 = VERTEX_POINT( '', #9444 );
#7150 = LINE( '', #9445, #9446 );
#7151 = VERTEX_POINT( '', #9447 );
#7152 = LINE( '', #9448, #9449 );
#7153 = LINE( '', #9450, #9451 );
#7154 = VERTEX_POINT( '', #9452 );
#7155 = LINE( '', #9453, #9454 );
#7156 = LINE( '', #9455, #9456 );
#7157 = VERTEX_POINT( '', #9457 );
#7158 = CIRCLE( '', #9458, 0.000399999999999924 );
#7159 = VERTEX_POINT( '', #9459 );
#7160 = CIRCLE( '', #9460, 0.000150000000000010 );
#7161 = VERTEX_POINT( '', #9461 );
#7162 = LINE( '', #9462, #9463 );
#7163 = VERTEX_POINT( '', #9464 );
#7164 = LINE( '', #9465, #9466 );
#7165 = LINE( '', #9467, #9468 );
#7166 = VERTEX_POINT( '', #9469 );
#7167 = LINE( '', #9470, #9471 );
#7168 = VERTEX_POINT( '', #9472 );
#7169 = LINE( '', #9473, #9474 );
#7170 = LINE( '', #9475, #9476 );
#7171 = LINE( '', #9477, #9478 );
#7172 = LINE( '', #9479, #9480 );
#7173 = LINE( '', #9481, #9482 );
#7174 = VERTEX_POINT( '', #9483 );
#7175 = LINE( '', #9484, #9485 );
#7176 = VERTEX_POINT( '', #9486 );
#7177 = LINE( '', #9487, #9488 );
#7178 = VERTEX_POINT( '', #9489 );
#7179 = LINE( '', #9490, #9491 );
#7180 = VERTEX_POINT( '', #9492 );
#7181 = LINE( '', #9493, #9494 );
#7182 = VERTEX_POINT( '', #9495 );
#7183 = LINE( '', #9496, #9497 );
#7184 = LINE( '', #9498, #9499 );
#7185 = VERTEX_POINT( '', #9500 );
#7186 = VERTEX_POINT( '', #9501 );
#7187 = CIRCLE( '', #9502, 0.000150000000000010 );
#7188 = LINE( '', #9503, #9504 );
#7189 = LINE( '', #9505, #9506 );
#7190 = VERTEX_POINT( '', #9507 );
#7191 = VERTEX_POINT( '', #9508 );
#7192 = LINE( '', #9509, #9510 );
#7193 = VERTEX_POINT( '', #9511 );
#7194 = CIRCLE( '', #9512, 0.000150000000000010 );
#7195 = LINE( '', #9513, #9514 );
#7196 = CIRCLE( '', #9515, 0.000150000000000010 );
#7197 = VERTEX_POINT( '', #9516 );
#7198 = VERTEX_POINT( '', #9517 );
#7199 = LINE( '', #9518, #9519 );
#7200 = VERTEX_POINT( '', #9520 );
#7201 = LINE( '', #9521, #9522 );
#7202 = VERTEX_POINT( '', #9523 );
#7203 = LINE( '', #9524, #9525 );
#7204 = LINE( '', #9526, #9527 );
#7205 = LINE( '', #9528, #9529 );
#7206 = VERTEX_POINT( '', #9530 );
#7207 = LINE( '', #9531, #9532 );
#7208 = LINE( '', #9533, #9534 );
#7209 = VERTEX_POINT( '', #9535 );
#7210 = LINE( '', #9536, #9537 );
#7211 = LINE( '', #9538, #9539 );
#7212 = VERTEX_POINT( '', #9540 );
#7213 = VERTEX_POINT( '', #9541 );
#7214 = LINE( '', #9542, #9543 );
#7215 = VERTEX_POINT( '', #9544 );
#7216 = CIRCLE( '', #9545, 0.000150000000000010 );
#7217 = VERTEX_POINT( '', #9546 );
#7218 = LINE( '', #9547, #9548 );
#7219 = CIRCLE( '', #9549, 0.000150000000000010 );
#7220 = VERTEX_POINT( '', #9550 );
#7221 = LINE( '', #9551, #9552 );
#7222 = LINE( '', #9553, #9554 );
#7223 = VERTEX_POINT( '', #9555 );
#7224 = LINE( '', #9556, #9557 );
#7225 = VERTEX_POINT( '', #9558 );
#7226 = LINE( '', #9559, #9560 );
#7227 = LINE( '', #9561, #9562 );
#7228 = VERTEX_POINT( '', #9563 );
#7229 = CIRCLE( '', #9564, 0.000150000000000010 );
#7230 = VERTEX_POINT( '', #9565 );
#7231 = LINE( '', #9566, #9567 );
#7232 = CIRCLE( '', #9568, 0.000150000000000010 );
#7233 = VERTEX_POINT( '', #9569 );
#7234 = LINE( '', #9570, #9571 );
#7235 = VERTEX_POINT( '', #9572 );
#7236 = CIRCLE( '', #9573, 0.000150000000000010 );
#7237 = VERTEX_POINT( '', #9574 );
#7238 = LINE( '', #9575, #9576 );
#7239 = CIRCLE( '', #9577, 0.000150000000000010 );
#7240 = VERTEX_POINT( '', #9578 );
#7241 = CIRCLE( '', #9579, 0.000150000000000010 );
#7242 = LINE( '', #9580, #9581 );
#7243 = CIRCLE( '', #9582, 0.000150000000000010 );
#7244 = LINE( '', #9583, #9584 );
#7245 = LINE( '', #9585, #9586 );
#7246 = VERTEX_POINT( '', #9587 );
#7247 = LINE( '', #9588, #9589 );
#7248 = VERTEX_POINT( '', #9590 );
#7249 = LINE( '', #9591, #9592 );
#7250 = VERTEX_POINT( '', #9593 );
#7251 = LINE( '', #9594, #9595 );
#7252 = LINE( '', #9596, #9597 );
#7253 = LINE( '', #9598, #9599 );
#7254 = LINE( '', #9600, #9601 );
#7255 = LINE( '', #9602, #9603 );
#7256 = VERTEX_POINT( '', #9604 );
#7257 = LINE( '', #9605, #9606 );
#7258 = VERTEX_POINT( '', #9607 );
#7259 = LINE( '', #9608, #9609 );
#7260 = VERTEX_POINT( '', #9610 );
#7261 = LINE( '', #9611, #9612 );
#7262 = VERTEX_POINT( '', #9613 );
#7263 = LINE( '', #9614, #9615 );
#7264 = VERTEX_POINT( '', #9616 );
#7265 = LINE( '', #9617, #9618 );
#7266 = VERTEX_POINT( '', #9619 );
#7267 = CIRCLE( '', #9620, 0.000550000000000086 );
#7268 = VERTEX_POINT( '', #9621 );
#7269 = CIRCLE( '', #9622, 0.000500000000000032 );
#7270 = LINE( '', #9623, #9624 );
#7271 = LINE( '', #9625, #9626 );
#7272 = CIRCLE( '', #9627, 0.000500000000000032 );
#7273 = VERTEX_POINT( '', #9628 );
#7274 = CIRCLE( '', #9629, 0.000150000000000010 );
#7275 = VERTEX_POINT( '', #9630 );
#7276 = LINE( '', #9631, #9632 );
#7277 = CIRCLE( '', #9633, 0.000150000000000010 );
#7278 = VERTEX_POINT( '', #9634 );
#7279 = LINE( '', #9635, #9636 );
#7280 = VERTEX_POINT( '', #9637 );
#7281 = LINE( '', #9638, #9639 );
#7282 = CIRCLE( '', #9640, 0.000150000000000010 );
#7283 = VERTEX_POINT( '', #9641 );
#7284 = LINE( '', #9642, #9643 );
#7285 = LINE( '', #9644, #9645 );
#7286 = VERTEX_POINT( '', #9646 );
#7287 = LINE( '', #9647, #9648 );
#7288 = CIRCLE( '', #9649, 0.000199999999999987 );
#7289 = LINE( '', #9650, #9651 );
#7290 = LINE( '', #9652, #9653 );
#7291 = LINE( '', #9654, #9655 );
#7292 = LINE( '', #9656, #9657 );
#7293 = VERTEX_POINT( '', #9658 );
#7294 = LINE( '', #9659, #9660 );
#7295 = LINE( '', #9661, #9662 );
#7296 = VERTEX_POINT( '', #9663 );
#7297 = VERTEX_POINT( '', #9664 );
#7298 = LINE( '', #9665, #9666 );
#7299 = LINE( '', #9667, #9668 );
#7300 = LINE( '', #9669, #9670 );
#7301 = LINE( '', #9671, #9672 );
#7302 = LINE( '', #9673, #9674 );
#7303 = VERTEX_POINT( '', #9675 );
#7304 = CIRCLE( '', #9676, 0.000599999999999886 );
#7305 = LINE( '', #9677, #9678 );
#7306 = VERTEX_POINT( '', #9679 );
#7307 = VERTEX_POINT( '', #9680 );
#7308 = LINE( '', #9681, #9682 );
#7309 = VERTEX_POINT( '', #9683 );
#7310 = LINE( '', #9684, #9685 );
#7311 = VERTEX_POINT( '', #9686 );
#7312 = LINE( '', #9687, #9688 );
#7313 = LINE( '', #9689, #9690 );
#7314 = VERTEX_POINT( '', #9691 );
#7315 = VERTEX_POINT( '', #9692 );
#7316 = LINE( '', #9693, #9694 );
#7317 = VERTEX_POINT( '', #9695 );
#7318 = LINE( '', #9696, #9697 );
#7319 = VERTEX_POINT( '', #9698 );
#7320 = LINE( '', #9699, #9700 );
#7321 = LINE( '', #9701, #9702 );
#7322 = VERTEX_POINT( '', #9703 );
#7323 = LINE( '', #9704, #9705 );
#7324 = LINE( '', #9706, #9707 );
#7325 = VERTEX_POINT( '', #9708 );
#7326 = LINE( '', #9709, #9710 );
#7327 = CIRCLE( '', #9711, 0.000199999999999987 );
#7328 = VERTEX_POINT( '', #9712 );
#7329 = VERTEX_POINT( '', #9713 );
#7330 = CIRCLE( '', #9714, 0.00279999999999896 );
#7331 = VERTEX_POINT( '', #9715 );
#7332 = LINE( '', #9716, #9717 );
#7333 = VERTEX_POINT( '', #9718 );
#7334 = CIRCLE( '', #9719, 0.00279999999999896 );
#7335 = LINE( '', #9720, #9721 );
#7336 = VERTEX_POINT( '', #9722 );
#7337 = LINE( '', #9723, #9724 );
#7338 = VERTEX_POINT( '', #9725 );
#7339 = LINE( '', #9726, #9727 );
#7340 = LINE( '', #9728, #9729 );
#7341 = VERTEX_POINT( '', #9730 );
#7342 = CIRCLE( '', #9731, 0.000300000000000070 );
#7343 = VERTEX_POINT( '', #9732 );
#7344 = LINE( '', #9733, #9734 );
#7345 = CIRCLE( '', #9735, 0.000300000000000070 );
#7346 = VERTEX_POINT( '', #9736 );
#7347 = VERTEX_POINT( '', #9737 );
#7348 = LINE( '', #9738, #9739 );
#7349 = LINE( '', #9740, #9741 );
#7350 = LINE( '', #9742, #9743 );
#7351 = VERTEX_POINT( '', #9744 );
#7352 = CIRCLE( '', #9745, 0.000150000000000010 );
#7353 = LINE( '', #9746, #9747 );
#7354 = VERTEX_POINT( '', #9748 );
#7355 = CIRCLE( '', #9749, 0.00150000000000010 );
#7356 = VERTEX_POINT( '', #9750 );
#7357 = VERTEX_POINT( '', #9751 );
#7358 = LINE( '', #9752, #9753 );
#7359 = VERTEX_POINT( '', #9754 );
#7360 = CIRCLE( '', #9755, 0.00150000000000010 );
#7361 = VERTEX_POINT( '', #9756 );
#7362 = LINE( '', #9757, #9758 );
#7363 = VERTEX_POINT( '', #9759 );
#7364 = CIRCLE( '', #9760, 0.00150000000000010 );
#7365 = VERTEX_POINT( '', #9761 );
#7366 = LINE( '', #9762, #9763 );
#7367 = CIRCLE( '', #9764, 0.00150000000000010 );
#7368 = CIRCLE( '', #9765, 0.00150000000000010 );
#7369 = CIRCLE( '', #9766, 5.00000000000032E-005 );
#7370 = CIRCLE( '', #9767, 5.00000000000032E-005 );
#7371 = CIRCLE( '', #9768, 5.00000000000032E-005 );
#7372 = CIRCLE( '', #9769, 5.00000000000032E-005 );
#7373 = VERTEX_POINT( '', #9770 );
#7374 = LINE( '', #9771, #9772 );
#7375 = VERTEX_POINT( '', #9773 );
#7376 = LINE( '', #9774, #9775 );
#7377 = LINE( '', #9776, #9777 );
#7378 = CIRCLE( '', #9778, 5.00000000000032E-005 );
#7379 = CIRCLE( '', #9779, 5.00000000000032E-005 );
#7380 = CIRCLE( '', #9780, 5.00000000000032E-005 );
#7381 = VERTEX_POINT( '', #9781 );
#7382 = VERTEX_POINT( '', #9782 );
#7383 = LINE( '', #9783, #9784 );
#7384 = VERTEX_POINT( '', #9785 );
#7385 = CIRCLE( '', #9786, 0.000300000000000070 );
#7386 = VERTEX_POINT( '', #9787 );
#7387 = LINE( '', #9788, #9789 );
#7388 = VERTEX_POINT( '', #9790 );
#7389 = CIRCLE( '', #9791, 5.00000000000032E-005 );
#7390 = VERTEX_POINT( '', #9792 );
#7391 = LINE( '', #9793, #9794 );
#7392 = LINE( '', #9795, #9796 );
#7393 = LINE( '', #9797, #9798 );
#7394 = LINE( '', #9799, #9800 );
#7395 = LINE( '', #9801, #9802 );
#7396 = VERTEX_POINT( '', #9803 );
#7397 = LINE( '', #9804, #9805 );
#7398 = VERTEX_POINT( '', #9806 );
#7399 = LINE( '', #9807, #9808 );
#7400 = LINE( '', #9809, #9810 );
#7401 = VERTEX_POINT( '', #9811 );
#7402 = LINE( '', #9812, #9813 );
#7403 = VERTEX_POINT( '', #9814 );
#7404 = LINE( '', #9815, #9816 );
#7405 = LINE( '', #9817, #9818 );
#7406 = VERTEX_POINT( '', #9819 );
#7407 = LINE( '', #9820, #9821 );
#7408 = LINE( '', #9822, #9823 );
#7409 = VERTEX_POINT( '', #9824 );
#7410 = VERTEX_POINT( '', #9825 );
#7411 = LINE( '', #9826, #9827 );
#7412 = VERTEX_POINT( '', #9828 );
#7413 = LINE( '', #9829, #9830 );
#7414 = VERTEX_POINT( '', #9831 );
#7415 = LINE( '', #9832, #9833 );
#7416 = LINE( '', #9834, #9835 );
#7417 = VERTEX_POINT( '', #9836 );
#7418 = VERTEX_POINT( '', #9837 );
#7419 = LINE( '', #9838, #9839 );
#7420 = LINE( '', #9840, #9841 );
#7421 = VERTEX_POINT( '', #9842 );
#7422 = LINE( '', #9843, #9844 );
#7423 = LINE( '', #9845, #9846 );
#7424 = LINE( '', #9847, #9848 );
#7425 = LINE( '', #9849, #9850 );
#7426 = LINE( '', #9851, #9852 );
#7427 = VERTEX_POINT( '', #9853 );
#7428 = VERTEX_POINT( '', #9854 );
#7429 = LINE( '', #9855, #9856 );
#7430 = VERTEX_POINT( '', #9857 );
#7431 = LINE( '', #9858, #9859 );
#7432 = LINE( '', #9860, #9861 );
#7433 = LINE( '', #9862, #9863 );
#7434 = LINE( '', #9864, #9865 );
#7435 = LINE( '', #9866, #9867 );
#7436 = LINE( '', #9868, #9869 );
#7437 = LINE( '', #9870, #9871 );
#7438 = VERTEX_POINT( '', #9872 );
#7439 = CIRCLE( '', #9873, 0.000550000000000086 );
#7440 = LINE( '', #9874, #9875 );
#7441 = VERTEX_POINT( '', #9876 );
#7442 = LINE( '', #9877, #9878 );
#7443 = VERTEX_POINT( '', #9879 );
#7444 = LINE( '', #9880, #9881 );
#7445 = LINE( '', #9882, #9883 );
#7446 = VERTEX_POINT( '', #9884 );
#7447 = LINE( '', #9885, #9886 );
#7448 = VERTEX_POINT( '', #9887 );
#7449 = LINE( '', #9888, #9889 );
#7450 = LINE( '', #9890, #9891 );
#7451 = LINE( '', #9892, #9893 );
#7452 = VERTEX_POINT( '', #9894 );
#7453 = LINE( '', #9895, #9896 );
#7454 = LINE( '', #9897, #9898 );
#7455 = LINE( '', #9899, #9900 );
#7456 = VERTEX_POINT( '', #9901 );
#7457 = LINE( '', #9902, #9903 );
#7458 = LINE( '', #9904, #9905 );
#7459 = CIRCLE( '', #9906, 0.000150000000000010 );
#7460 = VERTEX_POINT( '', #9907 );
#7461 = LINE( '', #9908, #9909 );
#7462 = LINE( '', #9910, #9911 );
#7463 = LINE( '', #9912, #9913 );
#7464 = VERTEX_POINT( '', #9914 );
#7465 = VERTEX_POINT( '', #9915 );
#7466 = LINE( '', #9916, #9917 );
#7467 = LINE( '', #9918, #9919 );
#7468 = LINE( '', #9920, #9921 );
#7469 = LINE( '', #9922, #9923 );
#7470 = LINE( '', #9924, #9925 );
#7471 = CIRCLE( '', #9926, 0.000849999999999902 );
#7472 = B_SPLINE_CURVE_WITH_KNOTS( '', 3, ( #9927, #9928, #9929, #9930, #9931, #9932, #9933 ), .UNSPECIFIED., .F., .F., ( 4, 1, 1, 1, 4 ), ( 0.000000000000000, 0.250000000000000, 0.500000000000000, 0.750000000000000, 1.00000000000000 ), .UNSPECIFIED. );
#7473 = VERTEX_POINT( '', #9934 );
#7474 = VERTEX_POINT( '', #9935 );
#7475 = LINE( '', #9936, #9937 );
#7476 = VERTEX_POINT( '', #9938 );
#7477 = LINE( '', #9939, #9940 );
#7478 = VERTEX_POINT( '', #9941 );
#7479 = LINE( '', #9942, #9943 );
#7480 = LINE( '', #9944, #9945 );
#7481 = VERTEX_POINT( '', #9946 );
#7482 = LINE( '', #9947, #9948 );
#7483 = VERTEX_POINT( '', #9949 );
#7484 = LINE( '', #9950, #9951 );
#7485 = LINE( '', #9952, #9953 );
#7486 = VERTEX_POINT( '', #9954 );
#7487 = LINE( '', #9955, #9956 );
#7488 = VERTEX_POINT( '', #9957 );
#7489 = LINE( '', #9958, #9959 );
#7490 = LINE( '', #9960, #9961 );
#7491 = VERTEX_POINT( '', #9962 );
#7492 = LINE( '', #9963, #9964 );
#7493 = VERTEX_POINT( '', #9965 );
#7494 = LINE( '', #9966, #9967 );
#7495 = LINE( '', #9968, #9969 );
#7496 = VERTEX_POINT( '', #9970 );
#7497 = VERTEX_POINT( '', #9971 );
#7498 = LINE( '', #9972, #9973 );
#7499 = VERTEX_POINT( '', #9974 );
#7500 = CIRCLE( '', #9975, 0.000150000000000010 );
#7501 = VERTEX_POINT( '', #9976 );
#7502 = LINE( '', #9977, #9978 );
#7503 = CIRCLE( '', #9979, 0.000150000000000010 );
#7504 = VERTEX_POINT( '', #9980 );
#7505 = LINE( '', #9981, #9982 );
#7506 = VERTEX_POINT( '', #9983 );
#7507 = LINE( '', #9984, #9985 );
#7508 = LINE( '', #9986, #9987 );
#7509 = VERTEX_POINT( '', #9988 );
#7510 = CIRCLE( '', #9989, 0.00298000000000078 );
#7511 = VERTEX_POINT( '', #9990 );
#7512 = B_SPLINE_CURVE_WITH_KNOTS( '', 3, ( #9991, #9992, #9993, #9994, #9995, #9996 ), .UNSPECIFIED., .F., .F., ( 4, 1, 1, 4 ), ( 0.000000000000000, 0.333333333333300, 0.666666666666700, 1.00000000000000 ), .UNSPECIFIED. );
#7513 = CIRCLE( '', #9997, 0.00295320508075608 );
#7514 = VERTEX_POINT( '', #9998 );
#7515 = LINE( '', #9999, #10000 );
#7516 = VERTEX_POINT( '', #10001 );
#7517 = CIRCLE( '', #10002, 0.00295320508075608 );
#7518 = LINE( '', #10003, #10004 );
#7519 = VERTEX_POINT( '', #10005 );
#7520 = LINE( '', #10006, #10007 );
#7521 = CIRCLE( '', #10008, 0.00279999999999896 );
#7522 = LINE( '', #10009, #10010 );
#7523 = VERTEX_POINT( '', #10011 );
#7524 = LINE( '', #10012, #10013 );
#7525 = LINE( '', #10014, #10015 );
#7526 = VERTEX_POINT( '', #10016 );
#7527 = LINE( '', #10017, #10018 );
#7528 = VERTEX_POINT( '', #10019 );
#7529 = LINE( '', #10020, #10021 );
#7530 = LINE( '', #10022, #10023 );
#7531 = LINE( '', #10024, #10025 );
#7532 = LINE( '', #10026, #10027 );
#7533 = LINE( '', #10028, #10029 );
#7534 = LINE( '', #10030, #10031 );
#7535 = LINE( '', #10032, #10033 );
#7536 = VERTEX_POINT( '', #10034 );
#7537 = VERTEX_POINT( '', #10035 );
#7538 = LINE( '', #10036, #10037 );
#7539 = VERTEX_POINT( '', #10038 );
#7540 = LINE( '', #10039, #10040 );
#7541 = VERTEX_POINT( '', #10041 );
#7542 = LINE( '', #10042, #10043 );
#7543 = LINE( '', #10044, #10045 );
#7544 = VERTEX_POINT( '', #10046 );
#7545 = LINE( '', #10047, #10048 );
#7546 = VERTEX_POINT( '', #10049 );
#7547 = CIRCLE( '', #10050, 0.000150000000000010 );
#7548 = LINE( '', #10051, #10052 );
#7549 = LINE( '', #10053, #10054 );
#7550 = LINE( '', #10055, #10056 );
#7551 = VERTEX_POINT( '', #10057 );
#7552 = CIRCLE( '', #10058, 0.000150000000000010 );
#7553 = VERTEX_POINT( '', #10059 );
#7554 = LINE( '', #10060, #10061 );
#7555 = CIRCLE( '', #10062, 0.000150000000000010 );
#7556 = LINE( '', #10063, #10064 );
#7557 = VERTEX_POINT( '', #10065 );
#7558 = CIRCLE( '', #10066, 0.000150000000000010 );
#7559 = LINE( '', #10067, #10068 );
#7560 = VERTEX_POINT( '', #10069 );
#7561 = LINE( '', #10070, #10071 );
#7562 = VERTEX_POINT( '', #10072 );
#7563 = LINE( '', #10073, #10074 );
#7564 = LINE( '', #10075, #10076 );
#7565 = VERTEX_POINT( '', #10077 );
#7566 = LINE( '', #10078, #10079 );
#7567 = CIRCLE( '', #10080, 0.000150000000000010 );
#7568 = VERTEX_POINT( '', #10081 );
#7569 = LINE( '', #10082, #10083 );
#7570 = VERTEX_POINT( '', #10084 );
#7571 = LINE( '', #10085, #10086 );
#7572 = VERTEX_POINT( '', #10087 );
#7573 = LINE( '', #10088, #10089 );
#7574 = VERTEX_POINT( '', #10090 );
#7575 = CIRCLE( '', #10091, 0.000150000000000010 );
#7576 = VERTEX_POINT( '', #10092 );
#7577 = LINE( '', #10093, #10094 );
#7578 = VERTEX_POINT( '', #10095 );
#7579 = CIRCLE( '', #10096, 0.000150000000000010 );
#7580 = LINE( '', #10097, #10098 );
#7581 = LINE( '', #10099, #10100 );
#7582 = LINE( '', #10101, #10102 );
#7583 = VERTEX_POINT( '', #10103 );
#7584 = LINE( '', #10104, #10105 );
#7585 = VERTEX_POINT( '', #10106 );
#7586 = CIRCLE( '', #10107, 0.000150000000000010 );
#7587 = VERTEX_POINT( '', #10108 );
#7588 = LINE( '', #10109, #10110 );
#7589 = VERTEX_POINT( '', #10111 );
#7590 = LINE( '', #10112, #10113 );
#7591 = LINE( '', #10114, #10115 );
#7592 = LINE( '', #10116, #10117 );
#7593 = VERTEX_POINT( '', #10118 );
#7594 = CIRCLE( '', #10119, 0.00195000000000007 );
#7595 = LINE( '', #10120, #10121 );
#7596 = VERTEX_POINT( '', #10122 );
#7597 = LINE( '', #10123, #10124 );
#7598 = VERTEX_POINT( '', #10125 );
#7599 = LINE( '', #10126, #10127 );
#7600 = VERTEX_POINT( '', #10128 );
#7601 = LINE( '', #10129, #10130 );
#7602 = LINE( '', #10131, #10132 );
#7603 = VERTEX_POINT( '', #10133 );
#7604 = LINE( '', #10134, #10135 );
#7605 = VERTEX_POINT( '', #10136 );
#7606 = LINE( '', #10137, #10138 );
#7607 = VERTEX_POINT( '', #10139 );
#7608 = LINE( '', #10140, #10141 );
#7609 = VERTEX_POINT( '', #10142 );
#7610 = LINE( '', #10143, #10144 );
#7611 = VERTEX_POINT( '', #10145 );
#7612 = LINE( '', #10146, #10147 );
#7613 = LINE( '', #10148, #10149 );
#7614 = VERTEX_POINT( '', #10150 );
#7615 = LINE( '', #10151, #10152 );
#7616 = VERTEX_POINT( '', #10153 );
#7617 = LINE( '', #10154, #10155 );
#7618 = LINE( '', #10156, #10157 );
#7619 = VERTEX_POINT( '', #10158 );
#7620 = LINE( '', #10159, #10160 );
#7621 = VERTEX_POINT( '', #10161 );
#7622 = LINE( '', #10162, #10163 );
#7623 = VERTEX_POINT( '', #10164 );
#7624 = LINE( '', #10165, #10166 );
#7625 = LINE( '', #10167, #10168 );
#7626 = VERTEX_POINT( '', #10169 );
#7627 = LINE( '', #10170, #10171 );
#7628 = LINE( '', #10172, #10173 );
#7629 = LINE( '', #10174, #10175 );
#7630 = LINE( '', #10176, #10177 );
#7631 = LINE( '', #10178, #10179 );
#7632 = VERTEX_POINT( '', #10180 );
#7633 = LINE( '', #10181, #10182 );
#7634 = VERTEX_POINT( '', #10183 );
#7635 = LINE( '', #10184, #10185 );
#7636 = LINE( '', #10186, #10187 );
#7637 = LINE( '', #10188, #10189 );
#7638 = VERTEX_POINT( '', #10190 );
#7639 = LINE( '', #10191, #10192 );
#7640 = LINE( '', #10193, #10194 );
#7641 = VERTEX_POINT( '', #10195 );
#7642 = LINE( '', #10196, #10197 );
#7643 = VERTEX_POINT( '', #10198 );
#7644 = LINE( '', #10199, #10200 );
#7645 = VERTEX_POINT( '', #10201 );
#7646 = LINE( '', #10202, #10203 );
#7647 = LINE( '', #10204, #10205 );
#7648 = LINE( '', #10206, #10207 );
#7649 = VERTEX_POINT( '', #10208 );
#7650 = LINE( '', #10209, #10210 );
#7651 = LINE( '', #10211, #10212 );
#7652 = LINE( '', #10213, #10214 );
#7653 = VERTEX_POINT( '', #10215 );
#7654 = VERTEX_POINT( '', #10216 );
#7655 = LINE( '', #10217, #10218 );
#7656 = LINE( '', #10219, #10220 );
#7657 = VERTEX_POINT( '', #10221 );
#7658 = LINE( '', #10222, #10223 );
#7659 = LINE( '', #10224, #10225 );
#7660 = LINE( '', #10226, #10227 );
#7661 = VERTEX_POINT( '', #10228 );
#7662 = LINE( '', #10229, #10230 );
#7663 = VERTEX_POINT( '', #10231 );
#7664 = LINE( '', #10232, #10233 );
#7665 = LINE( '', #10234, #10235 );
#7666 = LINE( '', #10236, #10237 );
#7667 = LINE( '', #10238, #10239 );
#7668 = VERTEX_POINT( '', #10240 );
#7669 = CIRCLE( '', #10241, 0.00160508213373762 );
#7670 = VERTEX_POINT( '', #10242 );
#7671 = CIRCLE( '', #10243, 0.00169491786626239 );
#7672 = VERTEX_POINT( '', #10244 );
#7673 = LINE( '', #10245, #10246 );
#7674 = VERTEX_POINT( '', #10247 );
#7675 = LINE( '', #10248, #10249 );
#7676 = LINE( '', #10250, #10251 );
#7677 = LINE( '', #10252, #10253 );
#7678 = LINE( '', #10254, #10255 );
#7679 = LINE( '', #10256, #10257 );
#7680 = LINE( '', #10258, #10259 );
#7681 = VERTEX_POINT( '', #10260 );
#7682 = LINE( '', #10261, #10262 );
#7683 = LINE( '', #10263, #10264 );
#7684 = CIRCLE( '', #10265, 0.000199999999999987 );
#7685 = VERTEX_POINT( '', #10266 );
#7686 = LINE( '', #10267, #10268 );
#7687 = VERTEX_POINT( '', #10269 );
#7688 = LINE( '', #10270, #10271 );
#7689 = LINE( '', #10272, #10273 );
#7690 = VERTEX_POINT( '', #10274 );
#7691 = CIRCLE( '', #10275, 0.000350000000000124 );
#7692 = VERTEX_POINT( '', #10276 );
#7693 = LINE( '', #10277, #10278 );
#7694 = LINE( '', #10279, #10280 );
#7695 = LINE( '', #10281, #10282 );
#7696 = VERTEX_POINT( '', #10283 );
#7697 = LINE( '', #10284, #10285 );
#7698 = CIRCLE( '', #10286, 0.000150000000000010 );
#7699 = VERTEX_POINT( '', #10287 );
#7700 = LINE( '', #10288, #10289 );
#7701 = LINE( '', #10290, #10291 );
#7702 = VERTEX_POINT( '', #10292 );
#7703 = LINE( '', #10293, #10294 );
#7704 = LINE( '', #10295, #10296 );
#7705 = LINE( '', #10297, #10298 );
#7706 = CIRCLE( '', #10299, 0.000249999999999991 );
#7707 = VERTEX_POINT( '', #10300 );
#7708 = CIRCLE( '', #10301, 0.00271016426747622 );
#7709 = VERTEX_POINT( '', #10302 );
#7710 = CIRCLE( '', #10303, 0.00139999999999999 );
#7711 = VERTEX_POINT( '', #10304 );
#7712 = CIRCLE( '', #10305, 0.00136499999999987 );
#7713 = VERTEX_POINT( '', #10306 );
#7714 = LINE( '', #10307, #10308 );
#7715 = VERTEX_POINT( '', #10309 );
#7716 = LINE( '', #10310, #10311 );
#7717 = LINE( '', #10312, #10313 );
#7718 = VERTEX_POINT( '', #10314 );
#7719 = CIRCLE( '', #10315, 5.00000000000032E-005 );
#7720 = LINE( '', #10316, #10317 );
#7721 = CIRCLE( '', #10318, 0.000249999999999991 );
#7722 = VERTEX_POINT( '', #10319 );
#7723 = VERTEX_POINT( '', #10320 );
#7724 = LINE( '', #10321, #10322 );
#7725 = VERTEX_POINT( '', #10323 );
#7726 = LINE( '', #10324, #10325 );
#7727 = VERTEX_POINT( '', #10326 );
#7728 = LINE( '', #10327, #10328 );
#7729 = LINE( '', #10329, #10330 );
#7730 = VERTEX_POINT( '', #10331 );
#7731 = VERTEX_POINT( '', #10332 );
#7732 = LINE( '', #10333, #10334 );
#7733 = VERTEX_POINT( '', #10335 );
#7734 = LINE( '', #10336, #10337 );
#7735 = VERTEX_POINT( '', #10338 );
#7736 = LINE( '', #10339, #10340 );
#7737 = LINE( '', #10341, #10342 );
#7738 = LINE( '', #10343, #10344 );
#7739 = VERTEX_POINT( '', #10345 );
#7740 = LINE( '', #10346, #10347 );
#7741 = LINE( '', #10348, #10349 );
#7742 = CIRCLE( '', #10350, 0.000500000000000032 );
#7743 = VERTEX_POINT( '', #10351 );
#7744 = LINE( '', #10352, #10353 );
#7745 = VERTEX_POINT( '', #10354 );
#7746 = CIRCLE( '', #10355, 0.000500000000000032 );
#7747 = VERTEX_POINT( '', #10356 );
#7748 = CIRCLE( '', #10357, 0.000550000000000086 );
#7749 = VERTEX_POINT( '', #10358 );
#7750 = LINE( '', #10359, #10360 );
#7751 = VERTEX_POINT( '', #10361 );
#7752 = LINE( '', #10362, #10363 );
#7753 = LINE( '', #10364, #10365 );
#7754 = LINE( '', #10366, #10367 );
#7755 = LINE( '', #10368, #10369 );
#7756 = LINE( '', #10370, #10371 );
#7757 = LINE( '', #10372, #10373 );
#7758 = LINE( '', #10374, #10375 );
#7759 = VERTEX_POINT( '', #10376 );
#7760 = LINE( '', #10377, #10378 );
#7761 = VERTEX_POINT( '', #10379 );
#7762 = LINE( '', #10380, #10381 );
#7763 = LINE( '', #10382, #10383 );
#7764 = LINE( '', #10384, #10385 );
#7765 = CIRCLE( '', #10386, 0.000249999999999991 );
#7766 = LINE( '', #10387, #10388 );
#7767 = VERTEX_POINT( '', #10389 );
#7768 = LINE( '', #10390, #10391 );
#7769 = VERTEX_POINT( '', #10392 );
#7770 = LINE( '', #10393, #10394 );
#7771 = LINE( '', #10395, #10396 );
#7772 = VERTEX_POINT( '', #10397 );
#7773 = LINE( '', #10398, #10399 );
#7774 = LINE( '', #10400, #10401 );
#7775 = LINE( '', #10402, #10403 );
#7776 = VERTEX_POINT( '', #10404 );
#7777 = LINE( '', #10405, #10406 );
#7778 = LINE( '', #10407, #10408 );
#7779 = VERTEX_POINT( '', #10409 );
#7780 = LINE( '', #10410, #10411 );
#7781 = LINE( '', #10412, #10413 );
#7782 = VERTEX_POINT( '', #10414 );
#7783 = LINE( '', #10415, #10416 );
#7784 = LINE( '', #10417, #10418 );
#7785 = CIRCLE( '', #10419, 0.000150000000000010 );
#7786 = LINE( '', #10420, #10421 );
#7787 = VERTEX_POINT( '', #10422 );
#7788 = B_SPLINE_CURVE_WITH_KNOTS( '', 3, ( #10423, #10424, #10425, #10426, #10427, #10428 ), .UNSPECIFIED., .F., .F., ( 4, 1, 1, 4 ), ( 0.000000000000000, 0.333333333333300, 0.666666666666700, 1.00000000000000 ), .UNSPECIFIED. );
#7789 = VERTEX_POINT( '', #10429 );
#7790 = CIRCLE( '', #10430, 0.00298000000000078 );
#7791 = B_SPLINE_CURVE_WITH_KNOTS( '', 3, ( #10431, #10432, #10433, #10434, #10435, #10436 ), .UNSPECIFIED., .F., .F., ( 4, 1, 1, 4 ), ( 0.000000000000000, 0.333333333333300, 0.666666666666700, 1.00000000000000 ), .UNSPECIFIED. );
#7792 = LINE( '', #10437, #10438 );
#7793 = LINE( '', #10439, #10440 );
#7794 = LINE( '', #10441, #10442 );
#7795 = LINE( '', #10443, #10444 );
#7796 = LINE( '', #10445, #10446 );
#7797 = LINE( '', #10447, #10448 );
#7798 = LINE( '', #10449, #10450 );
#7799 = LINE( '', #10451, #10452 );
#7800 = LINE( '', #10453, #10454 );
#7801 = LINE( '', #10455, #10456 );
#7802 = VERTEX_POINT( '', #10457 );
#7803 = LINE( '', #10458, #10459 );
#7804 = LINE( '', #10460, #10461 );
#7805 = VERTEX_POINT( '', #10462 );
#7806 = LINE( '', #10463, #10464 );
#7807 = VERTEX_POINT( '', #10465 );
#7808 = CIRCLE( '', #10466, 5.00000000000032E-005 );
#7809 = VERTEX_POINT( '', #10467 );
#7810 = LINE( '', #10468, #10469 );
#7811 = VERTEX_POINT( '', #10470 );
#7812 = LINE( '', #10471, #10472 );
#7813 = CIRCLE( '', #10473, 0.000249999999999991 );
#7814 = LINE( '', #10474, #10475 );
#7815 = VERTEX_POINT( '', #10476 );
#7816 = LINE( '', #10477, #10478 );
#7817 = LINE( '', #10479, #10480 );
#7818 = VERTEX_POINT( '', #10481 );
#7819 = LINE( '', #10482, #10483 );
#7820 = VERTEX_POINT( '', #10484 );
#7821 = LINE( '', #10485, #10486 );
#7822 = LINE( '', #10487, #10488 );
#7823 = VERTEX_POINT( '', #10489 );
#7824 = LINE( '', #10490, #10491 );
#7825 = LINE( '', #10492, #10493 );
#7826 = LINE( '', #10494, #10495 );
#7827 = VERTEX_POINT( '', #10496 );
#7828 = LINE( '', #10497, #10498 );
#7829 = VERTEX_POINT( '', #10499 );
#7830 = LINE( '', #10500, #10501 );
#7831 = LINE( '', #10502, #10503 );
#7832 = CIRCLE( '', #10504, 0.000249999999999991 );
#7833 = CIRCLE( '', #10505, 0.000249999999999991 );
#7834 = CIRCLE( '', #10506, 0.000249999999999991 );
#7835 = VERTEX_POINT( '', #10507 );
#7836 = LINE( '', #10508, #10509 );
#7837 = VERTEX_POINT( '', #10510 );
#7838 = LINE( '', #10511, #10512 );
#7839 = LINE( '', #10513, #10514 );
#7840 = VERTEX_POINT( '', #10515 );
#7841 = LINE( '', #10516, #10517 );
#7842 = LINE( '', #10518, #10519 );
#7843 = LINE( '', #10520, #10521 );
#7844 = VERTEX_POINT( '', #10522 );
#7845 = VERTEX_POINT( '', #10523 );
#7846 = LINE( '', #10524, #10525 );
#7847 = VERTEX_POINT( '', #10526 );
#7848 = LINE( '', #10527, #10528 );
#7849 = CIRCLE( '', #10529, 0.000599999999999886 );
#7850 = LINE( '', #10530, #10531 );
#7851 = LINE( '', #10532, #10533 );
#7852 = LINE( '', #10534, #10535 );
#7853 = VERTEX_POINT( '', #10536 );
#7854 = LINE( '', #10537, #10538 );
#7855 = VERTEX_POINT( '', #10539 );
#7856 = LINE( '', #10540, #10541 );
#7857 = LINE( '', #10542, #10543 );
#7858 = LINE( '', #10544, #10545 );
#7859 = LINE( '', #10546, #10547 );
#7860 = LINE( '', #10548, #10549 );
#7861 = VERTEX_POINT( '', #10550 );
#7862 = CIRCLE( '', #10551, 0.000750000000000048 );
#7863 = VERTEX_POINT( '', #10552 );
#7864 = LINE( '', #10553, #10554 );
#7865 = LINE( '', #10555, #10556 );
#7866 = CIRCLE( '', #10557, 0.000150000000000010 );
#7867 = CIRCLE( '', #10558, 0.000150000000000010 );
#7868 = LINE( '', #10559, #10560 );
#7869 = VERTEX_POINT( '', #10561 );
#7870 = CIRCLE( '', #10562, 0.00279999999999896 );
#7871 = LINE( '', #10563, #10564 );
#7872 = CIRCLE( '', #10565, 0.000150000000000010 );
#7873 = LINE( '', #10566, #10567 );
#7874 = LINE( '', #10568, #10569 );
#7875 = VERTEX_POINT( '', #10570 );
#7876 = LINE( '', #10571, #10572 );
#7877 = LINE( '', #10573, #10574 );
#7878 = LINE( '', #10575, #10576 );
#7879 = LINE( '', #10577, #10578 );
#7880 = VERTEX_POINT( '', #10579 );
#7881 = LINE( '', #10580, #10581 );
#7882 = LINE( '', #10582, #10583 );
#7883 = LINE( '', #10584, #10585 );
#7884 = LINE( '', #10586, #10587 );
#7885 = LINE( '', #10588, #10589 );
#7886 = LINE( '', #10590, #10591 );
#7887 = LINE( '', #10592, #10593 );
#7888 = VERTEX_POINT( '', #10594 );
#7889 = LINE( '', #10595, #10596 );
#7890 = LINE( '', #10597, #10598 );
#7891 = LINE( '', #10599, #10600 );
#7892 = LINE( '', #10601, #10602 );
#7893 = VERTEX_POINT( '', #10603 );
#7894 = VERTEX_POINT( '', #10604 );
#7895 = LINE( '', #10605, #10606 );
#7896 = VERTEX_POINT( '', #10607 );
#7897 = LINE( '', #10608, #10609 );
#7898 = VERTEX_POINT( '', #10610 );
#7899 = LINE( '', #10611, #10612 );
#7900 = LINE( '', #10613, #10614 );
#7901 = CIRCLE( '', #10615, 0.000300000000000070 );
#7902 = CIRCLE( '', #10616, 5.00000000000032E-005 );
#7903 = LINE( '', #10617, #10618 );
#7904 = LINE( '', #10619, #10620 );
#7905 = LINE( '', #10621, #10622 );
#7906 = CIRCLE( '', #10623, 5.00000000000032E-005 );
#7907 = CIRCLE( '', #10624, 0.000300000000000070 );
#7908 = LINE( '', #10625, #10626 );
#7909 = LINE( '', #10627, #10628 );
#7910 = LINE( '', #10629, #10630 );
#7911 = VERTEX_POINT( '', #10631 );
#7912 = LINE( '', #10632, #10633 );
#7913 = LINE( '', #10634, #10635 );
#7914 = LINE( '', #10636, #10637 );
#7915 = VERTEX_POINT( '', #10638 );
#7916 = CIRCLE( '', #10639, 5.00000000000032E-005 );
#7917 = LINE( '', #10640, #10641 );
#7918 = CIRCLE( '', #10642, 0.000249999999999991 );
#7919 = CIRCLE( '', #10643, 0.000249999999999991 );
#7920 = LINE( '', #10644, #10645 );
#7921 = LINE( '', #10646, #10647 );
#7922 = VERTEX_POINT( '', #10648 );
#7923 = CIRCLE( '', #10649, 0.000750000000000048 );
#7924 = LINE( '', #10650, #10651 );
#7925 = VERTEX_POINT( '', #10652 );
#7926 = LINE( '', #10653, #10654 );
#7927 = LINE( '', #10655, #10656 );
#7928 = LINE( '', #10657, #10658 );
#7929 = VERTEX_POINT( '', #10659 );
#7930 = LINE( '', #10660, #10661 );
#7931 = LINE( '', #10662, #10663 );
#7932 = LINE( '', #10664, #10665 );
#7933 = LINE( '', #10666, #10667 );
#7934 = VERTEX_POINT( '', #10668 );
#7935 = LINE( '', #10669, #10670 );
#7936 = LINE( '', #10671, #10672 );
#7937 = CIRCLE( '', #10673, 0.000249999999999991 );
#7938 = LINE( '', #10674, #10675 );
#7939 = LINE( '', #10676, #10677 );
#7940 = LINE( '', #10678, #10679 );
#7941 = LINE( '', #10680, #10681 );
#7942 = LINE( '', #10682, #10683 );
#7943 = VERTEX_POINT( '', #10684 );
#7944 = CIRCLE( '', #10685, 0.000399999999999924 );
#7945 = VERTEX_POINT( '', #10686 );
#7946 = CIRCLE( '', #10687, 0.000399999999999924 );
#7947 = LINE( '', #10688, #10689 );
#7948 = VERTEX_POINT( '', #10690 );
#7949 = CIRCLE( '', #10691, 0.000399999999999924 );
#7950 = LINE( '', #10692, #10693 );
#7951 = VERTEX_POINT( '', #10694 );
#7952 = CIRCLE( '', #10695, 0.000399999999999924 );
#7953 = VERTEX_POINT( '', #10696 );
#7954 = CIRCLE( '', #10697, 0.000399999999999924 );
#7955 = VERTEX_POINT( '', #10698 );
#7956 = LINE( '', #10699, #10700 );
#7957 = LINE( '', #10701, #10702 );
#7958 = LINE( '', #10703, #10704 );
#7959 = VERTEX_POINT( '', #10705 );
#7960 = LINE( '', #10706, #10707 );
#7961 = LINE( '', #10708, #10709 );
#7962 = LINE( '', #10710, #10711 );
#7963 = VERTEX_POINT( '', #10712 );
#7964 = LINE( '', #10713, #10714 );
#7965 = LINE( '', #10715, #10716 );
#7966 = LINE( '', #10717, #10718 );
#7967 = VERTEX_POINT( '', #10719 );
#7968 = CIRCLE( '', #10720, 0.00279999999999896 );
#7969 = LINE( '', #10721, #10722 );
#7970 = LINE( '', #10723, #10724 );
#7971 = LINE( '', #10725, #10726 );
#7972 = LINE( '', #10727, #10728 );
#7973 = CIRCLE( '', #10729, 5.00000000000032E-005 );
#7974 = LINE( '', #10730, #10731 );
#7975 = LINE( '', #10732, #10733 );
#7976 = LINE( '', #10734, #10735 );
#7977 = LINE( '', #10736, #10737 );
#7978 = LINE( '', #10738, #10739 );
#7979 = LINE( '', #10740, #10741 );
#7980 = CIRCLE( '', #10742, 5.00000000000032E-005 );
#7981 = LINE( '', #10743, #10744 );
#7982 = LINE( '', #10745, #10746 );
#7983 = CARTESIAN_POINT( '', ( -0.000129409522551278, -0.000141607444928232, -0.00279999999999896 ) );
#7984 = CARTESIAN_POINT( '', ( -0.000129409522551253, -0.000141607444928232, -0.00300000000000070 ) );
#7985 = CARTESIAN_POINT( '', ( -0.000129409522551253, -0.000141607444928232, -0.00279999999999896 ) );
#7986 = VECTOR( '', #10747, 1.00000000000000 );
#7987 = CARTESIAN_POINT( '', ( 0.000129409522551253, -0.000141607444928232, -0.00300000000000070 ) );
#7988 = AXIS2_PLACEMENT_3D( '', #10748, #10749, #10750 );
#7989 = CARTESIAN_POINT( '', ( 0.000129409522551253, -0.000141607444928232, -0.00279999999999896 ) );
#7990 = CARTESIAN_POINT( '', ( 0.000129409522551253, -0.000141607444928232, -0.00279999999999896 ) );
#7991 = VECTOR( '', #10751, 1.00000000000000 );
#7992 = CARTESIAN_POINT( '', ( 2.07233524078300E-005, -0.000124999999999957, -0.00279999999999896 ) );
#7993 = AXIS2_PLACEMENT_3D( '', #10752, #10753, #10754 );
#7994 = CARTESIAN_POINT( '', ( 2.07233524078300E-005, -0.000124999999999957, -0.00289883557987122 ) );
#7995 = CARTESIAN_POINT( '', ( 2.07233524078300E-005, -0.000124999999999957, -0.00279999999999896 ) );
#7996 = VECTOR( '', #10755, 1.00000000000000 );
#7997 = CARTESIAN_POINT( '', ( 3.01464309865196E-010, -0.000124785179036407, -0.00289890965303524 ) );
#7998 = CARTESIAN_POINT( '', ( 2.07233524078341E-005, -0.000124999999999859, -0.00289883557987122 ) );
#7999 = CARTESIAN_POINT( '', ( 1.38196269021512E-005, -0.000124713617242617, -0.00289886027092589 ) );
#8000 = CARTESIAN_POINT( '', ( 6.90996446131036E-006, -0.000124570362240569, -0.00289888496198057 ) );
#8001 = CARTESIAN_POINT( '', ( 3.01593887277934E-010, -0.000124570358072745, -0.00289890965303524 ) );
#8002 = CARTESIAN_POINT( '', ( -2.07233524078300E-005, -0.000124999999999957, -0.00289883557987122 ) );
#8003 = CARTESIAN_POINT( '', ( 3.01593887277934E-010, -0.000124570358072745, -0.00289890965303524 ) );
#8004 = CARTESIAN_POINT( '', ( -6.90956233612730E-006, -0.000124570353904799, -0.00289888496198057 ) );
#8005 = CARTESIAN_POINT( '', ( -1.38194260123295E-005, -0.000124713608909235, -0.00289886027092589 ) );
#8006 = CARTESIAN_POINT( '', ( -2.07233524078341E-005, -0.000124999999999859, -0.00289883557987122 ) );
#8007 = CARTESIAN_POINT( '', ( -2.07233524078300E-005, -0.000124999999999957, -0.00279999999999896 ) );
#8008 = CARTESIAN_POINT( '', ( -2.07233524078300E-005, -0.000124999999999957, -0.00279999999999896 ) );
#8009 = VECTOR( '', #10756, 1.00000000000000 );
#8010 = AXIS2_PLACEMENT_3D( '', #10757, #10758, #10759 );
#8011 = CARTESIAN_POINT( '', ( -2.07233524078300E-005, -0.000124999999999957, -0.00279999999999896 ) );
#8012 = VECTOR( '', #10760, 1.00000000000000 );
#8013 = CARTESIAN_POINT( '', ( 0.000129409522551278, -0.000141607444928232, 0.00279999999999896 ) );
#8014 = CARTESIAN_POINT( '', ( 0.000129409522551253, -0.000141607444928232, 0.00300000000000070 ) );
#8015 = CARTESIAN_POINT( '', ( 0.000129409522551253, -0.000141607444928232, 0.00279999999999896 ) );
#8016 = VECTOR( '', #10761, 1.00000000000000 );
#8017 = CARTESIAN_POINT( '', ( -0.000129409522551253, -0.000141607444928232, 0.00300000000000070 ) );
#8018 = AXIS2_PLACEMENT_3D( '', #10762, #10763, #10764 );
#8019 = CARTESIAN_POINT( '', ( -0.000129409522551253, -0.000141607444928232, 0.00279999999999896 ) );
#8020 = CARTESIAN_POINT( '', ( -0.000129409522551253, -0.000141607444928232, 0.00279999999999896 ) );
#8021 = VECTOR( '', #10765, 1.00000000000000 );
#8022 = CARTESIAN_POINT( '', ( -2.07233524078300E-005, -0.000124999999999957, 0.00279999999999896 ) );
#8023 = AXIS2_PLACEMENT_3D( '', #10766, #10767, #10768 );
#8024 = CARTESIAN_POINT( '', ( -2.07233524078300E-005, -0.000124999999999957, 0.00289883557987122 ) );
#8025 = CARTESIAN_POINT( '', ( -2.07233524078300E-005, -0.000124999999999957, 0.00279999999999896 ) );
#8026 = VECTOR( '', #10769, 1.00000000000000 );
#8027 = CARTESIAN_POINT( '', ( -3.01464313445834E-010, -0.000124785179036407, 0.00289890965303524 ) );
#8028 = CARTESIAN_POINT( '', ( -2.07233524078341E-005, -0.000124999999999859, 0.00289883557987122 ) );
#8029 = CARTESIAN_POINT( '', ( -1.38196269021524E-005, -0.000124713617242617, 0.00289886027092589 ) );
#8030 = CARTESIAN_POINT( '', ( -6.90996446131272E-006, -0.000124570362240569, 0.00289888496198057 ) );
#8031 = CARTESIAN_POINT( '', ( -3.01593890830647E-010, -0.000124570358072745, 0.00289890965303524 ) );
#8032 = CARTESIAN_POINT( '', ( 2.07233524078300E-005, -0.000124999999999957, 0.00289883557987122 ) );
#8033 = CARTESIAN_POINT( '', ( -3.01593890830647E-010, -0.000124570358072745, 0.00289890965303524 ) );
#8034 = CARTESIAN_POINT( '', ( 6.90956233612493E-006, -0.000124570353904799, 0.00289888496198057 ) );
#8035 = CARTESIAN_POINT( '', ( 1.38194260123283E-005, -0.000124713608909235, 0.00289886027092589 ) );
#8036 = CARTESIAN_POINT( '', ( 2.07233524078341E-005, -0.000124999999999859, 0.00289883557987122 ) );
#8037 = CARTESIAN_POINT( '', ( 2.07233524078300E-005, -0.000124999999999957, 0.00279999999999896 ) );
#8038 = CARTESIAN_POINT( '', ( 2.07233524078300E-005, -0.000124999999999957, 0.00279999999999896 ) );
#8039 = VECTOR( '', #10770, 1.00000000000000 );
#8040 = AXIS2_PLACEMENT_3D( '', #10771, #10772, #10773 );
#8041 = CARTESIAN_POINT( '', ( -0.000750784374145800, 5.42423285335664E-005, -0.00279999999999896 ) );
#8042 = CARTESIAN_POINT( '', ( -0.000750784374145800, 0.000261534602404222, -0.00279999999999896 ) );
#8043 = CARTESIAN_POINT( '', ( -0.000750784374145800, 5.42423285335664E-005, -0.00279999999999896 ) );
#8044 = VECTOR( '', #10774, 1.00000000000000 );
#8045 = CARTESIAN_POINT( '', ( 0.000750784374145800, 0.000261534602404222, -0.00279999999999896 ) );
#8046 = CARTESIAN_POINT( '', ( -0.000750784374145800, 0.000261534602404222, -0.00279999999999896 ) );
#8047 = CARTESIAN_POINT( '', ( -0.000750784374145800, 0.000268263172551576, -0.00279999999999896 ) );
#8048 = CARTESIAN_POINT( '', ( -0.000748330965222300, 0.000281670717115402, -0.00280066009688552 ) );
#8049 = CARTESIAN_POINT( '', ( -0.000736425864722922, 0.000302159916869458, -0.00280382539896740 ) );
#8050 = CARTESIAN_POINT( '', ( -0.000717919909873082, 0.000320611747291098, -0.00280863450767530 ) );
#8051 = CARTESIAN_POINT( '', ( -0.000694138161817674, 0.000337240533295588, -0.00281462081024928 ) );
#8052 = CARTESIAN_POINT( '', ( -0.000665722699867660, 0.000352196067384206, -0.00282149243027030 ) );
#8053 = CARTESIAN_POINT( '', ( -0.000632922154711198, 0.000365701760213762, -0.00282904822572510 ) );
#8054 = CARTESIAN_POINT( '', ( -0.000595754935985332, 0.000377896029041076, -0.00283712742328524 ) );
#8055 = CARTESIAN_POINT( '', ( -0.000554098759431964, 0.000388871074010932, -0.00284557892638728 ) );
#8056 = CARTESIAN_POINT( '', ( -0.000507737445682336, 0.000398677777824460, -0.00285424205846916 ) );
#8057 = CARTESIAN_POINT( '', ( -0.000456382170864008, 0.000407340343032696, -0.00286293320002258 ) );
#8058 = CARTESIAN_POINT( '', ( -0.000399677893961638, 0.000414864511481154, -0.00287143458871700 ) );
#8059 = CARTESIAN_POINT( '', ( -0.000337204452805900, 0.000421241983439672, -0.00287948237051066 ) );
#8060 = CARTESIAN_POINT( '', ( -0.000268482170263440, 0.000426449736020844, -0.00288675177170970 ) );
#8061 = CARTESIAN_POINT( '', ( -0.000192917334662832, 0.000430446281488748, -0.00289284657053608 ) );
#8062 = CARTESIAN_POINT( '', ( -0.000109979771549567, 0.000433137996096926, -0.00289725235921750 ) );
#8063 = CARTESIAN_POINT( '', ( -1.86972789565154E-005, 0.000434387119083054, -0.00289939487366500 ) );
#8064 = CARTESIAN_POINT( '', ( 8.23170318554216E-005, 0.000433770184739582, -0.00289832432808448 ) );
#8065 = CARTESIAN_POINT( '', ( 0.000177815381780717, 0.000431117649421346, -0.00289390774735962 ) );
#8066 = CARTESIAN_POINT( '', ( 0.000260241431089122, 0.000427000107547734, -0.00288754927686602 ) );
#8067 = CARTESIAN_POINT( '', ( 0.000333170694933376, 0.000421621240432998, -0.00287997734192356 ) );
#8068 = CARTESIAN_POINT( '', ( 0.000398000251302452, 0.000415075181644776, -0.00287167901154794 ) );
#8069 = CARTESIAN_POINT( '', ( 0.000455853526640628, 0.000407427937639828, -0.00286302214122646 ) );
#8070 = CARTESIAN_POINT( '', ( 0.000507655092052022, 0.000398696288520738, -0.00285425787148554 ) );
#8071 = CARTESIAN_POINT( '', ( 0.000554082284478630, 0.000388874675967406, -0.00284558202448116 ) );
#8072 = CARTESIAN_POINT( '', ( 0.000595706173722176, 0.000377909624179748, -0.00283713752537070 ) );
#8073 = CARTESIAN_POINT( '', ( 0.000632860321612868, 0.000365724119458858, -0.00282906204461796 ) );
#8074 = CARTESIAN_POINT( '', ( 0.000665660450069630, 0.000352224632453822, -0.00282150712375628 ) );
#8075 = CARTESIAN_POINT( '', ( 0.000694081461719492, 0.000337274767278936, -0.00281463483266726 ) );
#8076 = CARTESIAN_POINT( '', ( 0.000717881836684052, 0.000320644075595504, -0.00280864430192038 ) );
#8077 = CARTESIAN_POINT( '', ( 0.000736411068566078, 0.000302182132042960, -0.00280382932702660 ) );
#8078 = CARTESIAN_POINT( '', ( 0.000748332693654454, 0.000281671311671236, -0.00280065964101140 ) );
#8079 = CARTESIAN_POINT( '', ( 0.000750784374145800, 0.000268262291682116, -0.00279999999999896 ) );
#8080 = CARTESIAN_POINT( '', ( 0.000750784374145800, 0.000261534602404222, -0.00279999999999896 ) );
#8081 = CARTESIAN_POINT( '', ( 0.000750784374145800, 5.42423285335156E-005, -0.00279999999999896 ) );
#8082 = CARTESIAN_POINT( '', ( 0.000750784374145800, 5.42423285335156E-005, -0.00279999999999896 ) );
#8083 = VECTOR( '', #10775, 1.00000000000000 );
#8084 = CARTESIAN_POINT( '', ( 0.000219996188337071, 0.000196466594272985, -0.00289054992234554 ) );
#8085 = CARTESIAN_POINT( '', ( 0.000750784374146033, 5.42423285335156E-005, -0.00279999999999983 ) );
#8086 = CARTESIAN_POINT( '', ( 0.000699701880705130, 6.79369107930288E-005, -0.00281279326769044 ) );
#8087 = CARTESIAN_POINT( '', ( 0.000590448519210160, 9.72263805377290E-005, -0.00284015503892663 ) );
#8088 = CARTESIAN_POINT( '', ( 0.000413325460428076, 0.000144687000339466, -0.00287182740877864 ) );
#8089 = CARTESIAN_POINT( '', ( 0.000286860049150895, 0.000178558372076114, -0.00288407465076589 ) );
#8090 = CARTESIAN_POINT( '', ( 0.000219996188337229, 0.000196466594272960, -0.00289054992234661 ) );
#8091 = CARTESIAN_POINT( '', ( -0.000219996188337198, 0.000196466594273011, -0.00289054992234554 ) );
#8092 = CARTESIAN_POINT( '', ( -0.000219996188337452, 0.000196466594272934, -0.00289054992234554 ) );
#8093 = CARTESIAN_POINT( '', ( -0.000183749433893565, 0.000206178882854414, -0.00289330861810830 ) );
#8094 = CARTESIAN_POINT( '', ( -0.000110818045027424, 0.000220607361398035, -0.00289749038311788 ) );
#8095 = CARTESIAN_POINT( '', ( 7.23618687452644E-009, 0.000227842164310798, -0.00289961969360906 ) );
#8096 = CARTESIAN_POINT( '', ( 0.000110863967321508, 0.000220601832372898, -0.00289748876049730 ) );
#8097 = CARTESIAN_POINT( '', ( 0.000183767182479937, 0.000206174127134995, -0.00289330726728550 ) );
#8098 = CARTESIAN_POINT( '', ( 0.000219996188337071, 0.000196466594272985, -0.00289054992234554 ) );
#8099 = CARTESIAN_POINT( '', ( -0.000219996188337279, 0.000196466594273011, -0.00289054992234661 ) );
#8100 = CARTESIAN_POINT( '', ( -0.000270851880434496, 0.000182844284992900, -0.00288591019197000 ) );
#8101 = CARTESIAN_POINT( '', ( -0.000368475515654672, 0.000156694619199822, -0.00287700366986545 ) );
#8102 = CARTESIAN_POINT( '', ( -0.000507751319907256, 0.000119392021160630, -0.00285500827700040 ) );
#8103 = CARTESIAN_POINT( '', ( -0.000633984281618137, 8.55513416826984E-005, -0.00282987600657453 ) );
#8104 = CARTESIAN_POINT( '', ( -0.000713178768779050, 6.43227519941448E-005, -0.00280961904471866 ) );
#8105 = CARTESIAN_POINT( '', ( -0.000750784374146033, 5.42423285335664E-005, -0.00279999999999983 ) );
#8106 = CARTESIAN_POINT( '', ( -0.00104201169695796, -2.37917974278772E-005, 0.00279999999999896 ) );
#8107 = CARTESIAN_POINT( '', ( -0.000968806616201028, -4.17655515721334E-006, 0.00300000000000070 ) );
#8108 = CARTESIAN_POINT( '', ( -0.00104201169695796, -2.37917974278772E-005, 0.00279999999999896 ) );
#8109 = VECTOR( '', #10776, 1.00000000000000 );
#8110 = CARTESIAN_POINT( '', ( -0.000219996188337122, 0.000196466594272909, 0.00300000000000070 ) );
#8111 = CARTESIAN_POINT( '', ( -0.000219996188337122, 0.000196466594272909, 0.00300000000000070 ) );
#8112 = VECTOR( '', #10777, 1.00000000000000 );
#8113 = CARTESIAN_POINT( '', ( -0.000219996188337300, 0.000196466594272884, 0.00289054992234554 ) );
#8114 = CARTESIAN_POINT( '', ( -0.000219996188337300, 0.000196466594272884, 0.00289054992234554 ) );
#8115 = VECTOR( '', #10778, 1.00000000000000 );
#8116 = CARTESIAN_POINT( '', ( -0.000750784374145800, 5.42423285334902E-005, 0.00279999999999896 ) );
#8117 = CARTESIAN_POINT( '', ( -0.000750784374146032, 5.42423285334902E-005, 0.00279999999999983 ) );
#8118 = CARTESIAN_POINT( '', ( -0.000699701880705915, 6.79369107927952E-005, 0.00281279326769025 ) );
#8119 = CARTESIAN_POINT( '', ( -0.000590448519211736, 9.72263805372890E-005, 0.00284015503892627 ) );
#8120 = CARTESIAN_POINT( '', ( -0.000413325460429682, 0.000144687000339031, 0.00287182740877844 ) );
#8121 = CARTESIAN_POINT( '', ( -0.000286860049151699, 0.000178558372075881, 0.00288407465076580 ) );
#8122 = CARTESIAN_POINT( '', ( -0.000219996188337230, 0.000196466594272934, 0.00289054992234661 ) );
#8123 = CARTESIAN_POINT( '', ( -0.000750784374145800, 5.42423285334902E-005, 0.00279999999999896 ) );
#8124 = VECTOR( '', #10779, 1.00000000000000 );
#8125 = CARTESIAN_POINT( '', ( 0.00209999999999998, 0.00126500000000002, 0.00305000000000050 ) );
#8126 = CARTESIAN_POINT( '', ( 0.00209999999999998, 0.00126500000000002, 0.00300000000000070 ) );
#8127 = CARTESIAN_POINT( '', ( 0.00209999999999998, 0.00126500000000002, 0.00305000000000050 ) );
#8128 = VECTOR( '', #10780, 1.00000000000000 );
#8129 = CARTESIAN_POINT( '', ( 0.00209999999999998, 0.000764999999999988, 0.00305000000000050 ) );
#8130 = CARTESIAN_POINT( '', ( 0.00209999999999998, 0.00126500000000002, 0.00305000000000050 ) );
#8131 = VECTOR( '', #10781, 1.00000000000000 );
#8132 = CARTESIAN_POINT( '', ( 0.00209999999999998, 0.000764999999999988, 0.00300000000000070 ) );
#8133 = CARTESIAN_POINT( '', ( 0.00209999999999998, 0.000764999999999988, 0.00305000000000050 ) );
#8134 = VECTOR( '', #10782, 1.00000000000000 );
#8135 = CARTESIAN_POINT( '', ( 0.00209999999999998, 0.00126500000000002, 0.00300000000000070 ) );
#8136 = VECTOR( '', #10783, 1.00000000000000 );
#8137 = CARTESIAN_POINT( '', ( 0.000180851057171813, -0.000935000000000070, -0.000266874998807990 ) );
#8138 = CARTESIAN_POINT( '', ( 0.000180851057171813, -0.00103499999999992, -0.000266874998807990 ) );
#8139 = CARTESIAN_POINT( '', ( 0.000180851057171813, -0.000935000000000070, -0.000266874998807990 ) );
#8140 = VECTOR( '', #10784, 1.00000000000000 );
#8141 = CARTESIAN_POINT( '', ( 9.57446843385694E-005, -0.00103499999999992, -0.000235624998807912 ) );
#8142 = CARTESIAN_POINT( '', ( 9.57446843385694E-005, -0.00103499999999992, -0.000235624998807912 ) );
#8143 = VECTOR( '', #10785, 1.00000000000000 );
#8144 = CARTESIAN_POINT( '', ( 9.57446843385694E-005, -0.000935000000000070, -0.000235624998807912 ) );
#8145 = CARTESIAN_POINT( '', ( 9.57446843385694E-005, -0.000935000000000070, -0.000235624998807912 ) );
#8146 = VECTOR( '', #10786, 1.00000000000000 );
#8147 = CARTESIAN_POINT( '', ( 9.57446843385694E-005, -0.000935000000000070, -0.000235624998807912 ) );
#8148 = VECTOR( '', #10787, 1.00000000000000 );
#8149 = CARTESIAN_POINT( '', ( -0.00179999999999991, -0.000258205080756954, -0.00300000000000070 ) );
#8150 = CARTESIAN_POINT( '', ( -0.00111547005383801, -0.000258205080756954, -0.00300000000000070 ) );
#8151 = CARTESIAN_POINT( '', ( -0.00179999999999991, -0.000258205080756954, -0.00300000000000070 ) );
#8152 = VECTOR( '', #10788, 1.00000000000000 );
#8153 = CARTESIAN_POINT( '', ( -0.000968806616201028, -4.17655515715746E-006, -0.00300000000000070 ) );
#8154 = CARTESIAN_POINT( '', ( -0.00111547005383801, -0.000258205080756954, -0.00300000000000070 ) );
#8155 = VECTOR( '', #10789, 1.00000000000000 );
#8156 = CARTESIAN_POINT( '', ( -0.000219996188337198, 0.000196466594272960, -0.00300000000000070 ) );
#8157 = CARTESIAN_POINT( '', ( -0.000968806616201028, -4.17655515715746E-006, -0.00300000000000070 ) );
#8158 = VECTOR( '', #10790, 1.00000000000000 );
#8159 = CARTESIAN_POINT( '', ( 0.000219996188337147, 0.000196466594272985, -0.00300000000000070 ) );
#8160 = AXIS2_PLACEMENT_3D( '', #10791, #10792, #10793 );
#8161 = CARTESIAN_POINT( '', ( 0.000968806616201028, -4.17655515720064E-006, -0.00300000000000070 ) );
#8162 = CARTESIAN_POINT( '', ( 0.000219996188337147, 0.000196466594272960, -0.00300000000000070 ) );
#8163 = VECTOR( '', #10794, 1.00000000000000 );
#8164 = CARTESIAN_POINT( '', ( 0.00111547005383801, -0.000258205080756954, -0.00300000000000070 ) );
#8165 = CARTESIAN_POINT( '', ( 0.000968806616201028, -4.17655515720064E-006, -0.00300000000000070 ) );
#8166 = VECTOR( '', #10795, 1.00000000000000 );
#8167 = CARTESIAN_POINT( '', ( 0.00179999999999991, -0.000258205080756954, -0.00300000000000070 ) );
#8168 = CARTESIAN_POINT( '', ( 0.00111547005383801, -0.000258205080756954, -0.00300000000000070 ) );
#8169 = VECTOR( '', #10796, 1.00000000000000 );
#8170 = CARTESIAN_POINT( '', ( 0.00179999999999991, -0.000226894151100224, -0.00300000000000070 ) );
#8171 = CARTESIAN_POINT( '', ( 0.00179999999999991, -0.000226894151100224, -0.00300000000000070 ) );
#8172 = VECTOR( '', #10797, 1.00000000000000 );
#8173 = CARTESIAN_POINT( '', ( 0.00181117714323461, -0.000229889057603617, -0.00300000000000070 ) );
#8174 = CARTESIAN_POINT( '', ( 0.00179999999999991, -0.000226894151100224, -0.00300000000000070 ) );
#8175 = VECTOR( '', #10798, 1.00000000000000 );
#8176 = CARTESIAN_POINT( '', ( 0.00184999999999997, -0.000235000183660262, -0.00300000000000070 ) );
#8177 = AXIS2_PLACEMENT_3D( '', #10799, #10800, #10801 );
#8178 = CARTESIAN_POINT( '', ( 0.00203793852415722, 3.34038450048764E-005, -0.00300000000000070 ) );
#8179 = AXIS2_PLACEMENT_3D( '', #10802, #10803, #10804 );
#8180 = CARTESIAN_POINT( '', ( 0.00184999999999997, 0.000549760696372268, -0.00300000000000070 ) );
#8181 = CARTESIAN_POINT( '', ( 0.00184999999999997, 0.000549760696372268, -0.00300000000000070 ) );
#8182 = VECTOR( '', #10805, 1.00000000000000 );
#8183 = CARTESIAN_POINT( '', ( 0.00184999999999997, 0.000739999816339800, -0.00300000000000070 ) );
#8184 = CARTESIAN_POINT( '', ( 0.00184999999999997, 0.000739999816339800, -0.00300000000000070 ) );
#8185 = VECTOR( '', #10806, 1.00000000000000 );
#8186 = CARTESIAN_POINT( '', ( 0.00204999999999993, 0.000739999816339800, -0.00300000000000070 ) );
#8187 = CARTESIAN_POINT( '', ( 0.00204999999999993, 0.000739999816339800, -0.00300000000000070 ) );
#8188 = VECTOR( '', #10807, 1.00000000000000 );
#8189 = CARTESIAN_POINT( '', ( 0.00204999999999993, 0.000764999999999988, -0.00300000000000070 ) );
#8190 = CARTESIAN_POINT( '', ( 0.00204999999999993, 0.000764999999999988, -0.00300000000000070 ) );
#8191 = VECTOR( '', #10808, 1.00000000000000 );
#8192 = CARTESIAN_POINT( '', ( 0.00209999999999998, 0.000764999999999988, -0.00300000000000070 ) );
#8193 = CARTESIAN_POINT( '', ( 0.00204999999999993, 0.000764999999999988, -0.00300000000000070 ) );
#8194 = VECTOR( '', #10809, 1.00000000000000 );
#8195 = CARTESIAN_POINT( '', ( 0.00209999999999998, 0.00126500000000002, -0.00300000000000070 ) );
#8196 = CARTESIAN_POINT( '', ( 0.00209999999999998, 0.00126500000000002, -0.00300000000000070 ) );
#8197 = VECTOR( '', #10810, 1.00000000000000 );
#8198 = CARTESIAN_POINT( '', ( 0.00269999999999936, 0.00126500000000002, -0.00300000000000070 ) );
#8199 = CARTESIAN_POINT( '', ( 0.00269999999999936, 0.00126500000000002, -0.00300000000000070 ) );
#8200 = VECTOR( '', #10811, 1.00000000000000 );
#8201 = CARTESIAN_POINT( '', ( 0.00269999999999936, 0.000744224644647810, -0.00300000000000070 ) );
#8202 = CARTESIAN_POINT( '', ( 0.00269999999999936, 0.000744224644647810, -0.00300000000000070 ) );
#8203 = VECTOR( '', #10812, 1.00000000000000 );
#8204 = CARTESIAN_POINT( '', ( 0.00237003521657973, -0.000214062668611703, -0.00300000000000070 ) );
#8205 = CARTESIAN_POINT( '', ( 0.00237003521657973, -0.000214062668611703, -0.00300000000000070 ) );
#8206 = VECTOR( '', #10813, 1.00000000000000 );
#8207 = CARTESIAN_POINT( '', ( 0.00184999999999997, -0.000585000183660234, -0.00300000000000070 ) );
#8208 = AXIS2_PLACEMENT_3D( '', #10814, #10815, #10816 );
#8209 = CARTESIAN_POINT( '', ( 0.00172059047744869, -0.000567963096804834, -0.00300000000000070 ) );
#8210 = AXIS2_PLACEMENT_3D( '', #10817, #10818, #10819 );
#8211 = CARTESIAN_POINT( '', ( 0.00172059047744869, -0.000567963096804834, -0.00300000000000070 ) );
#8212 = VECTOR( '', #10820, 1.00000000000000 );
#8213 = CARTESIAN_POINT( '', ( -0.00172059047744869, -0.000567963096804834, -0.00300000000000070 ) );
#8214 = CARTESIAN_POINT( '', ( -0.000129409522551253, -0.000141607444928232, -0.00300000000000070 ) );
#8215 = VECTOR( '', #10821, 1.00000000000000 );
#8216 = CARTESIAN_POINT( '', ( -0.00184999999999997, -0.000585000183660234, -0.00300000000000070 ) );
#8217 = AXIS2_PLACEMENT_3D( '', #10822, #10823, #10824 );
#8218 = CARTESIAN_POINT( '', ( -0.00237003521657973, -0.000214062668611703, -0.00300000000000070 ) );
#8219 = AXIS2_PLACEMENT_3D( '', #10825, #10826, #10827 );
#8220 = CARTESIAN_POINT( '', ( -0.00269999999999936, 0.000744224644647810, -0.00300000000000070 ) );
#8221 = CARTESIAN_POINT( '', ( -0.00237003521657973, -0.000214062668611703, -0.00300000000000070 ) );
#8222 = VECTOR( '', #10828, 1.00000000000000 );
#8223 = CARTESIAN_POINT( '', ( -0.00269999999999936, 0.00126500000000002, -0.00300000000000070 ) );
#8224 = CARTESIAN_POINT( '', ( -0.00269999999999936, 0.000744224644647810, -0.00300000000000070 ) );
#8225 = VECTOR( '', #10829, 1.00000000000000 );
#8226 = CARTESIAN_POINT( '', ( -0.00209999999999998, 0.00126500000000002, -0.00300000000000070 ) );
#8227 = CARTESIAN_POINT( '', ( -0.00269999999999936, 0.00126500000000002, -0.00300000000000070 ) );
#8228 = VECTOR( '', #10830, 1.00000000000000 );
#8229 = CARTESIAN_POINT( '', ( -0.00209999999999998, 0.000764999999999988, -0.00300000000000070 ) );
#8230 = CARTESIAN_POINT( '', ( -0.00209999999999998, 0.00126500000000002, -0.00300000000000070 ) );
#8231 = VECTOR( '', #10831, 1.00000000000000 );
#8232 = CARTESIAN_POINT( '', ( -0.00204999999999993, 0.000764999999999988, -0.00300000000000070 ) );
#8233 = CARTESIAN_POINT( '', ( -0.00209999999999998, 0.000764999999999988, -0.00300000000000070 ) );
#8234 = VECTOR( '', #10832, 1.00000000000000 );
#8235 = CARTESIAN_POINT( '', ( -0.00204999999999993, 0.000739999816339800, -0.00300000000000070 ) );
#8236 = CARTESIAN_POINT( '', ( -0.00204999999999993, 0.000764999999999988, -0.00300000000000070 ) );
#8237 = VECTOR( '', #10833, 1.00000000000000 );
#8238 = CARTESIAN_POINT( '', ( -0.00184999999999997, 0.000739999816339800, -0.00300000000000070 ) );
#8239 = CARTESIAN_POINT( '', ( -0.00204999999999993, 0.000739999816339800, -0.00300000000000070 ) );
#8240 = VECTOR( '', #10834, 1.00000000000000 );
#8241 = CARTESIAN_POINT( '', ( -0.00184999999999997, 0.000549760696372268, -0.00300000000000070 ) );
#8242 = CARTESIAN_POINT( '', ( -0.00184999999999997, 0.000739999816339800, -0.00300000000000070 ) );
#8243 = VECTOR( '', #10835, 1.00000000000000 );
#8244 = CARTESIAN_POINT( '', ( -0.00203793852415722, 3.34038450048764E-005, -0.00300000000000070 ) );
#8245 = CARTESIAN_POINT( '', ( -0.00184999999999997, 0.000549760696372268, -0.00300000000000070 ) );
#8246 = VECTOR( '', #10836, 1.00000000000000 );
#8247 = CARTESIAN_POINT( '', ( -0.00184999999999997, -0.000235000183660262, -0.00300000000000070 ) );
#8248 = AXIS2_PLACEMENT_3D( '', #10837, #10838, #10839 );
#8249 = CARTESIAN_POINT( '', ( -0.00181117714323461, -0.000229889057603617, -0.00300000000000070 ) );
#8250 = AXIS2_PLACEMENT_3D( '', #10840, #10841, #10842 );
#8251 = CARTESIAN_POINT( '', ( -0.00179999999999991, -0.000226894151100224, -0.00300000000000070 ) );
#8252 = CARTESIAN_POINT( '', ( -0.00181117714323461, -0.000229889057603617, -0.00300000000000070 ) );
#8253 = VECTOR( '', #10843, 1.00000000000000 );
#8254 = CARTESIAN_POINT( '', ( -0.00179999999999991, -0.000226894151100224, -0.00300000000000070 ) );
#8255 = VECTOR( '', #10844, 1.00000000000000 );
#8256 = CARTESIAN_POINT( '', ( -0.00159999999999995, 0.00131500000000007, -0.00279999999999896 ) );
#8257 = CARTESIAN_POINT( '', ( -0.00159999999999995, 0.00151500000000004, -0.00279999999999896 ) );
#8258 = CARTESIAN_POINT( '', ( -0.00159999999999995, 0.00131500000000007, -0.00279999999999896 ) );
#8259 = VECTOR( '', #10845, 1.00000000000000 );
#8260 = CARTESIAN_POINT( '', ( -0.00129999999999988, 0.00151500000000004, -0.00310000000000030 ) );
#8261 = CARTESIAN_POINT( '', ( -0.00129999999999988, 0.00151500000000004, -0.00310000000000030 ) );
#8262 = VECTOR( '', #10846, 1.00000000000000 );
#8263 = CARTESIAN_POINT( '', ( -0.00129999999999988, 0.00131500000000007, -0.00310000000000030 ) );
#8264 = CARTESIAN_POINT( '', ( -0.00129999999999988, 0.00131500000000007, -0.00310000000000030 ) );
#8265 = VECTOR( '', #10847, 1.00000000000000 );
#8266 = CARTESIAN_POINT( '', ( -0.00129999999999988, 0.00131500000000007, -0.00310000000000030 ) );
#8267 = VECTOR( '', #10848, 1.00000000000000 );
#8268 = CARTESIAN_POINT( '', ( -0.00184999999999997, -0.000235000183660262, -0.00279999999999896 ) );
#8269 = CARTESIAN_POINT( '', ( -0.00184999999999997, -0.000235000183660262, -0.00279999999999896 ) );
#8270 = VECTOR( '', #10849, 1.00000000000000 );
#8271 = CARTESIAN_POINT( '', ( -0.00203793852415722, 3.34038450048764E-005, -0.00279999999999896 ) );
#8272 = CARTESIAN_POINT( '', ( -0.00203793852415722, 3.34038450048764E-005, -0.00279999999999896 ) );
#8273 = VECTOR( '', #10850, 1.00000000000000 );
#8274 = AXIS2_PLACEMENT_3D( '', #10851, #10852, #10853 );
#8275 = CARTESIAN_POINT( '', ( -0.00310000000000030, -0.00113500000000003, 0.00254999999999996 ) );
#8276 = CARTESIAN_POINT( '', ( -0.00310000000000030, -0.000334999999999930, 0.00254999999999996 ) );
#8277 = CARTESIAN_POINT( '', ( -0.00310000000000030, -0.00113500000000003, 0.00254999999999996 ) );
#8278 = VECTOR( '', #10854, 1.00000000000000 );
#8279 = CARTESIAN_POINT( '', ( -0.00249999999999991, -0.000935000000000070, 0.00254999999999996 ) );
#8280 = AXIS2_PLACEMENT_3D( '', #10855, #10856, #10857 );
#8281 = CARTESIAN_POINT( '', ( -0.000849999999999902, -0.000935000000000070, 0.00254999999999996 ) );
#8282 = CARTESIAN_POINT( '', ( -0.000849999999999902, -0.000935000000000070, 0.00254999999999996 ) );
#8283 = VECTOR( '', #10858, 1.00000000000000 );
#8284 = CARTESIAN_POINT( '', ( -0.000849999999999902, -0.00113500000000003, 0.00254999999999996 ) );
#8285 = CARTESIAN_POINT( '', ( -0.000849999999999902, -0.00113500000000003, 0.00254999999999996 ) );
#8286 = VECTOR( '', #10859, 1.00000000000000 );
#8287 = CARTESIAN_POINT( '', ( -0.00310000000000030, -0.00113500000000003, 0.00254999999999996 ) );
#8288 = VECTOR( '', #10860, 1.00000000000000 );
#8289 = CARTESIAN_POINT( '', ( 0.00184999999999997, 0.000739999816339800, 0.00279999999999896 ) );
#8290 = CARTESIAN_POINT( '', ( 0.00184999999999997, 0.000739999816339800, 0.00300000000000070 ) );
#8291 = CARTESIAN_POINT( '', ( 0.00184999999999997, 0.000739999816339800, 0.00279999999999896 ) );
#8292 = VECTOR( '', #10861, 1.00000000000000 );
#8293 = CARTESIAN_POINT( '', ( 0.00204999999999993, 0.000739999816339800, 0.00300000000000070 ) );
#8294 = CARTESIAN_POINT( '', ( 0.00204999999999993, 0.000739999816339800, 0.00300000000000070 ) );
#8295 = VECTOR( '', #10862, 1.00000000000000 );
#8296 = CARTESIAN_POINT( '', ( 0.00204999999999993, 0.000739999816339800, 0.00279999999999896 ) );
#8297 = CARTESIAN_POINT( '', ( 0.00204999999999993, 0.000739999816339800, 0.00279999999999896 ) );
#8298 = VECTOR( '', #10863, 1.00000000000000 );
#8299 = CARTESIAN_POINT( '', ( 0.00204999999999993, 0.000739999816339800, 0.00279999999999896 ) );
#8300 = VECTOR( '', #10864, 1.00000000000000 );
#8301 = CARTESIAN_POINT( '', ( 0.00184999999999997, -0.000235000183660262, 0.00279999999999896 ) );
#8302 = CARTESIAN_POINT( '', ( 0.00184999999999997, -0.000235000183660262, 0.00300000000000070 ) );
#8303 = CARTESIAN_POINT( '', ( 0.00184999999999997, -0.000235000183660262, 0.00279999999999896 ) );
#8304 = VECTOR( '', #10865, 1.00000000000000 );
#8305 = CARTESIAN_POINT( '', ( 0.00203793852415722, 3.34038450048764E-005, 0.00300000000000070 ) );
#8306 = AXIS2_PLACEMENT_3D( '', #10866, #10867, #10868 );
#8307 = CARTESIAN_POINT( '', ( 0.00203793852415722, 3.34038450048764E-005, 0.00279999999999896 ) );
#8308 = CARTESIAN_POINT( '', ( 0.00203793852415722, 3.34038450048764E-005, 0.00279999999999896 ) );
#8309 = VECTOR( '', #10869, 1.00000000000000 );
#8310 = AXIS2_PLACEMENT_3D( '', #10870, #10871, #10872 );
#8311 = CARTESIAN_POINT( '', ( -0.00184999999999997, 0.000739999816339800, -0.00279999999999896 ) );
#8312 = CARTESIAN_POINT( '', ( -0.00184999999999997, 0.000739999816339800, -0.00279999999999896 ) );
#8313 = VECTOR( '', #10873, 1.00000000000000 );
#8314 = CARTESIAN_POINT( '', ( -0.00204999999999993, 0.000739999816339800, -0.00279999999999896 ) );
#8315 = CARTESIAN_POINT( '', ( -0.00204999999999993, 0.000739999816339800, -0.00279999999999896 ) );
#8316 = VECTOR( '', #10874, 1.00000000000000 );
#8317 = CARTESIAN_POINT( '', ( -0.00204999999999993, 0.000739999816339800, -0.00279999999999896 ) );
#8318 = VECTOR( '', #10875, 1.00000000000000 );
#8319 = CARTESIAN_POINT( '', ( 0.00310000000000030, -0.000334999999999930, 0.00254999999999996 ) );
#8320 = CARTESIAN_POINT( '', ( 0.00249999999999991, -0.000935000000000070, 0.00254999999999996 ) );
#8321 = AXIS2_PLACEMENT_3D( '', #10876, #10877, #10878 );
#8322 = CARTESIAN_POINT( '', ( 0.00249999999999991, -0.000935000000000070, 0.00139999999999999 ) );
#8323 = CARTESIAN_POINT( '', ( 0.00249999999999991, -0.000935000000000070, 0.00139999999999999 ) );
#8324 = VECTOR( '', #10879, 1.00000000000000 );
#8325 = CARTESIAN_POINT( '', ( 0.00310000000000030, -0.000334999999999930, 0.00139999999999999 ) );
#8326 = AXIS2_PLACEMENT_3D( '', #10880, #10881, #10882 );
#8327 = CARTESIAN_POINT( '', ( 0.00310000000000030, -0.000334999999999930, 0.00139999999999999 ) );
#8328 = VECTOR( '', #10883, 1.00000000000000 );
#8329 = CARTESIAN_POINT( '', ( -0.00204999999999993, 0.00151500000000004, -0.00279999999999896 ) );
#8330 = CARTESIAN_POINT( '', ( -0.00204999999999993, 0.00151500000000004, -0.00274999999999916 ) );
#8331 = CARTESIAN_POINT( '', ( -0.00204999999999993, 0.00151500000000004, -0.00279999999999896 ) );
#8332 = VECTOR( '', #10884, 1.00000000000000 );
#8333 = CARTESIAN_POINT( '', ( -0.00204999999999993, 0.00150994897427838, -0.00279999999999896 ) );
#8334 = CARTESIAN_POINT( '', ( -0.00204999999999993, 0.00150994897427838, -0.00279999999999896 ) );
#8335 = VECTOR( '', #10885, 1.00000000000000 );
#8336 = AXIS2_PLACEMENT_3D( '', #10886, #10887, #10888 );
#8337 = CARTESIAN_POINT( '', ( 0.00269999999999936, 0.000744224644647810, -0.00279999999999896 ) );
#8338 = CARTESIAN_POINT( '', ( 0.00269999999999936, 0.000744224644647810, -0.00279999999999896 ) );
#8339 = VECTOR( '', #10889, 1.00000000000000 );
#8340 = CARTESIAN_POINT( '', ( 0.00269999999999936, 0.00150994897427838, -0.00279999999999896 ) );
#8341 = AXIS2_PLACEMENT_3D( '', #10890, #10891, #10892 );
#8342 = CARTESIAN_POINT( '', ( 0.00269999999999936, 0.00131500000000007, -0.00279999999999896 ) );
#8343 = CARTESIAN_POINT( '', ( 0.00269999999999936, 0.00131500000000007, -0.00279999999999896 ) );
#8344 = VECTOR( '', #10893, 1.00000000000000 );
#8345 = CARTESIAN_POINT( '', ( 0.00269999999999936, 0.00131500000000007, -0.00274999999999916 ) );
#8346 = CARTESIAN_POINT( '', ( 0.00269999999999936, 0.00131500000000007, -0.00279999999999896 ) );
#8347 = VECTOR( '', #10894, 1.00000000000000 );
#8348 = CARTESIAN_POINT( '', ( 0.00269999999999936, 0.00126500000000002, -0.00279999999999896 ) );
#8349 = AXIS2_PLACEMENT_3D( '', #10895, #10896, #10897 );
#8350 = CARTESIAN_POINT( '', ( 0.00269999999999936, 0.000764999999999988, -0.00279999999999896 ) );
#8351 = CARTESIAN_POINT( '', ( 0.00269999999999936, 0.000764999999999988, -0.00279999999999896 ) );
#8352 = VECTOR( '', #10898, 1.00000000000000 );
#8353 = CARTESIAN_POINT( '', ( 0.00269999999999936, 0.000764999999999988, -0.00279999999999896 ) );
#8354 = VECTOR( '', #10899, 1.00000000000000 );
#8355 = CARTESIAN_POINT( '', ( 0.00319999999999990, 0.000764999999999988, 0.00190000000000002 ) );
#8356 = CARTESIAN_POINT( '', ( 0.00310000000000030, 0.000764999999999988, 0.00204142135623726 ) );
#8357 = AXIS2_PLACEMENT_3D( '', #10900, #10901, #10902 );
#8358 = CARTESIAN_POINT( '', ( 0.00319999999999990, 0.00126500000000002, 0.00190000000000002 ) );
#8359 = CARTESIAN_POINT( '', ( 0.00319999999999990, 0.00126500000000002, 0.00190000000000002 ) );
#8360 = VECTOR( '', #10903, 1.00000000000000 );
#8361 = CARTESIAN_POINT( '', ( 0.00305000000000050, 0.00126500000000002, 0.00204999999999993 ) );
#8362 = AXIS2_PLACEMENT_3D( '', #10904, #10905, #10906 );
#8363 = CARTESIAN_POINT( '', ( 0.00305000000000050, 0.000764999999999988, 0.00204999999999993 ) );
#8364 = CARTESIAN_POINT( '', ( 0.00305000000000050, 0.00126500000000002, 0.00204999999999993 ) );
#8365 = VECTOR( '', #10907, 1.00000000000000 );
#8366 = AXIS2_PLACEMENT_3D( '', #10908, #10909, #10910 );
#8367 = CARTESIAN_POINT( '', ( -0.00375142774788642, -9.73542864692444E-005, -0.00235999999999996 ) );
#8368 = CARTESIAN_POINT( '', ( -0.00375142774788642, -9.73542864692444E-005, -0.00165999999999996 ) );
#8369 = CARTESIAN_POINT( '', ( -0.00375142774788642, -9.73542864692444E-005, -0.00235999999999996 ) );
#8370 = VECTOR( '', #10911, 1.00000000000000 );
#8371 = CARTESIAN_POINT( '', ( -0.00395620812302132, -0.000861605050861382, -0.00235999999999996 ) );
#8372 = CARTESIAN_POINT( '', ( -0.00395620812302132, -0.000861605050861382, -0.00235999999999996 ) );
#8373 = VECTOR( '', #10912, 1.00000000000000 );
#8374 = CARTESIAN_POINT( '', ( -0.00395620812302132, -0.000861605050861382, -0.00165999999999996 ) );
#8375 = CARTESIAN_POINT( '', ( -0.00395620812302132, -0.000861605050861382, -0.00235999999999996 ) );
#8376 = VECTOR( '', #10913, 1.00000000000000 );
#8377 = CARTESIAN_POINT( '', ( -0.00395620812302132, -0.000861605050861382, -0.00165999999999996 ) );
#8378 = VECTOR( '', #10914, 1.00000000000000 );
#8379 = CARTESIAN_POINT( '', ( -0.00400014662719646, -0.000898473833510766, -0.00235999999999996 ) );
#8380 = AXIS2_PLACEMENT_3D( '', #10915, #10916, #10917 );
#8381 = CARTESIAN_POINT( '', ( -0.00400014662719646, -0.000898473833510766, -0.00165999999999996 ) );
#8382 = CARTESIAN_POINT( '', ( -0.00400014662719646, -0.000898473833510766, -0.00235999999999996 ) );
#8383 = VECTOR( '', #10918, 1.00000000000000 );
#8384 = AXIS2_PLACEMENT_3D( '', #10919, #10920, #10921 );
#8385 = CARTESIAN_POINT( '', ( -0.00346165000000086, 0.000125000000000008, -0.00165999999999996 ) );
#8386 = CARTESIAN_POINT( '', ( -0.00346165000000086, 0.000125000000000008, -0.00235999999999996 ) );
#8387 = CARTESIAN_POINT( '', ( -0.00346165000000086, 0.000125000000000008, -0.00165999999999996 ) );
#8388 = VECTOR( '', #10922, 1.00000000000000 );
#8389 = AXIS2_PLACEMENT_3D( '', #10923, #10924, #10925 );
#8390 = AXIS2_PLACEMENT_3D( '', #10926, #10927, #10928 );
#8391 = CARTESIAN_POINT( '', ( -0.00395620812302132, -0.000861605050861382, 0.00165999999999996 ) );
#8392 = CARTESIAN_POINT( '', ( -0.00395620812302132, -0.000861605050861382, 0.00235999999999996 ) );
#8393 = CARTESIAN_POINT( '', ( -0.00395620812302132, -0.000861605050861382, 0.00165999999999996 ) );
#8394 = VECTOR( '', #10929, 1.00000000000000 );
#8395 = CARTESIAN_POINT( '', ( -0.00375142774788642, -9.73542864692444E-005, 0.00235999999999996 ) );
#8396 = CARTESIAN_POINT( '', ( -0.00395620812302132, -0.000861605050861382, 0.00235999999999996 ) );
#8397 = VECTOR( '', #10930, 1.00000000000000 );
#8398 = CARTESIAN_POINT( '', ( -0.00375142774788642, -9.73542864692444E-005, 0.00165999999999996 ) );
#8399 = CARTESIAN_POINT( '', ( -0.00375142774788642, -9.73542864692444E-005, 0.00165999999999996 ) );
#8400 = VECTOR( '', #10931, 1.00000000000000 );
#8401 = CARTESIAN_POINT( '', ( -0.00395620812302132, -0.000861605050861382, 0.00165999999999996 ) );
#8402 = VECTOR( '', #10932, 1.00000000000000 );
#8403 = CARTESIAN_POINT( '', ( -0.00346165000000086, -0.000125000000000008, 0.00235999999999996 ) );
#8404 = CARTESIAN_POINT( '', ( -0.00310000000000030, -0.000125000000000008, 0.00235999999999996 ) );
#8405 = CARTESIAN_POINT( '', ( -0.00346165000000086, -0.000125000000000008, 0.00235999999999996 ) );
#8406 = VECTOR( '', #10933, 1.00000000000000 );
#8407 = CARTESIAN_POINT( '', ( -0.00346165000000086, -0.000125000000000008, 0.00165999999999996 ) );
#8408 = CARTESIAN_POINT( '', ( -0.00346165000000086, -0.000125000000000008, 0.00235999999999996 ) );
#8409 = VECTOR( '', #10934, 1.00000000000000 );
#8410 = CARTESIAN_POINT( '', ( -0.00310000000000030, -0.000125000000000008, 0.00165999999999996 ) );
#8411 = CARTESIAN_POINT( '', ( -0.00310000000000030, -0.000125000000000008, 0.00165999999999996 ) );
#8412 = VECTOR( '', #10935, 1.00000000000000 );
#8413 = CARTESIAN_POINT( '', ( -0.00310000000000030, -0.000125000000000008, 0.00235999999999996 ) );
#8414 = VECTOR( '', #10936, 1.00000000000000 );
#8415 = CARTESIAN_POINT( '', ( -0.00310000000000030, 0.000764999999999988, 0.00204142135623726 ) );
#8416 = CARTESIAN_POINT( '', ( -0.00310000000000030, 0.000764999999999988, -0.00204142135623726 ) );
#8417 = CARTESIAN_POINT( '', ( -0.00310000000000030, 0.000764999999999988, 0.00204142135623726 ) );
#8418 = VECTOR( '', #10937, 1.00000000000000 );
#8419 = CARTESIAN_POINT( '', ( -0.00310000000000030, 0.000764999999999988, -0.00279999999999896 ) );
#8420 = CARTESIAN_POINT( '', ( -0.00310000000000030, 0.000764999999999988, -0.00204142135623726 ) );
#8421 = VECTOR( '', #10938, 1.00000000000000 );
#8422 = CARTESIAN_POINT( '', ( -0.00310000000000030, -0.00113500000000003, -0.00279999999999896 ) );
#8423 = CARTESIAN_POINT( '', ( -0.00310000000000030, 0.000764999999999988, -0.00279999999999896 ) );
#8424 = VECTOR( '', #10939, 1.00000000000000 );
#8425 = CARTESIAN_POINT( '', ( -0.00310000000000030, -0.00113500000000003, -0.00254999999999996 ) );
#8426 = CARTESIAN_POINT( '', ( -0.00310000000000030, -0.00113500000000003, -0.00254999999999996 ) );
#8427 = VECTOR( '', #10940, 1.00000000000000 );
#8428 = CARTESIAN_POINT( '', ( -0.00310000000000030, -0.000334999999999930, -0.00254999999999996 ) );
#8429 = CARTESIAN_POINT( '', ( -0.00310000000000030, -0.00113500000000003, -0.00254999999999996 ) );
#8430 = VECTOR( '', #10941, 1.00000000000000 );
#8431 = CARTESIAN_POINT( '', ( -0.00310000000000030, -0.000334999999999930, -0.00139999999999999 ) );
#8432 = CARTESIAN_POINT( '', ( -0.00310000000000030, -0.000334999999999930, -0.00254999999999996 ) );
#8433 = VECTOR( '', #10942, 1.00000000000000 );
#8434 = CARTESIAN_POINT( '', ( -0.00310000000000030, -0.00113500000000003, -0.00139999999999999 ) );
#8435 = CARTESIAN_POINT( '', ( -0.00310000000000030, -0.00113500000000003, -0.00139999999999999 ) );
#8436 = VECTOR( '', #10943, 1.00000000000000 );
#8437 = CARTESIAN_POINT( '', ( -0.00310000000000030, -0.00113500000000003, 0.00139999999999999 ) );
#8438 = CARTESIAN_POINT( '', ( -0.00310000000000030, -0.00113500000000003, 0.00139999999999999 ) );
#8439 = VECTOR( '', #10944, 1.00000000000000 );
#8440 = CARTESIAN_POINT( '', ( -0.00310000000000030, -0.000334999999999930, 0.00139999999999999 ) );
#8441 = CARTESIAN_POINT( '', ( -0.00310000000000030, -0.00113500000000003, 0.00139999999999999 ) );
#8442 = VECTOR( '', #10945, 1.00000000000000 );
#8443 = CARTESIAN_POINT( '', ( -0.00310000000000030, -0.000334999999999930, 0.00139999999999999 ) );
#8444 = VECTOR( '', #10946, 1.00000000000000 );
#8445 = CARTESIAN_POINT( '', ( -0.00310000000000030, -0.00113500000000003, 0.00279999999999896 ) );
#8446 = CARTESIAN_POINT( '', ( -0.00310000000000030, -0.00113500000000003, 0.00279999999999896 ) );
#8447 = VECTOR( '', #10947, 1.00000000000000 );
#8448 = CARTESIAN_POINT( '', ( -0.00310000000000030, 0.000764999999999988, 0.00279999999999896 ) );
#8449 = CARTESIAN_POINT( '', ( -0.00310000000000030, 0.000764999999999988, 0.00279999999999896 ) );
#8450 = VECTOR( '', #10948, 1.00000000000000 );
#8451 = CARTESIAN_POINT( '', ( -0.00310000000000030, 0.000764999999999988, 0.00279999999999896 ) );
#8452 = VECTOR( '', #10949, 1.00000000000000 );
#8453 = CARTESIAN_POINT( '', ( -0.00310000000000030, 0.000125000000000008, 0.00165999999999996 ) );
#8454 = CARTESIAN_POINT( '', ( -0.00310000000000030, 0.000125000000000008, 0.00165999999999996 ) );
#8455 = VECTOR( '', #10950, 1.00000000000000 );
#8456 = CARTESIAN_POINT( '', ( -0.00310000000000030, 0.000125000000000008, 0.00235999999999996 ) );
#8457 = CARTESIAN_POINT( '', ( -0.00310000000000030, 0.000125000000000008, 0.00235999999999996 ) );
#8458 = VECTOR( '', #10951, 1.00000000000000 );
#8459 = CARTESIAN_POINT( '', ( -0.00310000000000030, 0.000125000000000008, 0.00235999999999996 ) );
#8460 = VECTOR( '', #10952, 1.00000000000000 );
#8461 = CARTESIAN_POINT( '', ( -0.00310000000000030, -0.000125000000000008, -0.00165999999999996 ) );
#8462 = CARTESIAN_POINT( '', ( -0.00310000000000030, -0.000125000000000008, -0.00235999999999996 ) );
#8463 = CARTESIAN_POINT( '', ( -0.00310000000000030, -0.000125000000000008, -0.00165999999999996 ) );
#8464 = VECTOR( '', #10953, 1.00000000000000 );
#8465 = CARTESIAN_POINT( '', ( -0.00310000000000030, 0.000125000000000008, -0.00235999999999996 ) );
#8466 = CARTESIAN_POINT( '', ( -0.00310000000000030, 0.000125000000000008, -0.00235999999999996 ) );
#8467 = VECTOR( '', #10954, 1.00000000000000 );
#8468 = CARTESIAN_POINT( '', ( -0.00310000000000030, 0.000125000000000008, -0.00165999999999996 ) );
#8469 = CARTESIAN_POINT( '', ( -0.00310000000000030, 0.000125000000000008, -0.00165999999999996 ) );
#8470 = VECTOR( '', #10955, 1.00000000000000 );
#8471 = CARTESIAN_POINT( '', ( -0.00310000000000030, 0.000125000000000008, -0.00165999999999996 ) );
#8472 = VECTOR( '', #10956, 1.00000000000000 );
#8473 = CARTESIAN_POINT( '', ( 0.00346165000000086, -0.000125000000000008, -0.00235999999999996 ) );
#8474 = CARTESIAN_POINT( '', ( 0.00310000000000030, -0.000125000000000008, -0.00235999999999996 ) );
#8475 = CARTESIAN_POINT( '', ( 0.00346165000000086, -0.000125000000000008, -0.00235999999999996 ) );
#8476 = VECTOR( '', #10957, 1.00000000000000 );
#8477 = CARTESIAN_POINT( '', ( 0.00346165000000086, -0.000125000000000008, -0.00165999999999996 ) );
#8478 = CARTESIAN_POINT( '', ( 0.00346165000000086, -0.000125000000000008, -0.00235999999999996 ) );
#8479 = VECTOR( '', #10958, 1.00000000000000 );
#8480 = CARTESIAN_POINT( '', ( 0.00310000000000030, -0.000125000000000008, -0.00165999999999996 ) );
#8481 = CARTESIAN_POINT( '', ( 0.00310000000000030, -0.000125000000000008, -0.00165999999999996 ) );
#8482 = VECTOR( '', #10959, 1.00000000000000 );
#8483 = CARTESIAN_POINT( '', ( 0.00310000000000030, -0.000125000000000008, -0.00165999999999996 ) );
#8484 = VECTOR( '', #10960, 1.00000000000000 );
#8485 = CARTESIAN_POINT( '', ( -0.00346165000000086, -0.000125000000000008, -0.00165999999999996 ) );
#8486 = CARTESIAN_POINT( '', ( -0.00346165000000086, -0.000125000000000008, -0.00165999999999996 ) );
#8487 = VECTOR( '', #10961, 1.00000000000000 );
#8488 = CARTESIAN_POINT( '', ( -0.00346165000000086, -0.000125000000000008, -0.00235999999999996 ) );
#8489 = CARTESIAN_POINT( '', ( -0.00346165000000086, -0.000125000000000008, -0.00165999999999996 ) );
#8490 = VECTOR( '', #10962, 1.00000000000000 );
#8491 = CARTESIAN_POINT( '', ( -0.00310000000000030, -0.000125000000000008, -0.00235999999999996 ) );
#8492 = VECTOR( '', #10963, 1.00000000000000 );
#8493 = CARTESIAN_POINT( '', ( -0.00350994629131512, -0.000162059047744883, -0.00235999999999996 ) );
#8494 = AXIS2_PLACEMENT_3D( '', #10964, #10965, #10966 );
#8495 = CARTESIAN_POINT( '', ( -0.00371472666644748, -0.000926309812136894, -0.00235999999999996 ) );
#8496 = CARTESIAN_POINT( '', ( -0.00350994629131512, -0.000162059047744883, -0.00235999999999996 ) );
#8497 = VECTOR( '', #10967, 1.00000000000000 );
#8498 = CARTESIAN_POINT( '', ( -0.00397835769151102, -0.00114752250803371, -0.00235999999999996 ) );
#8499 = AXIS2_PLACEMENT_3D( '', #10968, #10969, #10970 );
#8500 = CARTESIAN_POINT( '', ( -0.00497822999999964, -0.00123499999999989, -0.00235999999999996 ) );
#8501 = CARTESIAN_POINT( '', ( -0.00397835769151102, -0.00114752250803371, -0.00235999999999996 ) );
#8502 = VECTOR( '', #10971, 1.00000000000000 );
#8503 = CARTESIAN_POINT( '', ( -0.00500001893568762, -0.000985951325476946, -0.00235999999999996 ) );
#8504 = CARTESIAN_POINT( '', ( -0.00497822999999964, -0.00123499999999989, -0.00235999999999996 ) );
#8505 = VECTOR( '', #10972, 1.00000000000000 );
#8506 = CARTESIAN_POINT( '', ( -0.00500001893568762, -0.000985951325476946, -0.00235999999999996 ) );
#8507 = VECTOR( '', #10973, 1.00000000000000 );
#8508 = CARTESIAN_POINT( '', ( -0.00310000000000030, 0.000125000000000008, -0.00235999999999996 ) );
#8509 = VECTOR( '', #10974, 1.00000000000000 );
#8510 = CARTESIAN_POINT( '', ( -0.00346165000000086, 0.000125000000000008, -0.00165999999999996 ) );
#8511 = VECTOR( '', #10975, 1.00000000000000 );
#8512 = CARTESIAN_POINT( '', ( -0.00500001893568762, -0.000985951325476946, -0.00165999999999996 ) );
#8513 = CARTESIAN_POINT( '', ( -0.00500001893568762, -0.000985951325476946, -0.00165999999999996 ) );
#8514 = VECTOR( '', #10976, 1.00000000000000 );
#8515 = CARTESIAN_POINT( '', ( -0.00497822999999964, -0.00123499999999989, -0.00165999999999996 ) );
#8516 = CARTESIAN_POINT( '', ( -0.00497822999999964, -0.00123499999999989, -0.00165999999999996 ) );
#8517 = VECTOR( '', #10977, 1.00000000000000 );
#8518 = CARTESIAN_POINT( '', ( -0.00397835769151102, -0.00114752250803371, -0.00165999999999996 ) );
#8519 = CARTESIAN_POINT( '', ( -0.00397835769151102, -0.00114752250803371, -0.00165999999999996 ) );
#8520 = VECTOR( '', #10978, 1.00000000000000 );
#8521 = CARTESIAN_POINT( '', ( -0.00371472666644748, -0.000926309812136894, -0.00165999999999996 ) );
#8522 = AXIS2_PLACEMENT_3D( '', #10979, #10980, #10981 );
#8523 = CARTESIAN_POINT( '', ( -0.00350994629131512, -0.000162059047744883, -0.00165999999999996 ) );
#8524 = CARTESIAN_POINT( '', ( -0.00350994629131512, -0.000162059047744883, -0.00165999999999996 ) );
#8525 = VECTOR( '', #10982, 1.00000000000000 );
#8526 = AXIS2_PLACEMENT_3D( '', #10983, #10984, #10985 );
#8527 = CARTESIAN_POINT( '', ( 0.00346165000000086, -0.000125000000000008, 0.00165999999999996 ) );
#8528 = CARTESIAN_POINT( '', ( 0.00310000000000030, -0.000125000000000008, 0.00165999999999996 ) );
#8529 = CARTESIAN_POINT( '', ( 0.00346165000000086, -0.000125000000000008, 0.00165999999999996 ) );
#8530 = VECTOR( '', #10986, 1.00000000000000 );
#8531 = CARTESIAN_POINT( '', ( 0.00346165000000086, -0.000125000000000008, 0.00235999999999996 ) );
#8532 = CARTESIAN_POINT( '', ( 0.00346165000000086, -0.000125000000000008, 0.00235999999999996 ) );
#8533 = VECTOR( '', #10987, 1.00000000000000 );
#8534 = CARTESIAN_POINT( '', ( 0.00310000000000030, -0.000125000000000008, 0.00235999999999996 ) );
#8535 = CARTESIAN_POINT( '', ( 0.00310000000000030, -0.000125000000000008, 0.00235999999999996 ) );
#8536 = VECTOR( '', #10988, 1.00000000000000 );
#8537 = CARTESIAN_POINT( '', ( 0.00310000000000030, -0.000125000000000008, 0.00235999999999996 ) );
#8538 = VECTOR( '', #10989, 1.00000000000000 );
#8539 = CARTESIAN_POINT( '', ( 0.00350994629131512, -0.000162059047744883, 0.00235999999999996 ) );
#8540 = AXIS2_PLACEMENT_3D( '', #10990, #10991, #10992 );
#8541 = CARTESIAN_POINT( '', ( 0.00371472666644748, -0.000926309812136894, 0.00235999999999996 ) );
#8542 = CARTESIAN_POINT( '', ( 0.00350994629131512, -0.000162059047744883, 0.00235999999999996 ) );
#8543 = VECTOR( '', #10993, 1.00000000000000 );
#8544 = CARTESIAN_POINT( '', ( 0.00397835769151102, -0.00114752250803371, 0.00235999999999996 ) );
#8545 = AXIS2_PLACEMENT_3D( '', #10994, #10995, #10996 );
#8546 = CARTESIAN_POINT( '', ( 0.00497822999999964, -0.00123499999999989, 0.00235999999999996 ) );
#8547 = CARTESIAN_POINT( '', ( 0.00397835769151102, -0.00114752250803371, 0.00235999999999996 ) );
#8548 = VECTOR( '', #10997, 1.00000000000000 );
#8549 = CARTESIAN_POINT( '', ( 0.00500001893568762, -0.000985951325476946, 0.00235999999999996 ) );
#8550 = CARTESIAN_POINT( '', ( 0.00497822999999964, -0.00123499999999989, 0.00235999999999996 ) );
#8551 = VECTOR( '', #10998, 1.00000000000000 );
#8552 = CARTESIAN_POINT( '', ( 0.00400014662719646, -0.000898473833510766, 0.00235999999999996 ) );
#8553 = CARTESIAN_POINT( '', ( 0.00500001893568762, -0.000985951325476946, 0.00235999999999996 ) );
#8554 = VECTOR( '', #10999, 1.00000000000000 );
#8555 = CARTESIAN_POINT( '', ( 0.00395620812302132, -0.000861605050861382, 0.00235999999999996 ) );
#8556 = AXIS2_PLACEMENT_3D( '', #11000, #11001, #11002 );
#8557 = CARTESIAN_POINT( '', ( 0.00375142774788642, -9.73542864692444E-005, 0.00235999999999996 ) );
#8558 = CARTESIAN_POINT( '', ( 0.00395620812302132, -0.000861605050861382, 0.00235999999999996 ) );
#8559 = VECTOR( '', #11003, 1.00000000000000 );
#8560 = CARTESIAN_POINT( '', ( 0.00346165000000086, 0.000125000000000008, 0.00235999999999996 ) );
#8561 = AXIS2_PLACEMENT_3D( '', #11004, #11005, #11006 );
#8562 = CARTESIAN_POINT( '', ( 0.00310000000000030, 0.000125000000000008, 0.00235999999999996 ) );
#8563 = CARTESIAN_POINT( '', ( 0.00310000000000030, 0.000125000000000008, 0.00235999999999996 ) );
#8564 = VECTOR( '', #11007, 1.00000000000000 );
#8565 = CARTESIAN_POINT( '', ( 0.00310000000000030, 0.000125000000000008, 0.00235999999999996 ) );
#8566 = VECTOR( '', #11008, 1.00000000000000 );
#8567 = CARTESIAN_POINT( '', ( -0.00179999999999991, -0.000204615242270653, 0.00279999999999896 ) );
#8568 = CARTESIAN_POINT( '', ( -0.00179999999999991, -0.000226894151100224, 0.00288314601968830 ) );
#8569 = CARTESIAN_POINT( '', ( -0.00179999999999991, -0.000204615242270653, 0.00279999999999896 ) );
#8570 = VECTOR( '', #11009, 1.00000000000000 );
#8571 = CARTESIAN_POINT( '', ( -0.00171685398031083, -0.000204615242270653, 0.00279999999999896 ) );
#8572 = CARTESIAN_POINT( '', ( -0.00171685398031083, -0.000204615242270653, 0.00279999999999896 ) );
#8573 = VECTOR( '', #11010, 1.00000000000000 );
#8574 = CARTESIAN_POINT( '', ( -0.00171685398031083, -0.000204615242270653, 0.00279999999999896 ) );
#8575 = VECTOR( '', #11011, 1.00000000000000 );
#8576 = CARTESIAN_POINT( '', ( 0.00397835769151102, -0.00114752250803371, 0.00165999999999996 ) );
#8577 = CARTESIAN_POINT( '', ( 0.00397835769151102, -0.00114752250803371, 0.00165999999999996 ) );
#8578 = VECTOR( '', #11012, 1.00000000000000 );
#8579 = CARTESIAN_POINT( '', ( 0.00371472666644748, -0.000926309812136894, 0.00165999999999996 ) );
#8580 = CARTESIAN_POINT( '', ( 0.00371472666644748, -0.000926309812136894, 0.00165999999999996 ) );
#8581 = VECTOR( '', #11013, 1.00000000000000 );
#8582 = AXIS2_PLACEMENT_3D( '', #11014, #11015, #11016 );
#8583 = CARTESIAN_POINT( '', ( 0.00497822999999964, -0.00123499999999989, 0.00165999999999996 ) );
#8584 = CARTESIAN_POINT( '', ( 0.00497822999999964, -0.00123499999999989, 0.00165999999999996 ) );
#8585 = VECTOR( '', #11017, 1.00000000000000 );
#8586 = CARTESIAN_POINT( '', ( 0.00397835769151102, -0.00114752250803371, 0.00165999999999996 ) );
#8587 = VECTOR( '', #11018, 1.00000000000000 );
#8588 = CARTESIAN_POINT( '', ( 0.00350994629131512, -0.000162059047744883, 0.00165999999999996 ) );
#8589 = CARTESIAN_POINT( '', ( 0.00350994629131512, -0.000162059047744883, 0.00165999999999996 ) );
#8590 = VECTOR( '', #11019, 1.00000000000000 );
#8591 = CARTESIAN_POINT( '', ( 0.00350994629131512, -0.000162059047744883, 0.00165999999999996 ) );
#8592 = VECTOR( '', #11020, 1.00000000000000 );
#8593 = CARTESIAN_POINT( '', ( 0.00371472666644748, -0.000926309812136894, -0.00235999999999996 ) );
#8594 = CARTESIAN_POINT( '', ( 0.00371472666644748, -0.000926309812136894, -0.00165999999999996 ) );
#8595 = CARTESIAN_POINT( '', ( 0.00371472666644748, -0.000926309812136894, -0.00235999999999996 ) );
#8596 = VECTOR( '', #11021, 1.00000000000000 );
#8597 = CARTESIAN_POINT( '', ( 0.00397835769151102, -0.00114752250803371, -0.00235999999999996 ) );
#8598 = AXIS2_PLACEMENT_3D( '', #11022, #11023, #11024 );
#8599 = CARTESIAN_POINT( '', ( 0.00397835769151102, -0.00114752250803371, -0.00165999999999996 ) );
#8600 = CARTESIAN_POINT( '', ( 0.00397835769151102, -0.00114752250803371, -0.00235999999999996 ) );
#8601 = VECTOR( '', #11025, 1.00000000000000 );
#8602 = AXIS2_PLACEMENT_3D( '', #11026, #11027, #11028 );
#8603 = CARTESIAN_POINT( '', ( 0.00497822999999964, -0.00123499999999989, -0.00235999999999996 ) );
#8604 = CARTESIAN_POINT( '', ( 0.00397835769151102, -0.00114752250803371, -0.00235999999999996 ) );
#8605 = VECTOR( '', #11029, 1.00000000000000 );
#8606 = CARTESIAN_POINT( '', ( 0.00497822999999964, -0.00123499999999989, -0.00165999999999996 ) );
#8607 = CARTESIAN_POINT( '', ( 0.00497822999999964, -0.00123499999999989, -0.00235999999999996 ) );
#8608 = VECTOR( '', #11030, 1.00000000000000 );
#8609 = CARTESIAN_POINT( '', ( 0.00397835769151102, -0.00114752250803371, -0.00165999999999996 ) );
#8610 = VECTOR( '', #11031, 1.00000000000000 );
#8611 = CARTESIAN_POINT( '', ( 0.00350994629131512, -0.000162059047744883, -0.00235999999999996 ) );
#8612 = CARTESIAN_POINT( '', ( 0.00350994629131512, -0.000162059047744883, -0.00165999999999996 ) );
#8613 = CARTESIAN_POINT( '', ( 0.00350994629131512, -0.000162059047744883, -0.00235999999999996 ) );
#8614 = VECTOR( '', #11032, 1.00000000000000 );
#8615 = CARTESIAN_POINT( '', ( 0.00350994629131512, -0.000162059047744883, -0.00235999999999996 ) );
#8616 = VECTOR( '', #11033, 1.00000000000000 );
#8617 = CARTESIAN_POINT( '', ( 0.00350994629131512, -0.000162059047744883, -0.00165999999999996 ) );
#8618 = VECTOR( '', #11034, 1.00000000000000 );
#8619 = CARTESIAN_POINT( '', ( -0.00500001893568762, -0.000985951325476946, -0.00235999999999996 ) );
#8620 = VECTOR( '', #11035, 1.00000000000000 );
#8621 = CARTESIAN_POINT( '', ( -0.00497822999999964, -0.00123499999999989, -0.00235999999999996 ) );
#8622 = VECTOR( '', #11036, 1.00000000000000 );
#8623 = CARTESIAN_POINT( '', ( -0.00397835769151102, -0.00114752250803371, -0.00235999999999996 ) );
#8624 = VECTOR( '', #11037, 1.00000000000000 );
#8625 = CARTESIAN_POINT( '', ( -0.00497822999999964, -0.00123499999999989, 0.00165999999999996 ) );
#8626 = CARTESIAN_POINT( '', ( -0.00497822999999964, -0.00123499999999989, 0.00235999999999996 ) );
#8627 = CARTESIAN_POINT( '', ( -0.00497822999999964, -0.00123499999999989, 0.00165999999999996 ) );
#8628 = VECTOR( '', #11038, 1.00000000000000 );
#8629 = CARTESIAN_POINT( '', ( -0.00500001893568762, -0.000985951325476946, 0.00235999999999996 ) );
#8630 = CARTESIAN_POINT( '', ( -0.00497822999999964, -0.00123499999999989, 0.00235999999999996 ) );
#8631 = VECTOR( '', #11039, 1.00000000000000 );
#8632 = CARTESIAN_POINT( '', ( -0.00500001893568762, -0.000985951325476946, 0.00165999999999996 ) );
#8633 = CARTESIAN_POINT( '', ( -0.00500001893568762, -0.000985951325476946, 0.00165999999999996 ) );
#8634 = VECTOR( '', #11040, 1.00000000000000 );
#8635 = CARTESIAN_POINT( '', ( -0.00497822999999964, -0.00123499999999989, 0.00165999999999996 ) );
#8636 = VECTOR( '', #11041, 1.00000000000000 );
#8637 = CARTESIAN_POINT( '', ( -0.00397835769151102, -0.00114752250803371, 0.00165999999999996 ) );
#8638 = CARTESIAN_POINT( '', ( -0.00397835769151102, -0.00114752250803371, 0.00235999999999996 ) );
#8639 = CARTESIAN_POINT( '', ( -0.00397835769151102, -0.00114752250803371, 0.00165999999999996 ) );
#8640 = VECTOR( '', #11042, 1.00000000000000 );
#8641 = CARTESIAN_POINT( '', ( -0.00397835769151102, -0.00114752250803371, 0.00235999999999996 ) );
#8642 = VECTOR( '', #11043, 1.00000000000000 );
#8643 = CARTESIAN_POINT( '', ( -0.00397835769151102, -0.00114752250803371, 0.00165999999999996 ) );
#8644 = VECTOR( '', #11044, 1.00000000000000 );
#8645 = CARTESIAN_POINT( '', ( -0.00400014662719646, -0.000898473833510766, 0.00235999999999996 ) );
#8646 = CARTESIAN_POINT( '', ( -0.00500001893568762, -0.000985951325476946, 0.00235999999999996 ) );
#8647 = VECTOR( '', #11045, 1.00000000000000 );
#8648 = CARTESIAN_POINT( '', ( -0.00400014662719646, -0.000898473833510766, 0.00165999999999996 ) );
#8649 = CARTESIAN_POINT( '', ( -0.00400014662719646, -0.000898473833510766, 0.00165999999999996 ) );
#8650 = VECTOR( '', #11046, 1.00000000000000 );
#8651 = CARTESIAN_POINT( '', ( -0.00500001893568762, -0.000985951325476946, 0.00165999999999996 ) );
#8652 = VECTOR( '', #11047, 1.00000000000000 );
#8653 = CARTESIAN_POINT( '', ( -0.00350994629131512, -0.000162059047744883, 0.00165999999999996 ) );
#8654 = CARTESIAN_POINT( '', ( -0.00350994629131512, -0.000162059047744883, 0.00235999999999996 ) );
#8655 = CARTESIAN_POINT( '', ( -0.00350994629131512, -0.000162059047744883, 0.00165999999999996 ) );
#8656 = VECTOR( '', #11048, 1.00000000000000 );
#8657 = CARTESIAN_POINT( '', ( -0.00371472666644748, -0.000926309812136894, 0.00235999999999996 ) );
#8658 = CARTESIAN_POINT( '', ( -0.00350994629131512, -0.000162059047744883, 0.00235999999999996 ) );
#8659 = VECTOR( '', #11049, 1.00000000000000 );
#8660 = CARTESIAN_POINT( '', ( -0.00371472666644748, -0.000926309812136894, 0.00165999999999996 ) );
#8661 = CARTESIAN_POINT( '', ( -0.00371472666644748, -0.000926309812136894, 0.00165999999999996 ) );
#8662 = VECTOR( '', #11050, 1.00000000000000 );
#8663 = CARTESIAN_POINT( '', ( -0.00350994629131512, -0.000162059047744883, 0.00165999999999996 ) );
#8664 = VECTOR( '', #11051, 1.00000000000000 );
#8665 = AXIS2_PLACEMENT_3D( '', #11052, #11053, #11054 );
#8666 = AXIS2_PLACEMENT_3D( '', #11055, #11056, #11057 );
#8667 = CARTESIAN_POINT( '', ( -0.00371472666644748, -0.000926309812136894, -0.00235999999999996 ) );
#8668 = VECTOR( '', #11058, 1.00000000000000 );
#8669 = CARTESIAN_POINT( '', ( -0.00350994629131512, -0.000162059047744883, -0.00235999999999996 ) );
#8670 = VECTOR( '', #11059, 1.00000000000000 );
#8671 = CARTESIAN_POINT( '', ( 0.00179999999999991, -0.000675000000000094, -0.00195000000000007 ) );
#8672 = AXIS2_PLACEMENT_3D( '', #11060, #11061, #11062 );
#8673 = CARTESIAN_POINT( '', ( -0.00269999999999936, 0.000764999999999988, 0.00279999999999896 ) );
#8674 = CARTESIAN_POINT( '', ( -0.00269999999999936, 0.00126500000000002, 0.00279999999999896 ) );
#8675 = CARTESIAN_POINT( '', ( -0.00269999999999936, 0.000764999999999988, 0.00279999999999896 ) );
#8676 = VECTOR( '', #11063, 1.00000000000000 );
#8677 = CARTESIAN_POINT( '', ( -0.00264999999999956, 0.00126500000000002, 0.00279999999999896 ) );
#8678 = CARTESIAN_POINT( '', ( -0.00269999999999936, 0.00126500000000002, 0.00279999999999896 ) );
#8679 = VECTOR( '', #11064, 1.00000000000000 );
#8680 = CARTESIAN_POINT( '', ( -0.00264999999999956, 0.000764999999999988, 0.00279999999999896 ) );
#8681 = CARTESIAN_POINT( '', ( -0.00264999999999956, 0.00126500000000002, 0.00279999999999896 ) );
#8682 = VECTOR( '', #11065, 1.00000000000000 );
#8683 = CARTESIAN_POINT( '', ( -0.00269999999999936, 0.000764999999999988, 0.00279999999999896 ) );
#8684 = VECTOR( '', #11066, 1.00000000000000 );
#8685 = CARTESIAN_POINT( '', ( -0.00295000000000090, 0.000764999999999988, 0.00204999999999993 ) );
#8686 = CARTESIAN_POINT( '', ( -0.00295000000000090, 0.00126500000000002, 0.00204999999999993 ) );
#8687 = CARTESIAN_POINT( '', ( -0.00295000000000090, 0.000764999999999988, 0.00204999999999993 ) );
#8688 = VECTOR( '', #11067, 1.00000000000000 );
#8689 = CARTESIAN_POINT( '', ( -0.00305000000000050, 0.00126500000000002, 0.00204999999999993 ) );
#8690 = CARTESIAN_POINT( '', ( -0.00305000000000050, 0.00126500000000002, 0.00204999999999993 ) );
#8691 = VECTOR( '', #11068, 1.00000000000000 );
#8692 = CARTESIAN_POINT( '', ( -0.00305000000000050, 0.000764999999999988, 0.00204999999999993 ) );
#8693 = CARTESIAN_POINT( '', ( -0.00305000000000050, 0.00126500000000002, 0.00204999999999993 ) );
#8694 = VECTOR( '', #11069, 1.00000000000000 );
#8695 = CARTESIAN_POINT( '', ( -0.00305000000000050, 0.000764999999999988, 0.00204999999999993 ) );
#8696 = VECTOR( '', #11070, 1.00000000000000 );
#8697 = CARTESIAN_POINT( '', ( -0.00249999999999991, -0.000935000000000070, -0.00139999999999999 ) );
#8698 = AXIS2_PLACEMENT_3D( '', #11071, #11072, #11073 );
#8699 = CARTESIAN_POINT( '', ( -0.000849999999999902, -0.000935000000000070, -0.00139999999999999 ) );
#8700 = CARTESIAN_POINT( '', ( -0.000849999999999902, -0.000935000000000070, -0.00139999999999999 ) );
#8701 = VECTOR( '', #11074, 1.00000000000000 );
#8702 = CARTESIAN_POINT( '', ( -0.000849999999999902, -0.00113500000000003, -0.00139999999999999 ) );
#8703 = CARTESIAN_POINT( '', ( -0.000849999999999902, -0.00113500000000003, -0.00139999999999999 ) );
#8704 = VECTOR( '', #11075, 1.00000000000000 );
#8705 = CARTESIAN_POINT( '', ( -0.00310000000000030, -0.00113500000000003, -0.00139999999999999 ) );
#8706 = VECTOR( '', #11076, 1.00000000000000 );
#8707 = CARTESIAN_POINT( '', ( 0.00184999999999997, -0.000235000183660262, -0.00279999999999896 ) );
#8708 = CARTESIAN_POINT( '', ( 0.00184999999999997, -0.000235000183660262, -0.00300000000000070 ) );
#8709 = VECTOR( '', #11077, 1.00000000000000 );
#8710 = CARTESIAN_POINT( '', ( 0.00181117714323461, -0.000229889057603617, -0.00279999999999896 ) );
#8711 = CARTESIAN_POINT( '', ( 0.00181117714323461, -0.000229889057603617, -0.00279999999999896 ) );
#8712 = VECTOR( '', #11078, 1.00000000000000 );
#8713 = AXIS2_PLACEMENT_3D( '', #11079, #11080, #11081 );
#8714 = CARTESIAN_POINT( '', ( -0.00159999999999995, 0.00151500000000004, -0.00279999999999896 ) );
#8715 = VECTOR( '', #11082, 1.00000000000000 );
#8716 = CARTESIAN_POINT( '', ( -0.00204999999999993, 0.00131500000000007, -0.00279999999999896 ) );
#8717 = CARTESIAN_POINT( '', ( -0.00159999999999995, 0.00131500000000007, -0.00279999999999896 ) );
#8718 = VECTOR( '', #11083, 1.00000000000000 );
#8719 = CARTESIAN_POINT( '', ( -0.00204999999999993, 0.00131500000000007, -0.00279999999999896 ) );
#8720 = VECTOR( '', #11084, 1.00000000000000 );
#8721 = CARTESIAN_POINT( '', ( -0.00179999999999991, -0.000675000000000094, -0.00195000000000007 ) );
#8722 = AXIS2_PLACEMENT_3D( '', #11085, #11086, #11087 );
#8723 = CARTESIAN_POINT( '', ( -0.00184999999999997, 0.000739999816339800, 0.00279999999999896 ) );
#8724 = CARTESIAN_POINT( '', ( -0.00184999999999997, 0.000739999816339800, 0.00300000000000070 ) );
#8725 = CARTESIAN_POINT( '', ( -0.00184999999999997, 0.000739999816339800, 0.00279999999999896 ) );
#8726 = VECTOR( '', #11088, 1.00000000000000 );
#8727 = CARTESIAN_POINT( '', ( -0.00184999999999997, 0.000549760696372268, 0.00300000000000070 ) );
#8728 = CARTESIAN_POINT( '', ( -0.00184999999999997, 0.000739999816339800, 0.00300000000000070 ) );
#8729 = VECTOR( '', #11089, 1.00000000000000 );
#8730 = CARTESIAN_POINT( '', ( -0.00184999999999997, 0.000549760696372268, 0.00279999999999896 ) );
#8731 = CARTESIAN_POINT( '', ( -0.00184999999999997, 0.000549760696372268, 0.00279999999999896 ) );
#8732 = VECTOR( '', #11090, 1.00000000000000 );
#8733 = CARTESIAN_POINT( '', ( -0.00184999999999997, 0.000739999816339800, 0.00279999999999896 ) );
#8734 = VECTOR( '', #11091, 1.00000000000000 );
#8735 = CARTESIAN_POINT( '', ( -0.00184999999999997, -0.000585000183660234, -0.00279999999999896 ) );
#8736 = CARTESIAN_POINT( '', ( -0.00184999999999997, -0.000585000183660234, -0.00279999999999896 ) );
#8737 = VECTOR( '', #11092, 1.00000000000000 );
#8738 = CARTESIAN_POINT( '', ( -0.00172059047744869, -0.000567963096804834, -0.00279999999999896 ) );
#8739 = CARTESIAN_POINT( '', ( -0.00172059047744869, -0.000567963096804834, -0.00279999999999896 ) );
#8740 = VECTOR( '', #11093, 1.00000000000000 );
#8741 = AXIS2_PLACEMENT_3D( '', #11094, #11095, #11096 );
#8742 = CARTESIAN_POINT( '', ( -0.000180851057171813, -0.000935000000000070, 0.000201875001192091 ) );
#8743 = CARTESIAN_POINT( '', ( -0.000180851057171813, -0.00103499999999992, 0.000201875001192091 ) );
#8744 = CARTESIAN_POINT( '', ( -0.000180851057171813, -0.000935000000000070, 0.000201875001192091 ) );
#8745 = VECTOR( '', #11097, 1.00000000000000 );
#8746 = CARTESIAN_POINT( '', ( -0.000244680851697922, -0.00103499999999992, 0.000201875001192091 ) );
#8747 = CARTESIAN_POINT( '', ( -0.000244680851697922, -0.00103499999999992, 0.000201875001192091 ) );
#8748 = VECTOR( '', #11098, 1.00000000000000 );
#8749 = CARTESIAN_POINT( '', ( -0.000244680851697922, -0.000935000000000070, 0.000201875001192091 ) );
#8750 = CARTESIAN_POINT( '', ( -0.000244680851697922, -0.000935000000000070, 0.000201875001192091 ) );
#8751 = VECTOR( '', #11099, 1.00000000000000 );
#8752 = CARTESIAN_POINT( '', ( -0.000244680851697922, -0.000935000000000070, 0.000201875001192091 ) );
#8753 = VECTOR( '', #11100, 1.00000000000000 );
#8754 = CARTESIAN_POINT( '', ( -0.00204999999999993, 0.00131500000000007, -0.00274999999999916 ) );
#8755 = CARTESIAN_POINT( '', ( -0.00204999999999993, 0.00126500000000002, -0.00279999999999896 ) );
#8756 = AXIS2_PLACEMENT_3D( '', #11101, #11102, #11103 );
#8757 = CARTESIAN_POINT( '', ( -0.00269999999999936, 0.00131500000000007, -0.00274999999999916 ) );
#8758 = CARTESIAN_POINT( '', ( -0.00269999999999936, 0.00131500000000007, -0.00274999999999916 ) );
#8759 = VECTOR( '', #11104, 1.00000000000000 );
#8760 = CARTESIAN_POINT( '', ( -0.00269999999999936, 0.00126500000000002, -0.00279999999999896 ) );
#8761 = AXIS2_PLACEMENT_3D( '', #11105, #11106, #11107 );
#8762 = CARTESIAN_POINT( '', ( -0.00264999999999956, 0.00126500000000002, -0.00279999999999896 ) );
#8763 = CARTESIAN_POINT( '', ( -0.00269999999999936, 0.00126500000000002, -0.00279999999999896 ) );
#8764 = VECTOR( '', #11108, 1.00000000000000 );
#8765 = CARTESIAN_POINT( '', ( -0.00264999999999956, 0.00126500000000002, -0.00279999999999896 ) );
#8766 = VECTOR( '', #11109, 1.00000000000000 );
#8767 = CARTESIAN_POINT( '', ( 0.00209999999999998, 0.000764999999999988, -0.00305000000000050 ) );
#8768 = CARTESIAN_POINT( '', ( 0.00209999999999998, 0.000764999999999988, -0.00300000000000070 ) );
#8769 = VECTOR( '', #11110, 1.00000000000000 );
#8770 = CARTESIAN_POINT( '', ( 0.00209999999999998, 0.00126500000000002, -0.00305000000000050 ) );
#8771 = CARTESIAN_POINT( '', ( 0.00209999999999998, 0.00126500000000002, -0.00305000000000050 ) );
#8772 = VECTOR( '', #11111, 1.00000000000000 );
#8773 = CARTESIAN_POINT( '', ( 0.00209999999999998, 0.00126500000000002, -0.00300000000000070 ) );
#8774 = VECTOR( '', #11112, 1.00000000000000 );
#8775 = CARTESIAN_POINT( '', ( 0.00159999999999995, 0.00131500000000007, 0.00279999999999896 ) );
#8776 = CARTESIAN_POINT( '', ( 0.00159999999999995, 0.00151500000000004, 0.00279999999999896 ) );
#8777 = CARTESIAN_POINT( '', ( 0.00159999999999995, 0.00131500000000007, 0.00279999999999896 ) );
#8778 = VECTOR( '', #11113, 1.00000000000000 );
#8779 = CARTESIAN_POINT( '', ( 0.00129999999999988, 0.00151500000000004, 0.00310000000000030 ) );
#8780 = CARTESIAN_POINT( '', ( 0.00129999999999988, 0.00151500000000004, 0.00310000000000030 ) );
#8781 = VECTOR( '', #11114, 1.00000000000000 );
#8782 = CARTESIAN_POINT( '', ( 0.00129999999999988, 0.00131500000000007, 0.00310000000000030 ) );
#8783 = CARTESIAN_POINT( '', ( 0.00129999999999988, 0.00131500000000007, 0.00310000000000030 ) );
#8784 = VECTOR( '', #11115, 1.00000000000000 );
#8785 = CARTESIAN_POINT( '', ( 0.00129999999999988, 0.00131500000000007, 0.00310000000000030 ) );
#8786 = VECTOR( '', #11116, 1.00000000000000 );
#8787 = CARTESIAN_POINT( '', ( -0.000478723406791810, -0.000935000000000070, 0.000123750001192086 ) );
#8788 = CARTESIAN_POINT( '', ( -0.000478723406791810, -0.00103499999999992, 0.000123750001192086 ) );
#8789 = CARTESIAN_POINT( '', ( -0.000478723406791810, -0.000935000000000070, 0.000123750001192086 ) );
#8790 = VECTOR( '', #11117, 1.00000000000000 );
#8791 = CARTESIAN_POINT( '', ( -0.000414893627166636, -0.00103499999999992, 0.000201875001192091 ) );
#8792 = CARTESIAN_POINT( '', ( -0.000414893627166636, -0.00103499999999992, 0.000201875001192091 ) );
#8793 = VECTOR( '', #11118, 1.00000000000000 );
#8794 = CARTESIAN_POINT( '', ( -0.000414893627166636, -0.000935000000000070, 0.000201875001192091 ) );
#8795 = CARTESIAN_POINT( '', ( -0.000414893627166636, -0.000935000000000070, 0.000201875001192091 ) );
#8796 = VECTOR( '', #11119, 1.00000000000000 );
#8797 = CARTESIAN_POINT( '', ( -0.000414893627166636, -0.000935000000000070, 0.000201875001192091 ) );
#8798 = VECTOR( '', #11120, 1.00000000000000 );
#8799 = CARTESIAN_POINT( '', ( 0.00204999999999993, 0.00131500000000007, -0.00279999999999896 ) );
#8800 = CARTESIAN_POINT( '', ( 0.00159999999999995, 0.00131500000000007, -0.00279999999999896 ) );
#8801 = CARTESIAN_POINT( '', ( 0.00204999999999993, 0.00131500000000007, -0.00279999999999896 ) );
#8802 = VECTOR( '', #11121, 1.00000000000000 );
#8803 = CARTESIAN_POINT( '', ( 0.00159999999999995, 0.00151500000000004, -0.00279999999999896 ) );
#8804 = CARTESIAN_POINT( '', ( 0.00159999999999995, 0.00131500000000007, -0.00279999999999896 ) );
#8805 = VECTOR( '', #11122, 1.00000000000000 );
#8806 = CARTESIAN_POINT( '', ( 0.00204999999999993, 0.00151500000000004, -0.00279999999999896 ) );
#8807 = CARTESIAN_POINT( '', ( 0.00204999999999993, 0.00151500000000004, -0.00279999999999896 ) );
#8808 = VECTOR( '', #11123, 1.00000000000000 );
#8809 = CARTESIAN_POINT( '', ( 0.00204999999999993, 0.00150994897427838, -0.00279999999999896 ) );
#8810 = CARTESIAN_POINT( '', ( 0.00204999999999993, 0.00150994897427838, -0.00279999999999896 ) );
#8811 = VECTOR( '', #11124, 1.00000000000000 );
#8812 = CARTESIAN_POINT( '', ( 0.00204999999999993, 0.00131500000000007, -0.00279999999999896 ) );
#8813 = VECTOR( '', #11125, 1.00000000000000 );
#8814 = CARTESIAN_POINT( '', ( 0.000849999999999902, -0.00113500000000003, 0.00139999999999999 ) );
#8815 = CARTESIAN_POINT( '', ( 0.000849999999999902, -0.000935000000000070, 0.00139999999999999 ) );
#8816 = CARTESIAN_POINT( '', ( 0.000849999999999902, -0.00113500000000003, 0.00139999999999999 ) );
#8817 = VECTOR( '', #11126, 1.00000000000000 );
#8818 = CARTESIAN_POINT( '', ( 0.000849999999999902, -0.000935000000000070, 0.00254999999999996 ) );
#8819 = CARTESIAN_POINT( '', ( 0.000849999999999902, -0.000935000000000070, 0.00254999999999996 ) );
#8820 = VECTOR( '', #11127, 1.00000000000000 );
#8821 = CARTESIAN_POINT( '', ( 0.000849999999999902, -0.00113500000000003, 0.00254999999999996 ) );
#8822 = CARTESIAN_POINT( '', ( 0.000849999999999902, -0.00113500000000003, 0.00254999999999996 ) );
#8823 = VECTOR( '', #11128, 1.00000000000000 );
#8824 = CARTESIAN_POINT( '', ( 0.000849999999999902, -0.00113500000000003, 0.00254999999999996 ) );
#8825 = VECTOR( '', #11129, 1.00000000000000 );
#8826 = CARTESIAN_POINT( '', ( 0.000244680851697922, -0.000935000000000070, -0.000266874998807990 ) );
#8827 = CARTESIAN_POINT( '', ( 0.000244680851697922, -0.00103499999999992, -0.000266874998807990 ) );
#8828 = CARTESIAN_POINT( '', ( 0.000244680851697922, -0.000935000000000070, -0.000266874998807990 ) );
#8829 = VECTOR( '', #11130, 1.00000000000000 );
#8830 = CARTESIAN_POINT( '', ( 0.000180851057171813, -0.00103499999999992, -0.000266874998807990 ) );
#8831 = VECTOR( '', #11131, 1.00000000000000 );
#8832 = CARTESIAN_POINT( '', ( 0.000180851057171813, -0.000935000000000070, -0.000266874998807990 ) );
#8833 = VECTOR( '', #11132, 1.00000000000000 );
#8834 = CARTESIAN_POINT( '', ( 0.00172059047744869, -0.000567963096804834, -0.00279999999999896 ) );
#8835 = CARTESIAN_POINT( '', ( 0.00172059047744869, -0.000567963096804834, -0.00279999999999896 ) );
#8836 = VECTOR( '', #11133, 1.00000000000000 );
#8837 = CARTESIAN_POINT( '', ( 0.00184999999999997, -0.000585000183660234, -0.00279999999999896 ) );
#8838 = CARTESIAN_POINT( '', ( 0.00184999999999997, -0.000585000183660234, -0.00279999999999896 ) );
#8839 = VECTOR( '', #11134, 1.00000000000000 );
#8840 = AXIS2_PLACEMENT_3D( '', #11135, #11136, #11137 );
#8841 = CARTESIAN_POINT( '', ( -7.44680836796638E-005, -0.000935000000000070, 0.000248750001192094 ) );
#8842 = CARTESIAN_POINT( '', ( -7.44680836796638E-005, -0.00103499999999992, 0.000248750001192094 ) );
#8843 = CARTESIAN_POINT( '', ( -7.44680836796638E-005, -0.000935000000000070, 0.000248750001192094 ) );
#8844 = VECTOR( '', #11138, 1.00000000000000 );
#8845 = CARTESIAN_POINT( '', ( -1.06382975354782E-005, -0.00103499999999992, 0.000186250001192090 ) );
#8846 = CARTESIAN_POINT( '', ( -1.06382975354782E-005, -0.00103499999999992, 0.000186250001192090 ) );
#8847 = VECTOR( '', #11139, 1.00000000000000 );
#8848 = CARTESIAN_POINT( '', ( -1.06382975354782E-005, -0.000935000000000070, 0.000186250001192090 ) );
#8849 = CARTESIAN_POINT( '', ( -1.06382975354782E-005, -0.000935000000000070, 0.000186250001192090 ) );
#8850 = VECTOR( '', #11140, 1.00000000000000 );
#8851 = CARTESIAN_POINT( '', ( -1.06382975354782E-005, -0.000935000000000070, 0.000186250001192090 ) );
#8852 = VECTOR( '', #11141, 1.00000000000000 );
#8853 = CARTESIAN_POINT( '', ( 7.44680836796638E-005, -0.000935000000000070, 9.25000011920838E-005 ) );
#8854 = CARTESIAN_POINT( '', ( 7.44680836796638E-005, -0.00103499999999992, 9.25000011920838E-005 ) );
#8855 = CARTESIAN_POINT( '', ( 7.44680836796638E-005, -0.000935000000000070, 9.25000011920838E-005 ) );
#8856 = VECTOR( '', #11142, 1.00000000000000 );
#8857 = CARTESIAN_POINT( '', ( 5.31914904713656E-005, -0.00103499999999992, 2.99999993294470E-005 ) );
#8858 = CARTESIAN_POINT( '', ( 5.31914904713656E-005, -0.00103499999999992, 2.99999993294470E-005 ) );
#8859 = VECTOR( '', #11143, 1.00000000000000 );
#8860 = CARTESIAN_POINT( '', ( 5.31914904713656E-005, -0.000935000000000070, 2.99999993294470E-005 ) );
#8861 = CARTESIAN_POINT( '', ( 5.31914904713656E-005, -0.000935000000000070, 2.99999993294470E-005 ) );
#8862 = VECTOR( '', #11144, 1.00000000000000 );
#8863 = CARTESIAN_POINT( '', ( 5.31914904713656E-005, -0.000935000000000070, 2.99999993294470E-005 ) );
#8864 = VECTOR( '', #11145, 1.00000000000000 );
#8865 = CARTESIAN_POINT( '', ( -0.00237003521657973, -0.000214062668611678, -0.00279999999999896 ) );
#8866 = CARTESIAN_POINT( '', ( -0.00237003521657973, -0.000214062668611678, -0.00279999999999896 ) );
#8867 = VECTOR( '', #11146, 1.00000000000000 );
#8868 = AXIS2_PLACEMENT_3D( '', #11147, #11148, #11149 );
#8869 = CARTESIAN_POINT( '', ( -7.44680836796638E-005, -0.000935000000000070, -0.000251249998807913 ) );
#8870 = CARTESIAN_POINT( '', ( -7.44680836796638E-005, -0.00103499999999992, -0.000251249998807913 ) );
#8871 = CARTESIAN_POINT( '', ( -7.44680836796638E-005, -0.000935000000000070, -0.000251249998807913 ) );
#8872 = VECTOR( '', #11150, 1.00000000000000 );
#8873 = CARTESIAN_POINT( '', ( -0.000180851057171813, -0.00103499999999992, -0.000282499998807864 ) );
#8874 = CARTESIAN_POINT( '', ( -0.000180851057171813, -0.00103499999999992, -0.000282499998807864 ) );
#8875 = VECTOR( '', #11151, 1.00000000000000 );
#8876 = CARTESIAN_POINT( '', ( -0.000180851057171813, -0.000935000000000070, -0.000282499998807864 ) );
#8877 = CARTESIAN_POINT( '', ( -0.000180851057171813, -0.000935000000000070, -0.000282499998807864 ) );
#8878 = VECTOR( '', #11152, 1.00000000000000 );
#8879 = CARTESIAN_POINT( '', ( -0.000180851057171813, -0.000935000000000070, -0.000282499998807864 ) );
#8880 = VECTOR( '', #11153, 1.00000000000000 );
#8881 = CARTESIAN_POINT( '', ( -0.00269999999999936, 0.00150994897427838, -0.00279999999999896 ) );
#8882 = CARTESIAN_POINT( '', ( -0.00269999999999936, 0.00151500000000004, -0.00279999999999896 ) );
#8883 = CARTESIAN_POINT( '', ( -0.00269999999999936, 0.00150994897427838, -0.00279999999999896 ) );
#8884 = VECTOR( '', #11154, 1.00000000000000 );
#8885 = CARTESIAN_POINT( '', ( -0.00269999999999936, 0.00151500000000004, -0.00274999999999916 ) );
#8886 = CARTESIAN_POINT( '', ( -0.00269999999999936, 0.00151500000000004, -0.00274999999999916 ) );
#8887 = VECTOR( '', #11155, 1.00000000000000 );
#8888 = AXIS2_PLACEMENT_3D( '', #11156, #11157, #11158 );
#8889 = CARTESIAN_POINT( '', ( 0.00300000000000070, 0.00131500000000007, -0.000899999999999956 ) );
#8890 = CARTESIAN_POINT( '', ( 0.00300000000000070, 0.00151500000000004, -0.000899999999999956 ) );
#8891 = CARTESIAN_POINT( '', ( 0.00300000000000070, 0.00131500000000007, -0.000899999999999956 ) );
#8892 = VECTOR( '', #11159, 1.00000000000000 );
#8893 = CARTESIAN_POINT( '', ( 0.00310000000000030, 0.00151500000000004, -0.000899999999999956 ) );
#8894 = CARTESIAN_POINT( '', ( 0.00310000000000030, 0.00151500000000004, -0.000899999999999956 ) );
#8895 = VECTOR( '', #11160, 1.00000000000000 );
#8896 = CARTESIAN_POINT( '', ( 0.00310000000000030, 0.00131500000000007, -0.000899999999999956 ) );
#8897 = CARTESIAN_POINT( '', ( 0.00310000000000030, 0.00131500000000007, -0.000899999999999956 ) );
#8898 = VECTOR( '', #11161, 1.00000000000000 );
#8899 = CARTESIAN_POINT( '', ( 0.00310000000000030, 0.00131500000000007, -0.000899999999999956 ) );
#8900 = VECTOR( '', #11162, 1.00000000000000 );
#8901 = CARTESIAN_POINT( '', ( 0.00310000000000030, -0.000334999999999930, -0.00139999999999999 ) );
#8902 = CARTESIAN_POINT( '', ( 0.00249999999999991, -0.000935000000000070, -0.00139999999999999 ) );
#8903 = AXIS2_PLACEMENT_3D( '', #11163, #11164, #11165 );
#8904 = CARTESIAN_POINT( '', ( 0.00249999999999991, -0.000935000000000070, -0.00254999999999996 ) );
#8905 = CARTESIAN_POINT( '', ( 0.00249999999999991, -0.000935000000000070, -0.00254999999999996 ) );
#8906 = VECTOR( '', #11166, 1.00000000000000 );
#8907 = CARTESIAN_POINT( '', ( 0.00310000000000030, -0.000334999999999930, -0.00254999999999996 ) );
#8908 = AXIS2_PLACEMENT_3D( '', #11167, #11168, #11169 );
#8909 = CARTESIAN_POINT( '', ( 0.00310000000000030, -0.000334999999999930, -0.00254999999999996 ) );
#8910 = VECTOR( '', #11170, 1.00000000000000 );
#8911 = CARTESIAN_POINT( '', ( 0.000351063817739388, -0.000935000000000070, -0.000235624998807912 ) );
#8912 = CARTESIAN_POINT( '', ( 0.000351063817739388, -0.00103499999999992, -0.000235624998807912 ) );
#8913 = CARTESIAN_POINT( '', ( 0.000351063817739388, -0.000935000000000070, -0.000235624998807912 ) );
#8914 = VECTOR( '', #11171, 1.00000000000000 );
#8915 = CARTESIAN_POINT( '', ( 0.000244680851697922, -0.00103499999999992, -0.000266874998807990 ) );
#8916 = VECTOR( '', #11172, 1.00000000000000 );
#8917 = CARTESIAN_POINT( '', ( 0.000244680851697922, -0.000935000000000070, -0.000266874998807990 ) );
#8918 = VECTOR( '', #11173, 1.00000000000000 );
#8919 = CARTESIAN_POINT( '', ( 0.00111547005383801, -0.000258205080756954, 0.00300000000000070 ) );
#8920 = CARTESIAN_POINT( '', ( 0.00109999999999992, -0.000284999999999876, 0.00310000000000030 ) );
#8921 = CARTESIAN_POINT( '', ( 0.00111547005383801, -0.000258205080756954, 0.00300000000000070 ) );
#8922 = VECTOR( '', #11174, 1.00000000000000 );
#8923 = CARTESIAN_POINT( '', ( 0.000649444650053492, 0.000495384757729392, 0.00310000000000030 ) );
#8924 = CARTESIAN_POINT( '', ( 0.00109999999999992, -0.000284999999999876, 0.00310000000000030 ) );
#8925 = VECTOR( '', #11175, 1.00000000000000 );
#8926 = CARTESIAN_POINT( '', ( 0.000719878478939426, 0.000454719767662024, 0.00294823619097836 ) );
#8927 = CARTESIAN_POINT( '', ( 0.000649444650053492, 0.000495384757729392, 0.00310000000000030 ) );
#8928 = VECTOR( '', #11176, 1.00000000000000 );
#8929 = CARTESIAN_POINT( '', ( 0.000877278423207996, 0.000261534602404222, 0.00279999999999896 ) );
#8930 = CARTESIAN_POINT( '', ( 0.000877278423207996, 0.000261534602404222, 0.00280000000000071 ) );
#8931 = CARTESIAN_POINT( '', ( 0.000871114359562705, 0.000271940161718767, 0.00280048034076878 ) );
#8932 = CARTESIAN_POINT( '', ( 0.000857549848276226, 0.000294838420868331, 0.00280153736875303 ) );
#8933 = CARTESIAN_POINT( '', ( 0.000836550969653795, 0.000326674869827495, 0.00280997160930883 ) );
#8934 = CARTESIAN_POINT( '', ( 0.000815280722731573, 0.000356718948202289, 0.00282317142079219 ) );
#8935 = CARTESIAN_POINT( '', ( 0.000786571174380096, 0.000393390031769976, 0.00284686873042037 ) );
#8936 = CARTESIAN_POINT( '', ( 0.000752409353015554, 0.000431687432562556, 0.00288600812166361 ) );
#8937 = CARTESIAN_POINT( '', ( 0.000729997146119946, 0.000447555603160122, 0.00292888026708877 ) );
#8938 = CARTESIAN_POINT( '', ( 0.000719878478939426, 0.000454719767661564, 0.00294823619097848 ) );
#8939 = CARTESIAN_POINT( '', ( 0.00104201169695796, -2.37917974279026E-005, 0.00279999999999896 ) );
#8940 = CARTESIAN_POINT( '', ( 0.00104201169695796, -2.37917974279026E-005, 0.00279999999999896 ) );
#8941 = VECTOR( '', #11177, 1.00000000000000 );
#8942 = CARTESIAN_POINT( '', ( 0.000968806616201028, -4.17655515724128E-006, 0.00300000000000070 ) );
#8943 = CARTESIAN_POINT( '', ( 0.00104201169695796, -2.37917974279026E-005, 0.00279999999999896 ) );
#8944 = VECTOR( '', #11178, 1.00000000000000 );
#8945 = CARTESIAN_POINT( '', ( 0.00111547005383801, -0.000258205080756954, 0.00300000000000070 ) );
#8946 = VECTOR( '', #11179, 1.00000000000000 );
#8947 = CARTESIAN_POINT( '', ( 0.000750784374145800, 0.000261534602404222, 0.00279999999999896 ) );
#8948 = CARTESIAN_POINT( '', ( 0.000877278423207996, 0.000261534602404222, 0.00279999999999896 ) );
#8949 = VECTOR( '', #11180, 1.00000000000000 );
#8950 = CARTESIAN_POINT( '', ( -0.000719878478939426, 0.000454719767662024, 0.00294823619097836 ) );
#8951 = CARTESIAN_POINT( '', ( 0.000719878478939426, 0.000454719767662024, 0.00294823619097836 ) );
#8952 = VECTOR( '', #11181, 1.00000000000000 );
#8953 = CARTESIAN_POINT( '', ( -0.000877278423207996, 0.000261534602404222, 0.00279999999999896 ) );
#8954 = CARTESIAN_POINT( '', ( -0.000877278423208228, 0.000261534602404356, 0.00279999999999903 ) );
#8955 = CARTESIAN_POINT( '', ( -0.000838746015014705, 0.000328274691133554, 0.00279999999999898 ) );
#8956 = CARTESIAN_POINT( '', ( -0.000795107653567518, 0.000382167277305679, 0.00284047646648253 ) );
#8957 = CARTESIAN_POINT( '', ( -0.000750829207800195, 0.000436850356022352, 0.00288154663884025 ) );
#8958 = CARTESIAN_POINT( '', ( -0.000719878478939616, 0.000454719767662134, 0.00294823619097842 ) );
#8959 = CARTESIAN_POINT( '', ( -0.000750784374145800, 0.000261534602404222, 0.00279999999999896 ) );
#8960 = CARTESIAN_POINT( '', ( -0.000750784374145800, 0.000261534602404222, 0.00279999999999896 ) );
#8961 = VECTOR( '', #11182, 1.00000000000000 );
#8962 = CARTESIAN_POINT( '', ( 0.000750784374145800, 0.000261534602404222, 0.00279999999999896 ) );
#8963 = CARTESIAN_POINT( '', ( 0.000750784374145800, 0.000268263172551576, 0.00279999999999896 ) );
#8964 = CARTESIAN_POINT( '', ( 0.000748330965222300, 0.000281670717115402, 0.00280066009688552 ) );
#8965 = CARTESIAN_POINT( '', ( 0.000736425864722922, 0.000302159916869458, 0.00280382539896740 ) );
#8966 = CARTESIAN_POINT( '', ( 0.000717919909873082, 0.000320611747291098, 0.00280863450767530 ) );
#8967 = CARTESIAN_POINT( '', ( 0.000694138161817674, 0.000337240533295588, 0.00281462081024928 ) );
#8968 = CARTESIAN_POINT( '', ( 0.000665722699867660, 0.000352196067384206, 0.00282149243027030 ) );
#8969 = CARTESIAN_POINT( '', ( 0.000632922154711198, 0.000365701760213762, 0.00282904822572510 ) );
#8970 = CARTESIAN_POINT( '', ( 0.000595754935985332, 0.000377896029041076, 0.00283712742328524 ) );
#8971 = CARTESIAN_POINT( '', ( 0.000554098759431964, 0.000388871074010932, 0.00284557892638728 ) );
#8972 = CARTESIAN_POINT( '', ( 0.000507737445682336, 0.000398677777824460, 0.00285424205846916 ) );
#8973 = CARTESIAN_POINT( '', ( 0.000456382170864008, 0.000407340343032696, 0.00286293320002258 ) );
#8974 = CARTESIAN_POINT( '', ( 0.000399677893961638, 0.000414864511481154, 0.00287143458871700 ) );
#8975 = CARTESIAN_POINT( '', ( 0.000337204452805900, 0.000421241983439672, 0.00287948237051066 ) );
#8976 = CARTESIAN_POINT( '', ( 0.000268482170263440, 0.000426449736020844, 0.00288675177170970 ) );
#8977 = CARTESIAN_POINT( '', ( 0.000192917334662832, 0.000430446281488748, 0.00289284657053608 ) );
#8978 = CARTESIAN_POINT( '', ( 0.000109979771549567, 0.000433137996096926, 0.00289725235921750 ) );
#8979 = CARTESIAN_POINT( '', ( 1.86972789565128E-005, 0.000434387119083054, 0.00289939487366500 ) );
#8980 = CARTESIAN_POINT( '', ( -8.23170318554216E-005, 0.000433770184739582, 0.00289832432808448 ) );
#8981 = CARTESIAN_POINT( '', ( -0.000177815381780717, 0.000431117649421346, 0.00289390774735962 ) );
#8982 = CARTESIAN_POINT( '', ( -0.000260241431089122, 0.000427000107547734, 0.00288754927686602 ) );
#8983 = CARTESIAN_POINT( '', ( -0.000333170694933376, 0.000421621240432998, 0.00287997734192356 ) );
#8984 = CARTESIAN_POINT( '', ( -0.000398000251302452, 0.000415075181644776, 0.00287167901154794 ) );
#8985 = CARTESIAN_POINT( '', ( -0.000455853526640628, 0.000407427937639828, 0.00286302214122646 ) );
#8986 = CARTESIAN_POINT( '', ( -0.000507655092052022, 0.000398696288520738, 0.00285425787148554 ) );
#8987 = CARTESIAN_POINT( '', ( -0.000554082284478630, 0.000388874675967406, 0.00284558202448116 ) );
#8988 = CARTESIAN_POINT( '', ( -0.000595706173722176, 0.000377909624179748, 0.00283713752537070 ) );
#8989 = CARTESIAN_POINT( '', ( -0.000632860321612868, 0.000365724119458858, 0.00282906204461796 ) );
#8990 = CARTESIAN_POINT( '', ( -0.000665660450069630, 0.000352224632453822, 0.00282150712375628 ) );
#8991 = CARTESIAN_POINT( '', ( -0.000694081461719492, 0.000337274767278936, 0.00281463483266726 ) );
#8992 = CARTESIAN_POINT( '', ( -0.000717881836684052, 0.000320644075595504, 0.00280864430192038 ) );
#8993 = CARTESIAN_POINT( '', ( -0.000736411068566078, 0.000302182132042960, 0.00280382932702660 ) );
#8994 = CARTESIAN_POINT( '', ( -0.000748332693654454, 0.000281671311671236, 0.00280065964101140 ) );
#8995 = CARTESIAN_POINT( '', ( -0.000750784374145800, 0.000268262291682116, 0.00279999999999896 ) );
#8996 = CARTESIAN_POINT( '', ( -0.000750784374145800, 0.000261534602404222, 0.00279999999999896 ) );
#8997 = CARTESIAN_POINT( '', ( 0.000219996188337096, 0.000196466594272909, 0.00289054992234554 ) );
#8998 = CARTESIAN_POINT( '', ( 0.000750784374145800, 5.42423285334648E-005, 0.00279999999999896 ) );
#8999 = CARTESIAN_POINT( '', ( 0.000219996188337177, 0.000196466594272909, 0.00289054992234661 ) );
#9000 = CARTESIAN_POINT( '', ( 0.000270851880434055, 0.000182844284992891, 0.00288591019197004 ) );
#9001 = CARTESIAN_POINT( '', ( 0.000368475515653785, 0.000156694619199934, 0.00287700366986555 ) );
#9002 = CARTESIAN_POINT( '', ( 0.000507751319906059, 0.000119392021160834, 0.00285500827700061 ) );
#9003 = CARTESIAN_POINT( '', ( 0.000633984281617318, 8.55513416828121E-005, 0.00282987600657472 ) );
#9004 = CARTESIAN_POINT( '', ( 0.000713178768778701, 6.43227519941352E-005, 0.00280961904471875 ) );
#9005 = CARTESIAN_POINT( '', ( 0.000750784374146031, 5.42423285334648E-005, 0.00279999999999983 ) );
#9006 = CARTESIAN_POINT( '', ( 0.000219996188337096, 0.000196466594272909, 0.00300000000000070 ) );
#9007 = CARTESIAN_POINT( '', ( 0.000219996188337046, 0.000196466594272934, 0.00289054992234554 ) );
#9008 = VECTOR( '', #11183, 1.00000000000000 );
#9009 = CARTESIAN_POINT( '', ( 0.000968806616201028, -4.17655515724128E-006, 0.00300000000000070 ) );
#9010 = VECTOR( '', #11184, 1.00000000000000 );
#9011 = CARTESIAN_POINT( '', ( 0.00104201169695796, -2.37917974279026E-005, 0.00279999999999896 ) );
#9012 = VECTOR( '', #11185, 1.00000000000000 );
#9013 = CARTESIAN_POINT( '', ( 0.00269999999999936, 0.00151500000000004, -0.00279999999999896 ) );
#9014 = CARTESIAN_POINT( '', ( 0.00269999999999936, 0.00150994897427838, -0.00279999999999896 ) );
#9015 = VECTOR( '', #11186, 1.00000000000000 );
#9016 = CARTESIAN_POINT( '', ( 0.00300000000000070, 0.00151500000000004, -0.00279999999999896 ) );
#9017 = CARTESIAN_POINT( '', ( 0.00300000000000070, 0.00151500000000004, -0.00279999999999896 ) );
#9018 = VECTOR( '', #11187, 1.00000000000000 );
#9019 = CARTESIAN_POINT( '', ( 0.00300000000000070, 0.00131500000000007, -0.00279999999999896 ) );
#9020 = CARTESIAN_POINT( '', ( 0.00300000000000070, 0.00131500000000007, -0.00279999999999896 ) );
#9021 = VECTOR( '', #11188, 1.00000000000000 );
#9022 = CARTESIAN_POINT( '', ( 0.00300000000000070, 0.00131500000000007, -0.00279999999999896 ) );
#9023 = VECTOR( '', #11189, 1.00000000000000 );
#9024 = CARTESIAN_POINT( '', ( 0.00179999999999991, -0.000226894151100224, 0.00288314601968830 ) );
#9025 = CARTESIAN_POINT( '', ( 0.00179999999999991, -0.000226894151100224, 0.00300000000000070 ) );
#9026 = CARTESIAN_POINT( '', ( 0.00179999999999991, -0.000226894151100224, 0.00288314601968830 ) );
#9027 = VECTOR( '', #11190, 1.00000000000000 );
#9028 = CARTESIAN_POINT( '', ( 0.00179999999999991, -0.000204615242270653, 0.00279999999999896 ) );
#9029 = CARTESIAN_POINT( '', ( 0.00179999999999991, -0.000204615242270653, 0.00279999999999896 ) );
#9030 = VECTOR( '', #11191, 1.00000000000000 );
#9031 = CARTESIAN_POINT( '', ( 0.00179999999999991, 0.000764999999999988, 0.00279999999999896 ) );
#9032 = CARTESIAN_POINT( '', ( 0.00179999999999991, 0.000764999999999988, 0.00279999999999896 ) );
#9033 = VECTOR( '', #11192, 1.00000000000000 );
#9034 = CARTESIAN_POINT( '', ( 0.00179999999999991, 0.000764999999999988, 0.00310000000000030 ) );
#9035 = CARTESIAN_POINT( '', ( 0.00179999999999991, 0.000764999999999988, 0.00279999999999896 ) );
#9036 = VECTOR( '', #11193, 1.00000000000000 );
#9037 = CARTESIAN_POINT( '', ( 0.00179999999999991, -0.000284999999999876, 0.00310000000000030 ) );
#9038 = CARTESIAN_POINT( '', ( 0.00179999999999991, 0.000764999999999988, 0.00310000000000030 ) );
#9039 = VECTOR( '', #11194, 1.00000000000000 );
#9040 = CARTESIAN_POINT( '', ( 0.00179999999999991, -0.000258205080756954, 0.00300000000000070 ) );
#9041 = CARTESIAN_POINT( '', ( 0.00179999999999991, -0.000258205080756954, 0.00300000000000070 ) );
#9042 = VECTOR( '', #11195, 1.00000000000000 );
#9043 = CARTESIAN_POINT( '', ( 0.00179999999999991, -0.000226894151100224, 0.00300000000000070 ) );
#9044 = VECTOR( '', #11196, 1.00000000000000 );
#9045 = CARTESIAN_POINT( '', ( -0.00204999999999993, 0.000739999816339800, 0.00279999999999896 ) );
#9046 = CARTESIAN_POINT( '', ( -0.00204999999999993, 0.000739999816339800, 0.00300000000000070 ) );
#9047 = CARTESIAN_POINT( '', ( -0.00204999999999993, 0.000739999816339800, 0.00279999999999896 ) );
#9048 = VECTOR( '', #11197, 1.00000000000000 );
#9049 = CARTESIAN_POINT( '', ( -0.00204999999999993, 0.000739999816339800, 0.00300000000000070 ) );
#9050 = VECTOR( '', #11198, 1.00000000000000 );
#9051 = CARTESIAN_POINT( '', ( -0.00204999999999993, 0.000739999816339800, 0.00279999999999896 ) );
#9052 = VECTOR( '', #11199, 1.00000000000000 );
#9053 = CARTESIAN_POINT( '', ( 0.000000000000000, 0.00186210253466099, -0.000532170656761714 ) );
#9054 = AXIS2_PLACEMENT_3D( '', #11200, #11201, #11202 );
#9055 = CARTESIAN_POINT( '', ( 0.000000000000000, 0.00183756539099319, -0.000933349409527826 ) );
#9056 = AXIS2_PLACEMENT_3D( '', #11203, #11204, #11205 );
#9057 = CARTESIAN_POINT( '', ( -0.00300000000000070, 0.00131500000000007, -0.00264999999999956 ) );
#9058 = CARTESIAN_POINT( '', ( -0.00300000000000070, 0.00151500000000004, -0.00264999999999956 ) );
#9059 = CARTESIAN_POINT( '', ( -0.00300000000000070, 0.00131500000000007, -0.00264999999999956 ) );
#9060 = VECTOR( '', #11206, 1.00000000000000 );
#9061 = CARTESIAN_POINT( '', ( -0.00300000000000070, 0.00151500000000004, -0.00279999999999896 ) );
#9062 = CARTESIAN_POINT( '', ( -0.00300000000000070, 0.00151500000000004, -0.00279999999999896 ) );
#9063 = VECTOR( '', #11207, 1.00000000000000 );
#9064 = CARTESIAN_POINT( '', ( -0.00300000000000070, 0.00131500000000007, -0.00279999999999896 ) );
#9065 = CARTESIAN_POINT( '', ( -0.00300000000000070, 0.00131500000000007, -0.00279999999999896 ) );
#9066 = VECTOR( '', #11208, 1.00000000000000 );
#9067 = CARTESIAN_POINT( '', ( -0.00300000000000070, 0.00131500000000007, -0.00279999999999896 ) );
#9068 = VECTOR( '', #11209, 1.00000000000000 );
#9069 = CARTESIAN_POINT( '', ( -0.000500000000000032, 0.000764999999999988, 0.00141421356237316 ) );
#9070 = CARTESIAN_POINT( '', ( -0.000500000000000032, 0.000914999999999896, 0.00141421356237316 ) );
#9071 = CARTESIAN_POINT( '', ( -0.000500000000000032, 0.000764999999999988, 0.00141421356237316 ) );
#9072 = VECTOR( '', #11210, 1.00000000000000 );
#9073 = CARTESIAN_POINT( '', ( -0.000500000000000032, 0.000914999999999896, 0.00319999999999990 ) );
#9074 = CARTESIAN_POINT( '', ( -0.000500000000000032, 0.000914999999999896, 0.00319999999999990 ) );
#9075 = VECTOR( '', #11211, 1.00000000000000 );
#9076 = CARTESIAN_POINT( '', ( -0.000500000000000032, 0.000764999999999988, 0.00319999999999990 ) );
#9077 = CARTESIAN_POINT( '', ( -0.000500000000000032, 0.000764999999999988, 0.00319999999999990 ) );
#9078 = VECTOR( '', #11212, 1.00000000000000 );
#9079 = CARTESIAN_POINT( '', ( -0.000500000000000032, 0.000764999999999988, 0.00310000000000030 ) );
#9080 = CARTESIAN_POINT( '', ( -0.000500000000000032, 0.000764999999999988, 0.00310000000000030 ) );
#9081 = VECTOR( '', #11213, 1.00000000000000 );
#9082 = CARTESIAN_POINT( '', ( -0.000500000000000032, 0.000764999999999988, 0.00293775424431720 ) );
#9083 = CARTESIAN_POINT( '', ( -0.000500000000000032, 0.000764999999999988, 0.00293775424431720 ) );
#9084 = VECTOR( '', #11214, 1.00000000000000 );
#9085 = CARTESIAN_POINT( '', ( -0.000500000000000032, 0.000865000000000096, 0.00291057043361000 ) );
#9086 = CARTESIAN_POINT( '', ( -0.000500000000000032, 0.000764999999999988, 0.00293775424431720 ) );
#9087 = CARTESIAN_POINT( '', ( -0.000500000000000032, 0.000776138689432496, 0.00293472672202580 ) );
#9088 = CARTESIAN_POINT( '', ( -0.000500000000000032, 0.000798397682964966, 0.00292867641111908 ) );
#9089 = CARTESIAN_POINT( '', ( -0.000500000000000032, 0.000831731010308846, 0.00291961514424038 ) );
#9090 = CARTESIAN_POINT( '', ( -0.000500000000000032, 0.000853916464828882, 0.00291358376051958 ) );
#9091 = CARTESIAN_POINT( '', ( -0.000500000000000032, 0.000865000000000096, 0.00291057043361000 ) );
#9092 = CARTESIAN_POINT( '', ( -0.000500000000000032, 0.000865000000000096, 0.00275499546279206 ) );
#9093 = CARTESIAN_POINT( '', ( -0.000500000000000032, 0.000865000000000096, 0.00291057043361000 ) );
#9094 = VECTOR( '', #11215, 1.00000000000000 );
#9095 = CARTESIAN_POINT( '', ( -0.000500000000000032, 0.000764999999999988, 0.00275499546279206 ) );
#9096 = CARTESIAN_POINT( '', ( -0.000500000000000032, 0.000865000000000096, 0.00275499546279206 ) );
#9097 = VECTOR( '', #11216, 1.00000000000000 );
#9098 = CARTESIAN_POINT( '', ( -0.000500000000000032, 0.000764999999999988, 0.00275499546279206 ) );
#9099 = VECTOR( '', #11217, 1.00000000000000 );
#9100 = AXIS2_PLACEMENT_3D( '', #11218, #11219, #11220 );
#9101 = CARTESIAN_POINT( '', ( -0.00269999999999936, 0.00151500000000004, -0.00274999999999916 ) );
#9102 = VECTOR( '', #11221, 1.00000000000000 );
#9103 = CARTESIAN_POINT( '', ( -0.00204999999999993, 0.00126500000000002, -0.00300000000000070 ) );
#9104 = AXIS2_PLACEMENT_3D( '', #11222, #11223, #11224 );
#9105 = CARTESIAN_POINT( '', ( -0.00209999999999998, 0.00126500000000002, -0.00300000000000070 ) );
#9106 = VECTOR( '', #11225, 1.00000000000000 );
#9107 = CARTESIAN_POINT( '', ( -0.00204999999999993, 0.00131500000000007, -0.00279999999999896 ) );
#9108 = VECTOR( '', #11226, 1.00000000000000 );
#9109 = CARTESIAN_POINT( '', ( -0.00204999999999993, 0.00126500000000002, -0.00300000000000070 ) );
#9110 = VECTOR( '', #11227, 1.00000000000000 );
#9111 = CARTESIAN_POINT( '', ( 0.00179999999999991, -0.000226894151100224, -0.00288314601968830 ) );
#9112 = CARTESIAN_POINT( '', ( 0.00179999999999991, -0.000204615242270653, -0.00279999999999896 ) );
#9113 = CARTESIAN_POINT( '', ( 0.00179999999999991, -0.000226894151100224, -0.00288314601968830 ) );
#9114 = VECTOR( '', #11228, 1.00000000000000 );
#9115 = CARTESIAN_POINT( '', ( 0.00171685398031083, -0.000204615242270653, -0.00279999999999896 ) );
#9116 = CARTESIAN_POINT( '', ( 0.00179999999999991, -0.000204615242270653, -0.00279999999999896 ) );
#9117 = VECTOR( '', #11229, 1.00000000000000 );
#9118 = CARTESIAN_POINT( '', ( 0.00171685398031083, -0.000204615242270653, -0.00279999999999896 ) );
#9119 = VECTOR( '', #11230, 1.00000000000000 );
#9120 = CARTESIAN_POINT( '', ( 0.000372340410947864, -0.000935000000000070, -9.49999988079028E-005 ) );
#9121 = CARTESIAN_POINT( '', ( 0.000372340410947864, -0.00103499999999992, -9.49999988079028E-005 ) );
#9122 = CARTESIAN_POINT( '', ( 0.000372340410947864, -0.000935000000000070, -9.49999988079028E-005 ) );
#9123 = VECTOR( '', #11231, 1.00000000000000 );
#9124 = CARTESIAN_POINT( '', ( 0.000393617033958414, -0.00103499999999992, -3.24999988078988E-005 ) );
#9125 = CARTESIAN_POINT( '', ( 0.000393617033958414, -0.00103499999999992, -3.24999988078988E-005 ) );
#9126 = VECTOR( '', #11232, 1.00000000000000 );
#9127 = CARTESIAN_POINT( '', ( 0.000393617033958414, -0.000935000000000070, -3.24999988078988E-005 ) );
#9128 = CARTESIAN_POINT( '', ( 0.000393617033958414, -0.000935000000000070, -3.24999988078988E-005 ) );
#9129 = VECTOR( '', #11233, 1.00000000000000 );
#9130 = CARTESIAN_POINT( '', ( 0.000393617033958414, -0.000935000000000070, -3.24999988078988E-005 ) );
#9131 = VECTOR( '', #11234, 1.00000000000000 );
#9132 = CARTESIAN_POINT( '', ( 0.000393617033958414, -0.000935000000000070, 2.99999993294470E-005 ) );
#9133 = CARTESIAN_POINT( '', ( 0.000393617033958414, -0.000935000000000070, 2.99999993294470E-005 ) );
#9134 = VECTOR( '', #11235, 1.00000000000000 );
#9135 = CARTESIAN_POINT( '', ( 0.000372340410947864, -0.000935000000000070, 9.25000011920838E-005 ) );
#9136 = CARTESIAN_POINT( '', ( 0.000372340410947864, -0.000935000000000070, 9.25000011920838E-005 ) );
#9137 = VECTOR( '', #11236, 1.00000000000000 );
#9138 = CARTESIAN_POINT( '', ( 0.000308510631322944, -0.000935000000000070, 0.000155000001192088 ) );
#9139 = CARTESIAN_POINT( '', ( 0.000308510631322944, -0.000935000000000070, 0.000155000001192088 ) );
#9140 = VECTOR( '', #11237, 1.00000000000000 );
#9141 = CARTESIAN_POINT( '', ( 0.000244680851697922, -0.000935000000000070, 0.000186250001192090 ) );
#9142 = CARTESIAN_POINT( '', ( 0.000244680851697922, -0.000935000000000070, 0.000186250001192090 ) );
#9143 = VECTOR( '', #11238, 1.00000000000000 );
#9144 = CARTESIAN_POINT( '', ( 0.000202127665281301, -0.000935000000000070, 0.000186250001192090 ) );
#9145 = CARTESIAN_POINT( '', ( 0.000202127665281301, -0.000935000000000070, 0.000186250001192090 ) );
#9146 = VECTOR( '', #11239, 1.00000000000000 );
#9147 = CARTESIAN_POINT( '', ( 0.000138297870755191, -0.000935000000000070, 0.000155000001192088 ) );
#9148 = CARTESIAN_POINT( '', ( 0.000138297870755191, -0.000935000000000070, 0.000155000001192088 ) );
#9149 = VECTOR( '', #11240, 1.00000000000000 );
#9150 = CARTESIAN_POINT( '', ( 7.44680836796638E-005, -0.000935000000000070, 9.25000011920838E-005 ) );
#9151 = VECTOR( '', #11241, 1.00000000000000 );
#9152 = CARTESIAN_POINT( '', ( 5.31914904713656E-005, -0.000935000000000070, -3.24999988078988E-005 ) );
#9153 = CARTESIAN_POINT( '', ( 5.31914904713656E-005, -0.000935000000000070, -3.24999988078988E-005 ) );
#9154 = VECTOR( '', #11242, 1.00000000000000 );
#9155 = CARTESIAN_POINT( '', ( 7.44680836796638E-005, -0.000935000000000070, -9.49999988079028E-005 ) );
#9156 = CARTESIAN_POINT( '', ( 7.44680836796638E-005, -0.000935000000000070, -9.49999988079028E-005 ) );
#9157 = VECTOR( '', #11243, 1.00000000000000 );
#9158 = CARTESIAN_POINT( '', ( 0.000138297870755191, -0.000935000000000070, -0.000157499998807907 ) );
#9159 = CARTESIAN_POINT( '', ( 0.000138297870755191, -0.000935000000000070, -0.000157499998807907 ) );
#9160 = VECTOR( '', #11244, 1.00000000000000 );
#9161 = CARTESIAN_POINT( '', ( 0.000202127665281301, -0.000935000000000070, -0.000188749998807909 ) );
#9162 = CARTESIAN_POINT( '', ( 0.000202127665281301, -0.000935000000000070, -0.000188749998807909 ) );
#9163 = VECTOR( '', #11245, 1.00000000000000 );
#9164 = CARTESIAN_POINT( '', ( 0.000244680851697922, -0.000935000000000070, -0.000188749998807909 ) );
#9165 = CARTESIAN_POINT( '', ( 0.000244680851697922, -0.000935000000000070, -0.000188749998807909 ) );
#9166 = VECTOR( '', #11246, 1.00000000000000 );
#9167 = CARTESIAN_POINT( '', ( 0.000308510631322944, -0.000935000000000070, -0.000157499998807907 ) );
#9168 = CARTESIAN_POINT( '', ( 0.000308510631322944, -0.000935000000000070, -0.000157499998807907 ) );
#9169 = VECTOR( '', #11247, 1.00000000000000 );
#9170 = CARTESIAN_POINT( '', ( 0.000372340410947864, -0.000935000000000070, -9.49999988079028E-005 ) );
#9171 = VECTOR( '', #11248, 1.00000000000000 );
#9172 = CARTESIAN_POINT( '', ( -0.000393617033958414, -0.000935000000000070, 2.99999993294470E-005 ) );
#9173 = CARTESIAN_POINT( '', ( -0.000393617033958414, -0.00103499999999992, 2.99999993294470E-005 ) );
#9174 = CARTESIAN_POINT( '', ( -0.000393617033958414, -0.000935000000000070, 2.99999993294470E-005 ) );
#9175 = VECTOR( '', #11249, 1.00000000000000 );
#9176 = CARTESIAN_POINT( '', ( -0.000393617033958414, -0.00103499999999992, -3.24999988078988E-005 ) );
#9177 = CARTESIAN_POINT( '', ( -0.000393617033958414, -0.00103499999999992, -3.24999988078988E-005 ) );
#9178 = VECTOR( '', #11250, 1.00000000000000 );
#9179 = CARTESIAN_POINT( '', ( -0.000393617033958414, -0.000935000000000070, -3.24999988078988E-005 ) );
#9180 = CARTESIAN_POINT( '', ( -0.000393617033958414, -0.000935000000000070, -3.24999988078988E-005 ) );
#9181 = VECTOR( '', #11251, 1.00000000000000 );
#9182 = CARTESIAN_POINT( '', ( -0.000393617033958414, -0.000935000000000070, -3.24999988078988E-005 ) );
#9183 = VECTOR( '', #11252, 1.00000000000000 );
#9184 = CARTESIAN_POINT( '', ( 0.00195000000000007, 0.00126500000000002, -0.00319999999999990 ) );
#9185 = AXIS2_PLACEMENT_3D( '', #11253, #11254, #11255 );
#9186 = CARTESIAN_POINT( '', ( 0.00195000000000007, 0.000764999999999988, -0.00319999999999990 ) );
#9187 = AXIS2_PLACEMENT_3D( '', #11256, #11257, #11258 );
#9188 = CARTESIAN_POINT( '', ( 0.00195000000000007, 0.00126500000000002, -0.00319999999999990 ) );
#9189 = VECTOR( '', #11259, 1.00000000000000 );
#9190 = CARTESIAN_POINT( '', ( -0.00195000000000007, 0.00126500000000002, -0.00319999999999990 ) );
#9191 = CARTESIAN_POINT( '', ( -0.00209999999999998, 0.00126500000000002, -0.00305000000000050 ) );
#9192 = AXIS2_PLACEMENT_3D( '', #11260, #11261, #11262 );
#9193 = CARTESIAN_POINT( '', ( -0.00195000000000007, 0.000764999999999988, -0.00319999999999990 ) );
#9194 = CARTESIAN_POINT( '', ( -0.00195000000000007, 0.00126500000000002, -0.00319999999999990 ) );
#9195 = VECTOR( '', #11263, 1.00000000000000 );
#9196 = CARTESIAN_POINT( '', ( -0.00209999999999998, 0.000764999999999988, -0.00305000000000050 ) );
#9197 = AXIS2_PLACEMENT_3D( '', #11264, #11265, #11266 );
#9198 = CARTESIAN_POINT( '', ( -0.00209999999999998, 0.00126500000000002, -0.00305000000000050 ) );
#9199 = VECTOR( '', #11267, 1.00000000000000 );
#9200 = CARTESIAN_POINT( '', ( -0.00269999999999936, 0.00151500000000004, 0.00279999999999896 ) );
#9201 = CARTESIAN_POINT( '', ( -0.00269999999999936, 0.00151500000000004, 0.00274999999999916 ) );
#9202 = CARTESIAN_POINT( '', ( -0.00269999999999936, 0.00151500000000004, 0.00279999999999896 ) );
#9203 = VECTOR( '', #11268, 1.00000000000000 );
#9204 = CARTESIAN_POINT( '', ( -0.00269999999999936, 0.00150994897427838, 0.00279999999999896 ) );
#9205 = CARTESIAN_POINT( '', ( -0.00269999999999936, 0.00150994897427838, 0.00279999999999896 ) );
#9206 = VECTOR( '', #11269, 1.00000000000000 );
#9207 = AXIS2_PLACEMENT_3D( '', #11270, #11271, #11272 );
#9208 = CARTESIAN_POINT( '', ( -0.000244680851697922, -0.000935000000000070, -0.000204374998807910 ) );
#9209 = CARTESIAN_POINT( '', ( -0.000244680851697922, -0.00103499999999992, -0.000204374998807910 ) );
#9210 = CARTESIAN_POINT( '', ( -0.000244680851697922, -0.000935000000000070, -0.000204374998807910 ) );
#9211 = VECTOR( '', #11273, 1.00000000000000 );
#9212 = CARTESIAN_POINT( '', ( -0.000180851057171813, -0.00103499999999992, -0.000204374998807910 ) );
#9213 = CARTESIAN_POINT( '', ( -0.000180851057171813, -0.00103499999999992, -0.000204374998807910 ) );
#9214 = VECTOR( '', #11274, 1.00000000000000 );
#9215 = CARTESIAN_POINT( '', ( -0.000180851057171813, -0.000935000000000070, -0.000204374998807910 ) );
#9216 = CARTESIAN_POINT( '', ( -0.000180851057171813, -0.000935000000000070, -0.000204374998807910 ) );
#9217 = VECTOR( '', #11275, 1.00000000000000 );
#9218 = CARTESIAN_POINT( '', ( -0.000180851057171813, -0.000935000000000070, -0.000204374998807910 ) );
#9219 = VECTOR( '', #11276, 1.00000000000000 );
#9220 = CARTESIAN_POINT( '', ( -0.000329787224531166, -0.000935000000000070, -0.000157499998807907 ) );
#9221 = CARTESIAN_POINT( '', ( -0.000329787224531166, -0.00103499999999992, -0.000157499998807907 ) );
#9222 = CARTESIAN_POINT( '', ( -0.000329787224531166, -0.000935000000000070, -0.000157499998807907 ) );
#9223 = VECTOR( '', #11277, 1.00000000000000 );
#9224 = CARTESIAN_POINT( '', ( -0.000244680851697922, -0.00103499999999992, -0.000204374998807910 ) );
#9225 = VECTOR( '', #11278, 1.00000000000000 );
#9226 = CARTESIAN_POINT( '', ( -0.000244680851697922, -0.000935000000000070, -0.000204374998807910 ) );
#9227 = VECTOR( '', #11279, 1.00000000000000 );
#9228 = CARTESIAN_POINT( '', ( -9.57446843385694E-005, -0.00103499999999992, -0.000157499998807907 ) );
#9229 = CARTESIAN_POINT( '', ( -9.57446843385694E-005, -0.00103499999999992, -0.000157499998807907 ) );
#9230 = VECTOR( '', #11280, 1.00000000000000 );
#9231 = CARTESIAN_POINT( '', ( -9.57446843385694E-005, -0.000935000000000070, -0.000157499998807907 ) );
#9232 = CARTESIAN_POINT( '', ( -9.57446843385694E-005, -0.000935000000000070, -0.000157499998807907 ) );
#9233 = VECTOR( '', #11281, 1.00000000000000 );
#9234 = CARTESIAN_POINT( '', ( -9.57446843385694E-005, -0.000935000000000070, -0.000157499998807907 ) );
#9235 = VECTOR( '', #11282, 1.00000000000000 );
#9236 = CARTESIAN_POINT( '', ( -0.000372340410947864, -0.000935000000000070, -9.49999988079028E-005 ) );
#9237 = CARTESIAN_POINT( '', ( -0.000372340410947864, -0.00103499999999992, -9.49999988079028E-005 ) );
#9238 = CARTESIAN_POINT( '', ( -0.000372340410947864, -0.000935000000000070, -9.49999988079028E-005 ) );
#9239 = VECTOR( '', #11283, 1.00000000000000 );
#9240 = CARTESIAN_POINT( '', ( -0.000329787224531166, -0.00103499999999992, -0.000157499998807907 ) );
#9241 = VECTOR( '', #11284, 1.00000000000000 );
#9242 = CARTESIAN_POINT( '', ( -0.000329787224531166, -0.000935000000000070, -0.000157499998807907 ) );
#9243 = VECTOR( '', #11285, 1.00000000000000 );
#9244 = CARTESIAN_POINT( '', ( -0.000372340410947864, -0.00103499999999992, -9.49999988079028E-005 ) );
#9245 = VECTOR( '', #11286, 1.00000000000000 );
#9246 = CARTESIAN_POINT( '', ( -0.000372340410947864, -0.000935000000000070, -9.49999988079028E-005 ) );
#9247 = VECTOR( '', #11287, 1.00000000000000 );
#9248 = CARTESIAN_POINT( '', ( -0.00209999999999998, 0.00126500000000002, 0.00305000000000050 ) );
#9249 = CARTESIAN_POINT( '', ( -0.00195000000000007, 0.00126500000000002, 0.00319999999999990 ) );
#9250 = AXIS2_PLACEMENT_3D( '', #11288, #11289, #11290 );
#9251 = CARTESIAN_POINT( '', ( -0.00209999999999998, 0.000764999999999988, 0.00305000000000050 ) );
#9252 = CARTESIAN_POINT( '', ( -0.00209999999999998, 0.00126500000000002, 0.00305000000000050 ) );
#9253 = VECTOR( '', #11291, 1.00000000000000 );
#9254 = CARTESIAN_POINT( '', ( -0.00195000000000007, 0.000764999999999988, 0.00319999999999990 ) );
#9255 = AXIS2_PLACEMENT_3D( '', #11292, #11293, #11294 );
#9256 = CARTESIAN_POINT( '', ( -0.00195000000000007, 0.00126500000000002, 0.00319999999999990 ) );
#9257 = VECTOR( '', #11295, 1.00000000000000 );
#9258 = CARTESIAN_POINT( '', ( 0.00269999999999936, 0.00151500000000004, -0.00274999999999916 ) );
#9259 = CARTESIAN_POINT( '', ( 0.00204999999999993, 0.00151500000000004, -0.00274999999999916 ) );
#9260 = CARTESIAN_POINT( '', ( 0.00269999999999936, 0.00151500000000004, -0.00274999999999916 ) );
#9261 = VECTOR( '', #11296, 1.00000000000000 );
#9262 = CARTESIAN_POINT( '', ( 0.00204999999999993, 0.00151500000000004, -0.00274999999999916 ) );
#9263 = VECTOR( '', #11297, 1.00000000000000 );
#9264 = CARTESIAN_POINT( '', ( 0.00129999999999988, 0.00151500000000004, -0.00310000000000030 ) );
#9265 = CARTESIAN_POINT( '', ( 0.00159999999999995, 0.00151500000000004, -0.00279999999999896 ) );
#9266 = VECTOR( '', #11298, 1.00000000000000 );
#9267 = CARTESIAN_POINT( '', ( 0.00129999999999988, 0.00151500000000004, -0.00310000000000030 ) );
#9268 = VECTOR( '', #11299, 1.00000000000000 );
#9269 = CARTESIAN_POINT( '', ( -0.00269999999999936, 0.00151500000000004, -0.00279999999999896 ) );
#9270 = VECTOR( '', #11300, 1.00000000000000 );
#9271 = CARTESIAN_POINT( '', ( -0.00310000000000030, 0.00151500000000004, -0.00264999999999956 ) );
#9272 = CARTESIAN_POINT( '', ( -0.00310000000000030, 0.00151500000000004, -0.00264999999999956 ) );
#9273 = VECTOR( '', #11301, 1.00000000000000 );
#9274 = CARTESIAN_POINT( '', ( -0.00310000000000030, 0.00151500000000004, -0.00220000000000009 ) );
#9275 = CARTESIAN_POINT( '', ( -0.00310000000000030, 0.00151500000000004, -0.00264999999999956 ) );
#9276 = VECTOR( '', #11302, 1.00000000000000 );
#9277 = CARTESIAN_POINT( '', ( -0.00300000000000070, 0.00151500000000004, -0.00220000000000009 ) );
#9278 = CARTESIAN_POINT( '', ( -0.00310000000000030, 0.00151500000000004, -0.00220000000000009 ) );
#9279 = VECTOR( '', #11303, 1.00000000000000 );
#9280 = CARTESIAN_POINT( '', ( -0.00300000000000070, 0.00151500000000004, -0.000899999999999956 ) );
#9281 = CARTESIAN_POINT( '', ( -0.00300000000000070, 0.00151500000000004, -0.00220000000000009 ) );
#9282 = VECTOR( '', #11304, 1.00000000000000 );
#9283 = CARTESIAN_POINT( '', ( -0.00310000000000030, 0.00151500000000004, -0.000899999999999956 ) );
#9284 = CARTESIAN_POINT( '', ( -0.00310000000000030, 0.00151500000000004, -0.000899999999999956 ) );
#9285 = VECTOR( '', #11305, 1.00000000000000 );
#9286 = CARTESIAN_POINT( '', ( -0.00310000000000030, 0.00151500000000004, 0.00279999999999896 ) );
#9287 = CARTESIAN_POINT( '', ( -0.00310000000000030, 0.00151500000000004, -0.000899999999999956 ) );
#9288 = VECTOR( '', #11306, 1.00000000000000 );
#9289 = CARTESIAN_POINT( '', ( -0.00310000000000030, 0.00151500000000004, 0.00279999999999896 ) );
#9290 = VECTOR( '', #11307, 1.00000000000000 );
#9291 = CARTESIAN_POINT( '', ( -0.00204999999999993, 0.00151500000000004, 0.00274999999999916 ) );
#9292 = CARTESIAN_POINT( '', ( -0.00269999999999936, 0.00151500000000004, 0.00274999999999916 ) );
#9293 = VECTOR( '', #11308, 1.00000000000000 );
#9294 = CARTESIAN_POINT( '', ( -0.00204999999999993, 0.00151500000000004, 0.00279999999999896 ) );
#9295 = CARTESIAN_POINT( '', ( -0.00204999999999993, 0.00151500000000004, 0.00274999999999916 ) );
#9296 = VECTOR( '', #11309, 1.00000000000000 );
#9297 = CARTESIAN_POINT( '', ( -0.00159999999999995, 0.00151500000000004, 0.00279999999999896 ) );
#9298 = CARTESIAN_POINT( '', ( -0.00204999999999993, 0.00151500000000004, 0.00279999999999896 ) );
#9299 = VECTOR( '', #11310, 1.00000000000000 );
#9300 = CARTESIAN_POINT( '', ( -0.00129999999999988, 0.00151500000000004, 0.00310000000000030 ) );
#9301 = CARTESIAN_POINT( '', ( -0.00159999999999995, 0.00151500000000004, 0.00279999999999896 ) );
#9302 = VECTOR( '', #11311, 1.00000000000000 );
#9303 = CARTESIAN_POINT( '', ( -0.00129999999999988, 0.00151500000000004, 0.00310000000000030 ) );
#9304 = VECTOR( '', #11312, 1.00000000000000 );
#9305 = CARTESIAN_POINT( '', ( 0.00204999999999993, 0.00151500000000004, 0.00279999999999896 ) );
#9306 = CARTESIAN_POINT( '', ( 0.00159999999999995, 0.00151500000000004, 0.00279999999999896 ) );
#9307 = VECTOR( '', #11313, 1.00000000000000 );
#9308 = CARTESIAN_POINT( '', ( 0.00204999999999993, 0.00151500000000004, 0.00274999999999916 ) );
#9309 = CARTESIAN_POINT( '', ( 0.00204999999999993, 0.00151500000000004, 0.00279999999999896 ) );
#9310 = VECTOR( '', #11314, 1.00000000000000 );
#9311 = CARTESIAN_POINT( '', ( 0.00269999999999936, 0.00151500000000004, 0.00274999999999916 ) );
#9312 = CARTESIAN_POINT( '', ( 0.00269999999999936, 0.00151500000000004, 0.00274999999999916 ) );
#9313 = VECTOR( '', #11315, 1.00000000000000 );
#9314 = CARTESIAN_POINT( '', ( 0.00269999999999936, 0.00151500000000004, 0.00279999999999896 ) );
#9315 = CARTESIAN_POINT( '', ( 0.00269999999999936, 0.00151500000000004, 0.00274999999999916 ) );
#9316 = VECTOR( '', #11316, 1.00000000000000 );
#9317 = CARTESIAN_POINT( '', ( 0.00310000000000030, 0.00151500000000004, 0.00279999999999896 ) );
#9318 = CARTESIAN_POINT( '', ( 0.00269999999999936, 0.00151500000000004, 0.00279999999999896 ) );
#9319 = VECTOR( '', #11317, 1.00000000000000 );
#9320 = CARTESIAN_POINT( '', ( 0.00310000000000030, 0.00151500000000004, 0.00279999999999896 ) );
#9321 = VECTOR( '', #11318, 1.00000000000000 );
#9322 = CARTESIAN_POINT( '', ( 0.00300000000000070, 0.00151500000000004, -0.00220000000000009 ) );
#9323 = CARTESIAN_POINT( '', ( 0.00300000000000070, 0.00151500000000004, -0.000899999999999956 ) );
#9324 = VECTOR( '', #11319, 1.00000000000000 );
#9325 = CARTESIAN_POINT( '', ( 0.00310000000000030, 0.00151500000000004, -0.00220000000000009 ) );
#9326 = CARTESIAN_POINT( '', ( 0.00310000000000030, 0.00151500000000004, -0.00220000000000009 ) );
#9327 = VECTOR( '', #11320, 1.00000000000000 );
#9328 = CARTESIAN_POINT( '', ( 0.00310000000000030, 0.00151500000000004, -0.00264999999999956 ) );
#9329 = CARTESIAN_POINT( '', ( 0.00310000000000030, 0.00151500000000004, -0.00220000000000009 ) );
#9330 = VECTOR( '', #11321, 1.00000000000000 );
#9331 = CARTESIAN_POINT( '', ( 0.00300000000000070, 0.00151500000000004, -0.00264999999999956 ) );
#9332 = CARTESIAN_POINT( '', ( 0.00310000000000030, 0.00151500000000004, -0.00264999999999956 ) );
#9333 = VECTOR( '', #11322, 1.00000000000000 );
#9334 = CARTESIAN_POINT( '', ( 0.00300000000000070, 0.00151500000000004, -0.00264999999999956 ) );
#9335 = VECTOR( '', #11323, 1.00000000000000 );
#9336 = CARTESIAN_POINT( '', ( 0.00269999999999936, 0.00151500000000004, -0.00279999999999896 ) );
#9337 = VECTOR( '', #11324, 1.00000000000000 );
#9338 = CARTESIAN_POINT( '', ( -0.00279999999999896, 0.00151500000000004, 0.000000000000000 ) );
#9339 = AXIS2_PLACEMENT_3D( '', #11325, #11326, #11327 );
#9340 = CARTESIAN_POINT( '', ( -0.000500000000000032, -0.000935000000000070, 4.56250011920808E-005 ) );
#9341 = CARTESIAN_POINT( '', ( -0.000500000000000032, -0.00103499999999992, 4.56250011920808E-005 ) );
#9342 = CARTESIAN_POINT( '', ( -0.000500000000000032, -0.000935000000000070, 4.56250011920808E-005 ) );
#9343 = VECTOR( '', #11328, 1.00000000000000 );
#9344 = CARTESIAN_POINT( '', ( -0.000478723406791810, -0.00103499999999992, 0.000123750001192086 ) );
#9345 = VECTOR( '', #11329, 1.00000000000000 );
#9346 = CARTESIAN_POINT( '', ( -0.000478723406791810, -0.000935000000000070, 0.000123750001192086 ) );
#9347 = VECTOR( '', #11330, 1.00000000000000 );
#9348 = CARTESIAN_POINT( '', ( 9.57446843385694E-005, -0.000935000000000070, 0.000233125001192093 ) );
#9349 = CARTESIAN_POINT( '', ( 9.57446843385694E-005, -0.00103499999999992, 0.000233125001192093 ) );
#9350 = CARTESIAN_POINT( '', ( 9.57446843385694E-005, -0.000935000000000070, 0.000233125001192093 ) );
#9351 = VECTOR( '', #11331, 1.00000000000000 );
#9352 = CARTESIAN_POINT( '', ( 0.000180851057171813, -0.00103499999999992, 0.000264375001192044 ) );
#9353 = CARTESIAN_POINT( '', ( 0.000180851057171813, -0.00103499999999992, 0.000264375001192044 ) );
#9354 = VECTOR( '', #11332, 1.00000000000000 );
#9355 = CARTESIAN_POINT( '', ( 0.000180851057171813, -0.000935000000000070, 0.000264375001192044 ) );
#9356 = CARTESIAN_POINT( '', ( 0.000180851057171813, -0.000935000000000070, 0.000264375001192044 ) );
#9357 = VECTOR( '', #11333, 1.00000000000000 );
#9358 = CARTESIAN_POINT( '', ( 0.000180851057171813, -0.000935000000000070, 0.000264375001192044 ) );
#9359 = VECTOR( '', #11334, 1.00000000000000 );
#9360 = CARTESIAN_POINT( '', ( -0.00237003521657973, -0.000214062668611678, 0.00279999999999896 ) );
#9361 = CARTESIAN_POINT( '', ( -0.00237003521657973, -0.000214062668611703, 0.00300000000000070 ) );
#9362 = CARTESIAN_POINT( '', ( -0.00237003521657973, -0.000214062668611678, 0.00279999999999896 ) );
#9363 = VECTOR( '', #11335, 1.00000000000000 );
#9364 = CARTESIAN_POINT( '', ( -0.00269999999999936, 0.000744224644647810, 0.00300000000000070 ) );
#9365 = CARTESIAN_POINT( '', ( -0.00237003521657973, -0.000214062668611703, 0.00300000000000070 ) );
#9366 = VECTOR( '', #11336, 1.00000000000000 );
#9367 = CARTESIAN_POINT( '', ( -0.00269999999999936, 0.000744224644647810, 0.00279999999999896 ) );
#9368 = CARTESIAN_POINT( '', ( -0.00269999999999936, 0.000744224644647810, 0.00279999999999896 ) );
#9369 = VECTOR( '', #11337, 1.00000000000000 );
#9370 = CARTESIAN_POINT( '', ( -0.00237003521657973, -0.000214062668611678, 0.00279999999999896 ) );
#9371 = VECTOR( '', #11338, 1.00000000000000 );
#9372 = CARTESIAN_POINT( '', ( 0.00300000000000070, 0.00131500000000007, -0.00264999999999956 ) );
#9373 = CARTESIAN_POINT( '', ( 0.00300000000000070, 0.00131500000000007, -0.00264999999999956 ) );
#9374 = VECTOR( '', #11339, 1.00000000000000 );
#9375 = CARTESIAN_POINT( '', ( 0.00310000000000030, 0.00131500000000007, -0.00264999999999956 ) );
#9376 = CARTESIAN_POINT( '', ( 0.00310000000000030, 0.00131500000000007, -0.00264999999999956 ) );
#9377 = VECTOR( '', #11340, 1.00000000000000 );
#9378 = CARTESIAN_POINT( '', ( 0.00310000000000030, 0.00131500000000007, -0.00264999999999956 ) );
#9379 = VECTOR( '', #11341, 1.00000000000000 );
#9380 = CARTESIAN_POINT( '', ( 0.00179999999999991, -0.000284999999999876, -0.00310000000000030 ) );
#9381 = CARTESIAN_POINT( '', ( 0.00179999999999991, -0.000284999999999876, -0.00310000000000030 ) );
#9382 = VECTOR( '', #11342, 1.00000000000000 );
#9383 = CARTESIAN_POINT( '', ( 0.00179999999999991, 0.000764999999999988, -0.00310000000000030 ) );
#9384 = CARTESIAN_POINT( '', ( 0.00179999999999991, 0.000764999999999988, -0.00310000000000030 ) );
#9385 = VECTOR( '', #11343, 1.00000000000000 );
#9386 = CARTESIAN_POINT( '', ( 0.00179999999999991, 0.000764999999999988, -0.00279999999999896 ) );
#9387 = CARTESIAN_POINT( '', ( 0.00179999999999991, 0.000764999999999988, -0.00310000000000030 ) );
#9388 = VECTOR( '', #11344, 1.00000000000000 );
#9389 = CARTESIAN_POINT( '', ( 0.00179999999999991, 0.000764999999999988, -0.00279999999999896 ) );
#9390 = VECTOR( '', #11345, 1.00000000000000 );
#9391 = CARTESIAN_POINT( '', ( 0.00179999999999991, -0.000226894151100224, -0.00288314601968830 ) );
#9392 = VECTOR( '', #11346, 1.00000000000000 );
#9393 = CARTESIAN_POINT( '', ( -0.00184999999999997, -0.000585000183660234, 0.00279999999999896 ) );
#9394 = CARTESIAN_POINT( '', ( -0.00184999999999997, -0.000585000183660234, 0.00300000000000070 ) );
#9395 = CARTESIAN_POINT( '', ( -0.00184999999999997, -0.000585000183660234, 0.00279999999999896 ) );
#9396 = VECTOR( '', #11347, 1.00000000000000 );
#9397 = AXIS2_PLACEMENT_3D( '', #11348, #11349, #11350 );
#9398 = AXIS2_PLACEMENT_3D( '', #11351, #11352, #11353 );
#9399 = CARTESIAN_POINT( '', ( -0.00172059047744869, -0.000567963096804834, 0.00300000000000070 ) );
#9400 = CARTESIAN_POINT( '', ( -0.00172059047744869, -0.000567963096804834, 0.00300000000000070 ) );
#9401 = VECTOR( '', #11354, 1.00000000000000 );
#9402 = CARTESIAN_POINT( '', ( -0.00172059047744869, -0.000567963096804834, 0.00279999999999896 ) );
#9403 = CARTESIAN_POINT( '', ( -0.00172059047744869, -0.000567963096804834, 0.00279999999999896 ) );
#9404 = VECTOR( '', #11355, 1.00000000000000 );
#9405 = CARTESIAN_POINT( '', ( -0.00172059047744869, -0.000567963096804834, 0.00279999999999896 ) );
#9406 = VECTOR( '', #11356, 1.00000000000000 );
#9407 = CARTESIAN_POINT( '', ( 0.00104201169695796, -2.37917974278645E-005, -0.00279999999999896 ) );
#9408 = CARTESIAN_POINT( '', ( 0.00104201169695796, -2.37917974278645E-005, -0.00279999999999896 ) );
#9409 = VECTOR( '', #11357, 1.00000000000000 );
#9410 = CARTESIAN_POINT( '', ( 0.000877278423207996, 0.000261534602404222, -0.00279999999999896 ) );
#9411 = CARTESIAN_POINT( '', ( 0.000877278423207996, 0.000261534602404222, -0.00279999999999896 ) );
#9412 = VECTOR( '', #11358, 1.00000000000000 );
#9413 = CARTESIAN_POINT( '', ( 0.000719878478939426, 0.000454719767662024, -0.00294823619097836 ) );
#9414 = CARTESIAN_POINT( '', ( 0.000877278423208228, 0.000261534602404356, -0.00279999999999903 ) );
#9415 = CARTESIAN_POINT( '', ( 0.000838746015014644, 0.000328274691133631, -0.00279999999999903 ) );
#9416 = CARTESIAN_POINT( '', ( 0.000795107653567518, 0.000382167277305679, -0.00284047646648252 ) );
#9417 = CARTESIAN_POINT( '', ( 0.000750829207800193, 0.000436850356022353, -0.00288154663884025 ) );
#9418 = CARTESIAN_POINT( '', ( 0.000719878478939616, 0.000454719767662134, -0.00294823619097842 ) );
#9419 = CARTESIAN_POINT( '', ( 0.000649444650053492, 0.000495384757729392, -0.00310000000000030 ) );
#9420 = CARTESIAN_POINT( '', ( 0.000649444650053492, 0.000495384757729392, -0.00310000000000030 ) );
#9421 = VECTOR( '', #11359, 1.00000000000000 );
#9422 = CARTESIAN_POINT( '', ( 0.00109999999999992, -0.000284999999999876, -0.00310000000000030 ) );
#9423 = CARTESIAN_POINT( '', ( 0.000649444650053492, 0.000495384757729392, -0.00310000000000030 ) );
#9424 = VECTOR( '', #11360, 1.00000000000000 );
#9425 = CARTESIAN_POINT( '', ( 0.00109999999999992, -0.000284999999999876, -0.00310000000000030 ) );
#9426 = VECTOR( '', #11361, 1.00000000000000 );
#9427 = CARTESIAN_POINT( '', ( -0.000877278423207996, 0.000261534602404222, -0.00279999999999896 ) );
#9428 = CARTESIAN_POINT( '', ( -0.000877278423207996, 0.000261534602404222, -0.00279999999999896 ) );
#9429 = VECTOR( '', #11362, 1.00000000000000 );
#9430 = CARTESIAN_POINT( '', ( -0.000719878478939426, 0.000454719767662024, -0.00294823619097836 ) );
#9431 = CARTESIAN_POINT( '', ( -0.000877278423207996, 0.000261534602404222, -0.00280000000000071 ) );
#9432 = CARTESIAN_POINT( '', ( -0.000871114359562705, 0.000271940161718767, -0.00280048034076878 ) );
#9433 = CARTESIAN_POINT( '', ( -0.000857549848276226, 0.000294838420868331, -0.00280153736875303 ) );
#9434 = CARTESIAN_POINT( '', ( -0.000836550969653795, 0.000326674869827495, -0.00280997160930883 ) );
#9435 = CARTESIAN_POINT( '', ( -0.000815280722731573, 0.000356718948202289, -0.00282317142079219 ) );
#9436 = CARTESIAN_POINT( '', ( -0.000786571174380096, 0.000393390031769976, -0.00284686873042037 ) );
#9437 = CARTESIAN_POINT( '', ( -0.000752409353015554, 0.000431687432562556, -0.00288600812166361 ) );
#9438 = CARTESIAN_POINT( '', ( -0.000729997146119946, 0.000447555603160122, -0.00292888026708877 ) );
#9439 = CARTESIAN_POINT( '', ( -0.000719878478939426, 0.000454719767661564, -0.00294823619097848 ) );
#9440 = CARTESIAN_POINT( '', ( -0.000719878478939426, 0.000454719767662024, -0.00294823619097836 ) );
#9441 = VECTOR( '', #11363, 1.00000000000000 );
#9442 = CARTESIAN_POINT( '', ( 0.000750784374145800, 0.000261534602404222, -0.00279999999999896 ) );
#9443 = VECTOR( '', #11364, 1.00000000000000 );
#9444 = CARTESIAN_POINT( '', ( -0.00109999999999992, -0.000284999999999876, -0.00310000000000030 ) );
#9445 = CARTESIAN_POINT( '', ( -0.00109999999999992, -0.000284999999999876, -0.00310000000000030 ) );
#9446 = VECTOR( '', #11365, 1.00000000000000 );
#9447 = CARTESIAN_POINT( '', ( -0.000649444650053492, 0.000495384757729392, -0.00310000000000030 ) );
#9448 = CARTESIAN_POINT( '', ( -0.00109999999999992, -0.000284999999999876, -0.00310000000000030 ) );
#9449 = VECTOR( '', #11366, 1.00000000000000 );
#9450 = CARTESIAN_POINT( '', ( -0.000649444650053492, 0.000495384757729392, -0.00310000000000030 ) );
#9451 = VECTOR( '', #11367, 1.00000000000000 );
#9452 = CARTESIAN_POINT( '', ( -0.00104201169695796, -2.37917974278238E-005, -0.00279999999999896 ) );
#9453 = CARTESIAN_POINT( '', ( -0.00104201169695796, -2.37917974278238E-005, -0.00279999999999896 ) );
#9454 = VECTOR( '', #11368, 1.00000000000000 );
#9455 = CARTESIAN_POINT( '', ( -0.00104201169695796, -2.37917974278238E-005, -0.00279999999999896 ) );
#9456 = VECTOR( '', #11369, 1.00000000000000 );
#9457 = CARTESIAN_POINT( '', ( -0.00179999999999991, -0.000675000000000094, 0.00195000000000007 ) );
#9458 = AXIS2_PLACEMENT_3D( '', #11370, #11371, #11372 );
#9459 = CARTESIAN_POINT( '', ( 0.00195000000000007, 0.000764999999999988, 0.00319999999999990 ) );
#9460 = AXIS2_PLACEMENT_3D( '', #11373, #11374, #11375 );
#9461 = CARTESIAN_POINT( '', ( 0.000500000000000032, 0.000764999999999988, 0.00319999999999990 ) );
#9462 = CARTESIAN_POINT( '', ( 0.000500000000000032, 0.000764999999999988, 0.00319999999999990 ) );
#9463 = VECTOR( '', #11376, 1.00000000000000 );
#9464 = CARTESIAN_POINT( '', ( 0.000500000000000032, 0.000764999999999988, 0.00310000000000030 ) );
#9465 = CARTESIAN_POINT( '', ( 0.000500000000000032, 0.000764999999999988, 0.00310000000000030 ) );
#9466 = VECTOR( '', #11377, 1.00000000000000 );
#9467 = CARTESIAN_POINT( '', ( 0.00179999999999991, 0.000764999999999988, 0.00310000000000030 ) );
#9468 = VECTOR( '', #11378, 1.00000000000000 );
#9469 = CARTESIAN_POINT( '', ( 0.00204999999999993, 0.000764999999999988, 0.00279999999999896 ) );
#9470 = CARTESIAN_POINT( '', ( 0.00204999999999993, 0.000764999999999988, 0.00279999999999896 ) );
#9471 = VECTOR( '', #11379, 1.00000000000000 );
#9472 = CARTESIAN_POINT( '', ( 0.00204999999999993, 0.000764999999999988, 0.00300000000000070 ) );
#9473 = CARTESIAN_POINT( '', ( 0.00204999999999993, 0.000764999999999988, 0.00300000000000070 ) );
#9474 = VECTOR( '', #11380, 1.00000000000000 );
#9475 = CARTESIAN_POINT( '', ( 0.00204999999999993, 0.000764999999999988, 0.00300000000000070 ) );
#9476 = VECTOR( '', #11381, 1.00000000000000 );
#9477 = CARTESIAN_POINT( '', ( 0.00204999999999993, 0.000764999999999988, 0.00300000000000070 ) );
#9478 = VECTOR( '', #11382, 1.00000000000000 );
#9479 = CARTESIAN_POINT( '', ( 0.00204999999999993, 0.000764999999999988, 0.00279999999999896 ) );
#9480 = VECTOR( '', #11383, 1.00000000000000 );
#9481 = CARTESIAN_POINT( '', ( -0.00209999999999998, 0.000764999999999988, -0.00305000000000050 ) );
#9482 = VECTOR( '', #11384, 1.00000000000000 );
#9483 = CARTESIAN_POINT( '', ( -0.000500000000000032, 0.000764999999999988, -0.00319999999999990 ) );
#9484 = CARTESIAN_POINT( '', ( -0.000500000000000032, 0.000764999999999988, -0.00319999999999990 ) );
#9485 = VECTOR( '', #11385, 1.00000000000000 );
#9486 = CARTESIAN_POINT( '', ( -0.000500000000000032, 0.000764999999999988, -0.00310000000000030 ) );
#9487 = CARTESIAN_POINT( '', ( -0.000500000000000032, 0.000764999999999988, -0.00319999999999990 ) );
#9488 = VECTOR( '', #11386, 1.00000000000000 );
#9489 = CARTESIAN_POINT( '', ( -0.00179999999999991, 0.000764999999999988, -0.00310000000000030 ) );
#9490 = CARTESIAN_POINT( '', ( -0.00179999999999991, 0.000764999999999988, -0.00310000000000030 ) );
#9491 = VECTOR( '', #11387, 1.00000000000000 );
#9492 = CARTESIAN_POINT( '', ( -0.00179999999999991, 0.000764999999999988, -0.00279999999999896 ) );
#9493 = CARTESIAN_POINT( '', ( -0.00179999999999991, 0.000764999999999988, -0.00279999999999896 ) );
#9494 = VECTOR( '', #11388, 1.00000000000000 );
#9495 = CARTESIAN_POINT( '', ( -0.00204999999999993, 0.000764999999999988, -0.00279999999999896 ) );
#9496 = CARTESIAN_POINT( '', ( -0.00204999999999993, 0.000764999999999988, -0.00279999999999896 ) );
#9497 = VECTOR( '', #11389, 1.00000000000000 );
#9498 = CARTESIAN_POINT( '', ( -0.00204999999999993, 0.000764999999999988, -0.00300000000000070 ) );
#9499 = VECTOR( '', #11390, 1.00000000000000 );
#9500 = CARTESIAN_POINT( '', ( 0.00310000000000030, 0.000764999999999988, -0.00204142135623726 ) );
#9501 = CARTESIAN_POINT( '', ( 0.00319999999999990, 0.000764999999999988, -0.00190000000000002 ) );
#9502 = AXIS2_PLACEMENT_3D( '', #11391, #11392, #11393 );
#9503 = CARTESIAN_POINT( '', ( 0.00319999999999990, 0.000764999999999988, 0.00190000000000002 ) );
#9504 = VECTOR( '', #11394, 1.00000000000000 );
#9505 = CARTESIAN_POINT( '', ( 0.00310000000000030, 0.000764999999999988, -0.00204142135623726 ) );
#9506 = VECTOR( '', #11395, 1.00000000000000 );
#9507 = CARTESIAN_POINT( '', ( 0.00305000000000050, 0.00126500000000002, -0.00204999999999993 ) );
#9508 = CARTESIAN_POINT( '', ( 0.00305000000000050, 0.000764999999999988, -0.00204999999999993 ) );
#9509 = CARTESIAN_POINT( '', ( 0.00305000000000050, 0.00126500000000002, -0.00204999999999993 ) );
#9510 = VECTOR( '', #11396, 1.00000000000000 );
#9511 = CARTESIAN_POINT( '', ( 0.00319999999999990, 0.00126500000000002, -0.00190000000000002 ) );
#9512 = AXIS2_PLACEMENT_3D( '', #11397, #11398, #11399 );
#9513 = CARTESIAN_POINT( '', ( 0.00319999999999990, 0.00126500000000002, -0.00190000000000002 ) );
#9514 = VECTOR( '', #11400, 1.00000000000000 );
#9515 = AXIS2_PLACEMENT_3D( '', #11401, #11402, #11403 );
#9516 = CARTESIAN_POINT( '', ( -0.00204999999999993, 0.000764999999999988, 0.00300000000000070 ) );
#9517 = CARTESIAN_POINT( '', ( -0.00204999999999993, 0.000764999999999988, 0.00279999999999896 ) );
#9518 = CARTESIAN_POINT( '', ( -0.00204999999999993, 0.000764999999999988, 0.00300000000000070 ) );
#9519 = VECTOR( '', #11404, 1.00000000000000 );
#9520 = CARTESIAN_POINT( '', ( -0.00179999999999991, 0.000764999999999988, 0.00279999999999896 ) );
#9521 = CARTESIAN_POINT( '', ( -0.00179999999999991, 0.000764999999999988, 0.00279999999999896 ) );
#9522 = VECTOR( '', #11405, 1.00000000000000 );
#9523 = CARTESIAN_POINT( '', ( -0.00179999999999991, 0.000764999999999988, 0.00310000000000030 ) );
#9524 = CARTESIAN_POINT( '', ( -0.00179999999999991, 0.000764999999999988, 0.00310000000000030 ) );
#9525 = VECTOR( '', #11406, 1.00000000000000 );
#9526 = CARTESIAN_POINT( '', ( -0.000500000000000032, 0.000764999999999988, 0.00310000000000030 ) );
#9527 = VECTOR( '', #11407, 1.00000000000000 );
#9528 = CARTESIAN_POINT( '', ( -0.00195000000000007, 0.000764999999999988, 0.00319999999999990 ) );
#9529 = VECTOR( '', #11408, 1.00000000000000 );
#9530 = CARTESIAN_POINT( '', ( -0.00209999999999998, 0.000764999999999988, 0.00300000000000070 ) );
#9531 = CARTESIAN_POINT( '', ( -0.00209999999999998, 0.000764999999999988, 0.00300000000000070 ) );
#9532 = VECTOR( '', #11409, 1.00000000000000 );
#9533 = CARTESIAN_POINT( '', ( -0.00209999999999998, 0.000764999999999988, 0.00300000000000070 ) );
#9534 = VECTOR( '', #11410, 1.00000000000000 );
#9535 = CARTESIAN_POINT( '', ( -0.00209999999999998, 0.00126500000000002, 0.00300000000000070 ) );
#9536 = CARTESIAN_POINT( '', ( -0.00209999999999998, 0.00126500000000002, 0.00300000000000070 ) );
#9537 = VECTOR( '', #11411, 1.00000000000000 );
#9538 = CARTESIAN_POINT( '', ( -0.00209999999999998, 0.00126500000000002, 0.00300000000000070 ) );
#9539 = VECTOR( '', #11412, 1.00000000000000 );
#9540 = CARTESIAN_POINT( '', ( -0.00184999999999997, -0.000235000183660262, 0.00300000000000070 ) );
#9541 = CARTESIAN_POINT( '', ( -0.00184999999999997, -0.000235000183660262, 0.00279999999999896 ) );
#9542 = CARTESIAN_POINT( '', ( -0.00184999999999997, -0.000235000183660262, 0.00300000000000070 ) );
#9543 = VECTOR( '', #11413, 1.00000000000000 );
#9544 = CARTESIAN_POINT( '', ( -0.00181117714323461, -0.000229889057603617, 0.00300000000000070 ) );
#9545 = AXIS2_PLACEMENT_3D( '', #11414, #11415, #11416 );
#9546 = CARTESIAN_POINT( '', ( -0.00181117714323461, -0.000229889057603617, 0.00279999999999896 ) );
#9547 = CARTESIAN_POINT( '', ( -0.00181117714323461, -0.000229889057603617, 0.00279999999999896 ) );
#9548 = VECTOR( '', #11417, 1.00000000000000 );
#9549 = AXIS2_PLACEMENT_3D( '', #11418, #11419, #11420 );
#9550 = CARTESIAN_POINT( '', ( 0.00204999999999993, 0.000764999999999988, -0.00279999999999896 ) );
#9551 = CARTESIAN_POINT( '', ( 0.00204999999999993, 0.000764999999999988, -0.00300000000000070 ) );
#9552 = VECTOR( '', #11421, 1.00000000000000 );
#9553 = CARTESIAN_POINT( '', ( 0.00179999999999991, 0.000764999999999988, -0.00279999999999896 ) );
#9554 = VECTOR( '', #11422, 1.00000000000000 );
#9555 = CARTESIAN_POINT( '', ( 0.000500000000000032, 0.000764999999999988, -0.00310000000000030 ) );
#9556 = CARTESIAN_POINT( '', ( 0.000500000000000032, 0.000764999999999988, -0.00310000000000030 ) );
#9557 = VECTOR( '', #11423, 1.00000000000000 );
#9558 = CARTESIAN_POINT( '', ( 0.000500000000000032, 0.000764999999999988, -0.00319999999999990 ) );
#9559 = CARTESIAN_POINT( '', ( 0.000500000000000032, 0.000764999999999988, -0.00319999999999990 ) );
#9560 = VECTOR( '', #11424, 1.00000000000000 );
#9561 = CARTESIAN_POINT( '', ( 0.00195000000000007, 0.000764999999999988, -0.00319999999999990 ) );
#9562 = VECTOR( '', #11425, 1.00000000000000 );
#9563 = CARTESIAN_POINT( '', ( -0.00319999999999990, 0.000764999999999988, 0.00190000000000002 ) );
#9564 = AXIS2_PLACEMENT_3D( '', #11426, #11427, #11428 );
#9565 = CARTESIAN_POINT( '', ( -0.00319999999999990, 0.000764999999999988, -0.00190000000000002 ) );
#9566 = CARTESIAN_POINT( '', ( -0.00319999999999990, 0.000764999999999988, -0.00190000000000002 ) );
#9567 = VECTOR( '', #11429, 1.00000000000000 );
#9568 = AXIS2_PLACEMENT_3D( '', #11430, #11431, #11432 );
#9569 = CARTESIAN_POINT( '', ( -0.00319999999999990, 0.00126500000000002, -0.00190000000000002 ) );
#9570 = CARTESIAN_POINT( '', ( -0.00319999999999990, 0.00126500000000002, -0.00190000000000002 ) );
#9571 = VECTOR( '', #11433, 1.00000000000000 );
#9572 = CARTESIAN_POINT( '', ( -0.00305000000000050, 0.00126500000000002, -0.00204999999999993 ) );
#9573 = AXIS2_PLACEMENT_3D( '', #11434, #11435, #11436 );
#9574 = CARTESIAN_POINT( '', ( -0.00305000000000050, 0.000764999999999988, -0.00204999999999993 ) );
#9575 = CARTESIAN_POINT( '', ( -0.00305000000000050, 0.00126500000000002, -0.00204999999999993 ) );
#9576 = VECTOR( '', #11437, 1.00000000000000 );
#9577 = AXIS2_PLACEMENT_3D( '', #11438, #11439, #11440 );
#9578 = CARTESIAN_POINT( '', ( -0.00319999999999990, 0.00126500000000002, 0.00190000000000002 ) );
#9579 = AXIS2_PLACEMENT_3D( '', #11441, #11442, #11443 );
#9580 = CARTESIAN_POINT( '', ( -0.00319999999999990, 0.00126500000000002, 0.00190000000000002 ) );
#9581 = VECTOR( '', #11444, 1.00000000000000 );
#9582 = AXIS2_PLACEMENT_3D( '', #11445, #11446, #11447 );
#9583 = CARTESIAN_POINT( '', ( -0.000750784374145800, 5.42423285334902E-005, 0.00279999999999896 ) );
#9584 = VECTOR( '', #11448, 1.00000000000000 );
#9585 = CARTESIAN_POINT( '', ( -0.000877278423207996, 0.000261534602404222, 0.00279999999999896 ) );
#9586 = VECTOR( '', #11449, 1.00000000000000 );
#9587 = CARTESIAN_POINT( '', ( -0.000649444650053492, 0.000495384757729392, 0.00310000000000030 ) );
#9588 = CARTESIAN_POINT( '', ( -0.000649444650053492, 0.000495384757729392, 0.00310000000000030 ) );
#9589 = VECTOR( '', #11450, 1.00000000000000 );
#9590 = CARTESIAN_POINT( '', ( -0.00109999999999992, -0.000284999999999876, 0.00310000000000030 ) );
#9591 = CARTESIAN_POINT( '', ( -0.000649444650053492, 0.000495384757729392, 0.00310000000000030 ) );
#9592 = VECTOR( '', #11451, 1.00000000000000 );
#9593 = CARTESIAN_POINT( '', ( -0.00111547005383801, -0.000258205080756954, 0.00300000000000070 ) );
#9594 = CARTESIAN_POINT( '', ( -0.00111547005383801, -0.000258205080756954, 0.00300000000000070 ) );
#9595 = VECTOR( '', #11452, 1.00000000000000 );
#9596 = CARTESIAN_POINT( '', ( -0.000968806616201028, -4.17655515721334E-006, 0.00300000000000070 ) );
#9597 = VECTOR( '', #11453, 1.00000000000000 );
#9598 = CARTESIAN_POINT( '', ( 0.000750784374145800, 5.42423285334648E-005, 0.00279999999999896 ) );
#9599 = VECTOR( '', #11454, 1.00000000000000 );
#9600 = CARTESIAN_POINT( '', ( -0.00269999999999936, 0.000764999999999988, 0.00279999999999896 ) );
#9601 = VECTOR( '', #11455, 1.00000000000000 );
#9602 = CARTESIAN_POINT( '', ( -0.00269999999999936, 0.000764999999999988, 0.00279999999999896 ) );
#9603 = VECTOR( '', #11456, 1.00000000000000 );
#9604 = CARTESIAN_POINT( '', ( 0.00310000000000030, -0.00113500000000003, 0.00279999999999896 ) );
#9605 = CARTESIAN_POINT( '', ( 0.00310000000000030, -0.00113500000000003, 0.00279999999999896 ) );
#9606 = VECTOR( '', #11457, 1.00000000000000 );
#9607 = CARTESIAN_POINT( '', ( 0.00310000000000030, 0.000764999999999988, 0.00279999999999896 ) );
#9608 = CARTESIAN_POINT( '', ( 0.00310000000000030, 0.000764999999999988, 0.00279999999999896 ) );
#9609 = VECTOR( '', #11458, 1.00000000000000 );
#9610 = CARTESIAN_POINT( '', ( 0.00269999999999936, 0.000764999999999988, 0.00279999999999896 ) );
#9611 = CARTESIAN_POINT( '', ( 0.00310000000000030, 0.000764999999999988, 0.00279999999999896 ) );
#9612 = VECTOR( '', #11459, 1.00000000000000 );
#9613 = CARTESIAN_POINT( '', ( 0.00269999999999936, 0.000744224644647810, 0.00279999999999896 ) );
#9614 = CARTESIAN_POINT( '', ( 0.00269999999999936, 0.000764999999999988, 0.00279999999999896 ) );
#9615 = VECTOR( '', #11460, 1.00000000000000 );
#9616 = CARTESIAN_POINT( '', ( 0.00237003521657973, -0.000214062668611678, 0.00279999999999896 ) );
#9617 = CARTESIAN_POINT( '', ( 0.00237003521657973, -0.000214062668611678, 0.00279999999999896 ) );
#9618 = VECTOR( '', #11461, 1.00000000000000 );
#9619 = CARTESIAN_POINT( '', ( 0.00184999999999997, -0.000585000183660234, 0.00279999999999896 ) );
#9620 = AXIS2_PLACEMENT_3D( '', #11462, #11463, #11464 );
#9621 = CARTESIAN_POINT( '', ( 0.00172059047744869, -0.000567963096804834, 0.00279999999999896 ) );
#9622 = AXIS2_PLACEMENT_3D( '', #11465, #11466, #11467 );
#9623 = CARTESIAN_POINT( '', ( 0.000129409522551253, -0.000141607444928232, 0.00279999999999896 ) );
#9624 = VECTOR( '', #11468, 1.00000000000000 );
#9625 = CARTESIAN_POINT( '', ( -2.07233524078300E-005, -0.000124999999999957, 0.00279999999999896 ) );
#9626 = VECTOR( '', #11469, 1.00000000000000 );
#9627 = AXIS2_PLACEMENT_3D( '', #11470, #11471, #11472 );
#9628 = CARTESIAN_POINT( '', ( -0.00279999999999896, 0.000764999999999988, 0.00264999999999956 ) );
#9629 = AXIS2_PLACEMENT_3D( '', #11473, #11474, #11475 );
#9630 = CARTESIAN_POINT( '', ( -0.00279999999999896, 0.000764999999999988, 0.00220000000000009 ) );
#9631 = CARTESIAN_POINT( '', ( -0.00279999999999896, 0.000764999999999988, 0.00220000000000009 ) );
#9632 = VECTOR( '', #11476, 1.00000000000000 );
#9633 = AXIS2_PLACEMENT_3D( '', #11477, #11478, #11479 );
#9634 = CARTESIAN_POINT( '', ( 0.00171685398031083, -0.000204615242270653, 0.00279999999999896 ) );
#9635 = CARTESIAN_POINT( '', ( 0.00179999999999991, -0.000204615242270653, 0.00279999999999896 ) );
#9636 = VECTOR( '', #11480, 1.00000000000000 );
#9637 = CARTESIAN_POINT( '', ( 0.00181117714323461, -0.000229889057603617, 0.00279999999999896 ) );
#9638 = CARTESIAN_POINT( '', ( 0.00181117714323461, -0.000229889057603617, 0.00279999999999896 ) );
#9639 = VECTOR( '', #11481, 1.00000000000000 );
#9640 = AXIS2_PLACEMENT_3D( '', #11482, #11483, #11484 );
#9641 = CARTESIAN_POINT( '', ( 0.00184999999999997, 0.000549760696372268, 0.00279999999999896 ) );
#9642 = CARTESIAN_POINT( '', ( 0.00184999999999997, 0.000549760696372268, 0.00279999999999896 ) );
#9643 = VECTOR( '', #11485, 1.00000000000000 );
#9644 = CARTESIAN_POINT( '', ( 0.00184999999999997, 0.000739999816339800, 0.00279999999999896 ) );
#9645 = VECTOR( '', #11486, 1.00000000000000 );
#9646 = CARTESIAN_POINT( '', ( -0.00203793852415722, 3.34038450048764E-005, 0.00279999999999896 ) );
#9647 = CARTESIAN_POINT( '', ( -0.00184999999999997, 0.000549760696372268, 0.00279999999999896 ) );
#9648 = VECTOR( '', #11487, 1.00000000000000 );
#9649 = AXIS2_PLACEMENT_3D( '', #11488, #11489, #11490 );
#9650 = CARTESIAN_POINT( '', ( -0.00171685398031083, -0.000204615242270653, 0.00279999999999896 ) );
#9651 = VECTOR( '', #11491, 1.00000000000000 );
#9652 = CARTESIAN_POINT( '', ( -0.00179999999999991, 0.000764999999999988, 0.00279999999999896 ) );
#9653 = VECTOR( '', #11492, 1.00000000000000 );
#9654 = CARTESIAN_POINT( '', ( -0.00204999999999993, 0.000764999999999988, 0.00279999999999896 ) );
#9655 = VECTOR( '', #11493, 1.00000000000000 );
#9656 = CARTESIAN_POINT( '', ( -0.00204999999999993, 0.000764999999999988, 0.00300000000000070 ) );
#9657 = VECTOR( '', #11494, 1.00000000000000 );
#9658 = CARTESIAN_POINT( '', ( -0.00179999999999991, -0.000226894151100224, 0.00300000000000070 ) );
#9659 = CARTESIAN_POINT( '', ( -0.00179999999999991, -0.000226894151100224, 0.00300000000000070 ) );
#9660 = VECTOR( '', #11495, 1.00000000000000 );
#9661 = CARTESIAN_POINT( '', ( -0.00179999999999991, -0.000226894151100224, 0.00288314601968830 ) );
#9662 = VECTOR( '', #11496, 1.00000000000000 );
#9663 = CARTESIAN_POINT( '', ( -0.00179999999999991, -0.000258205080756954, 0.00300000000000070 ) );
#9664 = CARTESIAN_POINT( '', ( -0.00179999999999991, -0.000284999999999876, 0.00310000000000030 ) );
#9665 = CARTESIAN_POINT( '', ( -0.00179999999999991, -0.000258205080756954, 0.00300000000000070 ) );
#9666 = VECTOR( '', #11497, 1.00000000000000 );
#9667 = CARTESIAN_POINT( '', ( -0.00179999999999991, 0.000764999999999988, 0.00310000000000030 ) );
#9668 = VECTOR( '', #11498, 1.00000000000000 );
#9669 = CARTESIAN_POINT( '', ( -0.00179999999999991, -0.000226894151100224, 0.00300000000000070 ) );
#9670 = VECTOR( '', #11499, 1.00000000000000 );
#9671 = CARTESIAN_POINT( '', ( -0.00109999999999992, -0.000284999999999876, 0.00310000000000030 ) );
#9672 = VECTOR( '', #11500, 1.00000000000000 );
#9673 = CARTESIAN_POINT( '', ( -0.00179999999999991, -0.000258205080756954, 0.00300000000000070 ) );
#9674 = VECTOR( '', #11501, 1.00000000000000 );
#9675 = CARTESIAN_POINT( '', ( -0.00249999999999991, -0.000935000000000070, 0.00139999999999999 ) );
#9676 = AXIS2_PLACEMENT_3D( '', #11502, #11503, #11504 );
#9677 = CARTESIAN_POINT( '', ( -0.00249999999999991, -0.000935000000000070, 0.00139999999999999 ) );
#9678 = VECTOR( '', #11505, 1.00000000000000 );
#9679 = CARTESIAN_POINT( '', ( 0.000351063817739388, -0.000935000000000070, 0.000233125001192093 ) );
#9680 = CARTESIAN_POINT( '', ( 0.000351063817739388, -0.00103499999999992, 0.000233125001192093 ) );
#9681 = CARTESIAN_POINT( '', ( 0.000351063817739388, -0.000935000000000070, 0.000233125001192093 ) );
#9682 = VECTOR( '', #11506, 1.00000000000000 );
#9683 = CARTESIAN_POINT( '', ( 0.000414893627166636, -0.00103499999999992, 0.000186250001192090 ) );
#9684 = CARTESIAN_POINT( '', ( 0.000414893627166636, -0.00103499999999992, 0.000186250001192090 ) );
#9685 = VECTOR( '', #11507, 1.00000000000000 );
#9686 = CARTESIAN_POINT( '', ( 0.000414893627166636, -0.000935000000000070, 0.000186250001192090 ) );
#9687 = CARTESIAN_POINT( '', ( 0.000414893627166636, -0.000935000000000070, 0.000186250001192090 ) );
#9688 = VECTOR( '', #11508, 1.00000000000000 );
#9689 = CARTESIAN_POINT( '', ( 0.000414893627166636, -0.000935000000000070, 0.000186250001192090 ) );
#9690 = VECTOR( '', #11509, 1.00000000000000 );
#9691 = CARTESIAN_POINT( '', ( 0.000478723406791810, -0.000935000000000070, -0.000110624998807904 ) );
#9692 = CARTESIAN_POINT( '', ( 0.000478723406791810, -0.00103499999999992, -0.000110624998807904 ) );
#9693 = CARTESIAN_POINT( '', ( 0.000478723406791810, -0.000935000000000070, -0.000110624998807904 ) );
#9694 = VECTOR( '', #11510, 1.00000000000000 );
#9695 = CARTESIAN_POINT( '', ( 0.000414893627166636, -0.00103499999999992, -0.000188749998807909 ) );
#9696 = CARTESIAN_POINT( '', ( 0.000414893627166636, -0.00103499999999992, -0.000188749998807909 ) );
#9697 = VECTOR( '', #11511, 1.00000000000000 );
#9698 = CARTESIAN_POINT( '', ( 0.000414893627166636, -0.000935000000000070, -0.000188749998807909 ) );
#9699 = CARTESIAN_POINT( '', ( 0.000414893627166636, -0.000935000000000070, -0.000188749998807909 ) );
#9700 = VECTOR( '', #11512, 1.00000000000000 );
#9701 = CARTESIAN_POINT( '', ( 0.000414893627166636, -0.000935000000000070, -0.000188749998807909 ) );
#9702 = VECTOR( '', #11513, 1.00000000000000 );
#9703 = CARTESIAN_POINT( '', ( 0.000138297870755191, -0.00103499999999992, 0.000155000001192088 ) );
#9704 = CARTESIAN_POINT( '', ( 0.000138297870755191, -0.000935000000000070, 0.000155000001192088 ) );
#9705 = VECTOR( '', #11514, 1.00000000000000 );
#9706 = CARTESIAN_POINT( '', ( 7.44680836796638E-005, -0.00103499999999992, 9.25000011920838E-005 ) );
#9707 = VECTOR( '', #11515, 1.00000000000000 );
#9708 = CARTESIAN_POINT( '', ( 0.00203793852415722, 3.34038450048764E-005, -0.00279999999999896 ) );
#9709 = CARTESIAN_POINT( '', ( 0.00203793852415722, 3.34038450048764E-005, -0.00279999999999896 ) );
#9710 = VECTOR( '', #11516, 1.00000000000000 );
#9711 = AXIS2_PLACEMENT_3D( '', #11517, #11518, #11519 );
#9712 = CARTESIAN_POINT( '', ( -0.000500000000000032, 0.000764999999999988, -0.00275499546279206 ) );
#9713 = CARTESIAN_POINT( '', ( 0.000500000000000032, 0.000764999999999988, -0.00275499546279206 ) );
#9714 = AXIS2_PLACEMENT_3D( '', #11520, #11521, #11522 );
#9715 = CARTESIAN_POINT( '', ( 0.000500000000000032, 0.000865000000000096, -0.00275499546279206 ) );
#9716 = CARTESIAN_POINT( '', ( 0.000500000000000032, 0.000865000000000096, -0.00275499546279206 ) );
#9717 = VECTOR( '', #11523, 1.00000000000000 );
#9718 = CARTESIAN_POINT( '', ( -0.000500000000000032, 0.000865000000000096, -0.00275499546279206 ) );
#9719 = AXIS2_PLACEMENT_3D( '', #11524, #11525, #11526 );
#9720 = CARTESIAN_POINT( '', ( -0.000500000000000032, 0.000865000000000096, -0.00275499546279206 ) );
#9721 = VECTOR( '', #11527, 1.00000000000000 );
#9722 = CARTESIAN_POINT( '', ( 0.00310000000000030, 0.00131500000000007, -0.00220000000000009 ) );
#9723 = CARTESIAN_POINT( '', ( 0.00310000000000030, 0.00131500000000007, -0.00220000000000009 ) );
#9724 = VECTOR( '', #11528, 1.00000000000000 );
#9725 = CARTESIAN_POINT( '', ( 0.00300000000000070, 0.00131500000000007, -0.00220000000000009 ) );
#9726 = CARTESIAN_POINT( '', ( 0.00300000000000070, 0.00131500000000007, -0.00220000000000009 ) );
#9727 = VECTOR( '', #11529, 1.00000000000000 );
#9728 = CARTESIAN_POINT( '', ( 0.00310000000000030, 0.00131500000000007, -0.00220000000000009 ) );
#9729 = VECTOR( '', #11530, 1.00000000000000 );
#9730 = CARTESIAN_POINT( '', ( -0.00346165000000086, 0.000125000000000008, 0.00235999999999996 ) );
#9731 = AXIS2_PLACEMENT_3D( '', #11531, #11532, #11533 );
#9732 = CARTESIAN_POINT( '', ( -0.00346165000000086, 0.000125000000000008, 0.00165999999999996 ) );
#9733 = CARTESIAN_POINT( '', ( -0.00346165000000086, 0.000125000000000008, 0.00235999999999996 ) );
#9734 = VECTOR( '', #11534, 1.00000000000000 );
#9735 = AXIS2_PLACEMENT_3D( '', #11535, #11536, #11537 );
#9736 = CARTESIAN_POINT( '', ( -1.06382975354782E-005, -0.000935000000000070, -0.000188749998807909 ) );
#9737 = CARTESIAN_POINT( '', ( -1.06382975354782E-005, -0.00103499999999992, -0.000188749998807909 ) );
#9738 = CARTESIAN_POINT( '', ( -1.06382975354782E-005, -0.000935000000000070, -0.000188749998807909 ) );
#9739 = VECTOR( '', #11538, 1.00000000000000 );
#9740 = CARTESIAN_POINT( '', ( -7.44680836796638E-005, -0.00103499999999992, -0.000251249998807913 ) );
#9741 = VECTOR( '', #11539, 1.00000000000000 );
#9742 = CARTESIAN_POINT( '', ( -7.44680836796638E-005, -0.000935000000000070, -0.000251249998807913 ) );
#9743 = VECTOR( '', #11540, 1.00000000000000 );
#9744 = CARTESIAN_POINT( '', ( -0.00279999999999896, 0.00126500000000002, 0.00264999999999956 ) );
#9745 = AXIS2_PLACEMENT_3D( '', #11541, #11542, #11543 );
#9746 = CARTESIAN_POINT( '', ( -0.00279999999999896, 0.00126500000000002, 0.00264999999999956 ) );
#9747 = VECTOR( '', #11544, 1.00000000000000 );
#9748 = CARTESIAN_POINT( '', ( 0.000000000000000, 0.000964999999999950, -0.00150000000000010 ) );
#9749 = AXIS2_PLACEMENT_3D( '', #11545, #11546, #11547 );
#9750 = CARTESIAN_POINT( '', ( -0.000500000000000032, 0.000764999999999988, -0.00141421356237316 ) );
#9751 = CARTESIAN_POINT( '', ( -0.000500000000000032, 0.000914999999999896, -0.00141421356237316 ) );
#9752 = CARTESIAN_POINT( '', ( -0.000500000000000032, 0.000764999999999988, -0.00141421356237316 ) );
#9753 = VECTOR( '', #11548, 1.00000000000000 );
#9754 = CARTESIAN_POINT( '', ( 0.000500000000000032, 0.000914999999999896, -0.00141421356237316 ) );
#9755 = AXIS2_PLACEMENT_3D( '', #11549, #11550, #11551 );
#9756 = CARTESIAN_POINT( '', ( 0.000500000000000032, 0.000764999999999988, -0.00141421356237316 ) );
#9757 = CARTESIAN_POINT( '', ( 0.000500000000000032, 0.000764999999999988, -0.00141421356237316 ) );
#9758 = VECTOR( '', #11552, 1.00000000000000 );
#9759 = CARTESIAN_POINT( '', ( 0.000500000000000032, 0.000764999999999988, 0.00141421356237316 ) );
#9760 = AXIS2_PLACEMENT_3D( '', #11553, #11554, #11555 );
#9761 = CARTESIAN_POINT( '', ( 0.000500000000000032, 0.000914999999999896, 0.00141421356237316 ) );
#9762 = CARTESIAN_POINT( '', ( 0.000500000000000032, 0.000764999999999988, 0.00141421356237316 ) );
#9763 = VECTOR( '', #11556, 1.00000000000000 );
#9764 = AXIS2_PLACEMENT_3D( '', #11557, #11558, #11559 );
#9765 = AXIS2_PLACEMENT_3D( '', #11560, #11561, #11562 );
#9766 = AXIS2_PLACEMENT_3D( '', #11563, #11564, #11565 );
#9767 = AXIS2_PLACEMENT_3D( '', #11566, #11567, #11568 );
#9768 = AXIS2_PLACEMENT_3D( '', #11569, #11570, #11571 );
#9769 = AXIS2_PLACEMENT_3D( '', #11572, #11573, #11574 );
#9770 = CARTESIAN_POINT( '', ( -0.00295000000000090, 0.00126500000000002, -0.00204999999999993 ) );
#9771 = CARTESIAN_POINT( '', ( -0.00295000000000090, 0.00126500000000002, -0.00204999999999993 ) );
#9772 = VECTOR( '', #11575, 1.00000000000000 );
#9773 = CARTESIAN_POINT( '', ( -0.00295000000000090, 0.000764999999999988, -0.00204999999999993 ) );
#9774 = CARTESIAN_POINT( '', ( -0.00295000000000090, 0.000764999999999988, -0.00204999999999993 ) );
#9775 = VECTOR( '', #11576, 1.00000000000000 );
#9776 = CARTESIAN_POINT( '', ( -0.00295000000000090, 0.000764999999999988, -0.00204999999999993 ) );
#9777 = VECTOR( '', #11577, 1.00000000000000 );
#9778 = AXIS2_PLACEMENT_3D( '', #11578, #11579, #11580 );
#9779 = AXIS2_PLACEMENT_3D( '', #11581, #11582, #11583 );
#9780 = AXIS2_PLACEMENT_3D( '', #11584, #11585, #11586 );
#9781 = CARTESIAN_POINT( '', ( 0.00346165000000086, 0.000125000000000008, 0.00165999999999996 ) );
#9782 = CARTESIAN_POINT( '', ( 0.00310000000000030, 0.000125000000000008, 0.00165999999999996 ) );
#9783 = CARTESIAN_POINT( '', ( 0.00346165000000086, 0.000125000000000008, 0.00165999999999996 ) );
#9784 = VECTOR( '', #11587, 1.00000000000000 );
#9785 = CARTESIAN_POINT( '', ( 0.00375142774788642, -9.73542864692444E-005, 0.00165999999999996 ) );
#9786 = AXIS2_PLACEMENT_3D( '', #11588, #11589, #11590 );
#9787 = CARTESIAN_POINT( '', ( 0.00395620812302132, -0.000861605050861382, 0.00165999999999996 ) );
#9788 = CARTESIAN_POINT( '', ( 0.00395620812302132, -0.000861605050861382, 0.00165999999999996 ) );
#9789 = VECTOR( '', #11591, 1.00000000000000 );
#9790 = CARTESIAN_POINT( '', ( 0.00400014662719646, -0.000898473833510766, 0.00165999999999996 ) );
#9791 = AXIS2_PLACEMENT_3D( '', #11592, #11593, #11594 );
#9792 = CARTESIAN_POINT( '', ( 0.00500001893568762, -0.000985951325476946, 0.00165999999999996 ) );
#9793 = CARTESIAN_POINT( '', ( 0.00500001893568762, -0.000985951325476946, 0.00165999999999996 ) );
#9794 = VECTOR( '', #11595, 1.00000000000000 );
#9795 = CARTESIAN_POINT( '', ( 0.00497822999999964, -0.00123499999999989, 0.00165999999999996 ) );
#9796 = VECTOR( '', #11596, 1.00000000000000 );
#9797 = CARTESIAN_POINT( '', ( 0.00310000000000030, 0.000125000000000008, 0.00165999999999996 ) );
#9798 = VECTOR( '', #11597, 1.00000000000000 );
#9799 = CARTESIAN_POINT( '', ( 0.00346165000000086, 0.000125000000000008, 0.00165999999999996 ) );
#9800 = VECTOR( '', #11598, 1.00000000000000 );
#9801 = CARTESIAN_POINT( '', ( 0.00310000000000030, 0.000125000000000008, 0.00235999999999996 ) );
#9802 = VECTOR( '', #11599, 1.00000000000000 );
#9803 = CARTESIAN_POINT( '', ( 0.000393617033958414, -0.00103499999999992, 2.99999993294470E-005 ) );
#9804 = CARTESIAN_POINT( '', ( 0.000393617033958414, -0.000935000000000070, 2.99999993294470E-005 ) );
#9805 = VECTOR( '', #11600, 1.00000000000000 );
#9806 = CARTESIAN_POINT( '', ( 0.000372340410947864, -0.00103499999999992, 9.25000011920838E-005 ) );
#9807 = CARTESIAN_POINT( '', ( 0.000372340410947864, -0.00103499999999992, 9.25000011920838E-005 ) );
#9808 = VECTOR( '', #11601, 1.00000000000000 );
#9809 = CARTESIAN_POINT( '', ( 0.000372340410947864, -0.000935000000000070, 9.25000011920838E-005 ) );
#9810 = VECTOR( '', #11602, 1.00000000000000 );
#9811 = CARTESIAN_POINT( '', ( -0.000329787224531166, -0.00103499999999992, 0.000155000001192088 ) );
#9812 = CARTESIAN_POINT( '', ( -0.000329787224531166, -0.00103499999999992, 0.000155000001192088 ) );
#9813 = VECTOR( '', #11603, 1.00000000000000 );
#9814 = CARTESIAN_POINT( '', ( -0.000329787224531166, -0.000935000000000070, 0.000155000001192088 ) );
#9815 = CARTESIAN_POINT( '', ( -0.000329787224531166, -0.000935000000000070, 0.000155000001192088 ) );
#9816 = VECTOR( '', #11604, 1.00000000000000 );
#9817 = CARTESIAN_POINT( '', ( -0.000329787224531166, -0.000935000000000070, 0.000155000001192088 ) );
#9818 = VECTOR( '', #11605, 1.00000000000000 );
#9819 = CARTESIAN_POINT( '', ( 0.00129999999999988, 0.00131500000000007, -0.00310000000000030 ) );
#9820 = CARTESIAN_POINT( '', ( 0.00129999999999988, 0.00131500000000007, -0.00310000000000030 ) );
#9821 = VECTOR( '', #11606, 1.00000000000000 );
#9822 = CARTESIAN_POINT( '', ( 0.00129999999999988, 0.00131500000000007, -0.00310000000000030 ) );
#9823 = VECTOR( '', #11607, 1.00000000000000 );
#9824 = CARTESIAN_POINT( '', ( -5.31914904713656E-005, -0.000935000000000070, 9.25000011920838E-005 ) );
#9825 = CARTESIAN_POINT( '', ( -5.31914904713656E-005, -0.00103499999999992, 9.25000011920838E-005 ) );
#9826 = CARTESIAN_POINT( '', ( -5.31914904713656E-005, -0.000935000000000070, 9.25000011920838E-005 ) );
#9827 = VECTOR( '', #11608, 1.00000000000000 );
#9828 = CARTESIAN_POINT( '', ( -9.57446843385694E-005, -0.00103499999999992, 0.000155000001192088 ) );
#9829 = CARTESIAN_POINT( '', ( -9.57446843385694E-005, -0.00103499999999992, 0.000155000001192088 ) );
#9830 = VECTOR( '', #11609, 1.00000000000000 );
#9831 = CARTESIAN_POINT( '', ( -9.57446843385694E-005, -0.000935000000000070, 0.000155000001192088 ) );
#9832 = CARTESIAN_POINT( '', ( -9.57446843385694E-005, -0.000935000000000070, 0.000155000001192088 ) );
#9833 = VECTOR( '', #11610, 1.00000000000000 );
#9834 = CARTESIAN_POINT( '', ( -9.57446843385694E-005, -0.000935000000000070, 0.000155000001192088 ) );
#9835 = VECTOR( '', #11611, 1.00000000000000 );
#9836 = CARTESIAN_POINT( '', ( -0.00171685398031083, -0.000204615242270653, -0.00279999999999896 ) );
#9837 = CARTESIAN_POINT( '', ( -0.00179999999999991, -0.000226894151100224, -0.00288314601968830 ) );
#9838 = CARTESIAN_POINT( '', ( -0.00171685398031083, -0.000204615242270653, -0.00279999999999896 ) );
#9839 = VECTOR( '', #11612, 1.00000000000000 );
#9840 = CARTESIAN_POINT( '', ( -0.00179999999999991, -0.000226894151100224, -0.00288314601968830 ) );
#9841 = VECTOR( '', #11613, 1.00000000000000 );
#9842 = CARTESIAN_POINT( '', ( -0.00181117714323461, -0.000229889057603617, -0.00279999999999896 ) );
#9843 = CARTESIAN_POINT( '', ( -0.00181117714323461, -0.000229889057603617, -0.00279999999999896 ) );
#9844 = VECTOR( '', #11614, 1.00000000000000 );
#9845 = CARTESIAN_POINT( '', ( -0.00181117714323461, -0.000229889057603617, -0.00279999999999896 ) );
#9846 = VECTOR( '', #11615, 1.00000000000000 );
#9847 = CARTESIAN_POINT( '', ( -0.00104201169695796, -2.37917974278238E-005, -0.00279999999999896 ) );
#9848 = VECTOR( '', #11616, 1.00000000000000 );
#9849 = CARTESIAN_POINT( '', ( -0.000219996188337452, 0.000196466594272934, -0.00289054992234554 ) );
#9850 = VECTOR( '', #11617, 1.00000000000000 );
#9851 = CARTESIAN_POINT( '', ( 0.000750784374145800, 5.42423285335156E-005, -0.00279999999999896 ) );
#9852 = VECTOR( '', #11618, 1.00000000000000 );
#9853 = CARTESIAN_POINT( '', ( 0.00204999999999993, 0.000739999816339800, -0.00279999999999896 ) );
#9854 = CARTESIAN_POINT( '', ( 0.00184999999999997, 0.000739999816339800, -0.00279999999999896 ) );
#9855 = CARTESIAN_POINT( '', ( 0.00204999999999993, 0.000739999816339800, -0.00279999999999896 ) );
#9856 = VECTOR( '', #11619, 1.00000000000000 );
#9857 = CARTESIAN_POINT( '', ( 0.00184999999999997, 0.000549760696372268, -0.00279999999999896 ) );
#9858 = CARTESIAN_POINT( '', ( 0.00184999999999997, 0.000739999816339800, -0.00279999999999896 ) );
#9859 = VECTOR( '', #11620, 1.00000000000000 );
#9860 = CARTESIAN_POINT( '', ( 0.00184999999999997, 0.000549760696372268, -0.00279999999999896 ) );
#9861 = VECTOR( '', #11621, 1.00000000000000 );
#9862 = CARTESIAN_POINT( '', ( 0.00171685398031083, -0.000204615242270653, -0.00279999999999896 ) );
#9863 = VECTOR( '', #11622, 1.00000000000000 );
#9864 = CARTESIAN_POINT( '', ( 0.00204999999999993, 0.000764999999999988, -0.00279999999999896 ) );
#9865 = VECTOR( '', #11623, 1.00000000000000 );
#9866 = CARTESIAN_POINT( '', ( 0.00204999999999993, 0.000739999816339800, -0.00279999999999896 ) );
#9867 = VECTOR( '', #11624, 1.00000000000000 );
#9868 = CARTESIAN_POINT( '', ( -0.000129409522551253, -0.000141607444928232, -0.00279999999999896 ) );
#9869 = VECTOR( '', #11625, 1.00000000000000 );
#9870 = CARTESIAN_POINT( '', ( 0.00172059047744869, -0.000567963096804834, -0.00279999999999896 ) );
#9871 = VECTOR( '', #11626, 1.00000000000000 );
#9872 = CARTESIAN_POINT( '', ( 0.00237003521657973, -0.000214062668611678, -0.00279999999999896 ) );
#9873 = AXIS2_PLACEMENT_3D( '', #11627, #11628, #11629 );
#9874 = CARTESIAN_POINT( '', ( 0.00237003521657973, -0.000214062668611678, -0.00279999999999896 ) );
#9875 = VECTOR( '', #11630, 1.00000000000000 );
#9876 = CARTESIAN_POINT( '', ( 0.00310000000000030, 0.000764999999999988, -0.00279999999999896 ) );
#9877 = CARTESIAN_POINT( '', ( 0.00269999999999936, 0.000764999999999988, -0.00279999999999896 ) );
#9878 = VECTOR( '', #11631, 1.00000000000000 );
#9879 = CARTESIAN_POINT( '', ( 0.00310000000000030, -0.00113500000000003, -0.00279999999999896 ) );
#9880 = CARTESIAN_POINT( '', ( 0.00310000000000030, 0.000764999999999988, -0.00279999999999896 ) );
#9881 = VECTOR( '', #11632, 1.00000000000000 );
#9882 = CARTESIAN_POINT( '', ( -0.00310000000000030, -0.00113500000000003, -0.00279999999999896 ) );
#9883 = VECTOR( '', #11633, 1.00000000000000 );
#9884 = CARTESIAN_POINT( '', ( -0.00269999999999936, 0.000764999999999988, -0.00279999999999896 ) );
#9885 = CARTESIAN_POINT( '', ( -0.00310000000000030, 0.000764999999999988, -0.00279999999999896 ) );
#9886 = VECTOR( '', #11634, 1.00000000000000 );
#9887 = CARTESIAN_POINT( '', ( -0.00269999999999936, 0.000744224644647810, -0.00279999999999896 ) );
#9888 = CARTESIAN_POINT( '', ( -0.00269999999999936, 0.000764999999999988, -0.00279999999999896 ) );
#9889 = VECTOR( '', #11635, 1.00000000000000 );
#9890 = CARTESIAN_POINT( '', ( -0.00237003521657973, -0.000214062668611678, -0.00279999999999896 ) );
#9891 = VECTOR( '', #11636, 1.00000000000000 );
#9892 = CARTESIAN_POINT( '', ( -0.00269999999999936, 0.000764999999999988, -0.00279999999999896 ) );
#9893 = VECTOR( '', #11637, 1.00000000000000 );
#9894 = CARTESIAN_POINT( '', ( -0.00269999999999936, 0.00131500000000007, -0.00279999999999896 ) );
#9895 = CARTESIAN_POINT( '', ( -0.00269999999999936, 0.00131500000000007, -0.00279999999999896 ) );
#9896 = VECTOR( '', #11638, 1.00000000000000 );
#9897 = CARTESIAN_POINT( '', ( -0.00269999999999936, 0.00131500000000007, -0.00279999999999896 ) );
#9898 = VECTOR( '', #11639, 1.00000000000000 );
#9899 = CARTESIAN_POINT( '', ( -0.00269999999999936, 0.000744224644647810, -0.00279999999999896 ) );
#9900 = VECTOR( '', #11640, 1.00000000000000 );
#9901 = CARTESIAN_POINT( '', ( -0.00179999999999991, -0.000204615242270653, -0.00279999999999896 ) );
#9902 = CARTESIAN_POINT( '', ( -0.00179999999999991, 0.000764999999999988, -0.00279999999999896 ) );
#9903 = VECTOR( '', #11641, 1.00000000000000 );
#9904 = CARTESIAN_POINT( '', ( -0.00171685398031083, -0.000204615242270653, -0.00279999999999896 ) );
#9905 = VECTOR( '', #11642, 1.00000000000000 );
#9906 = AXIS2_PLACEMENT_3D( '', #11643, #11644, #11645 );
#9907 = CARTESIAN_POINT( '', ( -0.00184999999999997, 0.000549760696372268, -0.00279999999999896 ) );
#9908 = CARTESIAN_POINT( '', ( -0.00184999999999997, 0.000549760696372268, -0.00279999999999896 ) );
#9909 = VECTOR( '', #11646, 1.00000000000000 );
#9910 = CARTESIAN_POINT( '', ( -0.00184999999999997, 0.000739999816339800, -0.00279999999999896 ) );
#9911 = VECTOR( '', #11647, 1.00000000000000 );
#9912 = CARTESIAN_POINT( '', ( -0.00204999999999993, 0.000764999999999988, -0.00279999999999896 ) );
#9913 = VECTOR( '', #11648, 1.00000000000000 );
#9914 = CARTESIAN_POINT( '', ( -0.00310000000000030, 0.00131500000000007, -0.000899999999999956 ) );
#9915 = CARTESIAN_POINT( '', ( -0.00310000000000030, 0.00131500000000007, 0.00279999999999896 ) );
#9916 = CARTESIAN_POINT( '', ( -0.00310000000000030, 0.00131500000000007, -0.000899999999999956 ) );
#9917 = VECTOR( '', #11649, 1.00000000000000 );
#9918 = CARTESIAN_POINT( '', ( -0.00310000000000030, 0.00131500000000007, 0.00279999999999896 ) );
#9919 = VECTOR( '', #11650, 1.00000000000000 );
#9920 = CARTESIAN_POINT( '', ( -0.00310000000000030, 0.00131500000000007, -0.000899999999999956 ) );
#9921 = VECTOR( '', #11651, 1.00000000000000 );
#9922 = CARTESIAN_POINT( '', ( 0.00184999999999997, 0.000549760696372268, -0.00279999999999896 ) );
#9923 = VECTOR( '', #11652, 1.00000000000000 );
#9924 = CARTESIAN_POINT( '', ( 0.00184999999999997, 0.000739999816339800, -0.00279999999999896 ) );
#9925 = VECTOR( '', #11653, 1.00000000000000 );
#9926 = AXIS2_PLACEMENT_3D( '', #11654, #11655, #11656 );
#9927 = CARTESIAN_POINT( '', ( 0.000219996188337046, 0.000196466594272934, 0.00289054992234554 ) );
#9928 = CARTESIAN_POINT( '', ( 0.000183749433893666, 0.000206178882854287, 0.00289330861810830 ) );
#9929 = CARTESIAN_POINT( '', ( 0.000110818045027322, 0.000220607361398009, 0.00289749038311788 ) );
#9930 = CARTESIAN_POINT( '', ( -7.23618688987058E-009, 0.000227842164310721, 0.00289961969360906 ) );
#9931 = CARTESIAN_POINT( '', ( -0.000110863967321558, 0.000220601832372796, 0.00289748876049730 ) );
#9932 = CARTESIAN_POINT( '', ( -0.000183767182479784, 0.000206174127134995, 0.00289330726728550 ) );
#9933 = CARTESIAN_POINT( '', ( -0.000219996188337300, 0.000196466594272884, 0.00289054992234554 ) );
#9934 = CARTESIAN_POINT( '', ( 0.00500001893568762, -0.000985951325476946, -0.00235999999999996 ) );
#9935 = CARTESIAN_POINT( '', ( 0.00500001893568762, -0.000985951325476946, -0.00165999999999996 ) );
#9936 = CARTESIAN_POINT( '', ( 0.00500001893568762, -0.000985951325476946, -0.00235999999999996 ) );
#9937 = VECTOR( '', #11657, 1.00000000000000 );
#9938 = CARTESIAN_POINT( '', ( 0.00400014662719646, -0.000898473833510766, -0.00235999999999996 ) );
#9939 = CARTESIAN_POINT( '', ( 0.00500001893568762, -0.000985951325476946, -0.00235999999999996 ) );
#9940 = VECTOR( '', #11658, 1.00000000000000 );
#9941 = CARTESIAN_POINT( '', ( 0.00400014662719646, -0.000898473833510766, -0.00165999999999996 ) );
#9942 = CARTESIAN_POINT( '', ( 0.00400014662719646, -0.000898473833510766, -0.00235999999999996 ) );
#9943 = VECTOR( '', #11659, 1.00000000000000 );
#9944 = CARTESIAN_POINT( '', ( 0.00500001893568762, -0.000985951325476946, -0.00165999999999996 ) );
#9945 = VECTOR( '', #11660, 1.00000000000000 );
#9946 = CARTESIAN_POINT( '', ( -0.000849999999999902, -0.000935000000000070, 0.00139999999999999 ) );
#9947 = CARTESIAN_POINT( '', ( -0.000849999999999902, -0.000935000000000070, 0.00139999999999999 ) );
#9948 = VECTOR( '', #11661, 1.00000000000000 );
#9949 = CARTESIAN_POINT( '', ( -0.000849999999999902, -0.00113500000000003, 0.00139999999999999 ) );
#9950 = CARTESIAN_POINT( '', ( -0.000849999999999902, -0.00113500000000003, 0.00139999999999999 ) );
#9951 = VECTOR( '', #11662, 1.00000000000000 );
#9952 = CARTESIAN_POINT( '', ( -0.000849999999999902, -0.00113500000000003, 0.00139999999999999 ) );
#9953 = VECTOR( '', #11663, 1.00000000000000 );
#9954 = CARTESIAN_POINT( '', ( -0.000372340410947864, -0.00103499999999992, 9.25000011920838E-005 ) );
#9955 = CARTESIAN_POINT( '', ( -0.000372340410947864, -0.00103499999999992, 9.25000011920838E-005 ) );
#9956 = VECTOR( '', #11664, 1.00000000000000 );
#9957 = CARTESIAN_POINT( '', ( -0.000372340410947864, -0.000935000000000070, 9.25000011920838E-005 ) );
#9958 = CARTESIAN_POINT( '', ( -0.000372340410947864, -0.000935000000000070, 9.25000011920838E-005 ) );
#9959 = VECTOR( '', #11665, 1.00000000000000 );
#9960 = CARTESIAN_POINT( '', ( -0.000372340410947864, -0.000935000000000070, 9.25000011920838E-005 ) );
#9961 = VECTOR( '', #11666, 1.00000000000000 );
#9962 = CARTESIAN_POINT( '', ( 0.000202127665281301, -0.00103499999999992, -0.000188749998807909 ) );
#9963 = CARTESIAN_POINT( '', ( 0.000202127665281301, -0.000935000000000070, -0.000188749998807909 ) );
#9964 = VECTOR( '', #11667, 1.00000000000000 );
#9965 = CARTESIAN_POINT( '', ( 0.000244680851697922, -0.00103499999999992, -0.000188749998807909 ) );
#9966 = CARTESIAN_POINT( '', ( 0.000244680851697922, -0.00103499999999992, -0.000188749998807909 ) );
#9967 = VECTOR( '', #11668, 1.00000000000000 );
#9968 = CARTESIAN_POINT( '', ( 0.000244680851697922, -0.000935000000000070, -0.000188749998807909 ) );
#9969 = VECTOR( '', #11669, 1.00000000000000 );
#9970 = CARTESIAN_POINT( '', ( 0.00279999999999896, 0.000764999999999988, -0.00220000000000009 ) );
#9971 = CARTESIAN_POINT( '', ( 0.00279999999999896, 0.00126500000000002, -0.00220000000000009 ) );
#9972 = CARTESIAN_POINT( '', ( 0.00279999999999896, 0.000764999999999988, -0.00220000000000009 ) );
#9973 = VECTOR( '', #11670, 1.00000000000000 );
#9974 = CARTESIAN_POINT( '', ( 0.00295000000000090, 0.00126500000000002, -0.00204999999999993 ) );
#9975 = AXIS2_PLACEMENT_3D( '', #11671, #11672, #11673 );
#9976 = CARTESIAN_POINT( '', ( 0.00295000000000090, 0.000764999999999988, -0.00204999999999993 ) );
#9977 = CARTESIAN_POINT( '', ( 0.00295000000000090, 0.000764999999999988, -0.00204999999999993 ) );
#9978 = VECTOR( '', #11674, 1.00000000000000 );
#9979 = AXIS2_PLACEMENT_3D( '', #11675, #11676, #11677 );
#9980 = CARTESIAN_POINT( '', ( -5.31914904713656E-005, -0.00103499999999992, -9.49999988079028E-005 ) );
#9981 = CARTESIAN_POINT( '', ( -5.31914904713656E-005, -0.00103499999999992, -9.49999988079028E-005 ) );
#9982 = VECTOR( '', #11678, 1.00000000000000 );
#9983 = CARTESIAN_POINT( '', ( -5.31914904713656E-005, -0.000935000000000070, -9.49999988079028E-005 ) );
#9984 = CARTESIAN_POINT( '', ( -5.31914904713656E-005, -0.000935000000000070, -9.49999988079028E-005 ) );
#9985 = VECTOR( '', #11679, 1.00000000000000 );
#9986 = CARTESIAN_POINT( '', ( -5.31914904713656E-005, -0.000935000000000070, -9.49999988079028E-005 ) );
#9987 = VECTOR( '', #11680, 1.00000000000000 );
#9988 = CARTESIAN_POINT( '', ( 0.000500000000000032, 0.000764999999999988, 0.00293775424431720 ) );
#9989 = AXIS2_PLACEMENT_3D( '', #11681, #11682, #11683 );
#9990 = CARTESIAN_POINT( '', ( 0.000500000000000032, 0.000865000000000096, 0.00291057043361000 ) );
#9991 = CARTESIAN_POINT( '', ( 0.000500000000000032, 0.000865000000000096, 0.00291057043361000 ) );
#9992 = CARTESIAN_POINT( '', ( 0.000500000000000032, 0.000853916506048002, 0.00291358374931310 ) );
#9993 = CARTESIAN_POINT( '', ( 0.000500000000000032, 0.000831731106488486, 0.00291961511809362 ) );
#9994 = CARTESIAN_POINT( '', ( 0.000500000000000032, 0.000798397779266526, 0.00292867638494184 ) );
#9995 = CARTESIAN_POINT( '', ( 0.000500000000000032, 0.000776138730705464, 0.00293472671080916 ) );
#9996 = CARTESIAN_POINT( '', ( 0.000500000000000032, 0.000764999999999988, 0.00293775424431720 ) );
#9997 = AXIS2_PLACEMENT_3D( '', #11684, #11685, #11686 );
#9998 = CARTESIAN_POINT( '', ( 0.000500000000000032, 0.000865000000000096, -0.00291057043361000 ) );
#9999 = CARTESIAN_POINT( '', ( 0.000500000000000032, 0.000865000000000096, -0.00275499546279206 ) );
#10000 = VECTOR( '', #11687, 1.00000000000000 );
#10001 = CARTESIAN_POINT( '', ( -0.000500000000000032, 0.000865000000000096, -0.00291057043361000 ) );
#10002 = AXIS2_PLACEMENT_3D( '', #11688, #11689, #11690 );
#10003 = CARTESIAN_POINT( '', ( -0.000500000000000032, 0.000865000000000096, -0.00275499546279206 ) );
#10004 = VECTOR( '', #11691, 1.00000000000000 );
#10005 = CARTESIAN_POINT( '', ( 0.000500000000000032, 0.000865000000000096, 0.00275499546279206 ) );
#10006 = CARTESIAN_POINT( '', ( 0.000500000000000032, 0.000865000000000096, 0.00291057043361000 ) );
#10007 = VECTOR( '', #11692, 1.00000000000000 );
#10008 = AXIS2_PLACEMENT_3D( '', #11693, #11694, #11695 );
#10009 = CARTESIAN_POINT( '', ( 0.00249999999999991, -0.000935000000000070, 0.00254999999999996 ) );
#10010 = VECTOR( '', #11696, 1.00000000000000 );
#10011 = CARTESIAN_POINT( '', ( 0.00310000000000030, -0.00113500000000003, 0.00254999999999996 ) );
#10012 = CARTESIAN_POINT( '', ( 0.00310000000000030, -0.00113500000000003, 0.00254999999999996 ) );
#10013 = VECTOR( '', #11697, 1.00000000000000 );
#10014 = CARTESIAN_POINT( '', ( 0.00310000000000030, -0.00113500000000003, 0.00254999999999996 ) );
#10015 = VECTOR( '', #11698, 1.00000000000000 );
#10016 = CARTESIAN_POINT( '', ( 0.000244680851697922, -0.00103499999999992, 0.000186250001192090 ) );
#10017 = CARTESIAN_POINT( '', ( 0.000244680851697922, -0.000935000000000070, 0.000186250001192090 ) );
#10018 = VECTOR( '', #11699, 1.00000000000000 );
#10019 = CARTESIAN_POINT( '', ( 0.000202127665281301, -0.00103499999999992, 0.000186250001192090 ) );
#10020 = CARTESIAN_POINT( '', ( 0.000202127665281301, -0.00103499999999992, 0.000186250001192090 ) );
#10021 = VECTOR( '', #11700, 1.00000000000000 );
#10022 = CARTESIAN_POINT( '', ( 0.000202127665281301, -0.000935000000000070, 0.000186250001192090 ) );
#10023 = VECTOR( '', #11701, 1.00000000000000 );
#10024 = CARTESIAN_POINT( '', ( 0.00237003521657973, -0.000214062668611678, -0.00279999999999896 ) );
#10025 = VECTOR( '', #11702, 1.00000000000000 );
#10026 = CARTESIAN_POINT( '', ( 0.00375142774788642, -9.73542864692444E-005, 0.00165999999999996 ) );
#10027 = VECTOR( '', #11703, 1.00000000000000 );
#10028 = CARTESIAN_POINT( '', ( -0.00209999999999998, 0.00126500000000002, -0.00305000000000050 ) );
#10029 = VECTOR( '', #11704, 1.00000000000000 );
#10030 = CARTESIAN_POINT( '', ( 0.000351063817739388, -0.00103499999999992, -0.000235624998807912 ) );
#10031 = VECTOR( '', #11705, 1.00000000000000 );
#10032 = CARTESIAN_POINT( '', ( 0.000351063817739388, -0.000935000000000070, -0.000235624998807912 ) );
#10033 = VECTOR( '', #11706, 1.00000000000000 );
#10034 = CARTESIAN_POINT( '', ( 1.06382975354782E-005, -0.000935000000000070, 0.000155000001192088 ) );
#10035 = CARTESIAN_POINT( '', ( 1.06382975354782E-005, -0.00103499999999992, 0.000155000001192088 ) );
#10036 = CARTESIAN_POINT( '', ( 1.06382975354782E-005, -0.000935000000000070, 0.000155000001192088 ) );
#10037 = VECTOR( '', #11707, 1.00000000000000 );
#10038 = CARTESIAN_POINT( '', ( 3.19148935377510E-005, -0.00103499999999992, 0.000186250001192090 ) );
#10039 = CARTESIAN_POINT( '', ( 3.19148935377510E-005, -0.00103499999999992, 0.000186250001192090 ) );
#10040 = VECTOR( '', #11708, 1.00000000000000 );
#10041 = CARTESIAN_POINT( '', ( 3.19148935377510E-005, -0.000935000000000070, 0.000186250001192090 ) );
#10042 = CARTESIAN_POINT( '', ( 3.19148935377510E-005, -0.000935000000000070, 0.000186250001192090 ) );
#10043 = VECTOR( '', #11709, 1.00000000000000 );
#10044 = CARTESIAN_POINT( '', ( 3.19148935377510E-005, -0.000935000000000070, 0.000186250001192090 ) );
#10045 = VECTOR( '', #11710, 1.00000000000000 );
#10046 = CARTESIAN_POINT( '', ( 0.00264999999999956, 0.000764999999999988, -0.00279999999999896 ) );
#10047 = CARTESIAN_POINT( '', ( 0.00264999999999956, 0.000764999999999988, -0.00279999999999896 ) );
#10048 = VECTOR( '', #11711, 1.00000000000000 );
#10049 = CARTESIAN_POINT( '', ( 0.00279999999999896, 0.000764999999999988, -0.00264999999999956 ) );
#10050 = AXIS2_PLACEMENT_3D( '', #11712, #11713, #11714 );
#10051 = CARTESIAN_POINT( '', ( 0.00279999999999896, 0.000764999999999988, -0.00220000000000009 ) );
#10052 = VECTOR( '', #11715, 1.00000000000000 );
#10053 = CARTESIAN_POINT( '', ( 0.00305000000000050, 0.000764999999999988, -0.00204999999999993 ) );
#10054 = VECTOR( '', #11716, 1.00000000000000 );
#10055 = CARTESIAN_POINT( '', ( 0.00310000000000030, 0.000764999999999988, -0.00279999999999896 ) );
#10056 = VECTOR( '', #11717, 1.00000000000000 );
#10057 = CARTESIAN_POINT( '', ( -0.00279999999999896, 0.00126500000000002, -0.00264999999999956 ) );
#10058 = AXIS2_PLACEMENT_3D( '', #11718, #11719, #11720 );
#10059 = CARTESIAN_POINT( '', ( -0.00279999999999896, 0.00126500000000002, -0.00220000000000009 ) );
#10060 = CARTESIAN_POINT( '', ( -0.00279999999999896, 0.00126500000000002, -0.00264999999999956 ) );
#10061 = VECTOR( '', #11721, 1.00000000000000 );
#10062 = AXIS2_PLACEMENT_3D( '', #11722, #11723, #11724 );
#10063 = CARTESIAN_POINT( '', ( -0.00319999999999990, 0.00126500000000002, -0.00190000000000002 ) );
#10064 = VECTOR( '', #11725, 1.00000000000000 );
#10065 = CARTESIAN_POINT( '', ( -0.00279999999999896, 0.00126500000000002, 0.00220000000000009 ) );
#10066 = AXIS2_PLACEMENT_3D( '', #11726, #11727, #11728 );
#10067 = CARTESIAN_POINT( '', ( -0.00279999999999896, 0.00126500000000002, 0.00220000000000009 ) );
#10068 = VECTOR( '', #11729, 1.00000000000000 );
#10069 = CARTESIAN_POINT( '', ( -0.00204999999999993, 0.00126500000000002, 0.00279999999999896 ) );
#10070 = CARTESIAN_POINT( '', ( -0.00204999999999993, 0.00126500000000002, 0.00279999999999896 ) );
#10071 = VECTOR( '', #11730, 1.00000000000000 );
#10072 = CARTESIAN_POINT( '', ( -0.00204999999999993, 0.00126500000000002, 0.00300000000000070 ) );
#10073 = CARTESIAN_POINT( '', ( -0.00204999999999993, 0.00126500000000002, 0.00300000000000070 ) );
#10074 = VECTOR( '', #11731, 1.00000000000000 );
#10075 = CARTESIAN_POINT( '', ( -0.00209999999999998, 0.00126500000000002, 0.00300000000000070 ) );
#10076 = VECTOR( '', #11732, 1.00000000000000 );
#10077 = CARTESIAN_POINT( '', ( 0.00195000000000007, 0.00126500000000002, 0.00319999999999990 ) );
#10078 = CARTESIAN_POINT( '', ( -0.00195000000000007, 0.00126500000000002, 0.00319999999999990 ) );
#10079 = VECTOR( '', #11733, 1.00000000000000 );
#10080 = AXIS2_PLACEMENT_3D( '', #11734, #11735, #11736 );
#10081 = CARTESIAN_POINT( '', ( 0.00204999999999993, 0.00126500000000002, 0.00300000000000070 ) );
#10082 = CARTESIAN_POINT( '', ( 0.00204999999999993, 0.00126500000000002, 0.00300000000000070 ) );
#10083 = VECTOR( '', #11737, 1.00000000000000 );
#10084 = CARTESIAN_POINT( '', ( 0.00204999999999993, 0.00126500000000002, 0.00279999999999896 ) );
#10085 = CARTESIAN_POINT( '', ( 0.00204999999999993, 0.00126500000000002, 0.00300000000000070 ) );
#10086 = VECTOR( '', #11738, 1.00000000000000 );
#10087 = CARTESIAN_POINT( '', ( 0.00264999999999956, 0.00126500000000002, 0.00279999999999896 ) );
#10088 = CARTESIAN_POINT( '', ( 0.00264999999999956, 0.00126500000000002, 0.00279999999999896 ) );
#10089 = VECTOR( '', #11739, 1.00000000000000 );
#10090 = CARTESIAN_POINT( '', ( 0.00279999999999896, 0.00126500000000002, 0.00264999999999956 ) );
#10091 = AXIS2_PLACEMENT_3D( '', #11740, #11741, #11742 );
#10092 = CARTESIAN_POINT( '', ( 0.00279999999999896, 0.00126500000000002, 0.00220000000000009 ) );
#10093 = CARTESIAN_POINT( '', ( 0.00279999999999896, 0.00126500000000002, 0.00264999999999956 ) );
#10094 = VECTOR( '', #11743, 1.00000000000000 );
#10095 = CARTESIAN_POINT( '', ( 0.00295000000000090, 0.00126500000000002, 0.00204999999999993 ) );
#10096 = AXIS2_PLACEMENT_3D( '', #11744, #11745, #11746 );
#10097 = CARTESIAN_POINT( '', ( 0.00295000000000090, 0.00126500000000002, 0.00204999999999993 ) );
#10098 = VECTOR( '', #11747, 1.00000000000000 );
#10099 = CARTESIAN_POINT( '', ( 0.00319999999999990, 0.00126500000000002, 0.00190000000000002 ) );
#10100 = VECTOR( '', #11748, 1.00000000000000 );
#10101 = CARTESIAN_POINT( '', ( 0.00305000000000050, 0.00126500000000002, -0.00204999999999993 ) );
#10102 = VECTOR( '', #11749, 1.00000000000000 );
#10103 = CARTESIAN_POINT( '', ( 0.00279999999999896, 0.00126500000000002, -0.00264999999999956 ) );
#10104 = CARTESIAN_POINT( '', ( 0.00279999999999896, 0.00126500000000002, -0.00220000000000009 ) );
#10105 = VECTOR( '', #11750, 1.00000000000000 );
#10106 = CARTESIAN_POINT( '', ( 0.00264999999999956, 0.00126500000000002, -0.00279999999999896 ) );
#10107 = AXIS2_PLACEMENT_3D( '', #11751, #11752, #11753 );
#10108 = CARTESIAN_POINT( '', ( 0.00204999999999993, 0.00126500000000002, -0.00279999999999896 ) );
#10109 = CARTESIAN_POINT( '', ( 0.00204999999999993, 0.00126500000000002, -0.00279999999999896 ) );
#10110 = VECTOR( '', #11754, 1.00000000000000 );
#10111 = CARTESIAN_POINT( '', ( 0.00204999999999993, 0.00126500000000002, -0.00300000000000070 ) );
#10112 = CARTESIAN_POINT( '', ( 0.00204999999999993, 0.00126500000000002, -0.00300000000000070 ) );
#10113 = VECTOR( '', #11755, 1.00000000000000 );
#10114 = CARTESIAN_POINT( '', ( 0.00204999999999993, 0.00126500000000002, -0.00300000000000070 ) );
#10115 = VECTOR( '', #11756, 1.00000000000000 );
#10116 = CARTESIAN_POINT( '', ( 0.00195000000000007, 0.00126500000000002, -0.00319999999999990 ) );
#10117 = VECTOR( '', #11757, 1.00000000000000 );
#10118 = CARTESIAN_POINT( '', ( 0.000000000000000, 0.00126500000000002, -0.00195000000000007 ) );
#10119 = AXIS2_PLACEMENT_3D( '', #11758, #11759, #11760 );
#10120 = CARTESIAN_POINT( '', ( 0.00500001893568762, -0.000985951325476946, 0.00165999999999996 ) );
#10121 = VECTOR( '', #11761, 1.00000000000000 );
#10122 = CARTESIAN_POINT( '', ( -0.000180851057171813, -0.00103499999999992, 0.000280000001192172 ) );
#10123 = CARTESIAN_POINT( '', ( -7.44680836796638E-005, -0.00103499999999992, 0.000248750001192094 ) );
#10124 = VECTOR( '', #11762, 1.00000000000000 );
#10125 = CARTESIAN_POINT( '', ( -0.000244680851697922, -0.00103499999999992, 0.000280000001192172 ) );
#10126 = CARTESIAN_POINT( '', ( -0.000180851057171813, -0.00103499999999992, 0.000280000001192172 ) );
#10127 = VECTOR( '', #11763, 1.00000000000000 );
#10128 = CARTESIAN_POINT( '', ( -0.000351063817739388, -0.00103499999999992, 0.000248750001192094 ) );
#10129 = CARTESIAN_POINT( '', ( -0.000244680851697922, -0.00103499999999992, 0.000280000001192172 ) );
#10130 = VECTOR( '', #11764, 1.00000000000000 );
#10131 = CARTESIAN_POINT( '', ( -0.000351063817739388, -0.00103499999999992, 0.000248750001192094 ) );
#10132 = VECTOR( '', #11765, 1.00000000000000 );
#10133 = CARTESIAN_POINT( '', ( -0.000500000000000032, -0.00103499999999992, -4.81249988078998E-005 ) );
#10134 = CARTESIAN_POINT( '', ( -0.000500000000000032, -0.00103499999999992, 4.56250011920808E-005 ) );
#10135 = VECTOR( '', #11766, 1.00000000000000 );
#10136 = CARTESIAN_POINT( '', ( -0.000478723406791810, -0.00103499999999992, -0.000126249998807905 ) );
#10137 = CARTESIAN_POINT( '', ( -0.000500000000000032, -0.00103499999999992, -4.81249988078998E-005 ) );
#10138 = VECTOR( '', #11767, 1.00000000000000 );
#10139 = CARTESIAN_POINT( '', ( -0.000414893627166636, -0.00103499999999992, -0.000204374998807910 ) );
#10140 = CARTESIAN_POINT( '', ( -0.000478723406791810, -0.00103499999999992, -0.000126249998807905 ) );
#10141 = VECTOR( '', #11768, 1.00000000000000 );
#10142 = CARTESIAN_POINT( '', ( -0.000351063817739388, -0.00103499999999992, -0.000251249998807913 ) );
#10143 = CARTESIAN_POINT( '', ( -0.000414893627166636, -0.00103499999999992, -0.000204374998807910 ) );
#10144 = VECTOR( '', #11769, 1.00000000000000 );
#10145 = CARTESIAN_POINT( '', ( -0.000244680851697922, -0.00103499999999992, -0.000282499998807864 ) );
#10146 = CARTESIAN_POINT( '', ( -0.000351063817739388, -0.00103499999999992, -0.000251249998807913 ) );
#10147 = VECTOR( '', #11770, 1.00000000000000 );
#10148 = CARTESIAN_POINT( '', ( -0.000244680851697922, -0.00103499999999992, -0.000282499998807864 ) );
#10149 = VECTOR( '', #11771, 1.00000000000000 );
#10150 = CARTESIAN_POINT( '', ( 1.06382975354782E-005, -0.00103499999999992, -0.000157499998807907 ) );
#10151 = CARTESIAN_POINT( '', ( -1.06382975354782E-005, -0.00103499999999992, -0.000188749998807909 ) );
#10152 = VECTOR( '', #11772, 1.00000000000000 );
#10153 = CARTESIAN_POINT( '', ( 3.19148935377510E-005, -0.00103499999999992, -0.000188749998807909 ) );
#10154 = CARTESIAN_POINT( '', ( 1.06382975354782E-005, -0.00103499999999992, -0.000157499998807907 ) );
#10155 = VECTOR( '', #11773, 1.00000000000000 );
#10156 = CARTESIAN_POINT( '', ( 3.19148935377510E-005, -0.00103499999999992, -0.000188749998807909 ) );
#10157 = VECTOR( '', #11774, 1.00000000000000 );
#10158 = CARTESIAN_POINT( '', ( 0.000500000000000032, -0.00103499999999992, -3.24999988078988E-005 ) );
#10159 = CARTESIAN_POINT( '', ( 0.000478723406791810, -0.00103499999999992, -0.000110624998807904 ) );
#10160 = VECTOR( '', #11775, 1.00000000000000 );
#10161 = CARTESIAN_POINT( '', ( 0.000500000000000032, -0.00103499999999992, 2.99999993294470E-005 ) );
#10162 = CARTESIAN_POINT( '', ( 0.000500000000000032, -0.00103499999999992, -3.24999988078988E-005 ) );
#10163 = VECTOR( '', #11776, 1.00000000000000 );
#10164 = CARTESIAN_POINT( '', ( 0.000478723406791810, -0.00103499999999992, 0.000108125001192085 ) );
#10165 = CARTESIAN_POINT( '', ( 0.000500000000000032, -0.00103499999999992, 2.99999993294470E-005 ) );
#10166 = VECTOR( '', #11777, 1.00000000000000 );
#10167 = CARTESIAN_POINT( '', ( 0.000478723406791810, -0.00103499999999992, 0.000108125001192085 ) );
#10168 = VECTOR( '', #11778, 1.00000000000000 );
#10169 = CARTESIAN_POINT( '', ( 0.000244680851697922, -0.00103499999999992, 0.000264375001192044 ) );
#10170 = CARTESIAN_POINT( '', ( 0.000351063817739388, -0.00103499999999992, 0.000233125001192093 ) );
#10171 = VECTOR( '', #11779, 1.00000000000000 );
#10172 = CARTESIAN_POINT( '', ( 0.000244680851697922, -0.00103499999999992, 0.000264375001192044 ) );
#10173 = VECTOR( '', #11780, 1.00000000000000 );
#10174 = CARTESIAN_POINT( '', ( 9.57446843385694E-005, -0.00103499999999992, 0.000233125001192093 ) );
#10175 = VECTOR( '', #11781, 1.00000000000000 );
#10176 = CARTESIAN_POINT( '', ( 1.06382975354782E-005, -0.00103499999999992, 0.000155000001192088 ) );
#10177 = VECTOR( '', #11782, 1.00000000000000 );
#10178 = CARTESIAN_POINT( '', ( -0.000180851057171813, -0.00103499999999992, 0.000201875001192091 ) );
#10179 = VECTOR( '', #11783, 1.00000000000000 );
#10180 = CARTESIAN_POINT( '', ( -3.19148935377510E-005, -0.00103499999999992, 2.99999993294470E-005 ) );
#10181 = CARTESIAN_POINT( '', ( -5.31914904713656E-005, -0.00103499999999992, 9.25000011920838E-005 ) );
#10182 = VECTOR( '', #11784, 1.00000000000000 );
#10183 = CARTESIAN_POINT( '', ( -3.19148935377510E-005, -0.00103499999999992, -3.24999988078988E-005 ) );
#10184 = CARTESIAN_POINT( '', ( -3.19148935377510E-005, -0.00103499999999992, 2.99999993294470E-005 ) );
#10185 = VECTOR( '', #11785, 1.00000000000000 );
#10186 = CARTESIAN_POINT( '', ( -3.19148935377510E-005, -0.00103499999999992, -3.24999988078988E-005 ) );
#10187 = VECTOR( '', #11786, 1.00000000000000 );
#10188 = CARTESIAN_POINT( '', ( -0.000393617033958414, -0.00103499999999992, 2.99999993294470E-005 ) );
#10189 = VECTOR( '', #11787, 1.00000000000000 );
#10190 = CARTESIAN_POINT( '', ( 0.000308510631322944, -0.00103499999999992, -0.000157499998807907 ) );
#10191 = CARTESIAN_POINT( '', ( 0.000372340410947864, -0.00103499999999992, -9.49999988079028E-005 ) );
#10192 = VECTOR( '', #11788, 1.00000000000000 );
#10193 = CARTESIAN_POINT( '', ( 0.000308510631322944, -0.00103499999999992, -0.000157499998807907 ) );
#10194 = VECTOR( '', #11789, 1.00000000000000 );
#10195 = CARTESIAN_POINT( '', ( 0.000138297870755191, -0.00103499999999992, -0.000157499998807907 ) );
#10196 = CARTESIAN_POINT( '', ( 0.000202127665281301, -0.00103499999999992, -0.000188749998807909 ) );
#10197 = VECTOR( '', #11790, 1.00000000000000 );
#10198 = CARTESIAN_POINT( '', ( 7.44680836796638E-005, -0.00103499999999992, -9.49999988079028E-005 ) );
#10199 = CARTESIAN_POINT( '', ( 0.000138297870755191, -0.00103499999999992, -0.000157499998807907 ) );
#10200 = VECTOR( '', #11791, 1.00000000000000 );
#10201 = CARTESIAN_POINT( '', ( 5.31914904713656E-005, -0.00103499999999992, -3.24999988078988E-005 ) );
#10202 = CARTESIAN_POINT( '', ( 7.44680836796638E-005, -0.00103499999999992, -9.49999988079028E-005 ) );
#10203 = VECTOR( '', #11792, 1.00000000000000 );
#10204 = CARTESIAN_POINT( '', ( 5.31914904713656E-005, -0.00103499999999992, -3.24999988078988E-005 ) );
#10205 = VECTOR( '', #11793, 1.00000000000000 );
#10206 = CARTESIAN_POINT( '', ( 0.000138297870755191, -0.00103499999999992, 0.000155000001192088 ) );
#10207 = VECTOR( '', #11794, 1.00000000000000 );
#10208 = CARTESIAN_POINT( '', ( 0.000308510631322944, -0.00103499999999992, 0.000155000001192088 ) );
#10209 = CARTESIAN_POINT( '', ( 0.000244680851697922, -0.00103499999999992, 0.000186250001192090 ) );
#10210 = VECTOR( '', #11795, 1.00000000000000 );
#10211 = CARTESIAN_POINT( '', ( 0.000308510631322944, -0.00103499999999992, 0.000155000001192088 ) );
#10212 = VECTOR( '', #11796, 1.00000000000000 );
#10213 = CARTESIAN_POINT( '', ( 0.000393617033958414, -0.00103499999999992, 2.99999993294470E-005 ) );
#10214 = VECTOR( '', #11797, 1.00000000000000 );
#10215 = CARTESIAN_POINT( '', ( -0.00204999999999993, 0.00131500000000007, 0.00279999999999896 ) );
#10216 = CARTESIAN_POINT( '', ( -0.00159999999999995, 0.00131500000000007, 0.00279999999999896 ) );
#10217 = CARTESIAN_POINT( '', ( -0.00204999999999993, 0.00131500000000007, 0.00279999999999896 ) );
#10218 = VECTOR( '', #11798, 1.00000000000000 );
#10219 = CARTESIAN_POINT( '', ( -0.00159999999999995, 0.00131500000000007, 0.00279999999999896 ) );
#10220 = VECTOR( '', #11799, 1.00000000000000 );
#10221 = CARTESIAN_POINT( '', ( -0.00204999999999993, 0.00150994897427838, 0.00279999999999896 ) );
#10222 = CARTESIAN_POINT( '', ( -0.00204999999999993, 0.00150994897427838, 0.00279999999999896 ) );
#10223 = VECTOR( '', #11800, 1.00000000000000 );
#10224 = CARTESIAN_POINT( '', ( -0.00204999999999993, 0.00131500000000007, 0.00279999999999896 ) );
#10225 = VECTOR( '', #11801, 1.00000000000000 );
#10226 = CARTESIAN_POINT( '', ( 0.000308510631322944, -0.000935000000000070, -0.000157499998807907 ) );
#10227 = VECTOR( '', #11802, 1.00000000000000 );
#10228 = CARTESIAN_POINT( '', ( 0.000500000000000032, -0.000935000000000070, 2.99999993294470E-005 ) );
#10229 = CARTESIAN_POINT( '', ( 0.000500000000000032, -0.000935000000000070, 2.99999993294470E-005 ) );
#10230 = VECTOR( '', #11803, 1.00000000000000 );
#10231 = CARTESIAN_POINT( '', ( 0.000500000000000032, -0.000935000000000070, -3.24999988078988E-005 ) );
#10232 = CARTESIAN_POINT( '', ( 0.000500000000000032, -0.000935000000000070, -3.24999988078988E-005 ) );
#10233 = VECTOR( '', #11804, 1.00000000000000 );
#10234 = CARTESIAN_POINT( '', ( 0.000500000000000032, -0.000935000000000070, -3.24999988078988E-005 ) );
#10235 = VECTOR( '', #11805, 1.00000000000000 );
#10236 = CARTESIAN_POINT( '', ( 0.00279999999999896, 0.00126500000000002, -0.00264999999999956 ) );
#10237 = VECTOR( '', #11806, 1.00000000000000 );
#10238 = CARTESIAN_POINT( '', ( 0.00264999999999956, 0.00126500000000002, -0.00279999999999896 ) );
#10239 = VECTOR( '', #11807, 1.00000000000000 );
#10240 = CARTESIAN_POINT( '', ( 0.00160508213373762, 0.00189189254101812, 0.000000000000000 ) );
#10241 = AXIS2_PLACEMENT_3D( '', #11808, #11809, #11810 );
#10242 = CARTESIAN_POINT( '', ( 0.00169491786626239, 0.00207058093225200, 0.000000000000000 ) );
#10243 = AXIS2_PLACEMENT_3D( '', #11811, #11812, #11813 );
#10244 = CARTESIAN_POINT( '', ( -3.19148935377510E-005, -0.000935000000000070, -3.24999988078988E-005 ) );
#10245 = CARTESIAN_POINT( '', ( -3.19148935377510E-005, -0.000935000000000070, -3.24999988078988E-005 ) );
#10246 = VECTOR( '', #11814, 1.00000000000000 );
#10247 = CARTESIAN_POINT( '', ( -3.19148935377510E-005, -0.000935000000000070, 2.99999993294470E-005 ) );
#10248 = CARTESIAN_POINT( '', ( -3.19148935377510E-005, -0.000935000000000070, 2.99999993294470E-005 ) );
#10249 = VECTOR( '', #11815, 1.00000000000000 );
#10250 = CARTESIAN_POINT( '', ( -3.19148935377510E-005, -0.000935000000000070, 2.99999993294470E-005 ) );
#10251 = VECTOR( '', #11816, 1.00000000000000 );
#10252 = CARTESIAN_POINT( '', ( 0.000308510631322944, -0.000935000000000070, 0.000155000001192088 ) );
#10253 = VECTOR( '', #11817, 1.00000000000000 );
#10254 = CARTESIAN_POINT( '', ( 0.000500000000000032, 0.000764999999999988, 0.00310000000000030 ) );
#10255 = VECTOR( '', #11818, 1.00000000000000 );
#10256 = CARTESIAN_POINT( '', ( 0.000649444650053492, 0.000495384757729392, 0.00310000000000030 ) );
#10257 = VECTOR( '', #11819, 1.00000000000000 );
#10258 = CARTESIAN_POINT( '', ( 0.00179999999999991, -0.000284999999999876, 0.00310000000000030 ) );
#10259 = VECTOR( '', #11820, 1.00000000000000 );
#10260 = CARTESIAN_POINT( '', ( -0.00203793852415722, 3.34038450048764E-005, 0.00300000000000070 ) );
#10261 = CARTESIAN_POINT( '', ( -0.00184999999999997, 0.000549760696372268, 0.00300000000000070 ) );
#10262 = VECTOR( '', #11821, 1.00000000000000 );
#10263 = CARTESIAN_POINT( '', ( -0.00203793852415722, 3.34038450048764E-005, 0.00279999999999896 ) );
#10264 = VECTOR( '', #11822, 1.00000000000000 );
#10265 = AXIS2_PLACEMENT_3D( '', #11823, #11824, #11825 );
#10266 = CARTESIAN_POINT( '', ( 0.000500000000000032, 0.000914999999999896, -0.00319999999999990 ) );
#10267 = CARTESIAN_POINT( '', ( 0.000500000000000032, 0.000764999999999988, -0.00319999999999990 ) );
#10268 = VECTOR( '', #11826, 1.00000000000000 );
#10269 = CARTESIAN_POINT( '', ( -0.000500000000000032, 0.000914999999999896, -0.00319999999999990 ) );
#10270 = CARTESIAN_POINT( '', ( 0.000500000000000032, 0.000914999999999896, -0.00319999999999990 ) );
#10271 = VECTOR( '', #11827, 1.00000000000000 );
#10272 = CARTESIAN_POINT( '', ( -0.000500000000000032, 0.000764999999999988, -0.00319999999999990 ) );
#10273 = VECTOR( '', #11828, 1.00000000000000 );
#10274 = CARTESIAN_POINT( '', ( 0.000000000000000, 0.00164500000000002, -0.000350000000000124 ) );
#10275 = AXIS2_PLACEMENT_3D( '', #11829, #11830, #11831 );
#10276 = CARTESIAN_POINT( '', ( 0.00184999999999997, 0.000549760696372268, 0.00300000000000070 ) );
#10277 = CARTESIAN_POINT( '', ( 0.00184999999999997, 0.000549760696372268, 0.00300000000000070 ) );
#10278 = VECTOR( '', #11832, 1.00000000000000 );
#10279 = CARTESIAN_POINT( '', ( 0.00184999999999997, 0.000549760696372268, 0.00279999999999896 ) );
#10280 = VECTOR( '', #11833, 1.00000000000000 );
#10281 = CARTESIAN_POINT( '', ( -0.000393617033958414, -0.000935000000000070, 2.99999993294470E-005 ) );
#10282 = VECTOR( '', #11834, 1.00000000000000 );
#10283 = CARTESIAN_POINT( '', ( 0.00181117714323461, -0.000229889057603617, 0.00300000000000070 ) );
#10284 = CARTESIAN_POINT( '', ( 0.00181117714323461, -0.000229889057603617, 0.00279999999999896 ) );
#10285 = VECTOR( '', #11835, 1.00000000000000 );
#10286 = AXIS2_PLACEMENT_3D( '', #11836, #11837, #11838 );
#10287 = CARTESIAN_POINT( '', ( -0.00129999999999988, 0.00131500000000007, 0.00310000000000030 ) );
#10288 = CARTESIAN_POINT( '', ( -0.00129999999999988, 0.00131500000000007, 0.00310000000000030 ) );
#10289 = VECTOR( '', #11839, 1.00000000000000 );
#10290 = CARTESIAN_POINT( '', ( -0.00129999999999988, 0.00131500000000007, 0.00310000000000030 ) );
#10291 = VECTOR( '', #11840, 1.00000000000000 );
#10292 = CARTESIAN_POINT( '', ( 0.000478723406791810, -0.000935000000000070, 0.000108125001192085 ) );
#10293 = CARTESIAN_POINT( '', ( 0.000478723406791810, -0.000935000000000070, 0.000108125001192085 ) );
#10294 = VECTOR( '', #11841, 1.00000000000000 );
#10295 = CARTESIAN_POINT( '', ( 0.000500000000000032, -0.000935000000000070, 2.99999993294470E-005 ) );
#10296 = VECTOR( '', #11842, 1.00000000000000 );
#10297 = CARTESIAN_POINT( '', ( -0.00269999999999936, 0.00131500000000007, -0.00279999999999896 ) );
#10298 = VECTOR( '', #11843, 1.00000000000000 );
#10299 = AXIS2_PLACEMENT_3D( '', #11844, #11845, #11846 );
#10300 = CARTESIAN_POINT( '', ( 0.00271016426747622, 0.00133631160876615, 0.000000000000000 ) );
#10301 = AXIS2_PLACEMENT_3D( '', #11847, #11848, #11849 );
#10302 = CARTESIAN_POINT( '', ( 0.000000000000000, 0.00202201005625907, -0.00139999999999999 ) );
#10303 = AXIS2_PLACEMENT_3D( '', #11850, #11851, #11852 );
#10304 = CARTESIAN_POINT( '', ( 0.000000000000000, 0.00376500000000018, -0.00136499999999987 ) );
#10305 = AXIS2_PLACEMENT_3D( '', #11853, #11854, #11855 );
#10306 = CARTESIAN_POINT( '', ( -0.00279999999999896, 0.000764999999999988, -0.00220000000000009 ) );
#10307 = CARTESIAN_POINT( '', ( -0.00279999999999896, 0.000764999999999988, -0.00220000000000009 ) );
#10308 = VECTOR( '', #11856, 1.00000000000000 );
#10309 = CARTESIAN_POINT( '', ( -0.00279999999999896, 0.000764999999999988, -0.00264999999999956 ) );
#10310 = CARTESIAN_POINT( '', ( -0.00279999999999896, 0.00126500000000002, -0.00264999999999956 ) );
#10311 = VECTOR( '', #11857, 1.00000000000000 );
#10312 = CARTESIAN_POINT( '', ( -0.00279999999999896, 0.000764999999999988, -0.00264999999999956 ) );
#10313 = VECTOR( '', #11858, 1.00000000000000 );
#10314 = CARTESIAN_POINT( '', ( -0.00204999999999993, 0.00131500000000007, 0.00274999999999916 ) );
#10315 = AXIS2_PLACEMENT_3D( '', #11859, #11860, #11861 );
#10316 = CARTESIAN_POINT( '', ( -0.00204999999999993, 0.00131500000000007, 0.00279999999999896 ) );
#10317 = VECTOR( '', #11862, 1.00000000000000 );
#10318 = AXIS2_PLACEMENT_3D( '', #11863, #11864, #11865 );
#10319 = CARTESIAN_POINT( '', ( 0.000849999999999902, -0.00113500000000003, -0.00254999999999996 ) );
#10320 = CARTESIAN_POINT( '', ( 0.000849999999999902, -0.000935000000000070, -0.00254999999999996 ) );
#10321 = CARTESIAN_POINT( '', ( 0.000849999999999902, -0.00113500000000003, -0.00254999999999996 ) );
#10322 = VECTOR( '', #11866, 1.00000000000000 );
#10323 = CARTESIAN_POINT( '', ( 0.000849999999999902, -0.000935000000000070, -0.00139999999999999 ) );
#10324 = CARTESIAN_POINT( '', ( 0.000849999999999902, -0.000935000000000070, -0.00139999999999999 ) );
#10325 = VECTOR( '', #11867, 1.00000000000000 );
#10326 = CARTESIAN_POINT( '', ( 0.000849999999999902, -0.00113500000000003, -0.00139999999999999 ) );
#10327 = CARTESIAN_POINT( '', ( 0.000849999999999902, -0.00113500000000003, -0.00139999999999999 ) );
#10328 = VECTOR( '', #11868, 1.00000000000000 );
#10329 = CARTESIAN_POINT( '', ( 0.000849999999999902, -0.00113500000000003, -0.00139999999999999 ) );
#10330 = VECTOR( '', #11869, 1.00000000000000 );
#10331 = CARTESIAN_POINT( '', ( 0.00395620812302132, -0.000861605050861382, -0.00235999999999996 ) );
#10332 = CARTESIAN_POINT( '', ( 0.00395620812302132, -0.000861605050861382, -0.00165999999999996 ) );
#10333 = CARTESIAN_POINT( '', ( 0.00395620812302132, -0.000861605050861382, -0.00235999999999996 ) );
#10334 = VECTOR( '', #11870, 1.00000000000000 );
#10335 = CARTESIAN_POINT( '', ( 0.00375142774788642, -9.73542864692444E-005, -0.00235999999999996 ) );
#10336 = CARTESIAN_POINT( '', ( 0.00395620812302132, -0.000861605050861382, -0.00235999999999996 ) );
#10337 = VECTOR( '', #11871, 1.00000000000000 );
#10338 = CARTESIAN_POINT( '', ( 0.00375142774788642, -9.73542864692444E-005, -0.00165999999999996 ) );
#10339 = CARTESIAN_POINT( '', ( 0.00375142774788642, -9.73542864692444E-005, -0.00235999999999996 ) );
#10340 = VECTOR( '', #11872, 1.00000000000000 );
#10341 = CARTESIAN_POINT( '', ( 0.00395620812302132, -0.000861605050861382, -0.00165999999999996 ) );
#10342 = VECTOR( '', #11873, 1.00000000000000 );
#10343 = CARTESIAN_POINT( '', ( 0.00111547005383801, -0.000258205080756954, 0.00300000000000070 ) );
#10344 = VECTOR( '', #11874, 1.00000000000000 );
#10345 = CARTESIAN_POINT( '', ( -0.00269999999999936, 0.00126500000000002, 0.00300000000000070 ) );
#10346 = CARTESIAN_POINT( '', ( -0.00269999999999936, 0.00126500000000002, 0.00300000000000070 ) );
#10347 = VECTOR( '', #11875, 1.00000000000000 );
#10348 = CARTESIAN_POINT( '', ( -0.00269999999999936, 0.000744224644647810, 0.00300000000000070 ) );
#10349 = VECTOR( '', #11876, 1.00000000000000 );
#10350 = AXIS2_PLACEMENT_3D( '', #11877, #11878, #11879 );
#10351 = CARTESIAN_POINT( '', ( 0.00172059047744869, -0.000567963096804834, 0.00300000000000070 ) );
#10352 = CARTESIAN_POINT( '', ( 0.000129409522551253, -0.000141607444928232, 0.00300000000000070 ) );
#10353 = VECTOR( '', #11880, 1.00000000000000 );
#10354 = CARTESIAN_POINT( '', ( 0.00184999999999997, -0.000585000183660234, 0.00300000000000070 ) );
#10355 = AXIS2_PLACEMENT_3D( '', #11881, #11882, #11883 );
#10356 = CARTESIAN_POINT( '', ( 0.00237003521657973, -0.000214062668611703, 0.00300000000000070 ) );
#10357 = AXIS2_PLACEMENT_3D( '', #11884, #11885, #11886 );
#10358 = CARTESIAN_POINT( '', ( 0.00269999999999936, 0.000744224644647810, 0.00300000000000070 ) );
#10359 = CARTESIAN_POINT( '', ( 0.00237003521657973, -0.000214062668611703, 0.00300000000000070 ) );
#10360 = VECTOR( '', #11887, 1.00000000000000 );
#10361 = CARTESIAN_POINT( '', ( 0.00269999999999936, 0.00126500000000002, 0.00300000000000070 ) );
#10362 = CARTESIAN_POINT( '', ( 0.00269999999999936, 0.000744224644647810, 0.00300000000000070 ) );
#10363 = VECTOR( '', #11888, 1.00000000000000 );
#10364 = CARTESIAN_POINT( '', ( 0.00269999999999936, 0.00126500000000002, 0.00300000000000070 ) );
#10365 = VECTOR( '', #11889, 1.00000000000000 );
#10366 = CARTESIAN_POINT( '', ( 0.00184999999999997, 0.000739999816339800, 0.00300000000000070 ) );
#10367 = VECTOR( '', #11890, 1.00000000000000 );
#10368 = CARTESIAN_POINT( '', ( 0.00181117714323461, -0.000229889057603617, 0.00300000000000070 ) );
#10369 = VECTOR( '', #11891, 1.00000000000000 );
#10370 = CARTESIAN_POINT( '', ( 1.06382975354782E-005, -0.000935000000000070, 0.000155000001192088 ) );
#10371 = VECTOR( '', #11892, 1.00000000000000 );
#10372 = CARTESIAN_POINT( '', ( 9.57446843385694E-005, -0.000935000000000070, 0.000233125001192093 ) );
#10373 = VECTOR( '', #11893, 1.00000000000000 );
#10374 = CARTESIAN_POINT( '', ( 0.00300000000000070, 0.00131500000000007, -0.000899999999999956 ) );
#10375 = VECTOR( '', #11894, 1.00000000000000 );
#10376 = CARTESIAN_POINT( '', ( -0.000244680851697922, -0.000935000000000070, -0.000282499998807864 ) );
#10377 = CARTESIAN_POINT( '', ( -0.000244680851697922, -0.000935000000000070, -0.000282499998807864 ) );
#10378 = VECTOR( '', #11895, 1.00000000000000 );
#10379 = CARTESIAN_POINT( '', ( -0.000351063817739388, -0.000935000000000070, -0.000251249998807913 ) );
#10380 = CARTESIAN_POINT( '', ( -0.000351063817739388, -0.000935000000000070, -0.000251249998807913 ) );
#10381 = VECTOR( '', #11896, 1.00000000000000 );
#10382 = CARTESIAN_POINT( '', ( -0.000351063817739388, -0.000935000000000070, -0.000251249998807913 ) );
#10383 = VECTOR( '', #11897, 1.00000000000000 );
#10384 = CARTESIAN_POINT( '', ( -0.00279999999999896, 0.000764999999999988, 0.00220000000000009 ) );
#10385 = VECTOR( '', #11898, 1.00000000000000 );
#10386 = AXIS2_PLACEMENT_3D( '', #11899, #11900, #11901 );
#10387 = CARTESIAN_POINT( '', ( -0.000244680851697922, -0.000935000000000070, -0.000282499998807864 ) );
#10388 = VECTOR( '', #11902, 1.00000000000000 );
#10389 = CARTESIAN_POINT( '', ( -0.000414893627166636, -0.000935000000000070, -0.000204374998807910 ) );
#10390 = CARTESIAN_POINT( '', ( -0.000414893627166636, -0.000935000000000070, -0.000204374998807910 ) );
#10391 = VECTOR( '', #11903, 1.00000000000000 );
#10392 = CARTESIAN_POINT( '', ( -0.000478723406791810, -0.000935000000000070, -0.000126249998807905 ) );
#10393 = CARTESIAN_POINT( '', ( -0.000478723406791810, -0.000935000000000070, -0.000126249998807905 ) );
#10394 = VECTOR( '', #11904, 1.00000000000000 );
#10395 = CARTESIAN_POINT( '', ( -0.000478723406791810, -0.000935000000000070, -0.000126249998807905 ) );
#10396 = VECTOR( '', #11905, 1.00000000000000 );
#10397 = CARTESIAN_POINT( '', ( -0.000500000000000032, -0.000935000000000070, -4.81249988078998E-005 ) );
#10398 = CARTESIAN_POINT( '', ( -0.000500000000000032, -0.000935000000000070, -4.81249988078998E-005 ) );
#10399 = VECTOR( '', #11906, 1.00000000000000 );
#10400 = CARTESIAN_POINT( '', ( -0.000500000000000032, -0.000935000000000070, -4.81249988078998E-005 ) );
#10401 = VECTOR( '', #11907, 1.00000000000000 );
#10402 = CARTESIAN_POINT( '', ( -0.000414893627166636, -0.000935000000000070, -0.000204374998807910 ) );
#10403 = VECTOR( '', #11908, 1.00000000000000 );
#10404 = CARTESIAN_POINT( '', ( -0.000351063817739388, -0.000935000000000070, 0.000248750001192094 ) );
#10405 = CARTESIAN_POINT( '', ( -0.000351063817739388, -0.000935000000000070, 0.000248750001192094 ) );
#10406 = VECTOR( '', #11909, 1.00000000000000 );
#10407 = CARTESIAN_POINT( '', ( -0.000351063817739388, -0.000935000000000070, 0.000248750001192094 ) );
#10408 = VECTOR( '', #11910, 1.00000000000000 );
#10409 = CARTESIAN_POINT( '', ( -0.00269999999999936, 0.00131500000000007, 0.00279999999999896 ) );
#10410 = CARTESIAN_POINT( '', ( -0.00310000000000030, 0.00131500000000007, 0.00279999999999896 ) );
#10411 = VECTOR( '', #11911, 1.00000000000000 );
#10412 = CARTESIAN_POINT( '', ( -0.00269999999999936, 0.00131500000000007, 0.00279999999999896 ) );
#10413 = VECTOR( '', #11912, 1.00000000000000 );
#10414 = CARTESIAN_POINT( '', ( -0.00264999999999956, 0.000764999999999988, -0.00279999999999896 ) );
#10415 = CARTESIAN_POINT( '', ( -0.00264999999999956, 0.00126500000000002, -0.00279999999999896 ) );
#10416 = VECTOR( '', #11913, 1.00000000000000 );
#10417 = CARTESIAN_POINT( '', ( -0.00269999999999936, 0.000764999999999988, -0.00279999999999896 ) );
#10418 = VECTOR( '', #11914, 1.00000000000000 );
#10419 = AXIS2_PLACEMENT_3D( '', #11915, #11916, #11917 );
#10420 = CARTESIAN_POINT( '', ( 0.00269999999999936, 0.00126500000000002, -0.00279999999999896 ) );
#10421 = VECTOR( '', #11918, 1.00000000000000 );
#10422 = CARTESIAN_POINT( '', ( 0.000500000000000032, 0.000764999999999988, -0.00293775424431720 ) );
#10423 = CARTESIAN_POINT( '', ( 0.000500000000000032, 0.000764999999999988, -0.00293775424431720 ) );
#10424 = CARTESIAN_POINT( '', ( 0.000500000000000032, 0.000776138689432496, -0.00293472672202580 ) );
#10425 = CARTESIAN_POINT( '', ( 0.000500000000000032, 0.000798397682965220, -0.00292867641111908 ) );
#10426 = CARTESIAN_POINT( '', ( 0.000500000000000032, 0.000831731010308846, -0.00291961514424038 ) );
#10427 = CARTESIAN_POINT( '', ( 0.000500000000000032, 0.000853916464828882, -0.00291358376051958 ) );
#10428 = CARTESIAN_POINT( '', ( 0.000500000000000032, 0.000865000000000096, -0.00291057043361000 ) );
#10429 = CARTESIAN_POINT( '', ( -0.000500000000000032, 0.000764999999999988, -0.00293775424431720 ) );
#10430 = AXIS2_PLACEMENT_3D( '', #11919, #11920, #11921 );
#10431 = CARTESIAN_POINT( '', ( -0.000500000000000032, 0.000865000000000096, -0.00291057043361000 ) );
#10432 = CARTESIAN_POINT( '', ( -0.000500000000000032, 0.000853916506048002, -0.00291358374931310 ) );
#10433 = CARTESIAN_POINT( '', ( -0.000500000000000032, 0.000831731106488486, -0.00291961511809362 ) );
#10434 = CARTESIAN_POINT( '', ( -0.000500000000000032, 0.000798397779266526, -0.00292867638494184 ) );
#10435 = CARTESIAN_POINT( '', ( -0.000500000000000032, 0.000776138730705464, -0.00293472671080916 ) );
#10436 = CARTESIAN_POINT( '', ( -0.000500000000000032, 0.000764999999999988, -0.00293775424431720 ) );
#10437 = CARTESIAN_POINT( '', ( 0.000500000000000032, 0.000764999999999988, -0.00275499546279206 ) );
#10438 = VECTOR( '', #11922, 1.00000000000000 );
#10439 = CARTESIAN_POINT( '', ( 0.000500000000000032, 0.000914999999999896, -0.00141421356237316 ) );
#10440 = VECTOR( '', #11923, 1.00000000000000 );
#10441 = CARTESIAN_POINT( '', ( 0.000500000000000032, 0.000764999999999988, -0.00310000000000030 ) );
#10442 = VECTOR( '', #11924, 1.00000000000000 );
#10443 = CARTESIAN_POINT( '', ( -0.000500000000000032, 0.000914999999999896, -0.00141421356237316 ) );
#10444 = VECTOR( '', #11925, 1.00000000000000 );
#10445 = CARTESIAN_POINT( '', ( -0.000500000000000032, 0.000764999999999988, -0.00141421356237316 ) );
#10446 = VECTOR( '', #11926, 1.00000000000000 );
#10447 = CARTESIAN_POINT( '', ( -0.000500000000000032, 0.000764999999999988, -0.00310000000000030 ) );
#10448 = VECTOR( '', #11927, 1.00000000000000 );
#10449 = CARTESIAN_POINT( '', ( 0.000219996188337071, 0.000196466594272985, -0.00289054992234554 ) );
#10450 = VECTOR( '', #11928, 1.00000000000000 );
#10451 = CARTESIAN_POINT( '', ( -0.00179999999999991, -0.000226894151100224, -0.00288314601968830 ) );
#10452 = VECTOR( '', #11929, 1.00000000000000 );
#10453 = CARTESIAN_POINT( '', ( 0.00237003521657973, -0.000214062668611678, 0.00279999999999896 ) );
#10454 = VECTOR( '', #11930, 1.00000000000000 );
#10455 = CARTESIAN_POINT( '', ( 0.00184999999999997, -0.000585000183660234, 0.00279999999999896 ) );
#10456 = VECTOR( '', #11931, 1.00000000000000 );
#10457 = CARTESIAN_POINT( '', ( -0.000244680851697922, -0.000935000000000070, 0.000280000001192172 ) );
#10458 = CARTESIAN_POINT( '', ( -0.000244680851697922, -0.000935000000000070, 0.000280000001192172 ) );
#10459 = VECTOR( '', #11932, 1.00000000000000 );
#10460 = CARTESIAN_POINT( '', ( -0.000244680851697922, -0.000935000000000070, 0.000280000001192172 ) );
#10461 = VECTOR( '', #11933, 1.00000000000000 );
#10462 = CARTESIAN_POINT( '', ( 0.00269999999999936, 0.00126500000000002, 0.00279999999999896 ) );
#10463 = CARTESIAN_POINT( '', ( 0.00269999999999936, 0.000764999999999988, 0.00279999999999896 ) );
#10464 = VECTOR( '', #11934, 1.00000000000000 );
#10465 = CARTESIAN_POINT( '', ( 0.00269999999999936, 0.00131500000000007, 0.00274999999999916 ) );
#10466 = AXIS2_PLACEMENT_3D( '', #11935, #11936, #11937 );
#10467 = CARTESIAN_POINT( '', ( 0.00269999999999936, 0.00131500000000007, 0.00279999999999896 ) );
#10468 = CARTESIAN_POINT( '', ( 0.00269999999999936, 0.00131500000000007, 0.00279999999999896 ) );
#10469 = VECTOR( '', #11938, 1.00000000000000 );
#10470 = CARTESIAN_POINT( '', ( 0.00269999999999936, 0.00150994897427838, 0.00279999999999896 ) );
#10471 = CARTESIAN_POINT( '', ( 0.00269999999999936, 0.00131500000000007, 0.00279999999999896 ) );
#10472 = VECTOR( '', #11939, 1.00000000000000 );
#10473 = AXIS2_PLACEMENT_3D( '', #11940, #11941, #11942 );
#10474 = CARTESIAN_POINT( '', ( 0.00269999999999936, 0.000744224644647810, 0.00279999999999896 ) );
#10475 = VECTOR( '', #11943, 1.00000000000000 );
#10476 = CARTESIAN_POINT( '', ( 0.00295000000000090, 0.000764999999999988, 0.00204999999999993 ) );
#10477 = CARTESIAN_POINT( '', ( 0.00295000000000090, 0.000764999999999988, 0.00204999999999993 ) );
#10478 = VECTOR( '', #11944, 1.00000000000000 );
#10479 = CARTESIAN_POINT( '', ( 0.00295000000000090, 0.000764999999999988, 0.00204999999999993 ) );
#10480 = VECTOR( '', #11945, 1.00000000000000 );
#10481 = CARTESIAN_POINT( '', ( 0.00279999999999896, 0.000764999999999988, 0.00220000000000009 ) );
#10482 = CARTESIAN_POINT( '', ( 0.00279999999999896, 0.000764999999999988, 0.00220000000000009 ) );
#10483 = VECTOR( '', #11946, 1.00000000000000 );
#10484 = CARTESIAN_POINT( '', ( 0.00279999999999896, 0.000764999999999988, 0.00264999999999956 ) );
#10485 = CARTESIAN_POINT( '', ( 0.00279999999999896, 0.00126500000000002, 0.00264999999999956 ) );
#10486 = VECTOR( '', #11947, 1.00000000000000 );
#10487 = CARTESIAN_POINT( '', ( 0.00279999999999896, 0.000764999999999988, 0.00264999999999956 ) );
#10488 = VECTOR( '', #11948, 1.00000000000000 );
#10489 = CARTESIAN_POINT( '', ( 0.00310000000000030, -0.00113500000000003, -0.00254999999999996 ) );
#10490 = CARTESIAN_POINT( '', ( 0.00310000000000030, -0.00113500000000003, -0.00254999999999996 ) );
#10491 = VECTOR( '', #11949, 1.00000000000000 );
#10492 = CARTESIAN_POINT( '', ( 0.000849999999999902, -0.000935000000000070, -0.00254999999999996 ) );
#10493 = VECTOR( '', #11950, 1.00000000000000 );
#10494 = CARTESIAN_POINT( '', ( 0.00310000000000030, -0.00113500000000003, -0.00254999999999996 ) );
#10495 = VECTOR( '', #11951, 1.00000000000000 );
#10496 = CARTESIAN_POINT( '', ( 0.00204999999999993, 0.00150994897427838, 0.00279999999999896 ) );
#10497 = CARTESIAN_POINT( '', ( 0.00204999999999993, 0.00150994897427838, 0.00279999999999896 ) );
#10498 = VECTOR( '', #11952, 1.00000000000000 );
#10499 = CARTESIAN_POINT( '', ( 0.00204999999999993, 0.00131500000000007, 0.00279999999999896 ) );
#10500 = CARTESIAN_POINT( '', ( 0.00159999999999995, 0.00131500000000007, 0.00279999999999896 ) );
#10501 = VECTOR( '', #11953, 1.00000000000000 );
#10502 = CARTESIAN_POINT( '', ( 0.00204999999999993, 0.00131500000000007, 0.00279999999999896 ) );
#10503 = VECTOR( '', #11954, 1.00000000000000 );
#10504 = AXIS2_PLACEMENT_3D( '', #11955, #11956, #11957 );
#10505 = AXIS2_PLACEMENT_3D( '', #11958, #11959, #11960 );
#10506 = AXIS2_PLACEMENT_3D( '', #11961, #11962, #11963 );
#10507 = CARTESIAN_POINT( '', ( -0.00300000000000070, 0.00131500000000007, -0.000899999999999956 ) );
#10508 = CARTESIAN_POINT( '', ( -0.00300000000000070, 0.00131500000000007, -0.000899999999999956 ) );
#10509 = VECTOR( '', #11964, 1.00000000000000 );
#10510 = CARTESIAN_POINT( '', ( -0.00300000000000070, 0.00131500000000007, -0.00220000000000009 ) );
#10511 = CARTESIAN_POINT( '', ( -0.00300000000000070, 0.00131500000000007, -0.00220000000000009 ) );
#10512 = VECTOR( '', #11965, 1.00000000000000 );
#10513 = CARTESIAN_POINT( '', ( -0.00300000000000070, 0.00131500000000007, -0.00220000000000009 ) );
#10514 = VECTOR( '', #11966, 1.00000000000000 );
#10515 = CARTESIAN_POINT( '', ( -0.00310000000000030, 0.00131500000000007, -0.00220000000000009 ) );
#10516 = CARTESIAN_POINT( '', ( -0.00310000000000030, 0.00131500000000007, -0.00220000000000009 ) );
#10517 = VECTOR( '', #11967, 1.00000000000000 );
#10518 = CARTESIAN_POINT( '', ( -0.00310000000000030, 0.00131500000000007, -0.00220000000000009 ) );
#10519 = VECTOR( '', #11968, 1.00000000000000 );
#10520 = CARTESIAN_POINT( '', ( -0.00310000000000030, 0.00131500000000007, -0.000899999999999956 ) );
#10521 = VECTOR( '', #11969, 1.00000000000000 );
#10522 = CARTESIAN_POINT( '', ( -0.000849999999999902, -0.00113500000000003, -0.00254999999999996 ) );
#10523 = CARTESIAN_POINT( '', ( -0.000849999999999902, -0.000935000000000070, -0.00254999999999996 ) );
#10524 = CARTESIAN_POINT( '', ( -0.000849999999999902, -0.00113500000000003, -0.00254999999999996 ) );
#10525 = VECTOR( '', #11970, 1.00000000000000 );
#10526 = CARTESIAN_POINT( '', ( -0.00249999999999991, -0.000935000000000070, -0.00254999999999996 ) );
#10527 = CARTESIAN_POINT( '', ( -0.00249999999999991, -0.000935000000000070, -0.00254999999999996 ) );
#10528 = VECTOR( '', #11971, 1.00000000000000 );
#10529 = AXIS2_PLACEMENT_3D( '', #11972, #11973, #11974 );
#10530 = CARTESIAN_POINT( '', ( -0.00310000000000030, -0.00113500000000003, -0.00254999999999996 ) );
#10531 = VECTOR( '', #11975, 1.00000000000000 );
#10532 = CARTESIAN_POINT( '', ( -0.00249999999999991, -0.000935000000000070, -0.00254999999999996 ) );
#10533 = VECTOR( '', #11976, 1.00000000000000 );
#10534 = CARTESIAN_POINT( '', ( 0.00310000000000030, -0.00113500000000003, -0.00279999999999896 ) );
#10535 = VECTOR( '', #11977, 1.00000000000000 );
#10536 = CARTESIAN_POINT( '', ( 0.00310000000000030, -0.00113500000000003, -0.00139999999999999 ) );
#10537 = CARTESIAN_POINT( '', ( 0.00310000000000030, -0.00113500000000003, -0.00139999999999999 ) );
#10538 = VECTOR( '', #11978, 1.00000000000000 );
#10539 = CARTESIAN_POINT( '', ( 0.00310000000000030, -0.00113500000000003, 0.00139999999999999 ) );
#10540 = CARTESIAN_POINT( '', ( 0.00310000000000030, -0.00113500000000003, -0.00139999999999999 ) );
#10541 = VECTOR( '', #11979, 1.00000000000000 );
#10542 = CARTESIAN_POINT( '', ( 0.00310000000000030, -0.00113500000000003, 0.00139999999999999 ) );
#10543 = VECTOR( '', #11980, 1.00000000000000 );
#10544 = CARTESIAN_POINT( '', ( 0.00310000000000030, -0.00113500000000003, 0.00254999999999996 ) );
#10545 = VECTOR( '', #11981, 1.00000000000000 );
#10546 = CARTESIAN_POINT( '', ( -0.00310000000000030, -0.00113500000000003, 0.00139999999999999 ) );
#10547 = VECTOR( '', #11982, 1.00000000000000 );
#10548 = CARTESIAN_POINT( '', ( -0.000849999999999902, -0.00113500000000003, -0.00254999999999996 ) );
#10549 = VECTOR( '', #11983, 1.00000000000000 );
#10550 = CARTESIAN_POINT( '', ( 0.000750000000000048, -0.00113500000000003, 0.000000000000000 ) );
#10551 = AXIS2_PLACEMENT_3D( '', #11984, #11985, #11986 );
#10552 = CARTESIAN_POINT( '', ( 0.00264999999999956, 0.000764999999999988, 0.00279999999999896 ) );
#10553 = CARTESIAN_POINT( '', ( 0.00264999999999956, 0.000764999999999988, 0.00279999999999896 ) );
#10554 = VECTOR( '', #11987, 1.00000000000000 );
#10555 = CARTESIAN_POINT( '', ( 0.00310000000000030, 0.000764999999999988, 0.00204142135623726 ) );
#10556 = VECTOR( '', #11988, 1.00000000000000 );
#10557 = AXIS2_PLACEMENT_3D( '', #11989, #11990, #11991 );
#10558 = AXIS2_PLACEMENT_3D( '', #11992, #11993, #11994 );
#10559 = CARTESIAN_POINT( '', ( 0.00264999999999956, 0.00126500000000002, 0.00279999999999896 ) );
#10560 = VECTOR( '', #11995, 1.00000000000000 );
#10561 = CARTESIAN_POINT( '', ( 0.000500000000000032, 0.000764999999999988, 0.00275499546279206 ) );
#10562 = AXIS2_PLACEMENT_3D( '', #11996, #11997, #11998 );
#10563 = CARTESIAN_POINT( '', ( 0.000500000000000032, 0.000764999999999988, 0.00141421356237316 ) );
#10564 = VECTOR( '', #11999, 1.00000000000000 );
#10565 = AXIS2_PLACEMENT_3D( '', #12000, #12001, #12002 );
#10566 = CARTESIAN_POINT( '', ( 0.000500000000000032, 0.000764999999999988, 0.00293775424431720 ) );
#10567 = VECTOR( '', #12003, 1.00000000000000 );
#10568 = CARTESIAN_POINT( '', ( -0.000500000000000032, 0.000764999999999988, -0.00310000000000030 ) );
#10569 = VECTOR( '', #12004, 1.00000000000000 );
#10570 = CARTESIAN_POINT( '', ( 0.000500000000000032, 0.000914999999999896, 0.00319999999999990 ) );
#10571 = CARTESIAN_POINT( '', ( 0.000500000000000032, 0.000914999999999896, 0.00319999999999990 ) );
#10572 = VECTOR( '', #12005, 1.00000000000000 );
#10573 = CARTESIAN_POINT( '', ( 0.000500000000000032, 0.000764999999999988, 0.00319999999999990 ) );
#10574 = VECTOR( '', #12006, 1.00000000000000 );
#10575 = CARTESIAN_POINT( '', ( 0.00195000000000007, 0.00126500000000002, 0.00319999999999990 ) );
#10576 = VECTOR( '', #12007, 1.00000000000000 );
#10577 = CARTESIAN_POINT( '', ( 0.00310000000000030, 0.00131500000000007, -0.00220000000000009 ) );
#10578 = VECTOR( '', #12008, 1.00000000000000 );
#10579 = CARTESIAN_POINT( '', ( 0.00310000000000030, 0.00131500000000007, 0.00279999999999896 ) );
#10580 = CARTESIAN_POINT( '', ( 0.00310000000000030, 0.00131500000000007, 0.00279999999999896 ) );
#10581 = VECTOR( '', #12009, 1.00000000000000 );
#10582 = CARTESIAN_POINT( '', ( 0.00310000000000030, 0.00131500000000007, 0.00279999999999896 ) );
#10583 = VECTOR( '', #12010, 1.00000000000000 );
#10584 = CARTESIAN_POINT( '', ( 0.00269999999999936, 0.00131500000000007, 0.00279999999999896 ) );
#10585 = VECTOR( '', #12011, 1.00000000000000 );
#10586 = CARTESIAN_POINT( '', ( 0.00269999999999936, 0.00150994897427838, 0.00279999999999896 ) );
#10587 = VECTOR( '', #12012, 1.00000000000000 );
#10588 = CARTESIAN_POINT( '', ( 5.31914904713656E-005, -0.000935000000000070, -3.24999988078988E-005 ) );
#10589 = VECTOR( '', #12013, 1.00000000000000 );
#10590 = CARTESIAN_POINT( '', ( 7.44680836796638E-005, -0.000935000000000070, -9.49999988079028E-005 ) );
#10591 = VECTOR( '', #12014, 1.00000000000000 );
#10592 = CARTESIAN_POINT( '', ( 0.00172059047744869, -0.000567963096804834, 0.00279999999999896 ) );
#10593 = VECTOR( '', #12015, 1.00000000000000 );
#10594 = CARTESIAN_POINT( '', ( 1.06382975354782E-005, -0.000935000000000070, -0.000157499998807907 ) );
#10595 = CARTESIAN_POINT( '', ( 1.06382975354782E-005, -0.000935000000000070, -0.000157499998807907 ) );
#10596 = VECTOR( '', #12016, 1.00000000000000 );
#10597 = CARTESIAN_POINT( '', ( -1.06382975354782E-005, -0.000935000000000070, -0.000188749998807909 ) );
#10598 = VECTOR( '', #12017, 1.00000000000000 );
#10599 = CARTESIAN_POINT( '', ( 0.00249999999999991, -0.000935000000000070, -0.00139999999999999 ) );
#10600 = VECTOR( '', #12018, 1.00000000000000 );
#10601 = CARTESIAN_POINT( '', ( 0.00310000000000030, -0.00113500000000003, -0.00139999999999999 ) );
#10602 = VECTOR( '', #12019, 1.00000000000000 );
#10603 = CARTESIAN_POINT( '', ( 0.00310000000000030, 0.000125000000000008, -0.00165999999999996 ) );
#10604 = CARTESIAN_POINT( '', ( 0.00346165000000086, 0.000125000000000008, -0.00165999999999996 ) );
#10605 = CARTESIAN_POINT( '', ( 0.00310000000000030, 0.000125000000000008, -0.00165999999999996 ) );
#10606 = VECTOR( '', #12020, 1.00000000000000 );
#10607 = CARTESIAN_POINT( '', ( 0.00346165000000086, 0.000125000000000008, -0.00235999999999996 ) );
#10608 = CARTESIAN_POINT( '', ( 0.00346165000000086, 0.000125000000000008, -0.00235999999999996 ) );
#10609 = VECTOR( '', #12021, 1.00000000000000 );
#10610 = CARTESIAN_POINT( '', ( 0.00310000000000030, 0.000125000000000008, -0.00235999999999996 ) );
#10611 = CARTESIAN_POINT( '', ( 0.00346165000000086, 0.000125000000000008, -0.00235999999999996 ) );
#10612 = VECTOR( '', #12022, 1.00000000000000 );
#10613 = CARTESIAN_POINT( '', ( 0.00310000000000030, 0.000125000000000008, -0.00165999999999996 ) );
#10614 = VECTOR( '', #12023, 1.00000000000000 );
#10615 = AXIS2_PLACEMENT_3D( '', #12024, #12025, #12026 );
#10616 = AXIS2_PLACEMENT_3D( '', #12027, #12028, #12029 );
#10617 = CARTESIAN_POINT( '', ( 0.00497822999999964, -0.00123499999999989, -0.00235999999999996 ) );
#10618 = VECTOR( '', #12030, 1.00000000000000 );
#10619 = CARTESIAN_POINT( '', ( 0.00310000000000030, 0.000125000000000008, -0.00235999999999996 ) );
#10620 = VECTOR( '', #12031, 1.00000000000000 );
#10621 = CARTESIAN_POINT( '', ( 0.00497822999999964, -0.00123499999999989, -0.00165999999999996 ) );
#10622 = VECTOR( '', #12032, 1.00000000000000 );
#10623 = AXIS2_PLACEMENT_3D( '', #12033, #12034, #12035 );
#10624 = AXIS2_PLACEMENT_3D( '', #12036, #12037, #12038 );
#10625 = CARTESIAN_POINT( '', ( 0.00310000000000030, 0.000125000000000008, -0.00165999999999996 ) );
#10626 = VECTOR( '', #12039, 1.00000000000000 );
#10627 = CARTESIAN_POINT( '', ( -0.00310000000000030, 0.000125000000000008, 0.00165999999999996 ) );
#10628 = VECTOR( '', #12040, 1.00000000000000 );
#10629 = CARTESIAN_POINT( '', ( -0.00346165000000086, 0.000125000000000008, 0.00235999999999996 ) );
#10630 = VECTOR( '', #12041, 1.00000000000000 );
#10631 = CARTESIAN_POINT( '', ( 0.000244680851697922, -0.000935000000000070, 0.000264375001192044 ) );
#10632 = CARTESIAN_POINT( '', ( 0.000244680851697922, -0.000935000000000070, 0.000264375001192044 ) );
#10633 = VECTOR( '', #12042, 1.00000000000000 );
#10634 = CARTESIAN_POINT( '', ( 0.000244680851697922, -0.000935000000000070, 0.000264375001192044 ) );
#10635 = VECTOR( '', #12043, 1.00000000000000 );
#10636 = CARTESIAN_POINT( '', ( 0.000351063817739388, -0.000935000000000070, 0.000233125001192093 ) );
#10637 = VECTOR( '', #12044, 1.00000000000000 );
#10638 = CARTESIAN_POINT( '', ( -0.00269999999999936, 0.00131500000000007, 0.00274999999999916 ) );
#10639 = AXIS2_PLACEMENT_3D( '', #12045, #12046, #12047 );
#10640 = CARTESIAN_POINT( '', ( -0.00269999999999936, 0.00131500000000007, 0.00274999999999916 ) );
#10641 = VECTOR( '', #12048, 1.00000000000000 );
#10642 = AXIS2_PLACEMENT_3D( '', #12049, #12050, #12051 );
#10643 = AXIS2_PLACEMENT_3D( '', #12052, #12053, #12054 );
#10644 = CARTESIAN_POINT( '', ( -0.000180851057171813, -0.000935000000000070, 0.000201875001192091 ) );
#10645 = VECTOR( '', #12055, 1.00000000000000 );
#10646 = CARTESIAN_POINT( '', ( 0.000478723406791810, -0.000935000000000070, -0.000110624998807904 ) );
#10647 = VECTOR( '', #12056, 1.00000000000000 );
#10648 = CARTESIAN_POINT( '', ( -0.000750000000000048, -0.000935000000000070, 0.000000000000000 ) );
#10649 = AXIS2_PLACEMENT_3D( '', #12057, #12058, #12059 );
#10650 = CARTESIAN_POINT( '', ( 0.000478723406791810, -0.000935000000000070, 0.000108125001192085 ) );
#10651 = VECTOR( '', #12060, 1.00000000000000 );
#10652 = CARTESIAN_POINT( '', ( 3.19148935377510E-005, -0.000935000000000070, -0.000188749998807909 ) );
#10653 = CARTESIAN_POINT( '', ( 3.19148935377510E-005, -0.000935000000000070, -0.000188749998807909 ) );
#10654 = VECTOR( '', #12061, 1.00000000000000 );
#10655 = CARTESIAN_POINT( '', ( 1.06382975354782E-005, -0.000935000000000070, -0.000157499998807907 ) );
#10656 = VECTOR( '', #12062, 1.00000000000000 );
#10657 = CARTESIAN_POINT( '', ( -0.000500000000000032, -0.000935000000000070, 4.56250011920808E-005 ) );
#10658 = VECTOR( '', #12063, 1.00000000000000 );
#10659 = CARTESIAN_POINT( '', ( -0.000180851057171813, -0.000935000000000070, 0.000280000001192172 ) );
#10660 = CARTESIAN_POINT( '', ( -0.000180851057171813, -0.000935000000000070, 0.000280000001192172 ) );
#10661 = VECTOR( '', #12064, 1.00000000000000 );
#10662 = CARTESIAN_POINT( '', ( -7.44680836796638E-005, -0.000935000000000070, 0.000248750001192094 ) );
#10663 = VECTOR( '', #12065, 1.00000000000000 );
#10664 = CARTESIAN_POINT( '', ( 0.00109999999999992, -0.000284999999999876, -0.00310000000000030 ) );
#10665 = VECTOR( '', #12066, 1.00000000000000 );
#10666 = CARTESIAN_POINT( '', ( -0.000649444650053492, 0.000495384757729392, -0.00310000000000030 ) );
#10667 = VECTOR( '', #12067, 1.00000000000000 );
#10668 = CARTESIAN_POINT( '', ( -0.00179999999999991, -0.000284999999999876, -0.00310000000000030 ) );
#10669 = CARTESIAN_POINT( '', ( -0.00179999999999991, -0.000284999999999876, -0.00310000000000030 ) );
#10670 = VECTOR( '', #12068, 1.00000000000000 );
#10671 = CARTESIAN_POINT( '', ( -0.00179999999999991, 0.000764999999999988, -0.00310000000000030 ) );
#10672 = VECTOR( '', #12069, 1.00000000000000 );
#10673 = AXIS2_PLACEMENT_3D( '', #12070, #12071, #12072 );
#10674 = CARTESIAN_POINT( '', ( -5.31914904713656E-005, -0.000935000000000070, 9.25000011920838E-005 ) );
#10675 = VECTOR( '', #12073, 1.00000000000000 );
#10676 = CARTESIAN_POINT( '', ( -0.00184999999999997, 0.000549760696372268, -0.00279999999999896 ) );
#10677 = VECTOR( '', #12074, 1.00000000000000 );
#10678 = CARTESIAN_POINT( '', ( 0.00310000000000030, -0.00113500000000003, 0.00139999999999999 ) );
#10679 = VECTOR( '', #12075, 1.00000000000000 );
#10680 = CARTESIAN_POINT( '', ( 0.000849999999999902, -0.000935000000000070, 0.00139999999999999 ) );
#10681 = VECTOR( '', #12076, 1.00000000000000 );
#10682 = CARTESIAN_POINT( '', ( -0.00269999999999936, 0.00131500000000007, 0.00279999999999896 ) );
#10683 = VECTOR( '', #12077, 1.00000000000000 );
#10684 = CARTESIAN_POINT( '', ( 0.00100000000000006, -0.000935000000000070, 0.00195000000000007 ) );
#10685 = AXIS2_PLACEMENT_3D( '', #12078, #12079, #12080 );
#10686 = CARTESIAN_POINT( '', ( 0.00179999999999991, -0.000675000000000094, 0.00195000000000007 ) );
#10687 = AXIS2_PLACEMENT_3D( '', #12081, #12082, #12083 );
#10688 = CARTESIAN_POINT( '', ( -0.00249999999999991, -0.000935000000000070, 0.00139999999999999 ) );
#10689 = VECTOR( '', #12084, 1.00000000000000 );
#10690 = CARTESIAN_POINT( '', ( -0.00100000000000006, -0.000935000000000070, 0.00195000000000007 ) );
#10691 = AXIS2_PLACEMENT_3D( '', #12085, #12086, #12087 );
#10692 = CARTESIAN_POINT( '', ( -0.000849999999999902, -0.000935000000000070, -0.00254999999999996 ) );
#10693 = VECTOR( '', #12088, 1.00000000000000 );
#10694 = CARTESIAN_POINT( '', ( -0.00100000000000006, -0.000935000000000070, -0.00195000000000007 ) );
#10695 = AXIS2_PLACEMENT_3D( '', #12089, #12090, #12091 );
#10696 = CARTESIAN_POINT( '', ( 0.00100000000000006, -0.000935000000000070, -0.00195000000000007 ) );
#10697 = AXIS2_PLACEMENT_3D( '', #12092, #12093, #12094 );
#10698 = CARTESIAN_POINT( '', ( 0.00204999999999993, 0.00131500000000007, -0.00274999999999916 ) );
#10699 = CARTESIAN_POINT( '', ( 0.00204999999999993, 0.00131500000000007, -0.00279999999999896 ) );
#10700 = VECTOR( '', #12095, 1.00000000000000 );
#10701 = CARTESIAN_POINT( '', ( 0.00269999999999936, 0.00131500000000007, -0.00274999999999916 ) );
#10702 = VECTOR( '', #12096, 1.00000000000000 );
#10703 = CARTESIAN_POINT( '', ( 0.00300000000000070, 0.00131500000000007, -0.00264999999999956 ) );
#10704 = VECTOR( '', #12097, 1.00000000000000 );
#10705 = CARTESIAN_POINT( '', ( 0.00204999999999993, 0.00131500000000007, 0.00274999999999916 ) );
#10706 = CARTESIAN_POINT( '', ( 0.00269999999999936, 0.00131500000000007, 0.00274999999999916 ) );
#10707 = VECTOR( '', #12098, 1.00000000000000 );
#10708 = CARTESIAN_POINT( '', ( 0.00204999999999993, 0.00131500000000007, 0.00279999999999896 ) );
#10709 = VECTOR( '', #12099, 1.00000000000000 );
#10710 = CARTESIAN_POINT( '', ( -0.00159999999999995, 0.00131500000000007, 0.00279999999999896 ) );
#10711 = VECTOR( '', #12100, 1.00000000000000 );
#10712 = CARTESIAN_POINT( '', ( -0.00310000000000030, 0.00131500000000007, -0.00264999999999956 ) );
#10713 = CARTESIAN_POINT( '', ( -0.00310000000000030, 0.00131500000000007, -0.00264999999999956 ) );
#10714 = VECTOR( '', #12101, 1.00000000000000 );
#10715 = CARTESIAN_POINT( '', ( -0.00310000000000030, 0.00131500000000007, -0.00264999999999956 ) );
#10716 = VECTOR( '', #12102, 1.00000000000000 );
#10717 = CARTESIAN_POINT( '', ( 0.00159999999999995, 0.00131500000000007, -0.00279999999999896 ) );
#10718 = VECTOR( '', #12103, 1.00000000000000 );
#10719 = CARTESIAN_POINT( '', ( -0.00279999999999896, 0.00131500000000007, 0.000000000000000 ) );
#10720 = AXIS2_PLACEMENT_3D( '', #12104, #12105, #12106 );
#10721 = CARTESIAN_POINT( '', ( -0.000180851057171813, -0.000935000000000070, 0.000280000001192172 ) );
#10722 = VECTOR( '', #12107, 1.00000000000000 );
#10723 = CARTESIAN_POINT( '', ( 3.19148935377510E-005, -0.000935000000000070, -0.000188749998807909 ) );
#10724 = VECTOR( '', #12108, 1.00000000000000 );
#10725 = CARTESIAN_POINT( '', ( -0.00179999999999991, -0.000284999999999876, -0.00310000000000030 ) );
#10726 = VECTOR( '', #12109, 1.00000000000000 );
#10727 = CARTESIAN_POINT( '', ( 0.000138297870755191, -0.000935000000000070, -0.000157499998807907 ) );
#10728 = VECTOR( '', #12110, 1.00000000000000 );
#10729 = AXIS2_PLACEMENT_3D( '', #12111, #12112, #12113 );
#10730 = CARTESIAN_POINT( '', ( -3.19148935377510E-005, -0.000935000000000070, -3.24999988078988E-005 ) );
#10731 = VECTOR( '', #12114, 1.00000000000000 );
#10732 = CARTESIAN_POINT( '', ( 0.00171685398031083, -0.000204615242270653, 0.00279999999999896 ) );
#10733 = VECTOR( '', #12115, 1.00000000000000 );
#10734 = CARTESIAN_POINT( '', ( 0.000500000000000032, 0.000914999999999896, 0.00319999999999990 ) );
#10735 = VECTOR( '', #12116, 1.00000000000000 );
#10736 = CARTESIAN_POINT( '', ( 0.00400014662719646, -0.000898473833510766, 0.00165999999999996 ) );
#10737 = VECTOR( '', #12117, 1.00000000000000 );
#10738 = CARTESIAN_POINT( '', ( 0.00395620812302132, -0.000861605050861382, 0.00165999999999996 ) );
#10739 = VECTOR( '', #12118, 1.00000000000000 );
#10740 = CARTESIAN_POINT( '', ( 0.00269999999999936, 0.00126500000000002, 0.00279999999999896 ) );
#10741 = VECTOR( '', #12119, 1.00000000000000 );
#10742 = AXIS2_PLACEMENT_3D( '', #12120, #12121, #12122 );
#10743 = CARTESIAN_POINT( '', ( 0.000500000000000032, 0.000865000000000096, 0.00275499546279206 ) );
#10744 = VECTOR( '', #12123, 1.00000000000000 );
#10745 = CARTESIAN_POINT( '', ( -0.00310000000000030, 0.00131500000000007, -0.00264999999999956 ) );
#10746 = VECTOR( '', #12124, 1.00000000000000 );
#10747 = DIRECTION( '', ( 0.000000000000000, 0.000000000000000, -1.00000000000000 ) );
#10748 = CARTESIAN_POINT( '', ( 0.000000000000000, -0.000624570358072686, -0.00300000000000070 ) );
#10749 = DIRECTION( '', ( 0.000000000000000, -0.000000000000000, 1.00000000000000 ) );
#10750 = DIRECTION( '', ( 0.258819045102493, 0.965925826289076, 0.000000000000000 ) );
#10751 = DIRECTION( '', ( 0.000000000000000, 0.000000000000000, -1.00000000000000 ) );
#10752 = CARTESIAN_POINT( '', ( 0.000000000000000, -0.000624570358072686, -0.00279999999999896 ) );
#10753 = DIRECTION( '', ( 0.000000000000000, 0.000000000000000, -1.00000000000000 ) );
#10754 = DIRECTION( '', ( 0.0414467048156596, 0.999140716145591, 0.000000000000000 ) );
#10755 = DIRECTION( '', ( 0.000000000000000, 0.000000000000000, -1.00000000000000 ) );
#10756 = DIRECTION( '', ( 0.000000000000000, 0.000000000000000, -1.00000000000000 ) );
#10757 = CARTESIAN_POINT( '', ( 0.000000000000000, -0.000624570358072686, -0.00279999999999896 ) );
#10758 = DIRECTION( '', ( 0.000000000000000, 0.000000000000000, -1.00000000000000 ) );
#10759 = DIRECTION( '', ( -0.258819045102493, 0.965925826289076, 0.000000000000000 ) );
#10760 = DIRECTION( '', ( 1.00000000000000, 0.000000000000000, 0.000000000000000 ) );
#10761 = DIRECTION( '', ( 0.000000000000000, 0.000000000000000, 1.00000000000000 ) );
#10762 = CARTESIAN_POINT( '', ( 0.000000000000000, -0.000624570358072686, 0.00300000000000070 ) );
#10763 = DIRECTION( '', ( 0.000000000000000, 0.000000000000000, -1.00000000000000 ) );
#10764 = DIRECTION( '', ( -0.258819045102493, 0.965925826289076, 0.000000000000000 ) );
#10765 = DIRECTION( '', ( 0.000000000000000, 0.000000000000000, 1.00000000000000 ) );
#10766 = CARTESIAN_POINT( '', ( 0.000000000000000, -0.000624570358072686, 0.00279999999999896 ) );
#10767 = DIRECTION( '', ( 0.000000000000000, 0.000000000000000, 1.00000000000000 ) );
#10768 = DIRECTION( '', ( -0.0414467048156596, 0.999140716145591, 0.000000000000000 ) );
#10769 = DIRECTION( '', ( 0.000000000000000, 0.000000000000000, 1.00000000000000 ) );
#10770 = DIRECTION( '', ( 0.000000000000000, 0.000000000000000, 1.00000000000000 ) );
#10771 = CARTESIAN_POINT( '', ( 0.000000000000000, -0.000624570358072686, 0.00279999999999896 ) );
#10772 = DIRECTION( '', ( 0.000000000000000, -0.000000000000000, 1.00000000000000 ) );
#10773 = DIRECTION( '', ( 0.258819045102493, 0.965925826289076, 0.000000000000000 ) );
#10774 = DIRECTION( '', ( 0.000000000000000, 1.00000000000000, 0.000000000000000 ) );
#10775 = DIRECTION( '', ( 0.000000000000000, 1.00000000000000, 0.000000000000000 ) );
#10776 = DIRECTION( '', ( 0.342275159722615, 0.0917123526369240, 0.935113126531041 ) );
#10777 = DIRECTION( '', ( -0.965925826289076, -0.258819045102493, 0.000000000000000 ) );
#10778 = DIRECTION( '', ( 1.41585985075500E-012, 2.84822531819500E-013, 1.00000000000000 ) );
#10779 = DIRECTION( '', ( -0.965925826289076, -0.258819045102493, 0.000000000000000 ) );
#10780 = DIRECTION( '', ( 2.81996648254800E-014, -1.76247905159200E-014, -1.00000000000000 ) );
#10781 = DIRECTION( '', ( 0.000000000000000, -1.00000000000000, 0.000000000000000 ) );
#10782 = DIRECTION( '', ( 0.000000000000000, 3.34871019802600E-014, -1.00000000000000 ) );
#10783 = DIRECTION( '', ( 0.000000000000000, -1.00000000000000, 0.000000000000000 ) );
#10784 = DIRECTION( '', ( 0.000000000000000, -1.00000000000000, 0.000000000000000 ) );
#10785 = DIRECTION( '', ( 0.938718179984337, 0.000000000000000, -0.344685622802713 ) );
#10786 = DIRECTION( '', ( 0.000000000000000, -1.00000000000000, 0.000000000000000 ) );
#10787 = DIRECTION( '', ( 0.938718179984337, 0.000000000000000, -0.344685622802713 ) );
#10788 = DIRECTION( '', ( 1.00000000000000, 0.000000000000000, 0.000000000000000 ) );
#10789 = DIRECTION( '', ( 0.500000000000017, 0.866025403784429, 0.000000000000000 ) );
#10790 = DIRECTION( '', ( 0.965925826289076, 0.258819045102493, 0.000000000000000 ) );
#10791 = CARTESIAN_POINT( '', ( 0.000000000000000, -0.000624570358072686, -0.00300000000000070 ) );
#10792 = DIRECTION( '', ( 0.000000000000000, 0.000000000000000, -1.00000000000000 ) );
#10793 = DIRECTION( '', ( -0.258819045102587, 0.965925826289051, 0.000000000000000 ) );
#10794 = DIRECTION( '', ( 0.965925826289076, -0.258819045102493, 0.000000000000000 ) );
#10795 = DIRECTION( '', ( 0.500000000000017, -0.866025403784429, 0.000000000000000 ) );
#10796 = DIRECTION( '', ( 1.00000000000000, 0.000000000000000, 0.000000000000000 ) );
#10797 = DIRECTION( '', ( 0.000000000000000, -1.00000000000000, 0.000000000000000 ) );
#10798 = DIRECTION( '', ( 0.965925826289076, -0.258819045102493, 3.04625967206592E-014 ) );
#10799 = CARTESIAN_POINT( '', ( 0.00184999999999997, -8.50001836602528E-005, -0.00300000000000070 ) );
#10800 = DIRECTION( '', ( 0.000000000000000, 0.000000000000000, 1.00000000000000 ) );
#10801 = DIRECTION( '', ( -0.258819045102493, -0.965925826289076, 0.000000000000000 ) );
#10802 = CARTESIAN_POINT( '', ( 0.00184999999999997, -3.50001836602496E-005, -0.00300000000000070 ) );
#10803 = DIRECTION( '', ( 0.000000000000000, 0.000000000000000, -1.00000000000000 ) );
#10804 = DIRECTION( '', ( 0.939692620785897, 0.342020143325699, 0.000000000000000 ) );
#10805 = DIRECTION( '', ( 0.342020143325699, -0.939692620785897, 0.000000000000000 ) );
#10806 = DIRECTION( '', ( 0.000000000000000, -1.00000000000000, 0.000000000000000 ) );
#10807 = DIRECTION( '', ( -1.00000000000000, 0.000000000000000, 0.000000000000000 ) );
#10808 = DIRECTION( '', ( -4.22991864910200E-014, -1.00000000000000, -1.40997288303400E-014 ) );
#10809 = DIRECTION( '', ( 1.00000000000000, -8.63614735280100E-014, 0.000000000000000 ) );
#10810 = DIRECTION( '', ( 0.000000000000000, -1.00000000000000, 0.000000000000000 ) );
#10811 = DIRECTION( '', ( -1.00000000000000, 1.70372974987300E-014, 0.000000000000000 ) );
#10812 = DIRECTION( '', ( 0.000000000000000, 1.00000000000000, 0.000000000000000 ) );
#10813 = DIRECTION( '', ( 0.325568154457201, 0.945518575599302, 0.000000000000000 ) );
#10814 = CARTESIAN_POINT( '', ( 0.00184999999999997, -3.50001836602496E-005, -0.00300000000000070 ) );
#10815 = DIRECTION( '', ( 0.000000000000000, 0.000000000000000, 1.00000000000000 ) );
#10816 = DIRECTION( '', ( -1.21771279928200E-014, -1.00000000000000, 0.000000000000000 ) );
#10817 = CARTESIAN_POINT( '', ( 0.00184999999999997, -8.50001836602528E-005, -0.00300000000000070 ) );
#10818 = DIRECTION( '', ( -0.000000000000000, 0.000000000000000, -1.00000000000000 ) );
#10819 = DIRECTION( '', ( -1.33948407921000E-014, -1.00000000000000, 0.000000000000000 ) );
#10820 = DIRECTION( '', ( -0.965925826289076, 0.258819045102493, 0.000000000000000 ) );
#10821 = DIRECTION( '', ( -0.965925826289076, -0.258819045102493, 0.000000000000000 ) );
#10822 = CARTESIAN_POINT( '', ( -0.00184999999999997, -8.50001836602528E-005, -0.00300000000000070 ) );
#10823 = DIRECTION( '', ( 0.000000000000000, 0.000000000000000, -1.00000000000000 ) );
#10824 = DIRECTION( '', ( 0.258819045102493, -0.965925826289076, 0.000000000000000 ) );
#10825 = CARTESIAN_POINT( '', ( -0.00184999999999997, -3.50001836602496E-005, -0.00300000000000070 ) );
#10826 = DIRECTION( '', ( 0.000000000000000, 0.000000000000000, -1.00000000000000 ) );
#10827 = DIRECTION( '', ( 1.15362265195100E-014, -1.00000000000000, 0.000000000000000 ) );
#10828 = DIRECTION( '', ( -0.325568154457201, 0.945518575599302, 0.000000000000000 ) );
#10829 = DIRECTION( '', ( 0.000000000000000, 1.00000000000000, 0.000000000000000 ) );
#10830 = DIRECTION( '', ( 1.00000000000000, 1.29248463783400E-014, 0.000000000000000 ) );
#10831 = DIRECTION( '', ( 0.000000000000000, -1.00000000000000, 0.000000000000000 ) );
#10832 = DIRECTION( '', ( 1.00000000000000, -8.81239525796500E-014, 0.000000000000000 ) );
#10833 = DIRECTION( '', ( 1.40997288303500E-014, -1.00000000000000, 0.000000000000000 ) );
#10834 = DIRECTION( '', ( 1.00000000000000, 0.000000000000000, 0.000000000000000 ) );
#10835 = DIRECTION( '', ( 0.000000000000000, -1.00000000000000, 0.000000000000000 ) );
#10836 = DIRECTION( '', ( -0.342020143325699, -0.939692620785897, 0.000000000000000 ) );
#10837 = CARTESIAN_POINT( '', ( -0.00184999999999997, -3.50001836602496E-005, -0.00300000000000070 ) );
#10838 = DIRECTION( '', ( 0.000000000000000, 0.000000000000000, 1.00000000000000 ) );
#10839 = DIRECTION( '', ( -0.939692620785897, 0.342020143325699, 0.000000000000000 ) );
#10840 = CARTESIAN_POINT( '', ( -0.00184999999999997, -8.50001836602528E-005, -0.00300000000000070 ) );
#10841 = DIRECTION( '', ( 0.000000000000000, 0.000000000000000, 1.00000000000000 ) );
#10842 = DIRECTION( '', ( 4.22994972382200E-014, -1.00000000000000, 0.000000000000000 ) );
#10843 = DIRECTION( '', ( 0.965925826289051, 0.258819045102587, 0.000000000000000 ) );
#10844 = DIRECTION( '', ( 0.000000000000000, -1.00000000000000, 0.000000000000000 ) );
#10845 = DIRECTION( '', ( 0.000000000000000, 1.00000000000000, 0.000000000000000 ) );
#10846 = DIRECTION( '', ( -0.707106781186548, 0.000000000000000, 0.707106781186548 ) );
#10847 = DIRECTION( '', ( 0.000000000000000, 1.00000000000000, 0.000000000000000 ) );
#10848 = DIRECTION( '', ( -0.707106781186548, 0.000000000000000, 0.707106781186548 ) );
#10849 = DIRECTION( '', ( 0.000000000000000, 0.000000000000000, -1.00000000000000 ) );
#10850 = DIRECTION( '', ( 0.000000000000000, 0.000000000000000, -1.00000000000000 ) );
#10851 = CARTESIAN_POINT( '', ( -0.00184999999999997, -3.50001836602496E-005, -0.00279999999999896 ) );
#10852 = DIRECTION( '', ( 0.000000000000000, 0.000000000000000, -1.00000000000000 ) );
#10853 = DIRECTION( '', ( 3.34871019802600E-014, -1.00000000000000, 0.000000000000000 ) );
#10854 = DIRECTION( '', ( 0.000000000000000, 1.00000000000000, 0.000000000000000 ) );
#10855 = CARTESIAN_POINT( '', ( -0.00249999999999991, -0.000334999999999930, 0.00254999999999996 ) );
#10856 = DIRECTION( '', ( 0.000000000000000, 0.000000000000000, 1.00000000000000 ) );
#10857 = DIRECTION( '', ( -1.00000000000000, 0.000000000000000, 0.000000000000000 ) );
#10858 = DIRECTION( '', ( -1.00000000000000, 0.000000000000000, 0.000000000000000 ) );
#10859 = DIRECTION( '', ( 0.000000000000000, 1.00000000000000, 0.000000000000000 ) );
#10860 = DIRECTION( '', ( 1.00000000000000, 0.000000000000000, 0.000000000000000 ) );
#10861 = DIRECTION( '', ( 0.000000000000000, 0.000000000000000, 1.00000000000000 ) );
#10862 = DIRECTION( '', ( -1.00000000000000, 0.000000000000000, 0.000000000000000 ) );
#10863 = DIRECTION( '', ( 0.000000000000000, 0.000000000000000, 1.00000000000000 ) );
#10864 = DIRECTION( '', ( -1.00000000000000, 0.000000000000000, 0.000000000000000 ) );
#10865 = DIRECTION( '', ( 0.000000000000000, 0.000000000000000, 1.00000000000000 ) );
#10866 = CARTESIAN_POINT( '', ( 0.00184999999999997, -3.50001836602496E-005, 0.00300000000000070 ) );
#10867 = DIRECTION( '', ( 0.000000000000000, 0.000000000000000, -1.00000000000000 ) );
#10868 = DIRECTION( '', ( 0.939692620785897, 0.342020143325699, 0.000000000000000 ) );
#10869 = DIRECTION( '', ( 0.000000000000000, 0.000000000000000, 1.00000000000000 ) );
#10870 = CARTESIAN_POINT( '', ( 0.00184999999999997, -3.50001836602496E-005, 0.00279999999999896 ) );
#10871 = DIRECTION( '', ( 0.000000000000000, 0.000000000000000, 1.00000000000000 ) );
#10872 = DIRECTION( '', ( -3.34871019802600E-014, -1.00000000000000, 0.000000000000000 ) );
#10873 = DIRECTION( '', ( 0.000000000000000, 0.000000000000000, -1.00000000000000 ) );
#10874 = DIRECTION( '', ( 0.000000000000000, 0.000000000000000, -1.00000000000000 ) );
#10875 = DIRECTION( '', ( 1.00000000000000, 0.000000000000000, 0.000000000000000 ) );
#10876 = CARTESIAN_POINT( '', ( 0.00249999999999991, -0.000334999999999930, 0.00254999999999996 ) );
#10877 = DIRECTION( '', ( 0.000000000000000, 0.000000000000000, -1.00000000000000 ) );
#10878 = DIRECTION( '', ( 1.00000000000000, 0.000000000000000, 0.000000000000000 ) );
#10879 = DIRECTION( '', ( 0.000000000000000, 0.000000000000000, 1.00000000000000 ) );
#10880 = CARTESIAN_POINT( '', ( 0.00249999999999991, -0.000334999999999930, 0.00139999999999999 ) );
#10881 = DIRECTION( '', ( 0.000000000000000, 0.000000000000000, -1.00000000000000 ) );
#10882 = DIRECTION( '', ( 1.00000000000000, 0.000000000000000, 0.000000000000000 ) );
#10883 = DIRECTION( '', ( 0.000000000000000, 0.000000000000000, 1.00000000000000 ) );
#10884 = DIRECTION( '', ( 0.000000000000000, 0.000000000000000, 1.00000000000000 ) );
#10885 = DIRECTION( '', ( 0.000000000000000, 1.00000000000000, 6.97869759018200E-014 ) );
#10886 = CARTESIAN_POINT( '', ( -0.00204999999999993, 0.00126500000000002, -0.00274999999999916 ) );
#10887 = DIRECTION( '', ( -1.00000000000000, 0.000000000000000, 0.000000000000000 ) );
#10888 = DIRECTION( '', ( 0.000000000000000, 1.00000000000000, 0.000000000000000 ) );
#10889 = DIRECTION( '', ( 0.000000000000000, 0.000000000000000, -1.00000000000000 ) );
#10890 = CARTESIAN_POINT( '', ( 0.00269999999999936, 0.00126500000000002, -0.00274999999999916 ) );
#10891 = DIRECTION( '', ( -1.00000000000000, 0.000000000000000, 0.000000000000000 ) );
#10892 = DIRECTION( '', ( 0.000000000000000, 0.979795897113273, -0.199999999999994 ) );
#10893 = DIRECTION( '', ( 0.000000000000000, 1.00000000000000, 0.000000000000000 ) );
#10894 = DIRECTION( '', ( 0.000000000000000, 0.000000000000000, 1.00000000000000 ) );
#10895 = CARTESIAN_POINT( '', ( 0.00269999999999936, 0.00126500000000002, -0.00274999999999916 ) );
#10896 = DIRECTION( '', ( -1.00000000000000, 0.000000000000000, 0.000000000000000 ) );
#10897 = DIRECTION( '', ( 0.000000000000000, 1.00000000000000, 1.40998324127400E-014 ) );
#10898 = DIRECTION( '', ( 0.000000000000000, 1.00000000000000, 0.000000000000000 ) );
#10899 = DIRECTION( '', ( 5.09010514151500E-014, -1.00000000000000, 1.69670171383800E-014 ) );
#10900 = CARTESIAN_POINT( '', ( 0.00305000000000050, 0.000764999999999988, 0.00190000000000002 ) );
#10901 = DIRECTION( '', ( 0.000000000000000, -1.00000000000000, 0.000000000000000 ) );
#10902 = DIRECTION( '', ( 1.00000000000000, 0.000000000000000, 0.000000000000000 ) );
#10903 = DIRECTION( '', ( 0.000000000000000, -1.00000000000000, 0.000000000000000 ) );
#10904 = CARTESIAN_POINT( '', ( 0.00305000000000050, 0.00126500000000002, 0.00190000000000002 ) );
#10905 = DIRECTION( '', ( 0.000000000000000, 1.00000000000000, 0.000000000000000 ) );
#10906 = DIRECTION( '', ( 0.000000000000000, 0.000000000000000, 1.00000000000000 ) );
#10907 = DIRECTION( '', ( 0.000000000000000, -1.00000000000000, 0.000000000000000 ) );
#10908 = CARTESIAN_POINT( '', ( 0.00305000000000050, 0.000764999999999988, 0.00190000000000002 ) );
#10909 = DIRECTION( '', ( 0.000000000000000, -1.00000000000000, 0.000000000000000 ) );
#10910 = DIRECTION( '', ( 0.333333333333203, 0.000000000000000, 0.942809041582109 ) );
#10911 = DIRECTION( '', ( 0.000000000000000, 0.000000000000000, 1.00000000000000 ) );
#10912 = DIRECTION( '', ( 0.258819045102494, 0.965925826289076, 0.000000000000000 ) );
#10913 = DIRECTION( '', ( 0.000000000000000, 0.000000000000000, 1.00000000000000 ) );
#10914 = DIRECTION( '', ( 0.258819045102494, 0.965925826289076, 0.000000000000000 ) );
#10915 = CARTESIAN_POINT( '', ( -0.00400450441433558, -0.000848664098606178, -0.00235999999999996 ) );
#10916 = DIRECTION( '', ( 0.000000000000000, 0.000000000000000, 1.00000000000000 ) );
#10917 = DIRECTION( '', ( 0.0871557427476937, -0.996194698091742, 0.000000000000000 ) );
#10918 = DIRECTION( '', ( 0.000000000000000, 0.000000000000000, 1.00000000000000 ) );
#10919 = CARTESIAN_POINT( '', ( -0.00400450441433558, -0.000848664098606178, -0.00165999999999996 ) );
#10920 = DIRECTION( '', ( 0.000000000000000, 0.000000000000000, -1.00000000000000 ) );
#10921 = DIRECTION( '', ( 0.965925826289076, -0.258819045102493, 0.000000000000000 ) );
#10922 = DIRECTION( '', ( 0.000000000000000, 0.000000000000000, -1.00000000000000 ) );
#10923 = CARTESIAN_POINT( '', ( -0.00346165000000086, -0.000175000000000011, -0.00235999999999996 ) );
#10924 = DIRECTION( '', ( 0.000000000000000, 0.000000000000000, -1.00000000000000 ) );
#10925 = DIRECTION( '', ( -0.965925826289076, 0.258819045102493, 0.000000000000000 ) );
#10926 = CARTESIAN_POINT( '', ( -0.00346165000000086, -0.000175000000000011, -0.00165999999999996 ) );
#10927 = DIRECTION( '', ( 0.000000000000000, 0.000000000000000, -1.00000000000000 ) );
#10928 = DIRECTION( '', ( -0.965925826289076, 0.258819045102493, 0.000000000000000 ) );
#10929 = DIRECTION( '', ( 0.000000000000000, 0.000000000000000, 1.00000000000000 ) );
#10930 = DIRECTION( '', ( 0.258819045102494, 0.965925826289076, 0.000000000000000 ) );
#10931 = DIRECTION( '', ( 0.000000000000000, 0.000000000000000, 1.00000000000000 ) );
#10932 = DIRECTION( '', ( 0.258819045102494, 0.965925826289076, 0.000000000000000 ) );
#10933 = DIRECTION( '', ( 1.00000000000000, 0.000000000000000, 0.000000000000000 ) );
#10934 = DIRECTION( '', ( 0.000000000000000, 0.000000000000000, -1.00000000000000 ) );
#10935 = DIRECTION( '', ( -1.00000000000000, 0.000000000000000, 0.000000000000000 ) );
#10936 = DIRECTION( '', ( 0.000000000000000, 0.000000000000000, -1.00000000000000 ) );
#10937 = DIRECTION( '', ( 0.000000000000000, 0.000000000000000, -1.00000000000000 ) );
#10938 = DIRECTION( '', ( 0.000000000000000, 0.000000000000000, -1.00000000000000 ) );
#10939 = DIRECTION( '', ( 0.000000000000000, -1.00000000000000, 0.000000000000000 ) );
#10940 = DIRECTION( '', ( 0.000000000000000, 0.000000000000000, -1.00000000000000 ) );
#10941 = DIRECTION( '', ( 0.000000000000000, 1.00000000000000, 0.000000000000000 ) );
#10942 = DIRECTION( '', ( 0.000000000000000, 0.000000000000000, 1.00000000000000 ) );
#10943 = DIRECTION( '', ( 0.000000000000000, 1.00000000000000, 0.000000000000000 ) );
#10944 = DIRECTION( '', ( 0.000000000000000, 0.000000000000000, -1.00000000000000 ) );
#10945 = DIRECTION( '', ( 0.000000000000000, 1.00000000000000, 0.000000000000000 ) );
#10946 = DIRECTION( '', ( 0.000000000000000, 0.000000000000000, 1.00000000000000 ) );
#10947 = DIRECTION( '', ( 0.000000000000000, 0.000000000000000, -1.00000000000000 ) );
#10948 = DIRECTION( '', ( 0.000000000000000, -1.00000000000000, 0.000000000000000 ) );
#10949 = DIRECTION( '', ( 0.000000000000000, 0.000000000000000, -1.00000000000000 ) );
#10950 = DIRECTION( '', ( 0.000000000000000, -1.00000000000000, 0.000000000000000 ) );
#10951 = DIRECTION( '', ( 0.000000000000000, 0.000000000000000, -1.00000000000000 ) );
#10952 = DIRECTION( '', ( 0.000000000000000, -1.00000000000000, 0.000000000000000 ) );
#10953 = DIRECTION( '', ( 0.000000000000000, 0.000000000000000, -1.00000000000000 ) );
#10954 = DIRECTION( '', ( 0.000000000000000, -1.00000000000000, 0.000000000000000 ) );
#10955 = DIRECTION( '', ( 0.000000000000000, 0.000000000000000, -1.00000000000000 ) );
#10956 = DIRECTION( '', ( 0.000000000000000, -1.00000000000000, 0.000000000000000 ) );
#10957 = DIRECTION( '', ( -1.00000000000000, 0.000000000000000, 0.000000000000000 ) );
#10958 = DIRECTION( '', ( 0.000000000000000, 0.000000000000000, 1.00000000000000 ) );
#10959 = DIRECTION( '', ( 1.00000000000000, 0.000000000000000, 0.000000000000000 ) );
#10960 = DIRECTION( '', ( 0.000000000000000, 0.000000000000000, -1.00000000000000 ) );
#10961 = DIRECTION( '', ( 1.00000000000000, 0.000000000000000, 0.000000000000000 ) );
#10962 = DIRECTION( '', ( 0.000000000000000, 0.000000000000000, -1.00000000000000 ) );
#10963 = DIRECTION( '', ( -1.00000000000000, 0.000000000000000, 0.000000000000000 ) );
#10964 = CARTESIAN_POINT( '', ( -0.00346165000000086, -0.000175000000000011, -0.00235999999999996 ) );
#10965 = DIRECTION( '', ( 0.000000000000000, -0.000000000000000, 1.00000000000000 ) );
#10966 = DIRECTION( '', ( 2.81996648254800E-014, 1.00000000000000, 0.000000000000000 ) );
#10967 = DIRECTION( '', ( -0.258819045102494, -0.965925826289076, 0.000000000000000 ) );
#10968 = CARTESIAN_POINT( '', ( -0.00400450441433558, -0.000848664098606178, -0.00235999999999996 ) );
#10969 = DIRECTION( '', ( 0.000000000000000, 0.000000000000000, -1.00000000000000 ) );
#10970 = DIRECTION( '', ( 0.965925826289076, -0.258819045102493, 0.000000000000000 ) );
#10971 = DIRECTION( '', ( -0.996194698091745, -0.0871557427476639, 0.000000000000000 ) );
#10972 = DIRECTION( '', ( -0.0871557427476640, 0.996194698091745, 0.000000000000000 ) );
#10973 = DIRECTION( '', ( 0.996194698091745, 0.0871557427476639, 0.000000000000000 ) );
#10974 = DIRECTION( '', ( -1.00000000000000, 0.000000000000000, 0.000000000000000 ) );
#10975 = DIRECTION( '', ( 1.00000000000000, 0.000000000000000, 0.000000000000000 ) );
#10976 = DIRECTION( '', ( 0.996194698091745, 0.0871557427476639, 0.000000000000000 ) );
#10977 = DIRECTION( '', ( -0.0871557427476640, 0.996194698091745, 0.000000000000000 ) );
#10978 = DIRECTION( '', ( -0.996194698091745, -0.0871557427476639, 0.000000000000000 ) );
#10979 = CARTESIAN_POINT( '', ( -0.00400450441433558, -0.000848664098606178, -0.00165999999999996 ) );
#10980 = DIRECTION( '', ( 0.000000000000000, 0.000000000000000, -1.00000000000000 ) );
#10981 = DIRECTION( '', ( 0.965925826289076, -0.258819045102493, 0.000000000000000 ) );
#10982 = DIRECTION( '', ( -0.258819045102494, -0.965925826289076, 0.000000000000000 ) );
#10983 = CARTESIAN_POINT( '', ( -0.00346165000000086, -0.000175000000000011, -0.00165999999999996 ) );
#10984 = DIRECTION( '', ( 0.000000000000000, 0.000000000000000, -1.00000000000000 ) );
#10985 = DIRECTION( '', ( -0.965925826289076, 0.258819045102493, 0.000000000000000 ) );
#10986 = DIRECTION( '', ( -1.00000000000000, 0.000000000000000, 0.000000000000000 ) );
#10987 = DIRECTION( '', ( 0.000000000000000, 0.000000000000000, -1.00000000000000 ) );
#10988 = DIRECTION( '', ( 1.00000000000000, 0.000000000000000, 0.000000000000000 ) );
#10989 = DIRECTION( '', ( 0.000000000000000, 0.000000000000000, -1.00000000000000 ) );
#10990 = CARTESIAN_POINT( '', ( 0.00346165000000086, -0.000175000000000011, 0.00235999999999996 ) );
#10991 = DIRECTION( '', ( 0.000000000000000, 0.000000000000000, -1.00000000000000 ) );
#10992 = DIRECTION( '', ( -2.81996648254800E-014, 1.00000000000000, 0.000000000000000 ) );
#10993 = DIRECTION( '', ( 0.258819045102494, -0.965925826289076, 0.000000000000000 ) );
#10994 = CARTESIAN_POINT( '', ( 0.00400450441433558, -0.000848664098606178, 0.00235999999999996 ) );
#10995 = DIRECTION( '', ( 0.000000000000000, 0.000000000000000, 1.00000000000000 ) );
#10996 = DIRECTION( '', ( -0.965925826289076, -0.258819045102493, 0.000000000000000 ) );
#10997 = DIRECTION( '', ( 0.996194698091745, -0.0871557427476639, 0.000000000000000 ) );
#10998 = DIRECTION( '', ( 0.0871557427476640, 0.996194698091745, 0.000000000000000 ) );
#10999 = DIRECTION( '', ( -0.996194698091745, 0.0871557427476639, 0.000000000000000 ) );
#11000 = CARTESIAN_POINT( '', ( 0.00400450441433558, -0.000848664098606178, 0.00235999999999996 ) );
#11001 = DIRECTION( '', ( -0.000000000000000, 0.000000000000000, -1.00000000000000 ) );
#11002 = DIRECTION( '', ( -0.0871557427476937, -0.996194698091742, 0.000000000000000 ) );
#11003 = DIRECTION( '', ( -0.258819045102494, 0.965925826289076, 0.000000000000000 ) );
#11004 = CARTESIAN_POINT( '', ( 0.00346165000000086, -0.000175000000000011, 0.00235999999999996 ) );
#11005 = DIRECTION( '', ( 0.000000000000000, -0.000000000000000, 1.00000000000000 ) );
#11006 = DIRECTION( '', ( 0.965925826289076, 0.258819045102493, 0.000000000000000 ) );
#11007 = DIRECTION( '', ( 1.00000000000000, 0.000000000000000, 0.000000000000000 ) );
#11008 = DIRECTION( '', ( 0.000000000000000, -1.00000000000000, 0.000000000000000 ) );
#11009 = DIRECTION( '', ( 0.000000000000000, -0.258819045102493, 0.965925826289076 ) );
#11010 = DIRECTION( '', ( -1.00000000000000, 0.000000000000000, 0.000000000000000 ) );
#11011 = DIRECTION( '', ( -0.694746590606865, -0.186156787897391, 0.694746590606865 ) );
#11012 = DIRECTION( '', ( 0.000000000000000, 0.000000000000000, 1.00000000000000 ) );
#11013 = DIRECTION( '', ( 0.000000000000000, 0.000000000000000, 1.00000000000000 ) );
#11014 = CARTESIAN_POINT( '', ( 0.00400450441433558, -0.000848664098606178, 0.00165999999999996 ) );
#11015 = DIRECTION( '', ( 0.000000000000000, 0.000000000000000, 1.00000000000000 ) );
#11016 = DIRECTION( '', ( -0.965925826289076, -0.258819045102493, 0.000000000000000 ) );
#11017 = DIRECTION( '', ( 0.000000000000000, 0.000000000000000, 1.00000000000000 ) );
#11018 = DIRECTION( '', ( 0.996194698091745, -0.0871557427476639, 0.000000000000000 ) );
#11019 = DIRECTION( '', ( 0.000000000000000, 0.000000000000000, 1.00000000000000 ) );
#11020 = DIRECTION( '', ( 0.258819045102494, -0.965925826289076, 0.000000000000000 ) );
#11021 = DIRECTION( '', ( 0.000000000000000, 0.000000000000000, 1.00000000000000 ) );
#11022 = CARTESIAN_POINT( '', ( 0.00400450441433558, -0.000848664098606178, -0.00235999999999996 ) );
#11023 = DIRECTION( '', ( 0.000000000000000, 0.000000000000000, 1.00000000000000 ) );
#11024 = DIRECTION( '', ( -0.965925826289076, -0.258819045102493, 0.000000000000000 ) );
#11025 = DIRECTION( '', ( 0.000000000000000, 0.000000000000000, 1.00000000000000 ) );
#11026 = CARTESIAN_POINT( '', ( 0.00400450441433558, -0.000848664098606178, -0.00165999999999996 ) );
#11027 = DIRECTION( '', ( 0.000000000000000, 0.000000000000000, 1.00000000000000 ) );
#11028 = DIRECTION( '', ( -0.965925826289076, -0.258819045102493, 0.000000000000000 ) );
#11029 = DIRECTION( '', ( 0.996194698091745, -0.0871557427476639, 0.000000000000000 ) );
#11030 = DIRECTION( '', ( 0.000000000000000, 0.000000000000000, 1.00000000000000 ) );
#11031 = DIRECTION( '', ( 0.996194698091745, -0.0871557427476639, 0.000000000000000 ) );
#11032 = DIRECTION( '', ( 0.000000000000000, 0.000000000000000, 1.00000000000000 ) );
#11033 = DIRECTION( '', ( 0.258819045102494, -0.965925826289076, 0.000000000000000 ) );
#11034 = DIRECTION( '', ( 0.258819045102494, -0.965925826289076, 0.000000000000000 ) );
#11035 = DIRECTION( '', ( 0.000000000000000, 0.000000000000000, 1.00000000000000 ) );
#11036 = DIRECTION( '', ( 0.000000000000000, 0.000000000000000, 1.00000000000000 ) );
#11037 = DIRECTION( '', ( 0.000000000000000, 0.000000000000000, 1.00000000000000 ) );
#11038 = DIRECTION( '', ( 0.000000000000000, 0.000000000000000, 1.00000000000000 ) );
#11039 = DIRECTION( '', ( -0.0871557427476640, 0.996194698091745, 0.000000000000000 ) );
#11040 = DIRECTION( '', ( 0.000000000000000, 0.000000000000000, 1.00000000000000 ) );
#11041 = DIRECTION( '', ( -0.0871557427476640, 0.996194698091745, 0.000000000000000 ) );
#11042 = DIRECTION( '', ( 0.000000000000000, 0.000000000000000, 1.00000000000000 ) );
#11043 = DIRECTION( '', ( -0.996194698091745, -0.0871557427476639, 0.000000000000000 ) );
#11044 = DIRECTION( '', ( -0.996194698091745, -0.0871557427476639, 0.000000000000000 ) );
#11045 = DIRECTION( '', ( 0.996194698091745, 0.0871557427476639, 0.000000000000000 ) );
#11046 = DIRECTION( '', ( 0.000000000000000, 0.000000000000000, 1.00000000000000 ) );
#11047 = DIRECTION( '', ( 0.996194698091745, 0.0871557427476639, 0.000000000000000 ) );
#11048 = DIRECTION( '', ( 0.000000000000000, 0.000000000000000, 1.00000000000000 ) );
#11049 = DIRECTION( '', ( -0.258819045102494, -0.965925826289076, 0.000000000000000 ) );
#11050 = DIRECTION( '', ( 0.000000000000000, 0.000000000000000, 1.00000000000000 ) );
#11051 = DIRECTION( '', ( -0.258819045102494, -0.965925826289076, 0.000000000000000 ) );
#11052 = CARTESIAN_POINT( '', ( -0.00400450441433558, -0.000848664098606178, 0.00235999999999996 ) );
#11053 = DIRECTION( '', ( 0.000000000000000, 0.000000000000000, -1.00000000000000 ) );
#11054 = DIRECTION( '', ( 0.965925826289076, -0.258819045102493, 0.000000000000000 ) );
#11055 = CARTESIAN_POINT( '', ( -0.00400450441433558, -0.000848664098606178, 0.00165999999999996 ) );
#11056 = DIRECTION( '', ( 0.000000000000000, 0.000000000000000, -1.00000000000000 ) );
#11057 = DIRECTION( '', ( 0.965925826289076, -0.258819045102493, 0.000000000000000 ) );
#11058 = DIRECTION( '', ( 0.000000000000000, 0.000000000000000, 1.00000000000000 ) );
#11059 = DIRECTION( '', ( 0.000000000000000, 0.000000000000000, 1.00000000000000 ) );
#11060 = CARTESIAN_POINT( '', ( 0.00139999999999999, -0.000675000000000094, -0.00195000000000007 ) );
#11061 = DIRECTION( '', ( 0.000000000000000, -1.00000000000000, 0.000000000000000 ) );
#11062 = DIRECTION( '', ( 1.00000000000000, 0.000000000000000, 0.000000000000000 ) );
#11063 = DIRECTION( '', ( 0.000000000000000, 1.00000000000000, 0.000000000000000 ) );
#11064 = DIRECTION( '', ( 1.00000000000000, 1.51573198436900E-013, 1.40998324127400E-014 ) );
#11065 = DIRECTION( '', ( 0.000000000000000, -1.00000000000000, 0.000000000000000 ) );
#11066 = DIRECTION( '', ( 1.00000000000000, 0.000000000000000, 0.000000000000000 ) );
#11067 = DIRECTION( '', ( 0.000000000000000, 1.00000000000000, 0.000000000000000 ) );
#11068 = DIRECTION( '', ( 1.00000000000000, 0.000000000000000, 0.000000000000000 ) );
#11069 = DIRECTION( '', ( 0.000000000000000, -1.00000000000000, 0.000000000000000 ) );
#11070 = DIRECTION( '', ( 1.00000000000000, 0.000000000000000, 0.000000000000000 ) );
#11071 = CARTESIAN_POINT( '', ( -0.00249999999999991, -0.000334999999999930, -0.00139999999999999 ) );
#11072 = DIRECTION( '', ( 0.000000000000000, 0.000000000000000, 1.00000000000000 ) );
#11073 = DIRECTION( '', ( -1.00000000000000, 0.000000000000000, 0.000000000000000 ) );
#11074 = DIRECTION( '', ( -1.00000000000000, 0.000000000000000, 0.000000000000000 ) );
#11075 = DIRECTION( '', ( 0.000000000000000, 1.00000000000000, 0.000000000000000 ) );
#11076 = DIRECTION( '', ( 1.00000000000000, 0.000000000000000, 0.000000000000000 ) );
#11077 = DIRECTION( '', ( 0.000000000000000, 0.000000000000000, 1.00000000000000 ) );
#11078 = DIRECTION( '', ( -2.64371857738900E-014, 0.000000000000000, -1.00000000000000 ) );
#11079 = CARTESIAN_POINT( '', ( 0.00184999999999997, -8.50001836602528E-005, -0.00279999999999896 ) );
#11080 = DIRECTION( '', ( -0.000000000000000, 0.000000000000000, -1.00000000000000 ) );
#11081 = DIRECTION( '', ( -5.40493575821700E-014, -1.00000000000000, 0.000000000000000 ) );
#11082 = DIRECTION( '', ( -1.00000000000000, 0.000000000000000, 0.000000000000000 ) );
#11083 = DIRECTION( '', ( -1.00000000000000, 0.000000000000000, 0.000000000000000 ) );
#11084 = DIRECTION( '', ( 0.000000000000000, 1.00000000000000, 0.000000000000000 ) );
#11085 = CARTESIAN_POINT( '', ( -0.00139999999999999, -0.000675000000000094, -0.00195000000000007 ) );
#11086 = DIRECTION( '', ( 0.000000000000000, 1.00000000000000, 0.000000000000000 ) );
#11087 = DIRECTION( '', ( -1.00000000000000, 0.000000000000000, 0.000000000000000 ) );
#11088 = DIRECTION( '', ( 0.000000000000000, 0.000000000000000, 1.00000000000000 ) );
#11089 = DIRECTION( '', ( 0.000000000000000, -1.00000000000000, 0.000000000000000 ) );
#11090 = DIRECTION( '', ( 0.000000000000000, 0.000000000000000, 1.00000000000000 ) );
#11091 = DIRECTION( '', ( 0.000000000000000, -1.00000000000000, 0.000000000000000 ) );
#11092 = DIRECTION( '', ( 0.000000000000000, 0.000000000000000, -1.00000000000000 ) );
#11093 = DIRECTION( '', ( 0.000000000000000, 0.000000000000000, -1.00000000000000 ) );
#11094 = CARTESIAN_POINT( '', ( -0.00184999999999997, -8.50001836602528E-005, -0.00279999999999896 ) );
#11095 = DIRECTION( '', ( 0.000000000000000, 0.000000000000000, -1.00000000000000 ) );
#11096 = DIRECTION( '', ( 0.258819045102493, -0.965925826289076, 0.000000000000000 ) );
#11097 = DIRECTION( '', ( 0.000000000000000, -1.00000000000000, 0.000000000000000 ) );
#11098 = DIRECTION( '', ( 1.00000000000000, 0.000000000000000, 0.000000000000000 ) );
#11099 = DIRECTION( '', ( 0.000000000000000, -1.00000000000000, 0.000000000000000 ) );
#11100 = DIRECTION( '', ( 1.00000000000000, 0.000000000000000, 0.000000000000000 ) );
#11101 = CARTESIAN_POINT( '', ( -0.00204999999999993, 0.00126500000000002, -0.00274999999999916 ) );
#11102 = DIRECTION( '', ( -1.00000000000000, 0.000000000000000, 0.000000000000000 ) );
#11103 = DIRECTION( '', ( 0.000000000000000, 1.00000000000000, 0.000000000000000 ) );
#11104 = DIRECTION( '', ( 1.00000000000000, 0.000000000000000, 0.000000000000000 ) );
#11105 = CARTESIAN_POINT( '', ( -0.00269999999999936, 0.00126500000000002, -0.00274999999999916 ) );
#11106 = DIRECTION( '', ( -1.00000000000000, 0.000000000000000, 0.000000000000000 ) );
#11107 = DIRECTION( '', ( 0.000000000000000, 1.00000000000000, 1.40998324127400E-014 ) );
#11108 = DIRECTION( '', ( 1.00000000000000, 1.33948407921000E-013, 0.000000000000000 ) );
#11109 = DIRECTION( '', ( 1.00000000000000, 0.000000000000000, 0.000000000000000 ) );
#11110 = DIRECTION( '', ( 0.000000000000000, -3.52495810318500E-014, -1.00000000000000 ) );
#11111 = DIRECTION( '', ( 0.000000000000000, -1.00000000000000, 0.000000000000000 ) );
#11112 = DIRECTION( '', ( -2.81996648254800E-014, 1.40998324127400E-014, -1.00000000000000 ) );
#11113 = DIRECTION( '', ( 0.000000000000000, 1.00000000000000, 0.000000000000000 ) );
#11114 = DIRECTION( '', ( 0.707106781186548, 0.000000000000000, -0.707106781186548 ) );
#11115 = DIRECTION( '', ( 0.000000000000000, 1.00000000000000, 0.000000000000000 ) );
#11116 = DIRECTION( '', ( 0.707106781186548, 0.000000000000000, -0.707106781186548 ) );
#11117 = DIRECTION( '', ( 0.000000000000000, -1.00000000000000, 0.000000000000000 ) );
#11118 = DIRECTION( '', ( -0.632699249308977, 0.000000000000000, -0.774397611000872 ) );
#11119 = DIRECTION( '', ( 0.000000000000000, -1.00000000000000, 0.000000000000000 ) );
#11120 = DIRECTION( '', ( -0.632699249308977, 0.000000000000000, -0.774397611000872 ) );
#11121 = DIRECTION( '', ( -1.00000000000000, 0.000000000000000, 0.000000000000000 ) );
#11122 = DIRECTION( '', ( 0.000000000000000, 1.00000000000000, 0.000000000000000 ) );
#11123 = DIRECTION( '', ( -1.00000000000000, 0.000000000000000, 0.000000000000000 ) );
#11124 = DIRECTION( '', ( 0.000000000000000, 1.00000000000000, 1.39573951803600E-013 ) );
#11125 = DIRECTION( '', ( 0.000000000000000, 1.00000000000000, 0.000000000000000 ) );
#11126 = DIRECTION( '', ( 0.000000000000000, 1.00000000000000, 0.000000000000000 ) );
#11127 = DIRECTION( '', ( 0.000000000000000, 0.000000000000000, -1.00000000000000 ) );
#11128 = DIRECTION( '', ( 0.000000000000000, 1.00000000000000, 0.000000000000000 ) );
#11129 = DIRECTION( '', ( 0.000000000000000, 0.000000000000000, -1.00000000000000 ) );
#11130 = DIRECTION( '', ( 0.000000000000000, -1.00000000000000, 0.000000000000000 ) );
#11131 = DIRECTION( '', ( 1.00000000000000, 0.000000000000000, 0.000000000000000 ) );
#11132 = DIRECTION( '', ( 1.00000000000000, 0.000000000000000, 0.000000000000000 ) );
#11133 = DIRECTION( '', ( 0.000000000000000, 0.000000000000000, -1.00000000000000 ) );
#11134 = DIRECTION( '', ( 0.000000000000000, 0.000000000000000, -1.00000000000000 ) );
#11135 = CARTESIAN_POINT( '', ( 0.00184999999999997, -8.50001836602528E-005, -0.00279999999999896 ) );
#11136 = DIRECTION( '', ( -0.000000000000000, 0.000000000000000, -1.00000000000000 ) );
#11137 = DIRECTION( '', ( -1.33948407921000E-014, -1.00000000000000, 0.000000000000000 ) );
#11138 = DIRECTION( '', ( 0.000000000000000, -1.00000000000000, 0.000000000000000 ) );
#11139 = DIRECTION( '', ( -0.714510420522030, 0.000000000000000, 0.699624798706729 ) );
#11140 = DIRECTION( '', ( 0.000000000000000, -1.00000000000000, 0.000000000000000 ) );
#11141 = DIRECTION( '', ( -0.714510420522030, 0.000000000000000, 0.699624798706729 ) );
#11142 = DIRECTION( '', ( 0.000000000000000, -1.00000000000000, 0.000000000000000 ) );
#11143 = DIRECTION( '', ( 0.322263754770395, 0.000000000000000, 0.946649920699984 ) );
#11144 = DIRECTION( '', ( 0.000000000000000, -1.00000000000000, 0.000000000000000 ) );
#11145 = DIRECTION( '', ( 0.322263754770395, 0.000000000000000, 0.946649920699984 ) );
#11146 = DIRECTION( '', ( 1.23373533611500E-014, -1.67435509901300E-014, -1.00000000000000 ) );
#11147 = CARTESIAN_POINT( '', ( -0.00184999999999997, -3.50001836602496E-005, -0.00279999999999896 ) );
#11148 = DIRECTION( '', ( 0.000000000000000, 0.000000000000000, -1.00000000000000 ) );
#11149 = DIRECTION( '', ( 0.000000000000000, -1.00000000000000, 0.000000000000000 ) );
#11150 = DIRECTION( '', ( 0.000000000000000, -1.00000000000000, 0.000000000000000 ) );
#11151 = DIRECTION( '', ( 0.959460930642015, 0.000000000000000, 0.281841662235304 ) );
#11152 = DIRECTION( '', ( 0.000000000000000, -1.00000000000000, 0.000000000000000 ) );
#11153 = DIRECTION( '', ( 0.959460930642015, 0.000000000000000, 0.281841662235304 ) );
#11154 = DIRECTION( '', ( 6.97869759018200E-014, 1.00000000000000, 1.39573951803600E-013 ) );
#11155 = DIRECTION( '', ( 0.000000000000000, 0.000000000000000, -1.00000000000000 ) );
#11156 = CARTESIAN_POINT( '', ( -0.00269999999999936, 0.00126500000000002, -0.00274999999999916 ) );
#11157 = DIRECTION( '', ( -1.00000000000000, 0.000000000000000, 0.000000000000000 ) );
#11158 = DIRECTION( '', ( 0.000000000000000, 1.00000000000000, 0.000000000000000 ) );
#11159 = DIRECTION( '', ( 0.000000000000000, 1.00000000000000, 0.000000000000000 ) );
#11160 = DIRECTION( '', ( -1.00000000000000, 0.000000000000000, 0.000000000000000 ) );
#11161 = DIRECTION( '', ( 0.000000000000000, 1.00000000000000, 0.000000000000000 ) );
#11162 = DIRECTION( '', ( -1.00000000000000, 0.000000000000000, 0.000000000000000 ) );
#11163 = CARTESIAN_POINT( '', ( 0.00249999999999991, -0.000334999999999930, -0.00139999999999999 ) );
#11164 = DIRECTION( '', ( 0.000000000000000, 0.000000000000000, -1.00000000000000 ) );
#11165 = DIRECTION( '', ( 1.00000000000000, 0.000000000000000, 0.000000000000000 ) );
#11166 = DIRECTION( '', ( 0.000000000000000, 0.000000000000000, 1.00000000000000 ) );
#11167 = CARTESIAN_POINT( '', ( 0.00249999999999991, -0.000334999999999930, -0.00254999999999996 ) );
#11168 = DIRECTION( '', ( 0.000000000000000, 0.000000000000000, -1.00000000000000 ) );
#11169 = DIRECTION( '', ( 1.00000000000000, 0.000000000000000, 0.000000000000000 ) );
#11170 = DIRECTION( '', ( 0.000000000000000, 0.000000000000000, 1.00000000000000 ) );
#11171 = DIRECTION( '', ( 0.000000000000000, -1.00000000000000, 0.000000000000000 ) );
#11172 = DIRECTION( '', ( 0.959460925304285, 0.000000000000000, 0.281841680406296 ) );
#11173 = DIRECTION( '', ( 0.959460925304285, 0.000000000000000, 0.281841680406296 ) );
#11174 = DIRECTION( '', ( -0.147788364107806, -0.255976955402210, 0.955319003127936 ) );
#11175 = DIRECTION( '', ( -0.500000000000017, 0.866025403784429, 0.000000000000000 ) );
#11176 = DIRECTION( '', ( 0.409064926172195, -0.236173745241597, -0.881412416655390 ) );
#11177 = DIRECTION( '', ( -0.500000000000017, 0.866025403784429, 0.000000000000000 ) );
#11178 = DIRECTION( '', ( -0.342275159722615, 0.0917123526369141, 0.935113126531042 ) );
#11179 = DIRECTION( '', ( -0.500000000000017, 0.866025403784429, 0.000000000000000 ) );
#11180 = DIRECTION( '', ( -1.00000000000000, 0.000000000000000, 0.000000000000000 ) );
#11181 = DIRECTION( '', ( -1.00000000000000, 0.000000000000000, 0.000000000000000 ) );
#11182 = DIRECTION( '', ( -1.00000000000000, 0.000000000000000, 0.000000000000000 ) );
#11183 = DIRECTION( '', ( 6.36875258429000E-013, -1.65056166849500E-013, 1.00000000000000 ) );
#11184 = DIRECTION( '', ( -0.965925826289076, 0.258819045102493, 0.000000000000000 ) );
#11185 = DIRECTION( '', ( -0.965925826289076, 0.258819045102493, 0.000000000000000 ) );
#11186 = DIRECTION( '', ( -6.97869759018200E-014, 1.00000000000000, 6.97869759018200E-014 ) );
#11187 = DIRECTION( '', ( -1.00000000000000, 0.000000000000000, 0.000000000000000 ) );
#11188 = DIRECTION( '', ( 0.000000000000000, 1.00000000000000, 0.000000000000000 ) );
#11189 = DIRECTION( '', ( -1.00000000000000, 0.000000000000000, 0.000000000000000 ) );
#11190 = DIRECTION( '', ( 0.000000000000000, 0.000000000000000, 1.00000000000000 ) );
#11191 = DIRECTION( '', ( 0.000000000000000, -0.258819045102493, 0.965925826289076 ) );
#11192 = DIRECTION( '', ( 0.000000000000000, -1.00000000000000, 0.000000000000000 ) );
#11193 = DIRECTION( '', ( 0.000000000000000, 0.000000000000000, 1.00000000000000 ) );
#11194 = DIRECTION( '', ( 0.000000000000000, -1.00000000000000, 0.000000000000000 ) );
#11195 = DIRECTION( '', ( 0.000000000000000, -0.258819045102493, 0.965925826289076 ) );
#11196 = DIRECTION( '', ( 0.000000000000000, -1.00000000000000, 0.000000000000000 ) );
#11197 = DIRECTION( '', ( 0.000000000000000, 0.000000000000000, 1.00000000000000 ) );
#11198 = DIRECTION( '', ( 1.00000000000000, 0.000000000000000, 0.000000000000000 ) );
#11199 = DIRECTION( '', ( 1.00000000000000, 0.000000000000000, 0.000000000000000 ) );
#11200 = CARTESIAN_POINT( '', ( 0.000000000000000, 0.00186210253466099, 0.000000000000000 ) );
#11201 = DIRECTION( '', ( 0.000000000000000, 1.00000000000000, 0.000000000000000 ) );
#11202 = DIRECTION( '', ( 0.000000000000000, 0.000000000000000, -1.00000000000000 ) );
#11203 = CARTESIAN_POINT( '', ( 0.000000000000000, 0.00183756539099319, 0.000000000000000 ) );
#11204 = DIRECTION( '', ( 0.000000000000000, -1.00000000000000, 0.000000000000000 ) );
#11205 = DIRECTION( '', ( 0.000000000000000, 0.000000000000000, -1.00000000000000 ) );
#11206 = DIRECTION( '', ( 0.000000000000000, 1.00000000000000, 0.000000000000000 ) );
#11207 = DIRECTION( '', ( 0.000000000000000, 0.000000000000000, 1.00000000000000 ) );
#11208 = DIRECTION( '', ( 0.000000000000000, 1.00000000000000, 0.000000000000000 ) );
#11209 = DIRECTION( '', ( 0.000000000000000, 0.000000000000000, 1.00000000000000 ) );
#11210 = DIRECTION( '', ( 0.000000000000000, 1.00000000000000, 0.000000000000000 ) );
#11211 = DIRECTION( '', ( 0.000000000000000, 0.000000000000000, -1.00000000000000 ) );
#11212 = DIRECTION( '', ( 0.000000000000000, 1.00000000000000, 0.000000000000000 ) );
#11213 = DIRECTION( '', ( 1.23373533611500E-014, 0.000000000000000, 1.00000000000000 ) );
#11214 = DIRECTION( '', ( 0.000000000000000, 0.000000000000000, 1.00000000000000 ) );
#11215 = DIRECTION( '', ( 0.000000000000000, 0.000000000000000, -1.00000000000000 ) );
#11216 = DIRECTION( '', ( 0.000000000000000, -1.00000000000000, 0.000000000000000 ) );
#11217 = DIRECTION( '', ( 0.000000000000000, 0.000000000000000, -1.00000000000000 ) );
#11218 = CARTESIAN_POINT( '', ( -0.00269999999999936, 0.00126500000000002, -0.00274999999999916 ) );
#11219 = DIRECTION( '', ( -1.00000000000000, 0.000000000000000, 0.000000000000000 ) );
#11220 = DIRECTION( '', ( 0.000000000000000, 0.979795897113273, -0.199999999999994 ) );
#11221 = DIRECTION( '', ( 1.00000000000000, 0.000000000000000, 0.000000000000000 ) );
#11222 = CARTESIAN_POINT( '', ( -0.00204999999999993, 0.00126500000000002, -0.00274999999999916 ) );
#11223 = DIRECTION( '', ( -1.00000000000000, 0.000000000000000, 0.000000000000000 ) );
#11224 = DIRECTION( '', ( 0.000000000000000, 0.979795897113273, -0.199999999999994 ) );
#11225 = DIRECTION( '', ( 1.00000000000000, 0.000000000000000, 0.000000000000000 ) );
#11226 = DIRECTION( '', ( 0.000000000000000, 0.000000000000000, 1.00000000000000 ) );
#11227 = DIRECTION( '', ( 0.000000000000000, 1.58623114643300E-014, 1.00000000000000 ) );
#11228 = DIRECTION( '', ( 0.000000000000000, 0.258819045102493, 0.965925826289076 ) );
#11229 = DIRECTION( '', ( -1.00000000000000, 0.000000000000000, 0.000000000000000 ) );
#11230 = DIRECTION( '', ( 0.694746590606865, -0.186156787897391, -0.694746590606865 ) );
#11231 = DIRECTION( '', ( 0.000000000000000, -1.00000000000000, 0.000000000000000 ) );
#11232 = DIRECTION( '', ( -0.322264167895491, 0.000000000000000, -0.946649780061574 ) );
#11233 = DIRECTION( '', ( 0.000000000000000, -1.00000000000000, 0.000000000000000 ) );
#11234 = DIRECTION( '', ( -0.322264167895491, 0.000000000000000, -0.946649780061574 ) );
#11235 = DIRECTION( '', ( 0.000000000000000, 0.000000000000000, -1.00000000000000 ) );
#11236 = DIRECTION( '', ( 0.322264159288805, 0.000000000000000, -0.946649782991514 ) );
#11237 = DIRECTION( '', ( 0.714510384801831, 0.000000000000000, -0.699624835186930 ) );
#11238 = DIRECTION( '', ( 0.898138097170915, 0.000000000000000, -0.439713495824507 ) );
#11239 = DIRECTION( '', ( 1.00000000000000, 0.000000000000000, 0.000000000000000 ) );
#11240 = DIRECTION( '', ( 0.898138137710479, 0.000000000000000, 0.439713413020290 ) );
#11241 = DIRECTION( '', ( 0.714510425624894, 0.000000000000000, 0.699624793495294 ) );
#11242 = DIRECTION( '', ( 0.000000000000000, 0.000000000000000, 1.00000000000000 ) );
#11243 = DIRECTION( '', ( -0.322263763377203, 0.000000000000000, 0.946649917770008 ) );
#11244 = DIRECTION( '', ( -0.714510425624894, 0.000000000000000, 0.699624793495294 ) );
#11245 = DIRECTION( '', ( -0.898138137710479, 0.000000000000000, 0.439713413020290 ) );
#11246 = DIRECTION( '', ( -1.00000000000000, 0.000000000000000, 0.000000000000000 ) );
#11247 = DIRECTION( '', ( -0.898138097170915, 0.000000000000000, -0.439713495824507 ) );
#11248 = DIRECTION( '', ( -0.714510384801831, 0.000000000000000, -0.699624835186930 ) );
#11249 = DIRECTION( '', ( 0.000000000000000, -1.00000000000000, 0.000000000000000 ) );
#11250 = DIRECTION( '', ( 0.000000000000000, 0.000000000000000, 1.00000000000000 ) );
#11251 = DIRECTION( '', ( 0.000000000000000, -1.00000000000000, 0.000000000000000 ) );
#11252 = DIRECTION( '', ( 0.000000000000000, 0.000000000000000, 1.00000000000000 ) );
#11253 = CARTESIAN_POINT( '', ( 0.00195000000000007, 0.00126500000000002, -0.00305000000000050 ) );
#11254 = DIRECTION( '', ( -0.000000000000000, 1.00000000000000, 0.000000000000000 ) );
#11255 = DIRECTION( '', ( 1.00000000000000, 0.000000000000000, 0.000000000000000 ) );
#11256 = CARTESIAN_POINT( '', ( 0.00195000000000007, 0.000764999999999988, -0.00305000000000050 ) );
#11257 = DIRECTION( '', ( 0.000000000000000, -1.00000000000000, 0.000000000000000 ) );
#11258 = DIRECTION( '', ( 0.000000000000000, 0.000000000000000, -1.00000000000000 ) );
#11259 = DIRECTION( '', ( 0.000000000000000, -1.00000000000000, 0.000000000000000 ) );
#11260 = CARTESIAN_POINT( '', ( -0.00195000000000007, 0.00126500000000002, -0.00305000000000050 ) );
#11261 = DIRECTION( '', ( 0.000000000000000, 1.00000000000000, 0.000000000000000 ) );
#11262 = DIRECTION( '', ( 0.000000000000000, 0.000000000000000, -1.00000000000000 ) );
#11263 = DIRECTION( '', ( 0.000000000000000, -1.00000000000000, 0.000000000000000 ) );
#11264 = CARTESIAN_POINT( '', ( -0.00195000000000007, 0.000764999999999988, -0.00305000000000050 ) );
#11265 = DIRECTION( '', ( 0.000000000000000, -1.00000000000000, 0.000000000000000 ) );
#11266 = DIRECTION( '', ( -1.00000000000000, 0.000000000000000, 0.000000000000000 ) );
#11267 = DIRECTION( '', ( 0.000000000000000, -1.00000000000000, 0.000000000000000 ) );
#11268 = DIRECTION( '', ( 0.000000000000000, 0.000000000000000, -1.00000000000000 ) );
#11269 = DIRECTION( '', ( 6.97869759018200E-014, 1.00000000000000, -6.97869759018200E-014 ) );
#11270 = CARTESIAN_POINT( '', ( -0.00269999999999936, 0.00126500000000002, 0.00274999999999916 ) );
#11271 = DIRECTION( '', ( 1.00000000000000, 0.000000000000000, 0.000000000000000 ) );
#11272 = DIRECTION( '', ( 0.000000000000000, 1.00000000000000, 0.000000000000000 ) );
#11273 = DIRECTION( '', ( 0.000000000000000, -1.00000000000000, 0.000000000000000 ) );
#11274 = DIRECTION( '', ( -1.00000000000000, 0.000000000000000, 0.000000000000000 ) );
#11275 = DIRECTION( '', ( 0.000000000000000, -1.00000000000000, 0.000000000000000 ) );
#11276 = DIRECTION( '', ( -1.00000000000000, 0.000000000000000, 0.000000000000000 ) );
#11277 = DIRECTION( '', ( 0.000000000000000, -1.00000000000000, 0.000000000000000 ) );
#11278 = DIRECTION( '', ( -0.875926763487301, 0.000000000000000, 0.482444095213800 ) );
#11279 = DIRECTION( '', ( -0.875926763487301, 0.000000000000000, 0.482444095213800 ) );
#11280 = DIRECTION( '', ( -0.875926763487301, 0.000000000000000, -0.482444095213800 ) );
#11281 = DIRECTION( '', ( 0.000000000000000, -1.00000000000000, 0.000000000000000 ) );
#11282 = DIRECTION( '', ( -0.875926763487301, 0.000000000000000, -0.482444095213800 ) );
#11283 = DIRECTION( '', ( 0.000000000000000, -1.00000000000000, 0.000000000000000 ) );
#11284 = DIRECTION( '', ( -0.562790931241723, 0.000000000000000, 0.826599278799634 ) );
#11285 = DIRECTION( '', ( -0.562790931241723, 0.000000000000000, 0.826599278799634 ) );
#11286 = DIRECTION( '', ( -0.322264167895491, 0.000000000000000, 0.946649780061574 ) );
#11287 = DIRECTION( '', ( -0.322264167895491, 0.000000000000000, 0.946649780061574 ) );
#11288 = CARTESIAN_POINT( '', ( -0.00195000000000007, 0.00126500000000002, 0.00305000000000050 ) );
#11289 = DIRECTION( '', ( 0.000000000000000, 1.00000000000000, 0.000000000000000 ) );
#11290 = DIRECTION( '', ( -1.00000000000000, 0.000000000000000, 0.000000000000000 ) );
#11291 = DIRECTION( '', ( 0.000000000000000, -1.00000000000000, 0.000000000000000 ) );
#11292 = CARTESIAN_POINT( '', ( -0.00195000000000007, 0.000764999999999988, 0.00305000000000050 ) );
#11293 = DIRECTION( '', ( 0.000000000000000, -1.00000000000000, 0.000000000000000 ) );
#11294 = DIRECTION( '', ( 0.000000000000000, 0.000000000000000, 1.00000000000000 ) );
#11295 = DIRECTION( '', ( 0.000000000000000, -1.00000000000000, 0.000000000000000 ) );
#11296 = DIRECTION( '', ( -1.00000000000000, 0.000000000000000, 0.000000000000000 ) );
#11297 = DIRECTION( '', ( 0.000000000000000, 0.000000000000000, -1.00000000000000 ) );
#11298 = DIRECTION( '', ( -0.707106781186548, 0.000000000000000, -0.707106781186548 ) );
#11299 = DIRECTION( '', ( -1.00000000000000, 0.000000000000000, 0.000000000000000 ) );
#11300 = DIRECTION( '', ( -1.00000000000000, 0.000000000000000, 0.000000000000000 ) );
#11301 = DIRECTION( '', ( 1.00000000000000, 0.000000000000000, 0.000000000000000 ) );
#11302 = DIRECTION( '', ( 0.000000000000000, 0.000000000000000, 1.00000000000000 ) );
#11303 = DIRECTION( '', ( 1.00000000000000, 0.000000000000000, 0.000000000000000 ) );
#11304 = DIRECTION( '', ( 0.000000000000000, 0.000000000000000, 1.00000000000000 ) );
#11305 = DIRECTION( '', ( 1.00000000000000, 0.000000000000000, 0.000000000000000 ) );
#11306 = DIRECTION( '', ( 0.000000000000000, 0.000000000000000, 1.00000000000000 ) );
#11307 = DIRECTION( '', ( 1.00000000000000, 0.000000000000000, 0.000000000000000 ) );
#11308 = DIRECTION( '', ( 1.00000000000000, 0.000000000000000, 0.000000000000000 ) );
#11309 = DIRECTION( '', ( 0.000000000000000, 0.000000000000000, 1.00000000000000 ) );
#11310 = DIRECTION( '', ( 1.00000000000000, 0.000000000000000, 0.000000000000000 ) );
#11311 = DIRECTION( '', ( 0.707106781186548, 0.000000000000000, 0.707106781186548 ) );
#11312 = DIRECTION( '', ( 1.00000000000000, 0.000000000000000, 0.000000000000000 ) );
#11313 = DIRECTION( '', ( 1.00000000000000, 0.000000000000000, 0.000000000000000 ) );
#11314 = DIRECTION( '', ( 0.000000000000000, 0.000000000000000, -1.00000000000000 ) );
#11315 = DIRECTION( '', ( -1.00000000000000, 0.000000000000000, 0.000000000000000 ) );
#11316 = DIRECTION( '', ( 0.000000000000000, 0.000000000000000, 1.00000000000000 ) );
#11317 = DIRECTION( '', ( 1.00000000000000, 0.000000000000000, 0.000000000000000 ) );
#11318 = DIRECTION( '', ( 0.000000000000000, 0.000000000000000, -1.00000000000000 ) );
#11319 = DIRECTION( '', ( 0.000000000000000, 0.000000000000000, -1.00000000000000 ) );
#11320 = DIRECTION( '', ( -1.00000000000000, 0.000000000000000, 0.000000000000000 ) );
#11321 = DIRECTION( '', ( 0.000000000000000, 0.000000000000000, -1.00000000000000 ) );
#11322 = DIRECTION( '', ( -1.00000000000000, 0.000000000000000, 0.000000000000000 ) );
#11323 = DIRECTION( '', ( 0.000000000000000, 0.000000000000000, -1.00000000000000 ) );
#11324 = DIRECTION( '', ( 0.000000000000000, 0.000000000000000, 1.00000000000000 ) );
#11325 = CARTESIAN_POINT( '', ( 0.000000000000000, 0.00151500000000004, 0.000000000000000 ) );
#11326 = DIRECTION( '', ( 0.000000000000000, -1.00000000000000, 0.000000000000000 ) );
#11327 = DIRECTION( '', ( -1.00000000000000, 0.000000000000000, 0.000000000000000 ) );
#11328 = DIRECTION( '', ( 0.000000000000000, -1.00000000000000, 0.000000000000000 ) );
#11329 = DIRECTION( '', ( -0.262769947342308, 0.000000000000000, -0.964858515417530 ) );
#11330 = DIRECTION( '', ( -0.262769947342308, 0.000000000000000, -0.964858515417530 ) );
#11331 = DIRECTION( '', ( 0.000000000000000, -1.00000000000000, 0.000000000000000 ) );
#11332 = DIRECTION( '', ( -0.938718179984337, 0.000000000000000, -0.344685622802713 ) );
#11333 = DIRECTION( '', ( 0.000000000000000, -1.00000000000000, 0.000000000000000 ) );
#11334 = DIRECTION( '', ( -0.938718179984337, 0.000000000000000, -0.344685622802713 ) );
#11335 = DIRECTION( '', ( 0.000000000000000, 0.000000000000000, 1.00000000000000 ) );
#11336 = DIRECTION( '', ( -0.325568154457201, 0.945518575599302, 0.000000000000000 ) );
#11337 = DIRECTION( '', ( 0.000000000000000, 0.000000000000000, 1.00000000000000 ) );
#11338 = DIRECTION( '', ( -0.325568154457201, 0.945518575599302, 0.000000000000000 ) );
#11339 = DIRECTION( '', ( 0.000000000000000, 1.00000000000000, 0.000000000000000 ) );
#11340 = DIRECTION( '', ( 0.000000000000000, 1.00000000000000, 0.000000000000000 ) );
#11341 = DIRECTION( '', ( -1.00000000000000, 0.000000000000000, 0.000000000000000 ) );
#11342 = DIRECTION( '', ( 0.000000000000000, 0.258819045102493, 0.965925826289076 ) );
#11343 = DIRECTION( '', ( 0.000000000000000, -1.00000000000000, 0.000000000000000 ) );
#11344 = DIRECTION( '', ( 0.000000000000000, 0.000000000000000, 1.00000000000000 ) );
#11345 = DIRECTION( '', ( 0.000000000000000, -1.00000000000000, 0.000000000000000 ) );
#11346 = DIRECTION( '', ( 0.000000000000000, 0.000000000000000, -1.00000000000000 ) );
#11347 = DIRECTION( '', ( 0.000000000000000, 0.000000000000000, 1.00000000000000 ) );
#11348 = CARTESIAN_POINT( '', ( -0.00184999999999997, -3.50001836602496E-005, 0.00300000000000070 ) );
#11349 = DIRECTION( '', ( 0.000000000000000, 0.000000000000000, -1.00000000000000 ) );
#11350 = DIRECTION( '', ( 1.15362265195100E-014, -1.00000000000000, 0.000000000000000 ) );
#11351 = CARTESIAN_POINT( '', ( -0.00184999999999997, -3.50001836602496E-005, 0.00279999999999896 ) );
#11352 = DIRECTION( '', ( 0.000000000000000, 0.000000000000000, -1.00000000000000 ) );
#11353 = DIRECTION( '', ( 1.21771279928200E-014, -1.00000000000000, 0.000000000000000 ) );
#11354 = DIRECTION( '', ( 0.965925826289076, 0.258819045102493, 0.000000000000000 ) );
#11355 = DIRECTION( '', ( 0.000000000000000, 0.000000000000000, 1.00000000000000 ) );
#11356 = DIRECTION( '', ( 0.965925826289076, 0.258819045102493, 0.000000000000000 ) );
#11357 = DIRECTION( '', ( -0.342275159722703, 0.0917123526369209, -0.935113126531009 ) );
#11358 = DIRECTION( '', ( 0.500000000000017, -0.866025403784429, 0.000000000000000 ) );
#11359 = DIRECTION( '', ( 0.409064926172195, -0.236173745241597, 0.881412416655390 ) );
#11360 = DIRECTION( '', ( 0.500000000000017, -0.866025403784429, 0.000000000000000 ) );
#11361 = DIRECTION( '', ( 0.147788364107806, 0.255976955402210, 0.955319003127936 ) );
#11362 = DIRECTION( '', ( 1.00000000000000, 0.000000000000000, 0.000000000000000 ) );
#11363 = DIRECTION( '', ( 1.00000000000000, 0.000000000000000, 0.000000000000000 ) );
#11364 = DIRECTION( '', ( 1.00000000000000, 0.000000000000000, 0.000000000000000 ) );
#11365 = DIRECTION( '', ( -0.147788364107806, 0.255976955402210, 0.955319003127936 ) );
#11366 = DIRECTION( '', ( 0.500000000000017, 0.866025403784429, 0.000000000000000 ) );
#11367 = DIRECTION( '', ( -0.409064926172195, -0.236173745241597, 0.881412416655390 ) );
#11368 = DIRECTION( '', ( 0.500000000000017, 0.866025403784429, 0.000000000000000 ) );
#11369 = DIRECTION( '', ( 0.342275159722703, 0.0917123526369407, -0.935113126531007 ) );
#11370 = CARTESIAN_POINT( '', ( -0.00139999999999999, -0.000675000000000094, 0.00195000000000007 ) );
#11371 = DIRECTION( '', ( 0.000000000000000, -1.00000000000000, 0.000000000000000 ) );
#11372 = DIRECTION( '', ( -1.00000000000000, 0.000000000000000, 0.000000000000000 ) );
#11373 = CARTESIAN_POINT( '', ( 0.00195000000000007, 0.000764999999999988, 0.00305000000000050 ) );
#11374 = DIRECTION( '', ( 0.000000000000000, -1.00000000000000, 0.000000000000000 ) );
#11375 = DIRECTION( '', ( 1.00000000000000, 0.000000000000000, 0.000000000000000 ) );
#11376 = DIRECTION( '', ( 1.00000000000000, 0.000000000000000, 0.000000000000000 ) );
#11377 = DIRECTION( '', ( 1.32185928869400E-014, 0.000000000000000, 1.00000000000000 ) );
#11378 = DIRECTION( '', ( -1.00000000000000, 0.000000000000000, 0.000000000000000 ) );
#11379 = DIRECTION( '', ( -1.00000000000000, -1.79772863262400E-014, 0.000000000000000 ) );
#11380 = DIRECTION( '', ( 0.000000000000000, 0.000000000000000, -1.00000000000000 ) );
#11381 = DIRECTION( '', ( 1.00000000000000, -8.63614735280100E-014, 0.000000000000000 ) );
#11382 = DIRECTION( '', ( -4.22991864910100E-014, -1.00000000000000, 1.40997288303400E-014 ) );
#11383 = DIRECTION( '', ( 0.000000000000000, -1.00000000000000, 0.000000000000000 ) );
#11384 = DIRECTION( '', ( 1.40998324127400E-014, -2.64371857738900E-014, 1.00000000000000 ) );
#11385 = DIRECTION( '', ( -1.00000000000000, 0.000000000000000, 0.000000000000000 ) );
#11386 = DIRECTION( '', ( -1.40998324127400E-014, 0.000000000000000, 1.00000000000000 ) );
#11387 = DIRECTION( '', ( 1.00000000000000, 0.000000000000000, 0.000000000000000 ) );
#11388 = DIRECTION( '', ( 0.000000000000000, 0.000000000000000, -1.00000000000000 ) );
#11389 = DIRECTION( '', ( 1.00000000000000, 1.72722947056100E-014, 0.000000000000000 ) );
#11390 = DIRECTION( '', ( 0.000000000000000, 0.000000000000000, 1.00000000000000 ) );
#11391 = CARTESIAN_POINT( '', ( 0.00305000000000050, 0.000764999999999988, -0.00190000000000002 ) );
#11392 = DIRECTION( '', ( 0.000000000000000, -1.00000000000000, 0.000000000000000 ) );
#11393 = DIRECTION( '', ( 0.333333333333203, 0.000000000000000, -0.942809041582109 ) );
#11394 = DIRECTION( '', ( 0.000000000000000, 0.000000000000000, -1.00000000000000 ) );
#11395 = DIRECTION( '', ( 0.000000000000000, 0.000000000000000, 1.00000000000000 ) );
#11396 = DIRECTION( '', ( 0.000000000000000, -1.00000000000000, 0.000000000000000 ) );
#11397 = CARTESIAN_POINT( '', ( 0.00305000000000050, 0.00126500000000002, -0.00190000000000002 ) );
#11398 = DIRECTION( '', ( -0.000000000000000, 1.00000000000000, 0.000000000000000 ) );
#11399 = DIRECTION( '', ( 1.00000000000000, 0.000000000000000, 0.000000000000000 ) );
#11400 = DIRECTION( '', ( 0.000000000000000, -1.00000000000000, 0.000000000000000 ) );
#11401 = CARTESIAN_POINT( '', ( 0.00305000000000050, 0.000764999999999988, -0.00190000000000002 ) );
#11402 = DIRECTION( '', ( 0.000000000000000, -1.00000000000000, 0.000000000000000 ) );
#11403 = DIRECTION( '', ( 3.28996089630600E-014, 0.000000000000000, -1.00000000000000 ) );
#11404 = DIRECTION( '', ( 0.000000000000000, 0.000000000000000, -1.00000000000000 ) );
#11405 = DIRECTION( '', ( -1.00000000000000, -1.79772863262400E-014, 0.000000000000000 ) );
#11406 = DIRECTION( '', ( 0.000000000000000, 0.000000000000000, -1.00000000000000 ) );
#11407 = DIRECTION( '', ( -1.00000000000000, 0.000000000000000, 0.000000000000000 ) );
#11408 = DIRECTION( '', ( 1.00000000000000, 0.000000000000000, 0.000000000000000 ) );
#11409 = DIRECTION( '', ( -1.40998324127400E-014, 2.46747067222900E-014, 1.00000000000000 ) );
#11410 = DIRECTION( '', ( 1.00000000000000, -8.98864316312400E-014, 0.000000000000000 ) );
#11411 = DIRECTION( '', ( -3.52495810318500E-014, 6.34492458573300E-014, 1.00000000000000 ) );
#11412 = DIRECTION( '', ( 0.000000000000000, -1.00000000000000, 0.000000000000000 ) );
#11413 = DIRECTION( '', ( 0.000000000000000, 0.000000000000000, -1.00000000000000 ) );
#11414 = CARTESIAN_POINT( '', ( -0.00184999999999997, -8.50001836602528E-005, 0.00300000000000070 ) );
#11415 = DIRECTION( '', ( 0.000000000000000, 0.000000000000000, -1.00000000000000 ) );
#11416 = DIRECTION( '', ( 0.258819045102493, -0.965925826289076, 0.000000000000000 ) );
#11417 = DIRECTION( '', ( 0.000000000000000, 0.000000000000000, 1.00000000000000 ) );
#11418 = CARTESIAN_POINT( '', ( -0.00184999999999997, -8.50001836602528E-005, 0.00279999999999896 ) );
#11419 = DIRECTION( '', ( 0.000000000000000, 0.000000000000000, 1.00000000000000 ) );
#11420 = DIRECTION( '', ( 5.40493575821700E-014, -1.00000000000000, 0.000000000000000 ) );
#11421 = DIRECTION( '', ( 0.000000000000000, 0.000000000000000, 1.00000000000000 ) );
#11422 = DIRECTION( '', ( 1.00000000000000, 1.79772863262400E-014, 0.000000000000000 ) );
#11423 = DIRECTION( '', ( 1.00000000000000, 0.000000000000000, 0.000000000000000 ) );
#11424 = DIRECTION( '', ( -1.67435509901300E-014, 0.000000000000000, 1.00000000000000 ) );
#11425 = DIRECTION( '', ( -1.00000000000000, 0.000000000000000, 0.000000000000000 ) );
#11426 = CARTESIAN_POINT( '', ( -0.00305000000000050, 0.000764999999999988, 0.00190000000000002 ) );
#11427 = DIRECTION( '', ( 0.000000000000000, -1.00000000000000, 0.000000000000000 ) );
#11428 = DIRECTION( '', ( -0.333333333333412, 0.000000000000000, 0.942809041582035 ) );
#11429 = DIRECTION( '', ( 0.000000000000000, 0.000000000000000, 1.00000000000000 ) );
#11430 = CARTESIAN_POINT( '', ( -0.00305000000000050, 0.000764999999999988, -0.00190000000000002 ) );
#11431 = DIRECTION( '', ( 0.000000000000000, -1.00000000000000, 0.000000000000000 ) );
#11432 = DIRECTION( '', ( -1.00000000000000, 0.000000000000000, 0.000000000000000 ) );
#11433 = DIRECTION( '', ( 0.000000000000000, -1.00000000000000, 0.000000000000000 ) );
#11434 = CARTESIAN_POINT( '', ( -0.00305000000000050, 0.00126500000000002, -0.00190000000000002 ) );
#11435 = DIRECTION( '', ( 0.000000000000000, 1.00000000000000, 0.000000000000000 ) );
#11436 = DIRECTION( '', ( 0.000000000000000, 0.000000000000000, -1.00000000000000 ) );
#11437 = DIRECTION( '', ( 0.000000000000000, -1.00000000000000, 0.000000000000000 ) );
#11438 = CARTESIAN_POINT( '', ( -0.00305000000000050, 0.000764999999999988, -0.00190000000000002 ) );
#11439 = DIRECTION( '', ( 0.000000000000000, -1.00000000000000, -0.000000000000000 ) );
#11440 = DIRECTION( '', ( -0.333333333333412, 0.000000000000000, -0.942809041582035 ) );
#11441 = CARTESIAN_POINT( '', ( -0.00305000000000050, 0.00126500000000002, 0.00190000000000002 ) );
#11442 = DIRECTION( '', ( 0.000000000000000, 1.00000000000000, 0.000000000000000 ) );
#11443 = DIRECTION( '', ( -1.00000000000000, 0.000000000000000, 0.000000000000000 ) );
#11444 = DIRECTION( '', ( 0.000000000000000, -1.00000000000000, 0.000000000000000 ) );
#11445 = CARTESIAN_POINT( '', ( -0.00305000000000050, 0.000764999999999988, 0.00190000000000002 ) );
#11446 = DIRECTION( '', ( 0.000000000000000, -1.00000000000000, 0.000000000000000 ) );
#11447 = DIRECTION( '', ( 3.99495251694300E-014, 0.000000000000000, 1.00000000000000 ) );
#11448 = DIRECTION( '', ( 0.000000000000000, 1.00000000000000, 0.000000000000000 ) );
#11449 = DIRECTION( '', ( -0.500000000000017, -0.866025403784429, 0.000000000000000 ) );
#11450 = DIRECTION( '', ( -0.409064926172195, -0.236173745241597, -0.881412416655390 ) );
#11451 = DIRECTION( '', ( -0.500000000000017, -0.866025403784429, 0.000000000000000 ) );
#11452 = DIRECTION( '', ( 0.147788364107806, -0.255976955402210, 0.955319003127936 ) );
#11453 = DIRECTION( '', ( -0.500000000000017, -0.866025403784429, 0.000000000000000 ) );
#11454 = DIRECTION( '', ( 0.000000000000000, 1.00000000000000, 0.000000000000000 ) );
#11455 = DIRECTION( '', ( -5.09010514151500E-014, -1.00000000000000, -1.69670171383800E-014 ) );
#11456 = DIRECTION( '', ( -1.00000000000000, 0.000000000000000, 0.000000000000000 ) );
#11457 = DIRECTION( '', ( -1.00000000000000, 0.000000000000000, 0.000000000000000 ) );
#11458 = DIRECTION( '', ( 0.000000000000000, -1.00000000000000, 0.000000000000000 ) );
#11459 = DIRECTION( '', ( -1.00000000000000, 0.000000000000000, 0.000000000000000 ) );
#11460 = DIRECTION( '', ( -1.69670171383800E-014, -1.00000000000000, -1.69670171383800E-014 ) );
#11461 = DIRECTION( '', ( 0.325568154457201, 0.945518575599302, 0.000000000000000 ) );
#11462 = CARTESIAN_POINT( '', ( 0.00184999999999997, -3.50001836602496E-005, 0.00279999999999896 ) );
#11463 = DIRECTION( '', ( 0.000000000000000, 0.000000000000000, 1.00000000000000 ) );
#11464 = DIRECTION( '', ( 0.000000000000000, -1.00000000000000, 0.000000000000000 ) );
#11465 = CARTESIAN_POINT( '', ( 0.00184999999999997, -8.50001836602528E-005, 0.00279999999999896 ) );
#11466 = DIRECTION( '', ( 0.000000000000000, 0.000000000000000, 1.00000000000000 ) );
#11467 = DIRECTION( '', ( -0.258819045102493, -0.965925826289076, 0.000000000000000 ) );
#11468 = DIRECTION( '', ( 0.965925826289076, -0.258819045102493, 0.000000000000000 ) );
#11469 = DIRECTION( '', ( 1.00000000000000, 0.000000000000000, 0.000000000000000 ) );
#11470 = CARTESIAN_POINT( '', ( -0.00184999999999997, -8.50001836602528E-005, 0.00279999999999896 ) );
#11471 = DIRECTION( '', ( 0.000000000000000, 0.000000000000000, 1.00000000000000 ) );
#11472 = DIRECTION( '', ( 1.33948407921000E-014, -1.00000000000000, 0.000000000000000 ) );
#11473 = CARTESIAN_POINT( '', ( -0.00264999999999956, 0.000764999999999988, 0.00264999999999956 ) );
#11474 = DIRECTION( '', ( 0.000000000000000, -1.00000000000000, 0.000000000000000 ) );
#11475 = DIRECTION( '', ( -3.99495251694300E-014, 0.000000000000000, 1.00000000000000 ) );
#11476 = DIRECTION( '', ( 0.000000000000000, 0.000000000000000, 1.00000000000000 ) );
#11477 = CARTESIAN_POINT( '', ( -0.00295000000000090, 0.000764999999999988, 0.00220000000000009 ) );
#11478 = DIRECTION( '', ( -0.000000000000000, 1.00000000000000, 0.000000000000000 ) );
#11479 = DIRECTION( '', ( 1.00000000000000, 0.000000000000000, 0.000000000000000 ) );
#11480 = DIRECTION( '', ( -1.00000000000000, 0.000000000000000, 0.000000000000000 ) );
#11481 = DIRECTION( '', ( -0.965925826289076, 0.258819045102493, 0.000000000000000 ) );
#11482 = CARTESIAN_POINT( '', ( 0.00184999999999997, -8.50001836602528E-005, 0.00279999999999896 ) );
#11483 = DIRECTION( '', ( 0.000000000000000, 0.000000000000000, 1.00000000000000 ) );
#11484 = DIRECTION( '', ( -0.258819045102493, -0.965925826289076, 0.000000000000000 ) );
#11485 = DIRECTION( '', ( 0.342020143325699, -0.939692620785897, 0.000000000000000 ) );
#11486 = DIRECTION( '', ( 0.000000000000000, -1.00000000000000, 0.000000000000000 ) );
#11487 = DIRECTION( '', ( -0.342020143325699, -0.939692620785897, 0.000000000000000 ) );
#11488 = CARTESIAN_POINT( '', ( -0.00184999999999997, -3.50001836602496E-005, 0.00279999999999896 ) );
#11489 = DIRECTION( '', ( 0.000000000000000, 0.000000000000000, -1.00000000000000 ) );
#11490 = DIRECTION( '', ( 4.05370181866300E-014, -1.00000000000000, 0.000000000000000 ) );
#11491 = DIRECTION( '', ( -0.965925826289076, -0.258819045102493, 0.000000000000000 ) );
#11492 = DIRECTION( '', ( 0.000000000000000, -1.00000000000000, 0.000000000000000 ) );
#11493 = DIRECTION( '', ( -1.40997288303400E-014, -1.00000000000000, 0.000000000000000 ) );
#11494 = DIRECTION( '', ( 1.40997288303400E-014, -1.00000000000000, 1.40997288303400E-014 ) );
#11495 = DIRECTION( '', ( -0.965925826289076, -0.258819045102493, -3.04625967206592E-014 ) );
#11496 = DIRECTION( '', ( 0.000000000000000, 0.000000000000000, 1.00000000000000 ) );
#11497 = DIRECTION( '', ( 0.000000000000000, -0.258819045102493, 0.965925826289076 ) );
#11498 = DIRECTION( '', ( 0.000000000000000, -1.00000000000000, 0.000000000000000 ) );
#11499 = DIRECTION( '', ( 0.000000000000000, -1.00000000000000, 0.000000000000000 ) );
#11500 = DIRECTION( '', ( -1.00000000000000, 0.000000000000000, 0.000000000000000 ) );
#11501 = DIRECTION( '', ( 1.00000000000000, 0.000000000000000, 0.000000000000000 ) );
#11502 = CARTESIAN_POINT( '', ( -0.00249999999999991, -0.000334999999999930, 0.00139999999999999 ) );
#11503 = DIRECTION( '', ( 0.000000000000000, 0.000000000000000, 1.00000000000000 ) );
#11504 = DIRECTION( '', ( -1.00000000000000, 0.000000000000000, 0.000000000000000 ) );
#11505 = DIRECTION( '', ( 0.000000000000000, 0.000000000000000, 1.00000000000000 ) );
#11506 = DIRECTION( '', ( 0.000000000000000, -1.00000000000000, 0.000000000000000 ) );
#11507 = DIRECTION( '', ( -0.806004527679428, 0.000000000000000, 0.591909369211421 ) );
#11508 = DIRECTION( '', ( 0.000000000000000, -1.00000000000000, 0.000000000000000 ) );
#11509 = DIRECTION( '', ( -0.806004527679428, 0.000000000000000, 0.591909369211421 ) );
#11510 = DIRECTION( '', ( 0.000000000000000, -1.00000000000000, 0.000000000000000 ) );
#11511 = DIRECTION( '', ( 0.632699249308977, 0.000000000000000, 0.774397611000872 ) );
#11512 = DIRECTION( '', ( 0.000000000000000, -1.00000000000000, 0.000000000000000 ) );
#11513 = DIRECTION( '', ( 0.632699249308977, 0.000000000000000, 0.774397611000872 ) );
#11514 = DIRECTION( '', ( 0.000000000000000, -1.00000000000000, 0.000000000000000 ) );
#11515 = DIRECTION( '', ( 0.714510425624894, 0.000000000000000, 0.699624793495294 ) );
#11516 = DIRECTION( '', ( 0.000000000000000, 0.000000000000000, -1.00000000000000 ) );
#11517 = CARTESIAN_POINT( '', ( 0.00184999999999997, -3.50001836602496E-005, -0.00279999999999896 ) );
#11518 = DIRECTION( '', ( 0.000000000000000, 0.000000000000000, 1.00000000000000 ) );
#11519 = DIRECTION( '', ( -4.05370181866300E-014, -1.00000000000000, 0.000000000000000 ) );
#11520 = CARTESIAN_POINT( '', ( 0.000000000000000, 0.000764999999999988, 0.000000000000000 ) );
#11521 = DIRECTION( '', ( 0.000000000000000, -1.00000000000000, -0.000000000000000 ) );
#11522 = DIRECTION( '', ( -0.178571428571392, 0.000000000000000, -0.983926950996857 ) );
#11523 = DIRECTION( '', ( 0.000000000000000, -1.00000000000000, 0.000000000000000 ) );
#11524 = CARTESIAN_POINT( '', ( 0.000000000000000, 0.000865000000000096, 0.000000000000000 ) );
#11525 = DIRECTION( '', ( 0.000000000000000, 1.00000000000000, 0.000000000000000 ) );
#11526 = DIRECTION( '', ( 0.178571428571410, 0.000000000000000, -0.983926950996854 ) );
#11527 = DIRECTION( '', ( 0.000000000000000, -1.00000000000000, 0.000000000000000 ) );
#11528 = DIRECTION( '', ( 0.000000000000000, 1.00000000000000, 0.000000000000000 ) );
#11529 = DIRECTION( '', ( 0.000000000000000, 1.00000000000000, 0.000000000000000 ) );
#11530 = DIRECTION( '', ( -1.00000000000000, 0.000000000000000, 0.000000000000000 ) );
#11531 = CARTESIAN_POINT( '', ( -0.00346165000000086, -0.000175000000000011, 0.00235999999999996 ) );
#11532 = DIRECTION( '', ( 0.000000000000000, 0.000000000000000, -1.00000000000000 ) );
#11533 = DIRECTION( '', ( -0.965925826289076, 0.258819045102493, 0.000000000000000 ) );
#11534 = DIRECTION( '', ( 0.000000000000000, 0.000000000000000, -1.00000000000000 ) );
#11535 = CARTESIAN_POINT( '', ( -0.00346165000000086, -0.000175000000000011, 0.00165999999999996 ) );
#11536 = DIRECTION( '', ( 0.000000000000000, 0.000000000000000, -1.00000000000000 ) );
#11537 = DIRECTION( '', ( -0.965925826289076, 0.258819045102493, 0.000000000000000 ) );
#11538 = DIRECTION( '', ( 0.000000000000000, -1.00000000000000, 0.000000000000000 ) );
#11539 = DIRECTION( '', ( 0.714510420522030, 0.000000000000000, 0.699624798706729 ) );
#11540 = DIRECTION( '', ( 0.714510420522030, 0.000000000000000, 0.699624798706729 ) );
#11541 = CARTESIAN_POINT( '', ( -0.00264999999999956, 0.00126500000000002, 0.00264999999999956 ) );
#11542 = DIRECTION( '', ( 0.000000000000000, 1.00000000000000, 0.000000000000000 ) );
#11543 = DIRECTION( '', ( -1.00000000000000, 0.000000000000000, 0.000000000000000 ) );
#11544 = DIRECTION( '', ( 0.000000000000000, -1.00000000000000, 0.000000000000000 ) );
#11545 = CARTESIAN_POINT( '', ( 0.000000000000000, 0.000964999999999950, 0.000000000000000 ) );
#11546 = DIRECTION( '', ( 0.000000000000000, 1.00000000000000, 0.000000000000000 ) );
#11547 = DIRECTION( '', ( 0.000000000000000, 0.000000000000000, -1.00000000000000 ) );
#11548 = DIRECTION( '', ( 0.000000000000000, 1.00000000000000, 0.000000000000000 ) );
#11549 = CARTESIAN_POINT( '', ( 0.000000000000000, 0.000914999999999896, 0.000000000000000 ) );
#11550 = DIRECTION( '', ( 0.000000000000000, 1.00000000000000, 0.000000000000000 ) );
#11551 = DIRECTION( '', ( 0.333333333333292, 0.000000000000000, -0.942809041582078 ) );
#11552 = DIRECTION( '', ( 0.000000000000000, 1.00000000000000, 0.000000000000000 ) );
#11553 = CARTESIAN_POINT( '', ( 0.000000000000000, 0.000764999999999988, 0.000000000000000 ) );
#11554 = DIRECTION( '', ( -0.000000000000000, 1.00000000000000, 0.000000000000000 ) );
#11555 = DIRECTION( '', ( 0.333333333333292, 0.000000000000000, 0.942809041582078 ) );
#11556 = DIRECTION( '', ( 0.000000000000000, 1.00000000000000, 0.000000000000000 ) );
#11557 = CARTESIAN_POINT( '', ( 0.000000000000000, 0.000914999999999896, 0.000000000000000 ) );
#11558 = DIRECTION( '', ( 0.000000000000000, 1.00000000000000, 0.000000000000000 ) );
#11559 = DIRECTION( '', ( -0.333333333333292, 0.000000000000000, 0.942809041582078 ) );
#11560 = CARTESIAN_POINT( '', ( 0.000000000000000, 0.000764999999999988, 0.000000000000000 ) );
#11561 = DIRECTION( '', ( 0.000000000000000, 1.00000000000000, 0.000000000000000 ) );
#11562 = DIRECTION( '', ( -0.333333333333292, 0.000000000000000, -0.942809041582078 ) );
#11563 = CARTESIAN_POINT( '', ( -0.00346165000000086, -0.000175000000000011, 0.00235999999999996 ) );
#11564 = DIRECTION( '', ( 0.000000000000000, -0.000000000000000, 1.00000000000000 ) );
#11565 = DIRECTION( '', ( 0.000000000000000, 1.00000000000000, 0.000000000000000 ) );
#11566 = CARTESIAN_POINT( '', ( -0.00346165000000086, -0.000175000000000011, 0.00165999999999996 ) );
#11567 = DIRECTION( '', ( 0.000000000000000, 0.000000000000000, -1.00000000000000 ) );
#11568 = DIRECTION( '', ( -0.965925826289076, 0.258819045102493, 0.000000000000000 ) );
#11569 = CARTESIAN_POINT( '', ( -0.00400450441433558, -0.000848664098606178, 0.00235999999999996 ) );
#11570 = DIRECTION( '', ( 0.000000000000000, 0.000000000000000, 1.00000000000000 ) );
#11571 = DIRECTION( '', ( 0.0871557427476640, -0.996194698091745, 0.000000000000000 ) );
#11572 = CARTESIAN_POINT( '', ( -0.00400450441433558, -0.000848664098606178, 0.00165999999999996 ) );
#11573 = DIRECTION( '', ( 0.000000000000000, 0.000000000000000, -1.00000000000000 ) );
#11574 = DIRECTION( '', ( 0.965925826289076, -0.258819045102493, 0.000000000000000 ) );
#11575 = DIRECTION( '', ( -1.00000000000000, 0.000000000000000, 0.000000000000000 ) );
#11576 = DIRECTION( '', ( 0.000000000000000, 1.00000000000000, 0.000000000000000 ) );
#11577 = DIRECTION( '', ( -1.00000000000000, 0.000000000000000, 0.000000000000000 ) );
#11578 = CARTESIAN_POINT( '', ( 0.00346165000000086, -0.000175000000000011, -0.00235999999999996 ) );
#11579 = DIRECTION( '', ( 0.000000000000000, 0.000000000000000, -1.00000000000000 ) );
#11580 = DIRECTION( '', ( 0.000000000000000, 1.00000000000000, 0.000000000000000 ) );
#11581 = CARTESIAN_POINT( '', ( 0.00346165000000086, -0.000175000000000011, -0.00165999999999996 ) );
#11582 = DIRECTION( '', ( 0.000000000000000, -0.000000000000000, 1.00000000000000 ) );
#11583 = DIRECTION( '', ( 0.965925826289076, 0.258819045102493, 0.000000000000000 ) );
#11584 = CARTESIAN_POINT( '', ( 0.00346165000000086, -0.000175000000000011, 0.00165999999999996 ) );
#11585 = DIRECTION( '', ( 0.000000000000000, -0.000000000000000, 1.00000000000000 ) );
#11586 = DIRECTION( '', ( 0.965925826289076, 0.258819045102493, 0.000000000000000 ) );
#11587 = DIRECTION( '', ( -1.00000000000000, 0.000000000000000, 0.000000000000000 ) );
#11588 = CARTESIAN_POINT( '', ( 0.00346165000000086, -0.000175000000000011, 0.00165999999999996 ) );
#11589 = DIRECTION( '', ( 0.000000000000000, -0.000000000000000, 1.00000000000000 ) );
#11590 = DIRECTION( '', ( 0.965925826289076, 0.258819045102493, 0.000000000000000 ) );
#11591 = DIRECTION( '', ( -0.258819045102494, 0.965925826289076, 0.000000000000000 ) );
#11592 = CARTESIAN_POINT( '', ( 0.00400450441433558, -0.000848664098606178, 0.00165999999999996 ) );
#11593 = DIRECTION( '', ( 0.000000000000000, 0.000000000000000, 1.00000000000000 ) );
#11594 = DIRECTION( '', ( -0.965925826289076, -0.258819045102493, 0.000000000000000 ) );
#11595 = DIRECTION( '', ( -0.996194698091745, 0.0871557427476639, 0.000000000000000 ) );
#11596 = DIRECTION( '', ( 0.0871557427476640, 0.996194698091745, 0.000000000000000 ) );
#11597 = DIRECTION( '', ( 0.000000000000000, -1.00000000000000, 0.000000000000000 ) );
#11598 = DIRECTION( '', ( 0.000000000000000, 0.000000000000000, 1.00000000000000 ) );
#11599 = DIRECTION( '', ( 0.000000000000000, 0.000000000000000, -1.00000000000000 ) );
#11600 = DIRECTION( '', ( 0.000000000000000, -1.00000000000000, 0.000000000000000 ) );
#11601 = DIRECTION( '', ( 0.322264159288805, 0.000000000000000, -0.946649782991514 ) );
#11602 = DIRECTION( '', ( 0.000000000000000, -1.00000000000000, 0.000000000000000 ) );
#11603 = DIRECTION( '', ( 0.875926763487301, 0.000000000000000, 0.482444095213800 ) );
#11604 = DIRECTION( '', ( 0.000000000000000, -1.00000000000000, 0.000000000000000 ) );
#11605 = DIRECTION( '', ( 0.875926763487301, 0.000000000000000, 0.482444095213800 ) );
#11606 = DIRECTION( '', ( 0.000000000000000, 1.00000000000000, 0.000000000000000 ) );
#11607 = DIRECTION( '', ( -1.00000000000000, 0.000000000000000, 0.000000000000000 ) );
#11608 = DIRECTION( '', ( 0.000000000000000, -1.00000000000000, 0.000000000000000 ) );
#11609 = DIRECTION( '', ( 0.562790998569705, 0.000000000000000, -0.826599232959307 ) );
#11610 = DIRECTION( '', ( 0.000000000000000, -1.00000000000000, 0.000000000000000 ) );
#11611 = DIRECTION( '', ( 0.562790998569705, 0.000000000000000, -0.826599232959307 ) );
#11612 = DIRECTION( '', ( -0.694746590606813, -0.186156787897404, -0.694746590606913 ) );
#11613 = DIRECTION( '', ( 0.000000000000000, 0.000000000000000, -1.00000000000000 ) );
#11614 = DIRECTION( '', ( 3.17246229286600E-014, 0.000000000000000, -1.00000000000000 ) );
#11615 = DIRECTION( '', ( 0.965925826289051, 0.258819045102587, 0.000000000000000 ) );
#11616 = DIRECTION( '', ( 0.965925826289051, 0.258819045102587, 0.000000000000000 ) );
#11617 = DIRECTION( '', ( 2.22544022035100E-012, 5.97020232774900E-013, -1.00000000000000 ) );
#11618 = DIRECTION( '', ( 0.965925826289076, -0.258819045102493, 0.000000000000000 ) );
#11619 = DIRECTION( '', ( -1.00000000000000, 0.000000000000000, 0.000000000000000 ) );
#11620 = DIRECTION( '', ( 0.000000000000000, -1.00000000000000, 0.000000000000000 ) );
#11621 = DIRECTION( '', ( 0.342020143325699, -0.939692620785897, 0.000000000000000 ) );
#11622 = DIRECTION( '', ( 0.965925826289076, -0.258819045102493, 0.000000000000000 ) );
#11623 = DIRECTION( '', ( 0.000000000000000, -1.00000000000000, 0.000000000000000 ) );
#11624 = DIRECTION( '', ( 0.000000000000000, 0.000000000000000, -1.00000000000000 ) );
#11625 = DIRECTION( '', ( -0.965925826289076, -0.258819045102493, 0.000000000000000 ) );
#11626 = DIRECTION( '', ( -0.965925826289076, 0.258819045102493, 0.000000000000000 ) );
#11627 = CARTESIAN_POINT( '', ( 0.00184999999999997, -3.50001836602496E-005, -0.00279999999999896 ) );
#11628 = DIRECTION( '', ( 0.000000000000000, 0.000000000000000, 1.00000000000000 ) );
#11629 = DIRECTION( '', ( -1.21771279928200E-014, -1.00000000000000, 0.000000000000000 ) );
#11630 = DIRECTION( '', ( 0.325568154457201, 0.945518575599302, 0.000000000000000 ) );
#11631 = DIRECTION( '', ( 1.00000000000000, 0.000000000000000, 0.000000000000000 ) );
#11632 = DIRECTION( '', ( 0.000000000000000, -1.00000000000000, 0.000000000000000 ) );
#11633 = DIRECTION( '', ( 1.00000000000000, 0.000000000000000, 0.000000000000000 ) );
#11634 = DIRECTION( '', ( 1.00000000000000, 0.000000000000000, 0.000000000000000 ) );
#11635 = DIRECTION( '', ( 1.69670171383800E-014, -1.00000000000000, 1.69670171383800E-014 ) );
#11636 = DIRECTION( '', ( -0.325568154457201, 0.945518575599302, 0.000000000000000 ) );
#11637 = DIRECTION( '', ( 0.000000000000000, 1.00000000000000, 0.000000000000000 ) );
#11638 = DIRECTION( '', ( 0.000000000000000, 0.000000000000000, 1.00000000000000 ) );
#11639 = DIRECTION( '', ( 0.000000000000000, 1.00000000000000, 0.000000000000000 ) );
#11640 = DIRECTION( '', ( 0.000000000000000, 0.000000000000000, -1.00000000000000 ) );
#11641 = DIRECTION( '', ( 0.000000000000000, -1.00000000000000, 0.000000000000000 ) );
#11642 = DIRECTION( '', ( -1.00000000000000, 0.000000000000000, 0.000000000000000 ) );
#11643 = CARTESIAN_POINT( '', ( -0.00184999999999997, -8.50001836602528E-005, -0.00279999999999896 ) );
#11644 = DIRECTION( '', ( 0.000000000000000, 0.000000000000000, -1.00000000000000 ) );
#11645 = DIRECTION( '', ( 0.258819045102493, -0.965925826289076, 0.000000000000000 ) );
#11646 = DIRECTION( '', ( -0.342020143325699, -0.939692620785897, 0.000000000000000 ) );
#11647 = DIRECTION( '', ( 0.000000000000000, -1.00000000000000, 0.000000000000000 ) );
#11648 = DIRECTION( '', ( 0.000000000000000, -1.00000000000000, 0.000000000000000 ) );
#11649 = DIRECTION( '', ( 0.000000000000000, 0.000000000000000, 1.00000000000000 ) );
#11650 = DIRECTION( '', ( 0.000000000000000, 1.00000000000000, 0.000000000000000 ) );
#11651 = DIRECTION( '', ( 0.000000000000000, 1.00000000000000, 0.000000000000000 ) );
#11652 = DIRECTION( '', ( 0.000000000000000, 0.000000000000000, -1.00000000000000 ) );
#11653 = DIRECTION( '', ( 0.000000000000000, 0.000000000000000, -1.00000000000000 ) );
#11654 = CARTESIAN_POINT( '', ( 0.000000000000000, -0.000624570358072686, 0.00300000000000070 ) );
#11655 = DIRECTION( '', ( 0.000000000000000, -0.000000000000000, 1.00000000000000 ) );
#11656 = DIRECTION( '', ( 0.258819045102493, 0.965925826289076, 0.000000000000000 ) );
#11657 = DIRECTION( '', ( 0.000000000000000, 0.000000000000000, 1.00000000000000 ) );
#11658 = DIRECTION( '', ( -0.996194698091745, 0.0871557427476639, 0.000000000000000 ) );
#11659 = DIRECTION( '', ( 0.000000000000000, 0.000000000000000, 1.00000000000000 ) );
#11660 = DIRECTION( '', ( -0.996194698091745, 0.0871557427476639, 0.000000000000000 ) );
#11661 = DIRECTION( '', ( 0.000000000000000, 0.000000000000000, 1.00000000000000 ) );
#11662 = DIRECTION( '', ( 0.000000000000000, 1.00000000000000, 0.000000000000000 ) );
#11663 = DIRECTION( '', ( 0.000000000000000, 0.000000000000000, 1.00000000000000 ) );
#11664 = DIRECTION( '', ( 0.562790931241723, 0.000000000000000, 0.826599278799634 ) );
#11665 = DIRECTION( '', ( 0.000000000000000, -1.00000000000000, 0.000000000000000 ) );
#11666 = DIRECTION( '', ( 0.562790931241723, 0.000000000000000, 0.826599278799634 ) );
#11667 = DIRECTION( '', ( 0.000000000000000, -1.00000000000000, 0.000000000000000 ) );
#11668 = DIRECTION( '', ( -1.00000000000000, 0.000000000000000, 0.000000000000000 ) );
#11669 = DIRECTION( '', ( 0.000000000000000, -1.00000000000000, 0.000000000000000 ) );
#11670 = DIRECTION( '', ( 0.000000000000000, 1.00000000000000, 0.000000000000000 ) );
#11671 = CARTESIAN_POINT( '', ( 0.00295000000000090, 0.00126500000000002, -0.00220000000000009 ) );
#11672 = DIRECTION( '', ( 0.000000000000000, -1.00000000000000, 0.000000000000000 ) );
#11673 = DIRECTION( '', ( 0.000000000000000, 0.000000000000000, 1.00000000000000 ) );
#11674 = DIRECTION( '', ( 0.000000000000000, 1.00000000000000, 0.000000000000000 ) );
#11675 = CARTESIAN_POINT( '', ( 0.00295000000000090, 0.000764999999999988, -0.00220000000000009 ) );
#11676 = DIRECTION( '', ( 0.000000000000000, 1.00000000000000, 0.000000000000000 ) );
#11677 = DIRECTION( '', ( -1.00000000000000, 0.000000000000000, 0.000000000000000 ) );
#11678 = DIRECTION( '', ( -0.562790998569705, 0.000000000000000, -0.826599232959307 ) );
#11679 = DIRECTION( '', ( 0.000000000000000, -1.00000000000000, 0.000000000000000 ) );
#11680 = DIRECTION( '', ( -0.562790998569705, 0.000000000000000, -0.826599232959307 ) );
#11681 = CARTESIAN_POINT( '', ( 0.000000000000000, 0.000764999999999988, 0.000000000000000 ) );
#11682 = DIRECTION( '', ( 0.000000000000000, -1.00000000000000, 0.000000000000000 ) );
#11683 = DIRECTION( '', ( 0.167785234899303, 0.000000000000000, 0.985823571918315 ) );
#11684 = CARTESIAN_POINT( '', ( 0.000000000000000, 0.000865000000000096, 0.000000000000000 ) );
#11685 = DIRECTION( '', ( 0.000000000000000, -1.00000000000000, 0.000000000000000 ) );
#11686 = DIRECTION( '', ( 0.169307578148894, 0.000000000000000, 0.985563262292866 ) );
#11687 = DIRECTION( '', ( 0.000000000000000, 0.000000000000000, -1.00000000000000 ) );
#11688 = CARTESIAN_POINT( '', ( 0.000000000000000, 0.000865000000000096, 0.000000000000000 ) );
#11689 = DIRECTION( '', ( 0.000000000000000, 1.00000000000000, 0.000000000000000 ) );
#11690 = DIRECTION( '', ( 0.169307578148894, 0.000000000000000, -0.985563262292866 ) );
#11691 = DIRECTION( '', ( 0.000000000000000, 0.000000000000000, -1.00000000000000 ) );
#11692 = DIRECTION( '', ( 0.000000000000000, 0.000000000000000, -1.00000000000000 ) );
#11693 = CARTESIAN_POINT( '', ( 0.000000000000000, 0.000865000000000096, 0.000000000000000 ) );
#11694 = DIRECTION( '', ( 0.000000000000000, -1.00000000000000, 0.000000000000000 ) );
#11695 = DIRECTION( '', ( 0.178571428571410, 0.000000000000000, 0.983926950996854 ) );
#11696 = DIRECTION( '', ( -1.00000000000000, 0.000000000000000, 0.000000000000000 ) );
#11697 = DIRECTION( '', ( 0.000000000000000, 1.00000000000000, 0.000000000000000 ) );
#11698 = DIRECTION( '', ( -1.00000000000000, 0.000000000000000, 0.000000000000000 ) );
#11699 = DIRECTION( '', ( 0.000000000000000, -1.00000000000000, 0.000000000000000 ) );
#11700 = DIRECTION( '', ( 1.00000000000000, 0.000000000000000, 0.000000000000000 ) );
#11701 = DIRECTION( '', ( 0.000000000000000, -1.00000000000000, 0.000000000000000 ) );
#11702 = DIRECTION( '', ( 0.000000000000000, 0.000000000000000, -1.00000000000000 ) );
#11703 = DIRECTION( '', ( 0.000000000000000, 0.000000000000000, 1.00000000000000 ) );
#11704 = DIRECTION( '', ( 3.52495810318500E-014, -4.93494134445900E-014, 1.00000000000000 ) );
#11705 = DIRECTION( '', ( 0.806004527679428, 0.000000000000000, 0.591909369211421 ) );
#11706 = DIRECTION( '', ( 0.806004527679428, 0.000000000000000, 0.591909369211421 ) );
#11707 = DIRECTION( '', ( 0.000000000000000, -1.00000000000000, 0.000000000000000 ) );
#11708 = DIRECTION( '', ( -0.562790981737698, 0.000000000000000, -0.826599244419397 ) );
#11709 = DIRECTION( '', ( 0.000000000000000, -1.00000000000000, 0.000000000000000 ) );
#11710 = DIRECTION( '', ( -0.562790981737698, 0.000000000000000, -0.826599244419397 ) );
#11711 = DIRECTION( '', ( 1.00000000000000, 0.000000000000000, -2.81996648254800E-014 ) );
#11712 = CARTESIAN_POINT( '', ( 0.00264999999999956, 0.000764999999999988, -0.00264999999999956 ) );
#11713 = DIRECTION( '', ( 0.000000000000000, -1.00000000000000, -0.000000000000000 ) );
#11714 = DIRECTION( '', ( -4.46494693070100E-014, 0.000000000000000, -1.00000000000000 ) );
#11715 = DIRECTION( '', ( 0.000000000000000, 0.000000000000000, -1.00000000000000 ) );
#11716 = DIRECTION( '', ( -1.00000000000000, 0.000000000000000, 0.000000000000000 ) );
#11717 = DIRECTION( '', ( 0.000000000000000, 0.000000000000000, 1.00000000000000 ) );
#11718 = CARTESIAN_POINT( '', ( -0.00264999999999956, 0.00126500000000002, -0.00264999999999956 ) );
#11719 = DIRECTION( '', ( 0.000000000000000, 1.00000000000000, 0.000000000000000 ) );
#11720 = DIRECTION( '', ( 4.93494134445900E-014, 0.000000000000000, -1.00000000000000 ) );
#11721 = DIRECTION( '', ( 0.000000000000000, 0.000000000000000, 1.00000000000000 ) );
#11722 = CARTESIAN_POINT( '', ( -0.00295000000000090, 0.00126500000000002, -0.00220000000000009 ) );
#11723 = DIRECTION( '', ( 0.000000000000000, -1.00000000000000, 0.000000000000000 ) );
#11724 = DIRECTION( '', ( 1.00000000000000, 0.000000000000000, 0.000000000000000 ) );
#11725 = DIRECTION( '', ( 0.000000000000000, 0.000000000000000, 1.00000000000000 ) );
#11726 = CARTESIAN_POINT( '', ( -0.00295000000000090, 0.00126500000000002, 0.00220000000000009 ) );
#11727 = DIRECTION( '', ( 0.000000000000000, -1.00000000000000, 0.000000000000000 ) );
#11728 = DIRECTION( '', ( 0.000000000000000, 0.000000000000000, -1.00000000000000 ) );
#11729 = DIRECTION( '', ( 0.000000000000000, 0.000000000000000, 1.00000000000000 ) );
#11730 = DIRECTION( '', ( -1.00000000000000, 0.000000000000000, 0.000000000000000 ) );
#11731 = DIRECTION( '', ( 0.000000000000000, -1.58623114643300E-014, -1.00000000000000 ) );
#11732 = DIRECTION( '', ( 1.00000000000000, 6.69742039605300E-014, 0.000000000000000 ) );
#11733 = DIRECTION( '', ( 1.00000000000000, 0.000000000000000, 0.000000000000000 ) );
#11734 = CARTESIAN_POINT( '', ( 0.00195000000000007, 0.00126500000000002, 0.00305000000000050 ) );
#11735 = DIRECTION( '', ( 0.000000000000000, 1.00000000000000, 0.000000000000000 ) );
#11736 = DIRECTION( '', ( 0.000000000000000, 0.000000000000000, 1.00000000000000 ) );
#11737 = DIRECTION( '', ( 1.00000000000000, -7.40241201668600E-014, 1.40998324127400E-014 ) );
#11738 = DIRECTION( '', ( 0.000000000000000, -1.49810719385400E-014, -1.00000000000000 ) );
#11739 = DIRECTION( '', ( -1.00000000000000, 0.000000000000000, 0.000000000000000 ) );
#11740 = CARTESIAN_POINT( '', ( 0.00264999999999956, 0.00126500000000002, 0.00264999999999956 ) );
#11741 = DIRECTION( '', ( -0.000000000000000, 1.00000000000000, 0.000000000000000 ) );
#11742 = DIRECTION( '', ( 4.46494693070100E-014, 0.000000000000000, 1.00000000000000 ) );
#11743 = DIRECTION( '', ( 0.000000000000000, 0.000000000000000, -1.00000000000000 ) );
#11744 = CARTESIAN_POINT( '', ( 0.00295000000000090, 0.00126500000000002, 0.00220000000000009 ) );
#11745 = DIRECTION( '', ( 0.000000000000000, -1.00000000000000, 0.000000000000000 ) );
#11746 = DIRECTION( '', ( -1.00000000000000, 0.000000000000000, 0.000000000000000 ) );
#11747 = DIRECTION( '', ( 1.00000000000000, 0.000000000000000, 0.000000000000000 ) );
#11748 = DIRECTION( '', ( 0.000000000000000, 0.000000000000000, -1.00000000000000 ) );
#11749 = DIRECTION( '', ( -1.00000000000000, 0.000000000000000, 0.000000000000000 ) );
#11750 = DIRECTION( '', ( 0.000000000000000, 0.000000000000000, -1.00000000000000 ) );
#11751 = CARTESIAN_POINT( '', ( 0.00264999999999956, 0.00126500000000002, -0.00264999999999956 ) );
#11752 = DIRECTION( '', ( -0.000000000000000, 1.00000000000000, 0.000000000000000 ) );
#11753 = DIRECTION( '', ( 1.00000000000000, 0.000000000000000, 0.000000000000000 ) );
#11754 = DIRECTION( '', ( 1.00000000000000, -1.08686208181500E-014, 0.000000000000000 ) );
#11755 = DIRECTION( '', ( 0.000000000000000, 1.49810719385400E-014, 1.00000000000000 ) );
#11756 = DIRECTION( '', ( 1.00000000000000, -1.40998324127400E-014, 0.000000000000000 ) );
#11757 = DIRECTION( '', ( -1.00000000000000, 0.000000000000000, 0.000000000000000 ) );
#11758 = CARTESIAN_POINT( '', ( 0.000000000000000, 0.00126500000000002, 0.000000000000000 ) );
#11759 = DIRECTION( '', ( 0.000000000000000, -1.00000000000000, 0.000000000000000 ) );
#11760 = DIRECTION( '', ( 0.000000000000000, 0.000000000000000, -1.00000000000000 ) );
#11761 = DIRECTION( '', ( 0.000000000000000, 0.000000000000000, 1.00000000000000 ) );
#11762 = DIRECTION( '', ( -0.959460930642015, 0.000000000000000, 0.281841662235304 ) );
#11763 = DIRECTION( '', ( -1.00000000000000, 0.000000000000000, 0.000000000000000 ) );
#11764 = DIRECTION( '', ( -0.959460925304285, 0.000000000000000, -0.281841680406296 ) );
#11765 = DIRECTION( '', ( -0.806004527679428, 0.000000000000000, -0.591909369211421 ) );
#11766 = DIRECTION( '', ( 0.000000000000000, 0.000000000000000, -1.00000000000000 ) );
#11767 = DIRECTION( '', ( 0.262769947342308, 0.000000000000000, -0.964858515417530 ) );
#11768 = DIRECTION( '', ( 0.632699249308977, 0.000000000000000, -0.774397611000872 ) );
#11769 = DIRECTION( '', ( 0.806004527679428, 0.000000000000000, -0.591909369211421 ) );
#11770 = DIRECTION( '', ( 0.959460925304285, 0.000000000000000, -0.281841680406296 ) );
#11771 = DIRECTION( '', ( 1.00000000000000, 0.000000000000000, 0.000000000000000 ) );
#11772 = DIRECTION( '', ( 0.562790964905691, 0.000000000000000, 0.826599255879487 ) );
#11773 = DIRECTION( '', ( 0.562790981737698, 0.000000000000000, -0.826599244419397 ) );
#11774 = DIRECTION( '', ( 0.806004445274209, 0.000000000000000, -0.591909481422806 ) );
#11775 = DIRECTION( '', ( 0.262769947342308, 0.000000000000000, 0.964858515417530 ) );
#11776 = DIRECTION( '', ( 0.000000000000000, 0.000000000000000, 1.00000000000000 ) );
#11777 = DIRECTION( '', ( -0.262769941509908, 0.000000000000000, 0.964858517005929 ) );
#11778 = DIRECTION( '', ( -0.632699249308977, 0.000000000000000, 0.774397611000872 ) );
#11779 = DIRECTION( '', ( -0.959460925304285, 0.000000000000000, 0.281841680406296 ) );
#11780 = DIRECTION( '', ( -1.00000000000000, 0.000000000000000, 0.000000000000000 ) );
#11781 = DIRECTION( '', ( -0.806004445274209, 0.000000000000000, -0.591909481422806 ) );
#11782 = DIRECTION( '', ( -0.562790964905691, 0.000000000000000, 0.826599255879487 ) );
#11783 = DIRECTION( '', ( 0.875926763487301, 0.000000000000000, -0.482444095213800 ) );
#11784 = DIRECTION( '', ( 0.322263805335211, 0.000000000000000, -0.946649903486431 ) );
#11785 = DIRECTION( '', ( 0.000000000000000, 0.000000000000000, -1.00000000000000 ) );
#11786 = DIRECTION( '', ( -0.322263813941988, 0.000000000000000, -0.946649900556464 ) );
#11787 = DIRECTION( '', ( 0.322264159288805, 0.000000000000000, 0.946649782991514 ) );
#11788 = DIRECTION( '', ( -0.714510384801831, 0.000000000000000, -0.699624835186930 ) );
#11789 = DIRECTION( '', ( -0.898138097170915, 0.000000000000000, -0.439713495824507 ) );
#11790 = DIRECTION( '', ( -0.898138137710479, 0.000000000000000, 0.439713413020290 ) );
#11791 = DIRECTION( '', ( -0.714510425624894, 0.000000000000000, 0.699624793495294 ) );
#11792 = DIRECTION( '', ( -0.322263763377203, 0.000000000000000, 0.946649917770008 ) );
#11793 = DIRECTION( '', ( 0.000000000000000, 0.000000000000000, 1.00000000000000 ) );
#11794 = DIRECTION( '', ( 0.898138137710479, 0.000000000000000, 0.439713413020290 ) );
#11795 = DIRECTION( '', ( 0.898138097170915, 0.000000000000000, -0.439713495824507 ) );
#11796 = DIRECTION( '', ( 0.714510384801831, 0.000000000000000, -0.699624835186930 ) );
#11797 = DIRECTION( '', ( 0.000000000000000, 0.000000000000000, -1.00000000000000 ) );
#11798 = DIRECTION( '', ( 1.00000000000000, 0.000000000000000, 0.000000000000000 ) );
#11799 = DIRECTION( '', ( 0.000000000000000, 1.00000000000000, 0.000000000000000 ) );
#11800 = DIRECTION( '', ( 0.000000000000000, 1.00000000000000, -1.39573951803600E-013 ) );
#11801 = DIRECTION( '', ( 0.000000000000000, 1.00000000000000, 0.000000000000000 ) );
#11802 = DIRECTION( '', ( 0.000000000000000, -1.00000000000000, 0.000000000000000 ) );
#11803 = DIRECTION( '', ( 0.000000000000000, -1.00000000000000, 0.000000000000000 ) );
#11804 = DIRECTION( '', ( 0.000000000000000, -1.00000000000000, 0.000000000000000 ) );
#11805 = DIRECTION( '', ( 0.000000000000000, 0.000000000000000, 1.00000000000000 ) );
#11806 = DIRECTION( '', ( 0.000000000000000, -1.00000000000000, 0.000000000000000 ) );
#11807 = DIRECTION( '', ( 0.000000000000000, -1.00000000000000, 0.000000000000000 ) );
#11808 = CARTESIAN_POINT( '', ( 0.000000000000000, 0.00189189254101812, 0.000000000000000 ) );
#11809 = DIRECTION( '', ( -0.000000000000000, 1.00000000000000, 0.000000000000000 ) );
#11810 = DIRECTION( '', ( 1.00000000000000, 0.000000000000000, 0.000000000000000 ) );
#11811 = CARTESIAN_POINT( '', ( 0.000000000000000, 0.00207058093225200, 0.000000000000000 ) );
#11812 = DIRECTION( '', ( 0.000000000000000, -1.00000000000000, 0.000000000000000 ) );
#11813 = DIRECTION( '', ( 1.00000000000000, 0.000000000000000, 0.000000000000000 ) );
#11814 = DIRECTION( '', ( 0.000000000000000, -1.00000000000000, 0.000000000000000 ) );
#11815 = DIRECTION( '', ( 0.000000000000000, -1.00000000000000, 0.000000000000000 ) );
#11816 = DIRECTION( '', ( 0.000000000000000, 0.000000000000000, -1.00000000000000 ) );
#11817 = DIRECTION( '', ( 0.000000000000000, -1.00000000000000, 0.000000000000000 ) );
#11818 = DIRECTION( '', ( -1.00000000000000, 0.000000000000000, 0.000000000000000 ) );
#11819 = DIRECTION( '', ( -1.00000000000000, 0.000000000000000, 0.000000000000000 ) );
#11820 = DIRECTION( '', ( -1.00000000000000, 0.000000000000000, 0.000000000000000 ) );
#11821 = DIRECTION( '', ( -0.342020143325699, -0.939692620785897, 0.000000000000000 ) );
#11822 = DIRECTION( '', ( 0.000000000000000, 0.000000000000000, 1.00000000000000 ) );
#11823 = CARTESIAN_POINT( '', ( -0.00184999999999997, -3.50001836602496E-005, 0.00300000000000070 ) );
#11824 = DIRECTION( '', ( 0.000000000000000, 0.000000000000000, 1.00000000000000 ) );
#11825 = DIRECTION( '', ( -0.939692620785897, 0.342020143325699, 0.000000000000000 ) );
#11826 = DIRECTION( '', ( 0.000000000000000, 1.00000000000000, 0.000000000000000 ) );
#11827 = DIRECTION( '', ( -1.00000000000000, 0.000000000000000, 0.000000000000000 ) );
#11828 = DIRECTION( '', ( 0.000000000000000, 1.00000000000000, 0.000000000000000 ) );
#11829 = CARTESIAN_POINT( '', ( 0.000000000000000, 0.00164500000000002, 0.000000000000000 ) );
#11830 = DIRECTION( '', ( 0.000000000000000, -1.00000000000000, 0.000000000000000 ) );
#11831 = DIRECTION( '', ( 0.000000000000000, 0.000000000000000, -1.00000000000000 ) );
#11832 = DIRECTION( '', ( 0.342020143325699, -0.939692620785897, 0.000000000000000 ) );
#11833 = DIRECTION( '', ( 0.000000000000000, 0.000000000000000, 1.00000000000000 ) );
#11834 = DIRECTION( '', ( 0.322264159288805, 0.000000000000000, 0.946649782991514 ) );
#11835 = DIRECTION( '', ( 2.64371857738900E-014, 0.000000000000000, 1.00000000000000 ) );
#11836 = CARTESIAN_POINT( '', ( 0.00184999999999997, -8.50001836602528E-005, 0.00300000000000070 ) );
#11837 = DIRECTION( '', ( -0.000000000000000, 0.000000000000000, -1.00000000000000 ) );
#11838 = DIRECTION( '', ( -4.46494693070100E-014, -1.00000000000000, 0.000000000000000 ) );
#11839 = DIRECTION( '', ( 0.000000000000000, 1.00000000000000, 0.000000000000000 ) );
#11840 = DIRECTION( '', ( 1.00000000000000, 0.000000000000000, 0.000000000000000 ) );
#11841 = DIRECTION( '', ( 0.000000000000000, -1.00000000000000, 0.000000000000000 ) );
#11842 = DIRECTION( '', ( -0.262769941509908, 0.000000000000000, 0.964858517005929 ) );
#11843 = DIRECTION( '', ( -1.00000000000000, 0.000000000000000, 0.000000000000000 ) );
#11844 = CARTESIAN_POINT( '', ( 0.00204999999999993, 0.00126500000000002, -0.00274999999999916 ) );
#11845 = DIRECTION( '', ( -1.00000000000000, 0.000000000000000, 0.000000000000000 ) );
#11846 = DIRECTION( '', ( 0.000000000000000, 1.00000000000000, 0.000000000000000 ) );
#11847 = CARTESIAN_POINT( '', ( 0.000000000000000, 0.00133631160876615, 0.000000000000000 ) );
#11848 = DIRECTION( '', ( 0.000000000000000, -1.00000000000000, 0.000000000000000 ) );
#11849 = DIRECTION( '', ( 1.00000000000000, 0.000000000000000, 0.000000000000000 ) );
#11850 = CARTESIAN_POINT( '', ( 0.000000000000000, 0.00202201005625907, 0.000000000000000 ) );
#11851 = DIRECTION( '', ( 0.000000000000000, 1.00000000000000, 0.000000000000000 ) );
#11852 = DIRECTION( '', ( 0.000000000000000, 0.000000000000000, -1.00000000000000 ) );
#11853 = CARTESIAN_POINT( '', ( 0.000000000000000, 0.00376500000000018, 0.000000000000000 ) );
#11854 = DIRECTION( '', ( 0.000000000000000, -1.00000000000000, 0.000000000000000 ) );
#11855 = DIRECTION( '', ( 0.000000000000000, 0.000000000000000, -1.00000000000000 ) );
#11856 = DIRECTION( '', ( 0.000000000000000, 1.00000000000000, 0.000000000000000 ) );
#11857 = DIRECTION( '', ( 0.000000000000000, -1.00000000000000, 0.000000000000000 ) );
#11858 = DIRECTION( '', ( 0.000000000000000, 0.000000000000000, 1.00000000000000 ) );
#11859 = CARTESIAN_POINT( '', ( -0.00204999999999993, 0.00126500000000002, 0.00274999999999916 ) );
#11860 = DIRECTION( '', ( 1.00000000000000, 0.000000000000000, 0.000000000000000 ) );
#11861 = DIRECTION( '', ( 0.000000000000000, 1.00000000000000, 0.000000000000000 ) );
#11862 = DIRECTION( '', ( 0.000000000000000, 0.000000000000000, -1.00000000000000 ) );
#11863 = CARTESIAN_POINT( '', ( -0.00204999999999993, 0.00126500000000002, 0.00274999999999916 ) );
#11864 = DIRECTION( '', ( 1.00000000000000, 0.000000000000000, -0.000000000000000 ) );
#11865 = DIRECTION( '', ( 0.000000000000000, 0.979795897113273, 0.199999999999994 ) );
#11866 = DIRECTION( '', ( 0.000000000000000, 1.00000000000000, 0.000000000000000 ) );
#11867 = DIRECTION( '', ( 0.000000000000000, 0.000000000000000, -1.00000000000000 ) );
#11868 = DIRECTION( '', ( 0.000000000000000, 1.00000000000000, 0.000000000000000 ) );
#11869 = DIRECTION( '', ( 0.000000000000000, 0.000000000000000, -1.00000000000000 ) );
#11870 = DIRECTION( '', ( 0.000000000000000, 0.000000000000000, 1.00000000000000 ) );
#11871 = DIRECTION( '', ( -0.258819045102494, 0.965925826289076, 0.000000000000000 ) );
#11872 = DIRECTION( '', ( 0.000000000000000, 0.000000000000000, 1.00000000000000 ) );
#11873 = DIRECTION( '', ( -0.258819045102494, 0.965925826289076, 0.000000000000000 ) );
#11874 = DIRECTION( '', ( 1.00000000000000, 0.000000000000000, 0.000000000000000 ) );
#11875 = DIRECTION( '', ( 1.00000000000000, 1.49810719385400E-014, 0.000000000000000 ) );
#11876 = DIRECTION( '', ( 0.000000000000000, 1.00000000000000, 0.000000000000000 ) );
#11877 = CARTESIAN_POINT( '', ( -0.00184999999999997, -8.50001836602528E-005, 0.00300000000000070 ) );
#11878 = DIRECTION( '', ( 0.000000000000000, 0.000000000000000, 1.00000000000000 ) );
#11879 = DIRECTION( '', ( 1.26898491714700E-014, -1.00000000000000, 0.000000000000000 ) );
#11880 = DIRECTION( '', ( 0.965925826289076, -0.258819045102493, 0.000000000000000 ) );
#11881 = CARTESIAN_POINT( '', ( 0.00184999999999997, -8.50001836602528E-005, 0.00300000000000070 ) );
#11882 = DIRECTION( '', ( 0.000000000000000, 0.000000000000000, 1.00000000000000 ) );
#11883 = DIRECTION( '', ( -0.258819045102493, -0.965925826289076, 0.000000000000000 ) );
#11884 = CARTESIAN_POINT( '', ( 0.00184999999999997, -3.50001836602496E-005, 0.00300000000000070 ) );
#11885 = DIRECTION( '', ( 0.000000000000000, 0.000000000000000, 1.00000000000000 ) );
#11886 = DIRECTION( '', ( -1.21771279928200E-014, -1.00000000000000, 0.000000000000000 ) );
#11887 = DIRECTION( '', ( 0.325568154457201, 0.945518575599302, 0.000000000000000 ) );
#11888 = DIRECTION( '', ( 0.000000000000000, 1.00000000000000, 0.000000000000000 ) );
#11889 = DIRECTION( '', ( -1.00000000000000, 1.85060300417200E-014, 0.000000000000000 ) );
#11890 = DIRECTION( '', ( 0.000000000000000, -1.00000000000000, 0.000000000000000 ) );
#11891 = DIRECTION( '', ( -0.965925826289076, 0.258819045102493, 0.000000000000000 ) );
#11892 = DIRECTION( '', ( -0.562790964905691, 0.000000000000000, 0.826599255879487 ) );
#11893 = DIRECTION( '', ( -0.806004445274209, 0.000000000000000, -0.591909481422806 ) );
#11894 = DIRECTION( '', ( 0.000000000000000, 0.000000000000000, -1.00000000000000 ) );
#11895 = DIRECTION( '', ( 0.000000000000000, -1.00000000000000, 0.000000000000000 ) );
#11896 = DIRECTION( '', ( 0.000000000000000, -1.00000000000000, 0.000000000000000 ) );
#11897 = DIRECTION( '', ( 0.959460925304285, 0.000000000000000, -0.281841680406296 ) );
#11898 = DIRECTION( '', ( 0.000000000000000, 1.00000000000000, 0.000000000000000 ) );
#11899 = CARTESIAN_POINT( '', ( 0.00269999999999936, 0.00126500000000002, -0.00274999999999916 ) );
#11900 = DIRECTION( '', ( -1.00000000000000, 0.000000000000000, 0.000000000000000 ) );
#11901 = DIRECTION( '', ( 0.000000000000000, 1.00000000000000, 0.000000000000000 ) );
#11902 = DIRECTION( '', ( 1.00000000000000, 0.000000000000000, 0.000000000000000 ) );
#11903 = DIRECTION( '', ( 0.000000000000000, -1.00000000000000, 0.000000000000000 ) );
#11904 = DIRECTION( '', ( 0.000000000000000, -1.00000000000000, 0.000000000000000 ) );
#11905 = DIRECTION( '', ( 0.632699249308977, 0.000000000000000, -0.774397611000872 ) );
#11906 = DIRECTION( '', ( 0.000000000000000, -1.00000000000000, 0.000000000000000 ) );
#11907 = DIRECTION( '', ( 0.262769947342308, 0.000000000000000, -0.964858515417530 ) );
#11908 = DIRECTION( '', ( 0.806004527679428, 0.000000000000000, -0.591909369211421 ) );
#11909 = DIRECTION( '', ( 0.000000000000000, -1.00000000000000, 0.000000000000000 ) );
#11910 = DIRECTION( '', ( -0.806004527679428, 0.000000000000000, -0.591909369211421 ) );
#11911 = DIRECTION( '', ( 1.00000000000000, 0.000000000000000, 0.000000000000000 ) );
#11912 = DIRECTION( '', ( 0.000000000000000, 1.00000000000000, 0.000000000000000 ) );
#11913 = DIRECTION( '', ( 0.000000000000000, -1.00000000000000, 0.000000000000000 ) );
#11914 = DIRECTION( '', ( 1.00000000000000, 0.000000000000000, 1.40998324127400E-014 ) );
#11915 = CARTESIAN_POINT( '', ( -0.00264999999999956, 0.000764999999999988, -0.00264999999999956 ) );
#11916 = DIRECTION( '', ( 0.000000000000000, -1.00000000000000, 0.000000000000000 ) );
#11917 = DIRECTION( '', ( -1.00000000000000, 0.000000000000000, 0.000000000000000 ) );
#11918 = DIRECTION( '', ( -1.00000000000000, 1.30423449817900E-013, 0.000000000000000 ) );
#11919 = CARTESIAN_POINT( '', ( 0.000000000000000, 0.000764999999999988, 0.000000000000000 ) );
#11920 = DIRECTION( '', ( 0.000000000000000, -1.00000000000000, -0.000000000000000 ) );
#11921 = DIRECTION( '', ( -0.167785234899303, 0.000000000000000, -0.985823571918315 ) );
#11922 = DIRECTION( '', ( 0.000000000000000, 0.000000000000000, 1.00000000000000 ) );
#11923 = DIRECTION( '', ( 0.000000000000000, 0.000000000000000, -1.00000000000000 ) );
#11924 = DIRECTION( '', ( 0.000000000000000, 0.000000000000000, 1.00000000000000 ) );
#11925 = DIRECTION( '', ( 0.000000000000000, 0.000000000000000, -1.00000000000000 ) );
#11926 = DIRECTION( '', ( 0.000000000000000, 0.000000000000000, -1.00000000000000 ) );
#11927 = DIRECTION( '', ( 0.000000000000000, 0.000000000000000, 1.00000000000000 ) );
#11928 = DIRECTION( '', ( 8.32527202548100E-013, -1.62640710749200E-013, -1.00000000000000 ) );
#11929 = DIRECTION( '', ( 0.000000000000000, 0.258819045102493, 0.965925826289076 ) );
#11930 = DIRECTION( '', ( -1.23373533611500E-014, -1.67435509901300E-014, 1.00000000000000 ) );
#11931 = DIRECTION( '', ( 0.000000000000000, 0.000000000000000, 1.00000000000000 ) );
#11932 = DIRECTION( '', ( 0.000000000000000, -1.00000000000000, 0.000000000000000 ) );
#11933 = DIRECTION( '', ( -0.959460925304285, 0.000000000000000, -0.281841680406296 ) );
#11934 = DIRECTION( '', ( 0.000000000000000, 1.00000000000000, 0.000000000000000 ) );
#11935 = CARTESIAN_POINT( '', ( 0.00269999999999936, 0.00126500000000002, 0.00274999999999916 ) );
#11936 = DIRECTION( '', ( 1.00000000000000, 0.000000000000000, 0.000000000000000 ) );
#11937 = DIRECTION( '', ( 0.000000000000000, 1.00000000000000, -1.40998324127400E-014 ) );
#11938 = DIRECTION( '', ( 0.000000000000000, 0.000000000000000, -1.00000000000000 ) );
#11939 = DIRECTION( '', ( 0.000000000000000, 1.00000000000000, 0.000000000000000 ) );
#11940 = CARTESIAN_POINT( '', ( 0.00269999999999936, 0.00126500000000002, 0.00274999999999916 ) );
#11941 = DIRECTION( '', ( 1.00000000000000, 0.000000000000000, -0.000000000000000 ) );
#11942 = DIRECTION( '', ( 0.000000000000000, 0.979795897113273, 0.199999999999994 ) );
#11943 = DIRECTION( '', ( 0.000000000000000, 0.000000000000000, 1.00000000000000 ) );
#11944 = DIRECTION( '', ( 0.000000000000000, 1.00000000000000, 0.000000000000000 ) );
#11945 = DIRECTION( '', ( 1.00000000000000, 0.000000000000000, 0.000000000000000 ) );
#11946 = DIRECTION( '', ( 0.000000000000000, 1.00000000000000, 0.000000000000000 ) );
#11947 = DIRECTION( '', ( 0.000000000000000, -1.00000000000000, 0.000000000000000 ) );
#11948 = DIRECTION( '', ( 0.000000000000000, 0.000000000000000, -1.00000000000000 ) );
#11949 = DIRECTION( '', ( 0.000000000000000, 1.00000000000000, 0.000000000000000 ) );
#11950 = DIRECTION( '', ( 1.00000000000000, 0.000000000000000, 0.000000000000000 ) );
#11951 = DIRECTION( '', ( -1.00000000000000, 0.000000000000000, 0.000000000000000 ) );
#11952 = DIRECTION( '', ( 0.000000000000000, 1.00000000000000, -6.97869759018200E-014 ) );
#11953 = DIRECTION( '', ( 1.00000000000000, 0.000000000000000, 0.000000000000000 ) );
#11954 = DIRECTION( '', ( 0.000000000000000, 1.00000000000000, 0.000000000000000 ) );
#11955 = CARTESIAN_POINT( '', ( 0.00269999999999936, 0.00126500000000002, 0.00274999999999916 ) );
#11956 = DIRECTION( '', ( 1.00000000000000, 0.000000000000000, 0.000000000000000 ) );
#11957 = DIRECTION( '', ( 0.000000000000000, 1.00000000000000, 0.000000000000000 ) );
#11958 = CARTESIAN_POINT( '', ( 0.00204999999999993, 0.00126500000000002, 0.00274999999999916 ) );
#11959 = DIRECTION( '', ( 1.00000000000000, 0.000000000000000, 0.000000000000000 ) );
#11960 = DIRECTION( '', ( 0.000000000000000, 1.00000000000000, 0.000000000000000 ) );
#11961 = CARTESIAN_POINT( '', ( 0.00204999999999993, 0.00126500000000002, 0.00274999999999916 ) );
#11962 = DIRECTION( '', ( 1.00000000000000, 0.000000000000000, -0.000000000000000 ) );
#11963 = DIRECTION( '', ( 0.000000000000000, 0.979795897113273, 0.199999999999994 ) );
#11964 = DIRECTION( '', ( 0.000000000000000, 1.00000000000000, 0.000000000000000 ) );
#11965 = DIRECTION( '', ( 0.000000000000000, 1.00000000000000, 0.000000000000000 ) );
#11966 = DIRECTION( '', ( 0.000000000000000, 0.000000000000000, 1.00000000000000 ) );
#11967 = DIRECTION( '', ( 0.000000000000000, 1.00000000000000, 0.000000000000000 ) );
#11968 = DIRECTION( '', ( 1.00000000000000, 0.000000000000000, 0.000000000000000 ) );
#11969 = DIRECTION( '', ( 1.00000000000000, 0.000000000000000, 0.000000000000000 ) );
#11970 = DIRECTION( '', ( 0.000000000000000, 1.00000000000000, 0.000000000000000 ) );
#11971 = DIRECTION( '', ( 1.00000000000000, 0.000000000000000, 0.000000000000000 ) );
#11972 = CARTESIAN_POINT( '', ( -0.00249999999999991, -0.000334999999999930, -0.00254999999999996 ) );
#11973 = DIRECTION( '', ( 0.000000000000000, 0.000000000000000, 1.00000000000000 ) );
#11974 = DIRECTION( '', ( -1.00000000000000, 0.000000000000000, 0.000000000000000 ) );
#11975 = DIRECTION( '', ( 1.00000000000000, 0.000000000000000, 0.000000000000000 ) );
#11976 = DIRECTION( '', ( 0.000000000000000, 0.000000000000000, 1.00000000000000 ) );
#11977 = DIRECTION( '', ( 0.000000000000000, 0.000000000000000, 1.00000000000000 ) );
#11978 = DIRECTION( '', ( -1.00000000000000, 0.000000000000000, 0.000000000000000 ) );
#11979 = DIRECTION( '', ( 0.000000000000000, 0.000000000000000, 1.00000000000000 ) );
#11980 = DIRECTION( '', ( -1.00000000000000, 0.000000000000000, 0.000000000000000 ) );
#11981 = DIRECTION( '', ( 0.000000000000000, 0.000000000000000, 1.00000000000000 ) );
#11982 = DIRECTION( '', ( 1.00000000000000, 0.000000000000000, 0.000000000000000 ) );
#11983 = DIRECTION( '', ( 0.000000000000000, 0.000000000000000, 1.00000000000000 ) );
#11984 = CARTESIAN_POINT( '', ( 0.000000000000000, -0.00113500000000003, 0.000000000000000 ) );
#11985 = DIRECTION( '', ( -0.000000000000000, 1.00000000000000, 0.000000000000000 ) );
#11986 = DIRECTION( '', ( 1.00000000000000, 0.000000000000000, 0.000000000000000 ) );
#11987 = DIRECTION( '', ( 1.00000000000000, 0.000000000000000, 0.000000000000000 ) );
#11988 = DIRECTION( '', ( 0.000000000000000, 0.000000000000000, 1.00000000000000 ) );
#11989 = CARTESIAN_POINT( '', ( 0.00295000000000090, 0.000764999999999988, 0.00220000000000009 ) );
#11990 = DIRECTION( '', ( 0.000000000000000, 1.00000000000000, 0.000000000000000 ) );
#11991 = DIRECTION( '', ( 0.000000000000000, 0.000000000000000, -1.00000000000000 ) );
#11992 = CARTESIAN_POINT( '', ( 0.00264999999999956, 0.000764999999999988, 0.00264999999999956 ) );
#11993 = DIRECTION( '', ( 0.000000000000000, -1.00000000000000, 0.000000000000000 ) );
#11994 = DIRECTION( '', ( 1.00000000000000, 0.000000000000000, 0.000000000000000 ) );
#11995 = DIRECTION( '', ( 0.000000000000000, -1.00000000000000, 0.000000000000000 ) );
#11996 = CARTESIAN_POINT( '', ( 0.000000000000000, 0.000764999999999988, 0.000000000000000 ) );
#11997 = DIRECTION( '', ( 0.000000000000000, -1.00000000000000, 0.000000000000000 ) );
#11998 = DIRECTION( '', ( 0.178571428571410, 0.000000000000000, 0.983926950996854 ) );
#11999 = DIRECTION( '', ( 0.000000000000000, 0.000000000000000, 1.00000000000000 ) );
#12000 = CARTESIAN_POINT( '', ( -0.00295000000000090, 0.000764999999999988, -0.00220000000000009 ) );
#12001 = DIRECTION( '', ( 0.000000000000000, 1.00000000000000, 0.000000000000000 ) );
#12002 = DIRECTION( '', ( 0.000000000000000, 0.000000000000000, 1.00000000000000 ) );
#12003 = DIRECTION( '', ( 0.000000000000000, 0.000000000000000, 1.00000000000000 ) );
#12004 = DIRECTION( '', ( 1.00000000000000, 0.000000000000000, 0.000000000000000 ) );
#12005 = DIRECTION( '', ( -1.00000000000000, 0.000000000000000, 0.000000000000000 ) );
#12006 = DIRECTION( '', ( 0.000000000000000, 1.00000000000000, 0.000000000000000 ) );
#12007 = DIRECTION( '', ( 0.000000000000000, -1.00000000000000, 0.000000000000000 ) );
#12008 = DIRECTION( '', ( 0.000000000000000, 0.000000000000000, -1.00000000000000 ) );
#12009 = DIRECTION( '', ( 0.000000000000000, 1.00000000000000, 0.000000000000000 ) );
#12010 = DIRECTION( '', ( 0.000000000000000, 0.000000000000000, -1.00000000000000 ) );
#12011 = DIRECTION( '', ( 1.00000000000000, 0.000000000000000, 0.000000000000000 ) );
#12012 = DIRECTION( '', ( -6.97869759018200E-014, 1.00000000000000, -1.39573951803600E-013 ) );
#12013 = DIRECTION( '', ( 0.000000000000000, -1.00000000000000, 0.000000000000000 ) );
#12014 = DIRECTION( '', ( 0.000000000000000, -1.00000000000000, 0.000000000000000 ) );
#12015 = DIRECTION( '', ( 0.000000000000000, 0.000000000000000, 1.00000000000000 ) );
#12016 = DIRECTION( '', ( 0.000000000000000, -1.00000000000000, 0.000000000000000 ) );
#12017 = DIRECTION( '', ( 0.562790964905691, 0.000000000000000, 0.826599255879487 ) );
#12018 = DIRECTION( '', ( -1.00000000000000, 0.000000000000000, 0.000000000000000 ) );
#12019 = DIRECTION( '', ( 0.000000000000000, 1.00000000000000, 0.000000000000000 ) );
#12020 = DIRECTION( '', ( 1.00000000000000, 0.000000000000000, 0.000000000000000 ) );
#12021 = DIRECTION( '', ( 0.000000000000000, 0.000000000000000, 1.00000000000000 ) );
#12022 = DIRECTION( '', ( -1.00000000000000, 0.000000000000000, 0.000000000000000 ) );
#12023 = DIRECTION( '', ( 0.000000000000000, 0.000000000000000, -1.00000000000000 ) );
#12024 = CARTESIAN_POINT( '', ( 0.00346165000000086, -0.000175000000000011, -0.00235999999999996 ) );
#12025 = DIRECTION( '', ( 0.000000000000000, -0.000000000000000, 1.00000000000000 ) );
#12026 = DIRECTION( '', ( 0.965925826289076, 0.258819045102493, 0.000000000000000 ) );
#12027 = CARTESIAN_POINT( '', ( 0.00400450441433558, -0.000848664098606178, -0.00235999999999996 ) );
#12028 = DIRECTION( '', ( -0.000000000000000, 0.000000000000000, -1.00000000000000 ) );
#12029 = DIRECTION( '', ( -0.0871557427476640, -0.996194698091745, 0.000000000000000 ) );
#12030 = DIRECTION( '', ( 0.0871557427476640, 0.996194698091745, 0.000000000000000 ) );
#12031 = DIRECTION( '', ( 0.000000000000000, -1.00000000000000, 0.000000000000000 ) );
#12032 = DIRECTION( '', ( 0.0871557427476640, 0.996194698091745, 0.000000000000000 ) );
#12033 = CARTESIAN_POINT( '', ( 0.00400450441433558, -0.000848664098606178, -0.00165999999999996 ) );
#12034 = DIRECTION( '', ( 0.000000000000000, 0.000000000000000, 1.00000000000000 ) );
#12035 = DIRECTION( '', ( -0.965925826289076, -0.258819045102493, 0.000000000000000 ) );
#12036 = CARTESIAN_POINT( '', ( 0.00346165000000086, -0.000175000000000011, -0.00165999999999996 ) );
#12037 = DIRECTION( '', ( 0.000000000000000, -0.000000000000000, 1.00000000000000 ) );
#12038 = DIRECTION( '', ( 0.965925826289076, 0.258819045102493, 0.000000000000000 ) );
#12039 = DIRECTION( '', ( 0.000000000000000, -1.00000000000000, 0.000000000000000 ) );
#12040 = DIRECTION( '', ( -1.00000000000000, 0.000000000000000, 0.000000000000000 ) );
#12041 = DIRECTION( '', ( 1.00000000000000, 0.000000000000000, 0.000000000000000 ) );
#12042 = DIRECTION( '', ( 0.000000000000000, -1.00000000000000, 0.000000000000000 ) );
#12043 = DIRECTION( '', ( -1.00000000000000, 0.000000000000000, 0.000000000000000 ) );
#12044 = DIRECTION( '', ( -0.959460925304285, 0.000000000000000, 0.281841680406296 ) );
#12045 = CARTESIAN_POINT( '', ( -0.00269999999999936, 0.00126500000000002, 0.00274999999999916 ) );
#12046 = DIRECTION( '', ( 1.00000000000000, 0.000000000000000, 0.000000000000000 ) );
#12047 = DIRECTION( '', ( 0.000000000000000, 1.00000000000000, -1.40998324127400E-014 ) );
#12048 = DIRECTION( '', ( 1.00000000000000, 0.000000000000000, 0.000000000000000 ) );
#12049 = CARTESIAN_POINT( '', ( -0.00204999999999993, 0.00126500000000002, 0.00274999999999916 ) );
#12050 = DIRECTION( '', ( 1.00000000000000, 0.000000000000000, 0.000000000000000 ) );
#12051 = DIRECTION( '', ( 0.000000000000000, 1.00000000000000, 0.000000000000000 ) );
#12052 = CARTESIAN_POINT( '', ( 0.00204999999999993, 0.00126500000000002, -0.00274999999999916 ) );
#12053 = DIRECTION( '', ( -1.00000000000000, 0.000000000000000, 0.000000000000000 ) );
#12054 = DIRECTION( '', ( 0.000000000000000, 0.979795897113273, -0.199999999999994 ) );
#12055 = DIRECTION( '', ( 0.875926763487301, 0.000000000000000, -0.482444095213800 ) );
#12056 = DIRECTION( '', ( 0.262769947342308, 0.000000000000000, 0.964858515417530 ) );
#12057 = CARTESIAN_POINT( '', ( 0.000000000000000, -0.000935000000000070, 0.000000000000000 ) );
#12058 = DIRECTION( '', ( 0.000000000000000, 1.00000000000000, 0.000000000000000 ) );
#12059 = DIRECTION( '', ( -1.00000000000000, 0.000000000000000, 0.000000000000000 ) );
#12060 = DIRECTION( '', ( -0.632699249308977, 0.000000000000000, 0.774397611000872 ) );
#12061 = DIRECTION( '', ( 0.806004445274209, 0.000000000000000, -0.591909481422806 ) );
#12062 = DIRECTION( '', ( 0.562790981737698, 0.000000000000000, -0.826599244419397 ) );
#12063 = DIRECTION( '', ( 0.000000000000000, 0.000000000000000, -1.00000000000000 ) );
#12064 = DIRECTION( '', ( -1.00000000000000, 0.000000000000000, 0.000000000000000 ) );
#12065 = DIRECTION( '', ( -0.959460930642015, 0.000000000000000, 0.281841662235304 ) );
#12066 = DIRECTION( '', ( 1.00000000000000, 0.000000000000000, 0.000000000000000 ) );
#12067 = DIRECTION( '', ( 1.00000000000000, 0.000000000000000, 0.000000000000000 ) );
#12068 = DIRECTION( '', ( 1.00000000000000, 0.000000000000000, 0.000000000000000 ) );
#12069 = DIRECTION( '', ( 0.000000000000000, -1.00000000000000, 0.000000000000000 ) );
#12070 = CARTESIAN_POINT( '', ( -0.00269999999999936, 0.00126500000000002, 0.00274999999999916 ) );
#12071 = DIRECTION( '', ( 1.00000000000000, 0.000000000000000, -0.000000000000000 ) );
#12072 = DIRECTION( '', ( 0.000000000000000, 0.979795897113273, 0.199999999999994 ) );
#12073 = DIRECTION( '', ( 0.322263805335211, 0.000000000000000, -0.946649903486431 ) );
#12074 = DIRECTION( '', ( 0.000000000000000, 0.000000000000000, -1.00000000000000 ) );
#12075 = DIRECTION( '', ( 0.000000000000000, 1.00000000000000, 0.000000000000000 ) );
#12076 = DIRECTION( '', ( 1.00000000000000, 0.000000000000000, 0.000000000000000 ) );
#12077 = DIRECTION( '', ( 0.000000000000000, 0.000000000000000, -1.00000000000000 ) );
#12078 = CARTESIAN_POINT( '', ( 0.00139999999999999, -0.000935000000000070, 0.00195000000000007 ) );
#12079 = DIRECTION( '', ( 0.000000000000000, 1.00000000000000, 0.000000000000000 ) );
#12080 = DIRECTION( '', ( -1.00000000000000, 0.000000000000000, 0.000000000000000 ) );
#12081 = CARTESIAN_POINT( '', ( 0.00139999999999999, -0.000675000000000094, 0.00195000000000007 ) );
#12082 = DIRECTION( '', ( -0.000000000000000, 1.00000000000000, 0.000000000000000 ) );
#12083 = DIRECTION( '', ( 1.00000000000000, 0.000000000000000, 0.000000000000000 ) );
#12084 = DIRECTION( '', ( 1.00000000000000, 0.000000000000000, 0.000000000000000 ) );
#12085 = CARTESIAN_POINT( '', ( -0.00139999999999999, -0.000935000000000070, 0.00195000000000007 ) );
#12086 = DIRECTION( '', ( 0.000000000000000, -1.00000000000000, 0.000000000000000 ) );
#12087 = DIRECTION( '', ( 1.00000000000000, 0.000000000000000, 0.000000000000000 ) );
#12088 = DIRECTION( '', ( 0.000000000000000, 0.000000000000000, 1.00000000000000 ) );
#12089 = CARTESIAN_POINT( '', ( -0.00139999999999999, -0.000935000000000070, -0.00195000000000007 ) );
#12090 = DIRECTION( '', ( -0.000000000000000, 1.00000000000000, 0.000000000000000 ) );
#12091 = DIRECTION( '', ( 1.00000000000000, 0.000000000000000, 0.000000000000000 ) );
#12092 = CARTESIAN_POINT( '', ( 0.00139999999999999, -0.000935000000000070, -0.00195000000000007 ) );
#12093 = DIRECTION( '', ( 0.000000000000000, -1.00000000000000, 0.000000000000000 ) );
#12094 = DIRECTION( '', ( -1.00000000000000, 0.000000000000000, 0.000000000000000 ) );
#12095 = DIRECTION( '', ( 0.000000000000000, 0.000000000000000, 1.00000000000000 ) );
#12096 = DIRECTION( '', ( -1.00000000000000, 0.000000000000000, 0.000000000000000 ) );
#12097 = DIRECTION( '', ( 0.000000000000000, 0.000000000000000, -1.00000000000000 ) );
#12098 = DIRECTION( '', ( -1.00000000000000, 0.000000000000000, 0.000000000000000 ) );
#12099 = DIRECTION( '', ( 0.000000000000000, 0.000000000000000, -1.00000000000000 ) );
#12100 = DIRECTION( '', ( 0.707106781186548, 0.000000000000000, 0.707106781186548 ) );
#12101 = DIRECTION( '', ( 0.000000000000000, 0.000000000000000, 1.00000000000000 ) );
#12102 = DIRECTION( '', ( 1.00000000000000, 0.000000000000000, 0.000000000000000 ) );
#12103 = DIRECTION( '', ( -0.707106781186548, 0.000000000000000, -0.707106781186548 ) );
#12104 = CARTESIAN_POINT( '', ( 0.000000000000000, 0.00131500000000007, 0.000000000000000 ) );
#12105 = DIRECTION( '', ( 0.000000000000000, -1.00000000000000, 0.000000000000000 ) );
#12106 = DIRECTION( '', ( -1.00000000000000, 0.000000000000000, 0.000000000000000 ) );
#12107 = DIRECTION( '', ( 0.000000000000000, -1.00000000000000, 0.000000000000000 ) );
#12108 = DIRECTION( '', ( 0.000000000000000, -1.00000000000000, 0.000000000000000 ) );
#12109 = DIRECTION( '', ( 0.000000000000000, 0.258819045102493, 0.965925826289076 ) );
#12110 = DIRECTION( '', ( 0.000000000000000, -1.00000000000000, 0.000000000000000 ) );
#12111 = CARTESIAN_POINT( '', ( 0.00204999999999993, 0.00126500000000002, 0.00274999999999916 ) );
#12112 = DIRECTION( '', ( 1.00000000000000, 0.000000000000000, 0.000000000000000 ) );
#12113 = DIRECTION( '', ( 0.000000000000000, 1.00000000000000, 0.000000000000000 ) );
#12114 = DIRECTION( '', ( -0.322263813941988, 0.000000000000000, -0.946649900556464 ) );
#12115 = DIRECTION( '', ( 0.694746590606913, -0.186156787897404, 0.694746590606813 ) );
#12116 = DIRECTION( '', ( 0.000000000000000, 0.000000000000000, -1.00000000000000 ) );
#12117 = DIRECTION( '', ( 0.000000000000000, 0.000000000000000, 1.00000000000000 ) );
#12118 = DIRECTION( '', ( 0.000000000000000, 0.000000000000000, 1.00000000000000 ) );
#12119 = DIRECTION( '', ( -1.00000000000000, 1.51573198437000E-013, 1.40998324127400E-014 ) );
#12120 = CARTESIAN_POINT( '', ( 0.00204999999999993, 0.00126500000000002, -0.00274999999999916 ) );
#12121 = DIRECTION( '', ( -1.00000000000000, 0.000000000000000, 0.000000000000000 ) );
#12122 = DIRECTION( '', ( 0.000000000000000, 1.00000000000000, 0.000000000000000 ) );
#12123 = DIRECTION( '', ( 0.000000000000000, -1.00000000000000, 0.000000000000000 ) );
#12124 = DIRECTION( '', ( 0.000000000000000, 1.00000000000000, 0.000000000000000 ) );
ENDSEC;
END-ISO-10303-21;
